STATE,COUNTY,PROGRAM,PRACTICE NAME,FISCAL YEAR,PRACTICE INSTANCE COUNT,DOLLARS OBLIGATED,INDEX()
Alabama,Total,EQIP IRA,Brush Management (314),2023,,,1
Alabama,Total,EQIP IRA,Brush Management (314),Total,,,2
Alabama,Total,EQIP IRA,Combustion System Improvement (372),2023,,,3
Alabama,Total,EQIP IRA,Combustion System Improvement (372),Total,,,4
Alabama,Total,EQIP IRA,Cover Crop (340),2023,20,"$296,446 ",5
Alabama,Total,EQIP IRA,Cover Crop (340),Total,20,"$296,446 ",6
Alabama,Total,EQIP IRA,Energy Efficient Agricultural Operation (374),2023,6,"$81,407 ",7
Alabama,Total,EQIP IRA,Energy Efficient Agricultural Operation (374),Total,6,"$81,407 ",8
Alabama,Total,EQIP IRA,Energy Efficient Building Envelope (672),2023,25,"$904,238 ",9
Alabama,Total,EQIP IRA,Energy Efficient Building Envelope (672),Total,25,"$904,238 ",10
Alabama,Total,EQIP IRA,Fence (382),2023,32,"$215,379 ",11
Alabama,Total,EQIP IRA,Fence (382),Total,32,"$215,379 ",12
Alabama,Total,EQIP IRA,Firebreak (394),2023,7,"$16,678 ",13
Alabama,Total,EQIP IRA,Firebreak (394),Total,7,"$16,678 ",14
Alabama,Total,EQIP IRA,Heavy Use Area Protection (561),2023,36,"$177,827 ",15
Alabama,Total,EQIP IRA,Heavy Use Area Protection (561),Total,36,"$177,827 ",16
Alabama,Total,EQIP IRA,Hedgerow Planting (422),2023,,,17
Alabama,Total,EQIP IRA,Hedgerow Planting (422),Total,,,18
Alabama,Total,EQIP IRA,Herbaceous Weed Treatment (315),2023,4,"$10,860 ",19
Alabama,Total,EQIP IRA,Herbaceous Weed Treatment (315),Total,4,"$10,860 ",20
Alabama,Total,EQIP IRA,High Tunnel System (325),2023,,,21
Alabama,Total,EQIP IRA,High Tunnel System (325),Total,,,22
Alabama,Total,EQIP IRA,"Irrigation System, Microirrigation (441)",2023,,,23
Alabama,Total,EQIP IRA,"Irrigation System, Microirrigation (441)",Total,,,24
Alabama,Total,EQIP IRA,Lined Waterway or Outlet (468),2023,,,25
Alabama,Total,EQIP IRA,Lined Waterway or Outlet (468),Total,,,26
Alabama,Total,EQIP IRA,Livestock Pipeline (516),2023,32,"$86,603 ",27
Alabama,Total,EQIP IRA,Livestock Pipeline (516),Total,32,"$86,603 ",28
Alabama,Total,EQIP IRA,Nutrient Management (590),2023,6,"$143,506 ",29
Alabama,Total,EQIP IRA,Nutrient Management (590),Total,6,"$143,506 ",30
Alabama,Total,EQIP IRA,Pasture and Hay Planting (512),2023,67,"$635,486 ",31
Alabama,Total,EQIP IRA,Pasture and Hay Planting (512),Total,67,"$635,486 ",32
Alabama,Total,EQIP IRA,Precision Land Forming and Smoothing (462),2023,,,33
Alabama,Total,EQIP IRA,Precision Land Forming and Smoothing (462),Total,,,34
Alabama,Total,EQIP IRA,Prescribed Burning (338),2023,7,"$15,780 ",35
Alabama,Total,EQIP IRA,Prescribed Burning (338),Total,7,"$15,780 ",36
Alabama,Total,EQIP IRA,Prescribed Grazing (528),2023,24,"$31,307 ",37
Alabama,Total,EQIP IRA,Prescribed Grazing (528),Total,24,"$31,307 ",38
Alabama,Total,EQIP IRA,Pumping Plant (533),2023,7,"$21,654 ",39
Alabama,Total,EQIP IRA,Pumping Plant (533),Total,7,"$21,654 ",40
Alabama,Total,EQIP IRA,"Residue and Tillage Management, No Till (329)",2023,,,41
Alabama,Total,EQIP IRA,"Residue and Tillage Management, No Till (329)",Total,,,42
Alabama,Total,EQIP IRA,"Residue and Tillage Management, Reduced Till (345)",2023,12,"$71,540 ",43
Alabama,Total,EQIP IRA,"Residue and Tillage Management, Reduced Till (345)",Total,12,"$71,540 ",44
Alabama,Total,EQIP IRA,Total,2023,350,"$2,989,040 ",45
Alabama,Total,EQIP IRA,Total,Total,350,"$2,989,040 ",46
Alabama,Total,EQIP IRA,Tree/Shrub Establishment (612),2023,11,"$58,340 ",47
Alabama,Total,EQIP IRA,Tree/Shrub Establishment (612),Total,11,"$58,340 ",48
Alabama,Total,EQIP IRA,Tree/Shrub Site Preparation (490),2023,8,"$53,788 ",49
Alabama,Total,EQIP IRA,Tree/Shrub Site Preparation (490),Total,8,"$53,788 ",50
Alabama,Total,EQIP IRA,Upland Wildlife Habitat Management (645),2023,,,51
Alabama,Total,EQIP IRA,Upland Wildlife Habitat Management (645),Total,,,52
Alabama,Total,EQIP IRA,Water Well (642),2023,6,"$51,439 ",53
Alabama,Total,EQIP IRA,Water Well (642),Total,6,"$51,439 ",54
Alabama,Total,EQIP IRA,Watering Facility (614),2023,29,"$40,828 ",55
Alabama,Total,EQIP IRA,Watering Facility (614),Total,29,"$40,828 ",56
Alaska,Total,EQIP IRA,Forest Stand Improvement (666),2023,16,"$423,356 ",57
Alaska,Total,EQIP IRA,Forest Stand Improvement (666),Total,16,"$423,356 ",58
Alaska,Total,EQIP IRA,Total,2023,,,59
Alaska,Total,EQIP IRA,Total,Total,,,60
Alaska,Total,EQIP IRA,Tree/Shrub Establishment (612),2023,,,61
Alaska,Total,EQIP IRA,Tree/Shrub Establishment (612),Total,,,62
American Samoa,Total,EQIP IRA,Access Road (560),2023,19,"$108,427 ",63
American Samoa,Total,EQIP IRA,Access Road (560),Total,19,"$108,427 ",64
American Samoa,Total,EQIP IRA,Brush Management (314),2023,126,"$341,519 ",65
American Samoa,Total,EQIP IRA,Brush Management (314),Total,126,"$341,519 ",66
American Samoa,Total,EQIP IRA,Combustion System Improvement (372),2023,12,"$915,470 ",67
American Samoa,Total,EQIP IRA,Combustion System Improvement (372),Total,12,"$915,470 ",68
American Samoa,Total,EQIP IRA,Conservation Cover (327),2023,12,"$13,175 ",69
American Samoa,Total,EQIP IRA,Conservation Cover (327),Total,12,"$13,175 ",70
American Samoa,Total,EQIP IRA,Cover Crop (340),2023,,,71
American Samoa,Total,EQIP IRA,Cover Crop (340),Total,,,72
American Samoa,Total,EQIP IRA,Critical Area Planting (342),2023,,,73
American Samoa,Total,EQIP IRA,Critical Area Planting (342),Total,,,74
American Samoa,Total,EQIP IRA,Fence (382),2023,7,"$81,197 ",75
American Samoa,Total,EQIP IRA,Fence (382),Total,7,"$81,197 ",76
American Samoa,Total,EQIP IRA,Firebreak (394),2023,,,77
American Samoa,Total,EQIP IRA,Firebreak (394),Total,,,78
American Samoa,Total,EQIP IRA,Forest Stand Improvement (666),2023,304,"$3,733,451 ",79
American Samoa,Total,EQIP IRA,Forest Stand Improvement (666),Total,304,"$3,733,451 ",80
American Samoa,Total,EQIP IRA,Forest Trails and Landings (655),2023,,,81
American Samoa,Total,EQIP IRA,Forest Trails and Landings (655),Total,,,82
American Samoa,Total,EQIP IRA,Fuel Break (383),2023,,,83
American Samoa,Total,EQIP IRA,Fuel Break (383),Total,,,84
American Samoa,Total,EQIP IRA,Herbaceous Weed Treatment (315),2023,5,"$16,918 ",85
American Samoa,Total,EQIP IRA,Herbaceous Weed Treatment (315),Total,5,"$16,918 ",86
American Samoa,Total,EQIP IRA,Lined Waterway or Outlet (468),2023,,,87
American Samoa,Total,EQIP IRA,Lined Waterway or Outlet (468),Total,,,88
American Samoa,Total,EQIP IRA,Livestock Pipeline (516),2023,,,89
American Samoa,Total,EQIP IRA,Livestock Pipeline (516),Total,,,90
American Samoa,Total,EQIP IRA,Mulching (484),2023,5,"$11,931 ",91
American Samoa,Total,EQIP IRA,Mulching (484),Total,5,"$11,931 ",92
American Samoa,Total,EQIP IRA,Obstruction Removal (500),2023,,,93
American Samoa,Total,EQIP IRA,Obstruction Removal (500),Total,,,94
American Samoa,Total,EQIP IRA,Prescribed Burning (338),2023,,,95
American Samoa,Total,EQIP IRA,Prescribed Burning (338),Total,,,96
American Samoa,Total,EQIP IRA,Prescribed Grazing (528),2023,,,97
American Samoa,Total,EQIP IRA,Prescribed Grazing (528),Total,,,98
American Samoa,Total,EQIP IRA,Riparian Forest Buffer (391),2023,,,99
American Samoa,Total,EQIP IRA,Riparian Forest Buffer (391),Total,,,100
American Samoa,Total,EQIP IRA,Riparian Herbaceous Cover (390),2023,,,101
American Samoa,Total,EQIP IRA,Riparian Herbaceous Cover (390),Total,,,102
American Samoa,Total,EQIP IRA,Spring Development (574),2023,,,103
American Samoa,Total,EQIP IRA,Spring Development (574),Total,,,104
American Samoa,Total,EQIP IRA,Structure for Water Control (587),2023,17,"$63,567 ",105
American Samoa,Total,EQIP IRA,Structure for Water Control (587),Total,17,"$63,567 ",106
American Samoa,Total,EQIP IRA,Structures for Wildlife (649),2023,4,"$1,962 ",107
American Samoa,Total,EQIP IRA,Structures for Wildlife (649),Total,4,"$1,962 ",108
American Samoa,Total,EQIP IRA,Total,2023,"1,087","$7,363,128 ",109
American Samoa,Total,EQIP IRA,Total,Total,"1,087","$7,363,128 ",110
American Samoa,Total,EQIP IRA,Tree-Shrub Pruning (660),2023,155,"$401,260 ",111
American Samoa,Total,EQIP IRA,Tree-Shrub Pruning (660),Total,155,"$401,260 ",112
American Samoa,Total,EQIP IRA,Tree/Shrub Establishment (612),2023,51,"$213,626 ",113
American Samoa,Total,EQIP IRA,Tree/Shrub Establishment (612),Total,51,"$213,626 ",114
American Samoa,Total,EQIP IRA,Tree/Shrub Site Preparation (490),2023,40,"$113,384 ",115
American Samoa,Total,EQIP IRA,Tree/Shrub Site Preparation (490),Total,40,"$113,384 ",116
American Samoa,Total,EQIP IRA,Upland Wildlife Habitat Management (645),2023,15,"$6,916 ",117
American Samoa,Total,EQIP IRA,Upland Wildlife Habitat Management (645),Total,15,"$6,916 ",118
American Samoa,Total,EQIP IRA,Watering Facility (614),2023,,,119
American Samoa,Total,EQIP IRA,Watering Facility (614),Total,,,120
American Samoa,Total,EQIP IRA,Wildlife Habitat Planting (420),2023,,,121
American Samoa,Total,EQIP IRA,Wildlife Habitat Planting (420),Total,,,122
American Samoa,Total,EQIP IRA,Woody Residue Treatment (384),2023,288,"$1,109,271 ",123
American Samoa,Total,EQIP IRA,Woody Residue Treatment (384),Total,288,"$1,109,271 ",124
Arizona,Total,EQIP IRA,Brush Management (314),2023,23,"$336,760 ",125
Arizona,Total,EQIP IRA,Brush Management (314),Total,23,"$336,760 ",126
Arizona,Total,EQIP IRA,Conservation Cover (327),2023,,,127
Arizona,Total,EQIP IRA,Conservation Cover (327),Total,,,128
Arizona,Total,EQIP IRA,Conservation Crop Rotation (328),2023,,,129
Arizona,Total,EQIP IRA,Conservation Crop Rotation (328),Total,,,130
Arizona,Total,EQIP IRA,Cover Crop (340),2023,17,"$48,365 ",131
Arizona,Total,EQIP IRA,Cover Crop (340),Total,17,"$48,365 ",132
Arizona,Total,EQIP IRA,Fence (382),2023,15,"$206,703 ",133
Arizona,Total,EQIP IRA,Fence (382),Total,15,"$206,703 ",134
Arizona,Total,EQIP IRA,Forest Stand Improvement (666),2023,10,"$250,299 ",135
Arizona,Total,EQIP IRA,Forest Stand Improvement (666),Total,10,"$250,299 ",136
Arizona,Total,EQIP IRA,Irrigation Pipeline (430),2023,,,137
Arizona,Total,EQIP IRA,Irrigation Pipeline (430),Total,,,138
Arizona,Total,EQIP IRA,"Irrigation System, Microirrigation (441)",2023,,,139
Arizona,Total,EQIP IRA,"Irrigation System, Microirrigation (441)",Total,,,140
Arizona,Total,EQIP IRA,Irrigation Water Management (449),2023,5,"$3,197 ",141
Arizona,Total,EQIP IRA,Irrigation Water Management (449),Total,5,"$3,197 ",142
Arizona,Total,EQIP IRA,Livestock Pipeline (516),2023,14,"$147,156 ",143
Arizona,Total,EQIP IRA,Livestock Pipeline (516),Total,14,"$147,156 ",144
Arizona,Total,EQIP IRA,Mulching (484),2023,,,145
Arizona,Total,EQIP IRA,Mulching (484),Total,,,146
Arizona,Total,EQIP IRA,Prescribed Grazing (528),2023,11,"$108,096 ",147
Arizona,Total,EQIP IRA,Prescribed Grazing (528),Total,11,"$108,096 ",148
Arizona,Total,EQIP IRA,Pumping Plant (533),2023,11,"$73,413 ",149
Arizona,Total,EQIP IRA,Pumping Plant (533),Total,11,"$73,413 ",150
Arizona,Total,EQIP IRA,Range Planting (550),2023,16,"$12,136 ",151
Arizona,Total,EQIP IRA,Range Planting (550),Total,16,"$12,136 ",152
Arizona,Total,EQIP IRA,Sprinkler System (442),2023,4,"$291,674 ",153
Arizona,Total,EQIP IRA,Sprinkler System (442),Total,4,"$291,674 ",154
Arizona,Total,EQIP IRA,Structure for Water Control (587),2023,,,155
Arizona,Total,EQIP IRA,Structure for Water Control (587),Total,,,156
Arizona,Total,EQIP IRA,Total,2023,183,"$1,797,097 ",157
Arizona,Total,EQIP IRA,Total,Total,183,"$1,797,097 ",158
Arizona,Total,EQIP IRA,Upland Wildlife Habitat Management (645),2023,,,159
Arizona,Total,EQIP IRA,Upland Wildlife Habitat Management (645),Total,,,160
Arizona,Total,EQIP IRA,Water Well (642),2023,,,161
Arizona,Total,EQIP IRA,Water Well (642),Total,,,162
Arizona,Total,EQIP IRA,Watering Facility (614),2023,28,"$144,170 ",163
Arizona,Total,EQIP IRA,Watering Facility (614),Total,28,"$144,170 ",164
Arizona,Total,EQIP IRA,Woody Residue Treatment (384),2023,,,165
Arizona,Total,EQIP IRA,Woody Residue Treatment (384),Total,,,166
Arkansas,Total,EQIP IRA,Conservation Crop Rotation (328),2023,158,"$355,135 ",167
Arkansas,Total,EQIP IRA,Conservation Crop Rotation (328),Total,158,"$355,135 ",168
Arkansas,Total,EQIP IRA,Cover Crop (340),2023,186,"$2,732,165 ",169
Arkansas,Total,EQIP IRA,Cover Crop (340),Total,186,"$2,732,165 ",170
Arkansas,Total,EQIP IRA,Nutrient Management (590),2023,183,"$1,453,441 ",171
Arkansas,Total,EQIP IRA,Nutrient Management (590),Total,183,"$1,453,441 ",172
Arkansas,Total,EQIP IRA,"Residue and Tillage Management, No Till (329)",2023,119,"$402,909 ",173
Arkansas,Total,EQIP IRA,"Residue and Tillage Management, No Till (329)",Total,119,"$402,909 ",174
Arkansas,Total,EQIP IRA,"Residue and Tillage Management, Reduced Till (345)",2023,67,"$298,186 ",175
Arkansas,Total,EQIP IRA,"Residue and Tillage Management, Reduced Till (345)",Total,67,"$298,186 ",176
Arkansas,Total,EQIP IRA,Total,2023,713,"$5,241,836 ",177
Arkansas,Total,EQIP IRA,Total,Total,713,"$5,241,836 ",178
California,Total,EQIP IRA,Access Road (560),2023,19,"$108,427 ",179
California,Total,EQIP IRA,Access Road (560),Total,19,"$108,427 ",180
California,Total,EQIP IRA,Brush Management (314),2023,126,"$341,519 ",181
California,Total,EQIP IRA,Brush Management (314),Total,126,"$341,519 ",182
California,Total,EQIP IRA,Combustion System Improvement (372),2023,18,"$1,234,127 ",183
California,Total,EQIP IRA,Combustion System Improvement (372),Total,18,"$1,234,127 ",184
California,Total,EQIP IRA,Conservation Cover (327),2023,12,"$13,175 ",185
California,Total,EQIP IRA,Conservation Cover (327),Total,12,"$13,175 ",186
California,Total,EQIP IRA,Cover Crop (340),2023,,,187
California,Total,EQIP IRA,Cover Crop (340),Total,,,188
California,Total,EQIP IRA,Critical Area Planting (342),2023,,,189
California,Total,EQIP IRA,Critical Area Planting (342),Total,,,190
California,Total,EQIP IRA,Fence (382),2023,7,"$81,197 ",191
California,Total,EQIP IRA,Fence (382),Total,7,"$81,197 ",192
California,Total,EQIP IRA,Firebreak (394),2023,,,193
California,Total,EQIP IRA,Firebreak (394),Total,,,194
California,Total,EQIP IRA,Forest Stand Improvement (666),2023,313,"$3,832,663 ",195
California,Total,EQIP IRA,Forest Stand Improvement (666),Total,313,"$3,832,663 ",196
California,Total,EQIP IRA,Forest Trails and Landings (655),2023,,,197
California,Total,EQIP IRA,Forest Trails and Landings (655),Total,,,198
California,Total,EQIP IRA,Fuel Break (383),2023,,,199
California,Total,EQIP IRA,Fuel Break (383),Total,,,200
California,Total,EQIP IRA,Herbaceous Weed Treatment (315),2023,5,"$16,918 ",201
California,Total,EQIP IRA,Herbaceous Weed Treatment (315),Total,5,"$16,918 ",202
California,Total,EQIP IRA,Lined Waterway or Outlet (468),2023,,,203
California,Total,EQIP IRA,Lined Waterway or Outlet (468),Total,,,204
California,Total,EQIP IRA,Livestock Pipeline (516),2023,,,205
California,Total,EQIP IRA,Livestock Pipeline (516),Total,,,206
California,Total,EQIP IRA,Mulching (484),2023,5,"$11,931 ",207
California,Total,EQIP IRA,Mulching (484),Total,5,"$11,931 ",208
California,Total,EQIP IRA,Obstruction Removal (500),2023,,,209
California,Total,EQIP IRA,Obstruction Removal (500),Total,,,210
California,Total,EQIP IRA,Prescribed Burning (338),2023,,,211
California,Total,EQIP IRA,Prescribed Burning (338),Total,,,212
California,Total,EQIP IRA,Prescribed Grazing (528),2023,,,213
California,Total,EQIP IRA,Prescribed Grazing (528),Total,,,214
California,Total,EQIP IRA,Riparian Forest Buffer (391),2023,,,215
California,Total,EQIP IRA,Riparian Forest Buffer (391),Total,,,216
California,Total,EQIP IRA,Riparian Herbaceous Cover (390),2023,,,217
California,Total,EQIP IRA,Riparian Herbaceous Cover (390),Total,,,218
California,Total,EQIP IRA,Spring Development (574),2023,,,219
California,Total,EQIP IRA,Spring Development (574),Total,,,220
California,Total,EQIP IRA,Structure for Water Control (587),2023,17,"$63,567 ",221
California,Total,EQIP IRA,Structure for Water Control (587),Total,17,"$63,567 ",222
California,Total,EQIP IRA,Structures for Wildlife (649),2023,4,"$1,962 ",223
California,Total,EQIP IRA,Structures for Wildlife (649),Total,4,"$1,962 ",224
California,Total,EQIP IRA,Total,2023,"1,115","$7,833,400 ",225
California,Total,EQIP IRA,Total,Total,"1,115","$7,833,400 ",226
California,Total,EQIP IRA,Tree-Shrub Pruning (660),2023,158,"$412,708 ",227
California,Total,EQIP IRA,Tree-Shrub Pruning (660),Total,158,"$412,708 ",228
California,Total,EQIP IRA,Tree/Shrub Establishment (612),2023,51,"$213,626 ",229
California,Total,EQIP IRA,Tree/Shrub Establishment (612),Total,51,"$213,626 ",230
California,Total,EQIP IRA,Tree/Shrub Site Preparation (490),2023,40,"$113,384 ",231
California,Total,EQIP IRA,Tree/Shrub Site Preparation (490),Total,40,"$113,384 ",232
California,Total,EQIP IRA,Upland Wildlife Habitat Management (645),2023,15,"$6,916 ",233
California,Total,EQIP IRA,Upland Wildlife Habitat Management (645),Total,15,"$6,916 ",234
California,Total,EQIP IRA,Watering Facility (614),2023,,,235
California,Total,EQIP IRA,Watering Facility (614),Total,,,236
California,Total,EQIP IRA,Wildlife Habitat Planting (420),2023,,,237
California,Total,EQIP IRA,Wildlife Habitat Planting (420),Total,,,238
California,Total,EQIP IRA,Woody Residue Treatment (384),2023,298,"$1,150,226 ",239
California,Total,EQIP IRA,Woody Residue Treatment (384),Total,298,"$1,150,226 ",240
Colorado,Total,EQIP IRA,Conservation Cover (327),2023,5,"$160,812 ",241
Colorado,Total,EQIP IRA,Conservation Cover (327),Total,5,"$160,812 ",242
Colorado,Total,EQIP IRA,Cover Crop (340),2023,70,"$857,174 ",243
Colorado,Total,EQIP IRA,Cover Crop (340),Total,70,"$857,174 ",244
Colorado,Total,EQIP IRA,Critical Area Planting (342),2023,8,"$17,010 ",245
Colorado,Total,EQIP IRA,Critical Area Planting (342),Total,8,"$17,010 ",246
Colorado,Total,EQIP IRA,Fence (382),2023,,,247
Colorado,Total,EQIP IRA,Fence (382),Total,,,248
Colorado,Total,EQIP IRA,Forest Stand Improvement (666),2023,44,"$1,243,812 ",249
Colorado,Total,EQIP IRA,Forest Stand Improvement (666),Total,44,"$1,243,812 ",250
Colorado,Total,EQIP IRA,Herbaceous Weed Treatment (315),2023,54,"$69,038 ",251
Colorado,Total,EQIP IRA,Herbaceous Weed Treatment (315),Total,54,"$69,038 ",252
Colorado,Total,EQIP IRA,"Irrigation System, Microirrigation (441)",2023,,,253
Colorado,Total,EQIP IRA,"Irrigation System, Microirrigation (441)",Total,,,254
Colorado,Total,EQIP IRA,Livestock Pipeline (516),2023,,,255
Colorado,Total,EQIP IRA,Livestock Pipeline (516),Total,,,256
Colorado,Total,EQIP IRA,Pumping Plant (533),2023,,,257
Colorado,Total,EQIP IRA,Pumping Plant (533),Total,,,258
Colorado,Total,EQIP IRA,Total,2023,249,"$2,793,413 ",259
Colorado,Total,EQIP IRA,Total,Total,249,"$2,793,413 ",260
Colorado,Total,EQIP IRA,Tree/Shrub Establishment (612),2023,,,261
Colorado,Total,EQIP IRA,Tree/Shrub Establishment (612),Total,,,262
Colorado,Total,EQIP IRA,Tree/Shrub Site Preparation (490),2023,,,263
Colorado,Total,EQIP IRA,Tree/Shrub Site Preparation (490),Total,,,264
Colorado,Total,EQIP IRA,Upland Wildlife Habitat Management (645),2023,15,"$61,923 ",265
Colorado,Total,EQIP IRA,Upland Wildlife Habitat Management (645),Total,15,"$61,923 ",266
Colorado,Total,EQIP IRA,Water Well (642),2023,,,267
Colorado,Total,EQIP IRA,Water Well (642),Total,,,268
Colorado,Total,EQIP IRA,Wildlife Habitat Planting (420),2023,8,"$260,275 ",269
Colorado,Total,EQIP IRA,Wildlife Habitat Planting (420),Total,8,"$260,275 ",270
Colorado,Total,EQIP IRA,Windbreak/Shelterbelt Establishment and Renovation (380),2023,,,271
Colorado,Total,EQIP IRA,Windbreak/Shelterbelt Establishment and Renovation (380),Total,,,272
Colorado,Total,EQIP IRA,Woody Residue Treatment (384),2023,34,"$91,559 ",273
Colorado,Total,EQIP IRA,Woody Residue Treatment (384),Total,34,"$91,559 ",274
Connecticut,Total,EQIP IRA,Access Control (472),2023,9,"$9,988 ",275
Connecticut,Total,EQIP IRA,Access Control (472),Total,9,"$9,988 ",276
Connecticut,Total,EQIP IRA,Access Road (560),2023,,,277
Connecticut,Total,EQIP IRA,Access Road (560),Total,,,278
Connecticut,Total,EQIP IRA,Brush Management (314),2023,49,"$378,547 ",279
Connecticut,Total,EQIP IRA,Brush Management (314),Total,49,"$378,547 ",280
Connecticut,Total,EQIP IRA,Combustion System Improvement (372),2023,,,281
Connecticut,Total,EQIP IRA,Combustion System Improvement (372),Total,,,282
Connecticut,Total,EQIP IRA,Conservation Cover (327),2023,,,283
Connecticut,Total,EQIP IRA,Conservation Cover (327),Total,,,284
Connecticut,Total,EQIP IRA,Energy Efficient Agricultural Operation (374),2023,,,285
Connecticut,Total,EQIP IRA,Energy Efficient Agricultural Operation (374),Total,,,286
Connecticut,Total,EQIP IRA,Energy Efficient Building Envelope (672),2023,4,"$256,153 ",287
Connecticut,Total,EQIP IRA,Energy Efficient Building Envelope (672),Total,4,"$256,153 ",288
Connecticut,Total,EQIP IRA,Energy Efficient Lighting System (670),2023,,,289
Connecticut,Total,EQIP IRA,Energy Efficient Lighting System (670),Total,,,290
Connecticut,Total,EQIP IRA,Fence (382),2023,6,"$12,239 ",291
Connecticut,Total,EQIP IRA,Fence (382),Total,6,"$12,239 ",292
Connecticut,Total,EQIP IRA,Forest Stand Improvement (666),2023,20,"$232,412 ",293
Connecticut,Total,EQIP IRA,Forest Stand Improvement (666),Total,20,"$232,412 ",294
Connecticut,Total,EQIP IRA,Forest Trails and Landings (655),2023,8,"$22,780 ",295
Connecticut,Total,EQIP IRA,Forest Trails and Landings (655),Total,8,"$22,780 ",296
Connecticut,Total,EQIP IRA,Herbaceous Weed Treatment (315),2023,13,"$3,835 ",297
Connecticut,Total,EQIP IRA,Herbaceous Weed Treatment (315),Total,13,"$3,835 ",298
Connecticut,Total,EQIP IRA,Lined Waterway or Outlet (468),2023,,,299
Connecticut,Total,EQIP IRA,Lined Waterway or Outlet (468),Total,,,300
Connecticut,Total,EQIP IRA,Livestock Pipeline (516),2023,6,"$19,177 ",301
Connecticut,Total,EQIP IRA,Livestock Pipeline (516),Total,6,"$19,177 ",302
Connecticut,Total,EQIP IRA,Mulching (484),2023,,,303
Connecticut,Total,EQIP IRA,Mulching (484),Total,,,304
Connecticut,Total,EQIP IRA,Obstruction Removal (500),2023,,,305
Connecticut,Total,EQIP IRA,Obstruction Removal (500),Total,,,306
Connecticut,Total,EQIP IRA,Pasture and Hay Planting (512),2023,,,307
Connecticut,Total,EQIP IRA,Pasture and Hay Planting (512),Total,,,308
Connecticut,Total,EQIP IRA,Prescribed Grazing (528),2023,9,"$22,718 ",309
Connecticut,Total,EQIP IRA,Prescribed Grazing (528),Total,9,"$22,718 ",310
Connecticut,Total,EQIP IRA,Pumping Plant (533),2023,,,311
Connecticut,Total,EQIP IRA,Pumping Plant (533),Total,,,312
Connecticut,Total,EQIP IRA,Road/Trail/Landing Closure and Treatment (654),2023,11,"$83,725 ",313
Connecticut,Total,EQIP IRA,Road/Trail/Landing Closure and Treatment (654),Total,11,"$83,725 ",314
Connecticut,Total,EQIP IRA,Roof Runoff Structure (558),2023,,,315
Connecticut,Total,EQIP IRA,Roof Runoff Structure (558),Total,,,316
Connecticut,Total,EQIP IRA,Structures for Wildlife (649),2023,,,317
Connecticut,Total,EQIP IRA,Structures for Wildlife (649),Total,,,318
Connecticut,Total,EQIP IRA,Total,2023,171,"$1,125,108 ",319
Connecticut,Total,EQIP IRA,Total,Total,171,"$1,125,108 ",320
Connecticut,Total,EQIP IRA,Tree/Shrub Establishment (612),2023,7,"$14,902 ",321
Connecticut,Total,EQIP IRA,Tree/Shrub Establishment (612),Total,7,"$14,902 ",322
Connecticut,Total,EQIP IRA,Underground Outlet (620),2023,,,323
Connecticut,Total,EQIP IRA,Underground Outlet (620),Total,,,324
Connecticut,Total,EQIP IRA,Water Well (642),2023,,,325
Connecticut,Total,EQIP IRA,Water Well (642),Total,,,326
Connecticut,Total,EQIP IRA,Watering Facility (614),2023,7,"$4,496 ",327
Connecticut,Total,EQIP IRA,Watering Facility (614),Total,7,"$4,496 ",328
Connecticut,Total,EQIP IRA,Wildlife Habitat Planting (420),2023,,,329
Connecticut,Total,EQIP IRA,Wildlife Habitat Planting (420),Total,,,330
Delaware,Total,EQIP IRA,Conservation Cover (327),2023,,,331
Delaware,Total,EQIP IRA,Conservation Cover (327),Total,,,332
Delaware,Total,EQIP IRA,Cover Crop (340),2023,18,"$288,880 ",333
Delaware,Total,EQIP IRA,Cover Crop (340),Total,18,"$288,880 ",334
Delaware,Total,EQIP IRA,Energy Efficient Agricultural Operation (374),2023,,,335
Delaware,Total,EQIP IRA,Energy Efficient Agricultural Operation (374),Total,,,336
Delaware,Total,EQIP IRA,Energy Efficient Building Envelope (672),2023,,,338
Delaware,Total,EQIP IRA,Energy Efficient Building Envelope (672),2023,14,"$690,911 ",337
Delaware,Total,EQIP IRA,Energy Efficient Building Envelope (672),Total,,,340
Delaware,Total,EQIP IRA,Energy Efficient Building Envelope (672),Total,14,"$690,911 ",339
Delaware,Total,EQIP IRA,Energy Efficient Lighting System (670),2023,,,341
Delaware,Total,EQIP IRA,Energy Efficient Lighting System (670),Total,,,342
Delaware,Total,EQIP IRA,Fence (382),2023,12,"$56,307 ",343
Delaware,Total,EQIP IRA,Fence (382),2023,40,"$265,355 ",344
Delaware,Total,EQIP IRA,Fence (382),Total,12,"$56,307 ",345
Delaware,Total,EQIP IRA,Fence (382),Total,40,"$265,355 ",346
Delaware,Total,EQIP IRA,Firebreak (394),2023,5,"$13,148 ",347
Delaware,Total,EQIP IRA,Firebreak (394),Total,5,"$13,148 ",348
Delaware,Total,EQIP IRA,Heavy Use Area Protection (561),2023,9,"$38,673 ",349
Delaware,Total,EQIP IRA,Heavy Use Area Protection (561),2023,39,"$209,131 ",350
Delaware,Total,EQIP IRA,Heavy Use Area Protection (561),Total,9,"$38,673 ",351
Delaware,Total,EQIP IRA,Heavy Use Area Protection (561),Total,39,"$209,131 ",352
Delaware,Total,EQIP IRA,Hedgerow Planting (422),2023,,,353
Delaware,Total,EQIP IRA,Hedgerow Planting (422),Total,,,354
Delaware,Total,EQIP IRA,Herbaceous Weed Treatment (315),2023,4,"$10,860 ",355
Delaware,Total,EQIP IRA,Herbaceous Weed Treatment (315),Total,4,"$10,860 ",356
Delaware,Total,EQIP IRA,High Tunnel System (325),2023,,,357
Delaware,Total,EQIP IRA,High Tunnel System (325),Total,,,358
Delaware,Total,EQIP IRA,"Irrigation System, Microirrigation (441)",2023,,,359
Delaware,Total,EQIP IRA,"Irrigation System, Microirrigation (441)",Total,,,360
Delaware,Total,EQIP IRA,Lined Waterway or Outlet (468),2023,,,361
Delaware,Total,EQIP IRA,Lined Waterway or Outlet (468),Total,,,362
Delaware,Total,EQIP IRA,Livestock Pipeline (516),2023,8,"$16,318 ",363
Delaware,Total,EQIP IRA,Livestock Pipeline (516),2023,34,"$91,000 ",364
Delaware,Total,EQIP IRA,Livestock Pipeline (516),Total,8,"$16,318 ",365
Delaware,Total,EQIP IRA,Livestock Pipeline (516),Total,34,"$91,000 ",366
Delaware,Total,EQIP IRA,Nutrient Management (590),2023,25,"$450,670 ",367
Delaware,Total,EQIP IRA,Nutrient Management (590),2023,31,"$594,176 ",368
Delaware,Total,EQIP IRA,Nutrient Management (590),Total,25,"$450,670 ",369
Delaware,Total,EQIP IRA,Nutrient Management (590),Total,31,"$594,176 ",370
Delaware,Total,EQIP IRA,Pasture and Hay Planting (512),2023,16,"$80,099 ",371
Delaware,Total,EQIP IRA,Pasture and Hay Planting (512),2023,75,"$559,487 ",372
Delaware,Total,EQIP IRA,Pasture and Hay Planting (512),Total,16,"$80,099 ",373
Delaware,Total,EQIP IRA,Pasture and Hay Planting (512),Total,75,"$559,487 ",374
Delaware,Total,EQIP IRA,Precision Land Forming and Smoothing (462),2023,,,375
Delaware,Total,EQIP IRA,Precision Land Forming and Smoothing (462),Total,,,376
Delaware,Total,EQIP IRA,Prescribed Burning (338),2023,5,"$13,056 ",377
Delaware,Total,EQIP IRA,Prescribed Burning (338),Total,5,"$13,056 ",378
Delaware,Total,EQIP IRA,Prescribed Grazing (528),2023,9,"$7,911 ",379
Delaware,Total,EQIP IRA,Prescribed Grazing (528),2023,30,"$38,222 ",380
Delaware,Total,EQIP IRA,Prescribed Grazing (528),Total,9,"$7,911 ",381
Delaware,Total,EQIP IRA,Prescribed Grazing (528),Total,30,"$38,222 ",382
Delaware,Total,EQIP IRA,Pumping Plant (533),2023,,,384
Delaware,Total,EQIP IRA,Pumping Plant (533),2023,7,"$22,350 ",383
Delaware,Total,EQIP IRA,Pumping Plant (533),Total,,,386
Delaware,Total,EQIP IRA,Pumping Plant (533),Total,7,"$22,350 ",385
Delaware,Total,EQIP IRA,"Residue and Tillage Management, No Till (329)",2023,,,387
Delaware,Total,EQIP IRA,"Residue and Tillage Management, No Till (329)",Total,,,388
Delaware,Total,EQIP IRA,"Residue and Tillage Management, Reduced Till (345)",2023,12,"$71,540 ",389
Delaware,Total,EQIP IRA,"Residue and Tillage Management, Reduced Till (345)",Total,12,"$71,540 ",390
Delaware,Total,EQIP IRA,Roof Runoff Structure (558),2023,,,391
Delaware,Total,EQIP IRA,Roof Runoff Structure (558),Total,,,392
Delaware,Total,EQIP IRA,Roofs and Covers (367),2023,,,393
Delaware,Total,EQIP IRA,Roofs and Covers (367),Total,,,394
Delaware,Total,EQIP IRA,Total,2023,100,"$767,125 ",395
Delaware,Total,EQIP IRA,Total,2023,385,"$3,273,027 ",396
Delaware,Total,EQIP IRA,Total,Total,100,"$767,125 ",397
Delaware,Total,EQIP IRA,Total,Total,385,"$3,273,027 ",398
Delaware,Total,EQIP IRA,Tree/Shrub Establishment (612),2023,7,"$50,087 ",399
Delaware,Total,EQIP IRA,Tree/Shrub Establishment (612),Total,7,"$50,087 ",400
Delaware,Total,EQIP IRA,Tree/Shrub Site Preparation (490),2023,6,"$44,145 ",401
Delaware,Total,EQIP IRA,Tree/Shrub Site Preparation (490),Total,6,"$44,145 ",402
Delaware,Total,EQIP IRA,Waste Storage Facility (313),2023,,,403
Delaware,Total,EQIP IRA,Waste Storage Facility (313),Total,,,404
Delaware,Total,EQIP IRA,Water Well (642),2023,,,406
Delaware,Total,EQIP IRA,Water Well (642),2023,7,"$55,290 ",405
Delaware,Total,EQIP IRA,Water Well (642),Total,,,408
Delaware,Total,EQIP IRA,Water Well (642),Total,7,"$55,290 ",407
Delaware,Total,EQIP IRA,Watering Facility (614),2023,8,"$11,306 ",409
Delaware,Total,EQIP IRA,Watering Facility (614),2023,31,"$46,312 ",410
Delaware,Total,EQIP IRA,Watering Facility (614),Total,8,"$11,306 ",411
Delaware,Total,EQIP IRA,Watering Facility (614),Total,31,"$46,312 ",412
Delaware,Total,EQIP IRA,Wildlife Habitat Planting (420),2023,,,413
Delaware,Total,EQIP IRA,Wildlife Habitat Planting (420),Total,,,414
Florida,Total,EQIP IRA,Brush Management (314),2023,7,"$48,309 ",415
Florida,Total,EQIP IRA,Brush Management (314),Total,7,"$48,309 ",416
Florida,Total,EQIP IRA,Conservation Cover (327),2023,8,"$9,970 ",417
Florida,Total,EQIP IRA,Conservation Cover (327),Total,8,"$9,970 ",418
Florida,Total,EQIP IRA,Conservation Crop Rotation (328),2023,,,419
Florida,Total,EQIP IRA,Conservation Crop Rotation (328),Total,,,420
Florida,Total,EQIP IRA,Cover Crop (340),2023,8,"$143,867 ",421
Florida,Total,EQIP IRA,Cover Crop (340),Total,8,"$143,867 ",422
Florida,Total,EQIP IRA,Critical Area Planting (342),2023,,,423
Florida,Total,EQIP IRA,Critical Area Planting (342),Total,,,424
Florida,Total,EQIP IRA,Early Successional Habitat Development-Mgt (647),2023,,,425
Florida,Total,EQIP IRA,Early Successional Habitat Development-Mgt (647),Total,,,426
Florida,Total,EQIP IRA,Fence (382),2023,7,"$93,681 ",427
Florida,Total,EQIP IRA,Fence (382),Total,7,"$93,681 ",428
Florida,Total,EQIP IRA,Field Border (386),2023,,,429
Florida,Total,EQIP IRA,Field Border (386),Total,,,430
Florida,Total,EQIP IRA,Firebreak (394),2023,66,"$204,044 ",431
Florida,Total,EQIP IRA,Firebreak (394),Total,66,"$204,044 ",432
Florida,Total,EQIP IRA,Forest Stand Improvement (666),2023,72,"$313,962 ",433
Florida,Total,EQIP IRA,Forest Stand Improvement (666),Total,72,"$313,962 ",434
Florida,Total,EQIP IRA,Heavy Use Area Protection (561),2023,,,435
Florida,Total,EQIP IRA,Heavy Use Area Protection (561),Total,,,436
Florida,Total,EQIP IRA,Herbaceous Weed Treatment (315),2023,34,"$62,833 ",437
Florida,Total,EQIP IRA,Herbaceous Weed Treatment (315),Total,34,"$62,833 ",438
Florida,Total,EQIP IRA,Irrigation Water Management (449),2023,,,439
Florida,Total,EQIP IRA,Irrigation Water Management (449),Total,,,440
Florida,Total,EQIP IRA,Livestock Pipeline (516),2023,,,441
Florida,Total,EQIP IRA,Livestock Pipeline (516),Total,,,442
Florida,Total,EQIP IRA,Nutrient Management (590),2023,5,"$2,235 ",443
Florida,Total,EQIP IRA,Nutrient Management (590),Total,5,"$2,235 ",444
Florida,Total,EQIP IRA,Pasture and Hay Planting (512),2023,13,"$104,712 ",445
Florida,Total,EQIP IRA,Pasture and Hay Planting (512),Total,13,"$104,712 ",446
Florida,Total,EQIP IRA,Pest Management Conservation System (595),2023,,,447
Florida,Total,EQIP IRA,Pest Management Conservation System (595),Total,,,448
Florida,Total,EQIP IRA,Prescribed Burning (338),2023,27,"$42,763 ",449
Florida,Total,EQIP IRA,Prescribed Burning (338),Total,27,"$42,763 ",450
Florida,Total,EQIP IRA,Prescribed Grazing (528),2023,10,"$138,834 ",451
Florida,Total,EQIP IRA,Prescribed Grazing (528),Total,10,"$138,834 ",452
Florida,Total,EQIP IRA,Pumping Plant (533),2023,,,453
Florida,Total,EQIP IRA,Pumping Plant (533),Total,,,454
Florida,Total,EQIP IRA,Total,2023,444,"$3,304,957 ",455
Florida,Total,EQIP IRA,Total,Total,444,"$3,304,957 ",456
Florida,Total,EQIP IRA,Tree/Shrub Establishment (612),2023,79,"$958,294 ",457
Florida,Total,EQIP IRA,Tree/Shrub Establishment (612),Total,79,"$958,294 ",458
Florida,Total,EQIP IRA,Tree/Shrub Site Preparation (490),2023,75,"$1,094,171 ",459
Florida,Total,EQIP IRA,Tree/Shrub Site Preparation (490),Total,75,"$1,094,171 ",460
Florida,Total,EQIP IRA,Upland Wildlife Habitat Management (645),2023,13,"$6,700 ",461
Florida,Total,EQIP IRA,Upland Wildlife Habitat Management (645),Total,13,"$6,700 ",462
Florida,Total,EQIP IRA,Water Well (642),2023,,,463
Florida,Total,EQIP IRA,Water Well (642),Total,,,464
Florida,Total,EQIP IRA,Watering Facility (614),2023,,,465
Florida,Total,EQIP IRA,Watering Facility (614),Total,,,466
Florida,Total,EQIP IRA,Wildlife Habitat Planting (420),2023,,,467
Florida,Total,EQIP IRA,Wildlife Habitat Planting (420),Total,,,468
Georgia,Total,EQIP IRA,Cover Crop (340),2023,71,"$2,187,787 ",469
Georgia,Total,EQIP IRA,Cover Crop (340),Total,71,"$2,187,787 ",470
Georgia,Total,EQIP IRA,Energy Efficient Agricultural Operation (374),2023,44,"$1,383,049 ",471
Georgia,Total,EQIP IRA,Energy Efficient Agricultural Operation (374),Total,44,"$1,383,049 ",472
Georgia,Total,EQIP IRA,Energy Efficient Building Envelope (672),2023,63,"$1,530,085 ",473
Georgia,Total,EQIP IRA,Energy Efficient Building Envelope (672),Total,63,"$1,530,085 ",474
Georgia,Total,EQIP IRA,Energy Efficient Lighting System (670),2023,14,"$65,164 ",475
Georgia,Total,EQIP IRA,Energy Efficient Lighting System (670),Total,14,"$65,164 ",476
Georgia,Total,EQIP IRA,Total,2023,192,"$5,166,085 ",477
Georgia,Total,EQIP IRA,Total,Total,192,"$5,166,085 ",478
Hawaii,Total,EQIP IRA,Brush Management (314),2023,5,"$15,635 ",479
Hawaii,Total,EQIP IRA,Brush Management (314),Total,5,"$15,635 ",480
Hawaii,Total,EQIP IRA,Conservation Cover (327),2023,,,481
Hawaii,Total,EQIP IRA,Conservation Cover (327),Total,,,482
Hawaii,Total,EQIP IRA,Conservation Crop Rotation (328),2023,,,483
Hawaii,Total,EQIP IRA,Conservation Crop Rotation (328),Total,,,484
Hawaii,Total,EQIP IRA,Cover Crop (340),2023,,,485
Hawaii,Total,EQIP IRA,Cover Crop (340),Total,,,486
Hawaii,Total,EQIP IRA,Critical Area Planting (342),2023,,,487
Hawaii,Total,EQIP IRA,Critical Area Planting (342),Total,,,488
Hawaii,Total,EQIP IRA,Fence (382),2023,8,"$85,957 ",489
Hawaii,Total,EQIP IRA,Fence (382),Total,8,"$85,957 ",490
Hawaii,Total,EQIP IRA,Heavy Use Area Protection (561),2023,,,491
Hawaii,Total,EQIP IRA,Heavy Use Area Protection (561),Total,,,492
Hawaii,Total,EQIP IRA,Herbaceous Weed Treatment (315),2023,10,"$8,425 ",493
Hawaii,Total,EQIP IRA,Herbaceous Weed Treatment (315),Total,10,"$8,425 ",494
Hawaii,Total,EQIP IRA,Livestock Pipeline (516),2023,,,495
Hawaii,Total,EQIP IRA,Livestock Pipeline (516),Total,,,496
Hawaii,Total,EQIP IRA,Mulching (484),2023,32,"$357,697 ",497
Hawaii,Total,EQIP IRA,Mulching (484),Total,32,"$357,697 ",498
Hawaii,Total,EQIP IRA,Nutrient Management (590),2023,5,"$6,690 ",499
Hawaii,Total,EQIP IRA,Nutrient Management (590),Total,5,"$6,690 ",500
Hawaii,Total,EQIP IRA,Prescribed Grazing (528),2023,,,501
Hawaii,Total,EQIP IRA,Prescribed Grazing (528),Total,,,502
Hawaii,Total,EQIP IRA,Silvopasture (381),2023,,,503
Hawaii,Total,EQIP IRA,Silvopasture (381),Total,,,504
Hawaii,Total,EQIP IRA,Soil Health Testing (216),2023,,,505
Hawaii,Total,EQIP IRA,Soil Health Testing (216),Total,,,506
Hawaii,Total,EQIP IRA,Total,2023,96,"$1,013,023 ",507
Hawaii,Total,EQIP IRA,Total,Total,96,"$1,013,023 ",508
Hawaii,Total,EQIP IRA,Tree/Shrub Establishment (612),2023,5,"$360,300 ",509
Hawaii,Total,EQIP IRA,Tree/Shrub Establishment (612),Total,5,"$360,300 ",510
Hawaii,Total,EQIP IRA,Tree/Shrub Site Preparation (490),2023,7,"$21,097 ",511
Hawaii,Total,EQIP IRA,Tree/Shrub Site Preparation (490),Total,7,"$21,097 ",512
Hawaii,Total,EQIP IRA,Upland Wildlife Habitat Management (645),2023,,,513
Hawaii,Total,EQIP IRA,Upland Wildlife Habitat Management (645),Total,,,514
Hawaii,Total,EQIP IRA,Vegetative Barrier (601),2023,,,515
Hawaii,Total,EQIP IRA,Vegetative Barrier (601),Total,,,516
Hawaii,Total,EQIP IRA,Watering Facility (614),2023,,,517
Hawaii,Total,EQIP IRA,Watering Facility (614),Total,,,518
Hawaii,Total,EQIP IRA,Windbreak/Shelterbelt Establishment and Renovation (380),2023,,,519
Hawaii,Total,EQIP IRA,Windbreak/Shelterbelt Establishment and Renovation (380),Total,,,520
Idaho,Total,EQIP IRA,Alley Cropping (311),2023,,,521
Idaho,Total,EQIP IRA,Alley Cropping (311),Total,,,522
Idaho,Total,EQIP IRA,Conservation Cover (327),2023,12,"$75,734 ",523
Idaho,Total,EQIP IRA,Conservation Cover (327),Total,12,"$75,734 ",524
Idaho,Total,EQIP IRA,Conservation Crop Rotation (328),2023,,,525
Idaho,Total,EQIP IRA,Conservation Crop Rotation (328),Total,,,526
Idaho,Total,EQIP IRA,Cover Crop (340),2023,71,"$872,347 ",527
Idaho,Total,EQIP IRA,Cover Crop (340),Total,71,"$872,347 ",528
Idaho,Total,EQIP IRA,Fence (382),2023,6,"$33,332 ",529
Idaho,Total,EQIP IRA,Fence (382),Total,6,"$33,332 ",530
Idaho,Total,EQIP IRA,Forest Management Assessment (223),2023,,,531
Idaho,Total,EQIP IRA,Forest Management Assessment (223),Total,,,532
Idaho,Total,EQIP IRA,Forest Management Practice Design (165),2023,,,533
Idaho,Total,EQIP IRA,Forest Management Practice Design (165),Total,,,534
Idaho,Total,EQIP IRA,Forest Stand Improvement (666),2023,20,"$89,020 ",535
Idaho,Total,EQIP IRA,Forest Stand Improvement (666),Total,20,"$89,020 ",536
Idaho,Total,EQIP IRA,Grassed Waterway (412),2023,7,"$11,950 ",537
Idaho,Total,EQIP IRA,Grassed Waterway (412),Total,7,"$11,950 ",538
Idaho,Total,EQIP IRA,Heavy Use Area Protection (561),2023,,,539
Idaho,Total,EQIP IRA,Heavy Use Area Protection (561),Total,,,540
Idaho,Total,EQIP IRA,Herbaceous Weed Treatment (315),2023,6,"$3,159 ",541
Idaho,Total,EQIP IRA,Herbaceous Weed Treatment (315),Total,6,"$3,159 ",542
Idaho,Total,EQIP IRA,Livestock Pipeline (516),2023,,,543
Idaho,Total,EQIP IRA,Livestock Pipeline (516),Total,,,544
Idaho,Total,EQIP IRA,Nutrient Management (590),2023,20,"$779,456 ",545
Idaho,Total,EQIP IRA,Nutrient Management (590),Total,20,"$779,456 ",546
Idaho,Total,EQIP IRA,Pasture and Hay Planting (512),2023,12,"$43,159 ",547
Idaho,Total,EQIP IRA,Pasture and Hay Planting (512),Total,12,"$43,159 ",548
Idaho,Total,EQIP IRA,Prescribed Grazing (528),2023,,,549
Idaho,Total,EQIP IRA,Prescribed Grazing (528),Total,,,550
Idaho,Total,EQIP IRA,Pumping Plant (533),2023,,,551
Idaho,Total,EQIP IRA,Pumping Plant (533),Total,,,552
Idaho,Total,EQIP IRA,Range Planting (550),2023,,,553
Idaho,Total,EQIP IRA,Range Planting (550),Total,,,554
Idaho,Total,EQIP IRA,"Residue and Tillage Management, No Till (329)",2023,6,"$110,424 ",555
Idaho,Total,EQIP IRA,"Residue and Tillage Management, No Till (329)",Total,6,"$110,424 ",556
Idaho,Total,EQIP IRA,"Residue and Tillage Management, Reduced Till (345)",2023,16,"$161,983 ",557
Idaho,Total,EQIP IRA,"Residue and Tillage Management, Reduced Till (345)",Total,16,"$161,983 ",558
Idaho,Total,EQIP IRA,Total,2023,245,"$2,486,108 ",559
Idaho,Total,EQIP IRA,Total,Total,245,"$2,486,108 ",560
Idaho,Total,EQIP IRA,Tree-Shrub Pruning (660),2023,7,"$10,475 ",561
Idaho,Total,EQIP IRA,Tree-Shrub Pruning (660),Total,7,"$10,475 ",562
Idaho,Total,EQIP IRA,Tree/Shrub Establishment (612),2023,18,"$141,271 ",563
Idaho,Total,EQIP IRA,Tree/Shrub Establishment (612),Total,18,"$141,271 ",564
Idaho,Total,EQIP IRA,Tree/Shrub Site Preparation (490),2023,7,"$15,855 ",565
Idaho,Total,EQIP IRA,Tree/Shrub Site Preparation (490),Total,7,"$15,855 ",566
Idaho,Total,EQIP IRA,Water Well (642),2023,,,567
Idaho,Total,EQIP IRA,Water Well (642),Total,,,568
Idaho,Total,EQIP IRA,Watering Facility (614),2023,,,569
Idaho,Total,EQIP IRA,Watering Facility (614),Total,,,570
Idaho,Total,EQIP IRA,Woody Residue Treatment (384),2023,20,"$80,764 ",571
Idaho,Total,EQIP IRA,Woody Residue Treatment (384),Total,20,"$80,764 ",572
Illinois,Total,EQIP IRA,Access Road (560),2023,8,"$30,750 ",573
Illinois,Total,EQIP IRA,Access Road (560),Total,8,"$30,750 ",574
Illinois,Total,EQIP IRA,Brush Management (314),2023,32,"$51,335 ",575
Illinois,Total,EQIP IRA,Brush Management (314),Total,32,"$51,335 ",576
Illinois,Total,EQIP IRA,Conservation Cover (327),2023,6,"$7,619 ",577
Illinois,Total,EQIP IRA,Conservation Cover (327),Total,6,"$7,619 ",578
Illinois,Total,EQIP IRA,Conservation Crop Rotation (328),2023,11,"$12,116 ",579
Illinois,Total,EQIP IRA,Conservation Crop Rotation (328),Total,11,"$12,116 ",580
Illinois,Total,EQIP IRA,Cover Crop (340),2023,113,"$458,906 ",581
Illinois,Total,EQIP IRA,Cover Crop (340),Total,113,"$458,906 ",582
Illinois,Total,EQIP IRA,Critical Area Planting (342),2023,23,"$14,927 ",583
Illinois,Total,EQIP IRA,Critical Area Planting (342),Total,23,"$14,927 ",584
Illinois,Total,EQIP IRA,Dike and Levee (356),2023,,,585
Illinois,Total,EQIP IRA,Dike and Levee (356),Total,,,586
Illinois,Total,EQIP IRA,Energy Efficient Agricultural Operation (374),2023,,,587
Illinois,Total,EQIP IRA,Energy Efficient Agricultural Operation (374),Total,,,588
Illinois,Total,EQIP IRA,Fence (382),2023,55,"$140,086 ",589
Illinois,Total,EQIP IRA,Fence (382),Total,55,"$140,086 ",590
Illinois,Total,EQIP IRA,Forage Harvest Management (511),2023,,,591
Illinois,Total,EQIP IRA,Forage Harvest Management (511),Total,,,592
Illinois,Total,EQIP IRA,Forest Stand Improvement (666),2023,14,"$20,619 ",593
Illinois,Total,EQIP IRA,Forest Stand Improvement (666),Total,14,"$20,619 ",594
Illinois,Total,EQIP IRA,Grade Stabilization Structure (410),2023,,,595
Illinois,Total,EQIP IRA,Grade Stabilization Structure (410),Total,,,596
Illinois,Total,EQIP IRA,Grassed Waterway (412),2023,29,"$220,327 ",597
Illinois,Total,EQIP IRA,Grassed Waterway (412),Total,29,"$220,327 ",598
Illinois,Total,EQIP IRA,Heavy Use Area Protection (561),2023,35,"$306,489 ",599
Illinois,Total,EQIP IRA,Heavy Use Area Protection (561),Total,35,"$306,489 ",600
Illinois,Total,EQIP IRA,Herbaceous Weed Treatment (315),2023,5,"$3,069 ",601
Illinois,Total,EQIP IRA,Herbaceous Weed Treatment (315),Total,5,"$3,069 ",602
Illinois,Total,EQIP IRA,Lined Waterway or Outlet (468),2023,13,"$69,799 ",603
Illinois,Total,EQIP IRA,Lined Waterway or Outlet (468),Total,13,"$69,799 ",604
Illinois,Total,EQIP IRA,Livestock Pipeline (516),2023,15,"$23,914 ",605
Illinois,Total,EQIP IRA,Livestock Pipeline (516),Total,15,"$23,914 ",606
Illinois,Total,EQIP IRA,Mulching (484),2023,31,"$71,920 ",607
Illinois,Total,EQIP IRA,Mulching (484),Total,31,"$71,920 ",608
Illinois,Total,EQIP IRA,Nutrient Management (590),2023,43,"$43,074 ",609
Illinois,Total,EQIP IRA,Nutrient Management (590),Total,43,"$43,074 ",610
Illinois,Total,EQIP IRA,Pasture and Hay Planting (512),2023,27,"$108,173 ",611
Illinois,Total,EQIP IRA,Pasture and Hay Planting (512),Total,27,"$108,173 ",612
Illinois,Total,EQIP IRA,Prescribed Grazing (528),2023,11,"$24,123 ",613
Illinois,Total,EQIP IRA,Prescribed Grazing (528),Total,11,"$24,123 ",614
Illinois,Total,EQIP IRA,Pumping Plant (533),2023,,,615
Illinois,Total,EQIP IRA,Pumping Plant (533),Total,,,616
Illinois,Total,EQIP IRA,"Residue and Tillage Management, No Till (329)",2023,93,"$117,056 ",617
Illinois,Total,EQIP IRA,"Residue and Tillage Management, No Till (329)",Total,93,"$117,056 ",618
Illinois,Total,EQIP IRA,"Residue and Tillage Management, Reduced Till (345)",2023,13,"$57,265 ",619
Illinois,Total,EQIP IRA,"Residue and Tillage Management, Reduced Till (345)",Total,13,"$57,265 ",620
Illinois,Total,EQIP IRA,Roof Runoff Structure (558),2023,5,"$15,928 ",621
Illinois,Total,EQIP IRA,Roof Runoff Structure (558),Total,5,"$15,928 ",622
Illinois,Total,EQIP IRA,Roofs and Covers (367),2023,5,"$219,766 ",623
Illinois,Total,EQIP IRA,Roofs and Covers (367),Total,5,"$219,766 ",624
Illinois,Total,EQIP IRA,Structure for Water Control (587),2023,,,625
Illinois,Total,EQIP IRA,Structure for Water Control (587),Total,,,626
Illinois,Total,EQIP IRA,Subsurface Drain (606),2023,13,"$84,843 ",627
Illinois,Total,EQIP IRA,Subsurface Drain (606),Total,13,"$84,843 ",628
Illinois,Total,EQIP IRA,Total,2023,678,"$2,827,059 ",629
Illinois,Total,EQIP IRA,Total,Total,678,"$2,827,059 ",630
Illinois,Total,EQIP IRA,Tree/Shrub Establishment (612),2023,8,"$11,305 ",631
Illinois,Total,EQIP IRA,Tree/Shrub Establishment (612),Total,8,"$11,305 ",632
Illinois,Total,EQIP IRA,Tree/Shrub Site Preparation (490),2023,8,"$1,272 ",633
Illinois,Total,EQIP IRA,Tree/Shrub Site Preparation (490),Total,8,"$1,272 ",634
Illinois,Total,EQIP IRA,Underground Outlet (620),2023,14,"$29,328 ",635
Illinois,Total,EQIP IRA,Underground Outlet (620),Total,14,"$29,328 ",636
Illinois,Total,EQIP IRA,Water Well (642),2023,,,637
Illinois,Total,EQIP IRA,Water Well (642),Total,,,638
Illinois,Total,EQIP IRA,Watering Facility (614),2023,27,"$32,005 ",639
Illinois,Total,EQIP IRA,Watering Facility (614),Total,27,"$32,005 ",640
Illinois,Total,EQIP IRA,Wetland Restoration (657),2023,,,641
Illinois,Total,EQIP IRA,Wetland Restoration (657),Total,,,642
Illinois,Total,EQIP IRA,Wildlife Habitat Planting (420),2023,,,643
Illinois,Total,EQIP IRA,Wildlife Habitat Planting (420),Total,,,644
Illinois,Total,EQIP IRA,Windbreak/Shelterbelt Establishment and Renovation (380),2023,,,645
Illinois,Total,EQIP IRA,Windbreak/Shelterbelt Establishment and Renovation (380),Total,,,646
Indiana,Total,EQIP IRA,Brush Management (314),2023,218,"$1,110,298 ",647
Indiana,Total,EQIP IRA,Brush Management (314),Total,218,"$1,110,298 ",648
Indiana,Total,EQIP IRA,Conservation Cover (327),2023,6,"$3,582 ",649
Indiana,Total,EQIP IRA,Conservation Cover (327),Total,6,"$3,582 ",650
Indiana,Total,EQIP IRA,Conservation Crop Rotation (328),2023,,,651
Indiana,Total,EQIP IRA,Conservation Crop Rotation (328),Total,,,652
Indiana,Total,EQIP IRA,Cover Crop (340),2023,67,"$1,005,756 ",653
Indiana,Total,EQIP IRA,Cover Crop (340),Total,67,"$1,005,756 ",654
Indiana,Total,EQIP IRA,Critical Area Planting (342),2023,,,655
Indiana,Total,EQIP IRA,Critical Area Planting (342),Total,,,656
Indiana,Total,EQIP IRA,Energy Efficient Agricultural Operation (374),2023,,,657
Indiana,Total,EQIP IRA,Energy Efficient Agricultural Operation (374),Total,,,658
Indiana,Total,EQIP IRA,Energy Efficient Building Envelope (672),2023,,,659
Indiana,Total,EQIP IRA,Energy Efficient Building Envelope (672),Total,,,660
Indiana,Total,EQIP IRA,Fence (382),2023,,,661
Indiana,Total,EQIP IRA,Fence (382),Total,,,662
Indiana,Total,EQIP IRA,Forest Stand Improvement (666),2023,58,"$248,370 ",663
Indiana,Total,EQIP IRA,Forest Stand Improvement (666),Total,58,"$248,370 ",664
Indiana,Total,EQIP IRA,Grade Stabilization Structure (410),2023,,,665
Indiana,Total,EQIP IRA,Grade Stabilization Structure (410),Total,,,666
Indiana,Total,EQIP IRA,Grassed Waterway (412),2023,4,"$15,874 ",667
Indiana,Total,EQIP IRA,Grassed Waterway (412),Total,4,"$15,874 ",668
Indiana,Total,EQIP IRA,Heavy Use Area Protection (561),2023,5,"$3,948 ",669
Indiana,Total,EQIP IRA,Heavy Use Area Protection (561),Total,5,"$3,948 ",670
Indiana,Total,EQIP IRA,Hedgerow Planting (422),2023,,,671
Indiana,Total,EQIP IRA,Hedgerow Planting (422),Total,,,672
Indiana,Total,EQIP IRA,Herbaceous Weed Treatment (315),2023,27,"$10,472 ",673
Indiana,Total,EQIP IRA,Herbaceous Weed Treatment (315),Total,27,"$10,472 ",674
Indiana,Total,EQIP IRA,Lined Waterway or Outlet (468),2023,4,"$48,260 ",675
Indiana,Total,EQIP IRA,Lined Waterway or Outlet (468),Total,4,"$48,260 ",676
Indiana,Total,EQIP IRA,Livestock Pipeline (516),2023,,,677
Indiana,Total,EQIP IRA,Livestock Pipeline (516),Total,,,678
Indiana,Total,EQIP IRA,Mulching (484),2023,8,"$35,487 ",679
Indiana,Total,EQIP IRA,Mulching (484),Total,8,"$35,487 ",680
Indiana,Total,EQIP IRA,Nutrient Management (590),2023,36,"$193,413 ",681
Indiana,Total,EQIP IRA,Nutrient Management (590),Total,36,"$193,413 ",682
Indiana,Total,EQIP IRA,Nutrient Management Design and Implementation Activity  (157),2023,,,683
Indiana,Total,EQIP IRA,Nutrient Management Design and Implementation Activity  (157),Total,,,684
Indiana,Total,EQIP IRA,Pasture and Hay Planting (512),2023,8,"$33,601 ",685
Indiana,Total,EQIP IRA,Pasture and Hay Planting (512),Total,8,"$33,601 ",686
Indiana,Total,EQIP IRA,Pest Management Conservation System (595),2023,27,"$109,338 ",687
Indiana,Total,EQIP IRA,Pest Management Conservation System (595),Total,27,"$109,338 ",688
Indiana,Total,EQIP IRA,Pest Management Conservation System Design (161),2023,7,"$28,591 ",689
Indiana,Total,EQIP IRA,Pest Management Conservation System Design (161),Total,7,"$28,591 ",690
Indiana,Total,EQIP IRA,Prescribed Grazing (528),2023,,,691
Indiana,Total,EQIP IRA,Prescribed Grazing (528),Total,,,692
Indiana,Total,EQIP IRA,"Residue and Tillage Management, No Till (329)",2023,48,"$149,636 ",693
Indiana,Total,EQIP IRA,"Residue and Tillage Management, No Till (329)",Total,48,"$149,636 ",694
Indiana,Total,EQIP IRA,"Residue and Tillage Management, Reduced Till (345)",2023,,,695
Indiana,Total,EQIP IRA,"Residue and Tillage Management, Reduced Till (345)",Total,,,696
Indiana,Total,EQIP IRA,Soil and Source Testing for Nutrient Management (217),2023,,,698
Indiana,Total,EQIP IRA,Soil and Source Testing for Nutrient Management (217),2023,8,"$6,497 ",697
Indiana,Total,EQIP IRA,Soil and Source Testing for Nutrient Management (217),Total,,,700
Indiana,Total,EQIP IRA,Soil and Source Testing for Nutrient Management (217),Total,8,"$6,497 ",699
Indiana,Total,EQIP IRA,Structure for Water Control (587),2023,,,701
Indiana,Total,EQIP IRA,Structure for Water Control (587),Total,,,702
Indiana,Total,EQIP IRA,Subsurface Drain (606),2023,4,"$16,984 ",703
Indiana,Total,EQIP IRA,Subsurface Drain (606),Total,4,"$16,984 ",704
Indiana,Total,EQIP IRA,Total,2023,664,"$3,721,526 ",705
Indiana,Total,EQIP IRA,Total,Total,664,"$3,721,526 ",706
Indiana,Total,EQIP IRA,Tree/Shrub Establishment (612),2023,19,"$75,329 ",707
Indiana,Total,EQIP IRA,Tree/Shrub Establishment (612),Total,19,"$75,329 ",708
Indiana,Total,EQIP IRA,Underground Outlet (620),2023,7,"$85,942 ",709
Indiana,Total,EQIP IRA,Underground Outlet (620),Total,7,"$85,942 ",710
Indiana,Total,EQIP IRA,Upland Wildlife Habitat Management (645),2023,50,"$49,747 ",711
Indiana,Total,EQIP IRA,Upland Wildlife Habitat Management (645),Total,50,"$49,747 ",712
Indiana,Total,EQIP IRA,Water and Sediment Control Basin (638),2023,,,713
Indiana,Total,EQIP IRA,Water and Sediment Control Basin (638),Total,,,714
Indiana,Total,EQIP IRA,Watering Facility (614),2023,4,"$4,908 ",715
Indiana,Total,EQIP IRA,Watering Facility (614),Total,4,"$4,908 ",716
Indiana,Total,EQIP IRA,Wetland Restoration (657),2023,,,717
Indiana,Total,EQIP IRA,Wetland Restoration (657),Total,,,718
Indiana,Total,EQIP IRA,Wetland Wildlife Habitat Management (644),2023,,,719
Indiana,Total,EQIP IRA,Wetland Wildlife Habitat Management (644),Total,,,720
Indiana,Total,EQIP IRA,Wildlife Habitat Planting (420),2023,10,"$23,953 ",721
Indiana,Total,EQIP IRA,Wildlife Habitat Planting (420),Total,10,"$23,953 ",722
Iowa,Total,EQIP IRA,Conservation Crop Rotation (328),2023,9,"$5,144 ",723
Iowa,Total,EQIP IRA,Conservation Crop Rotation (328),Total,9,"$5,144 ",724
Iowa,Total,EQIP IRA,Cover Crop (340),2023,278,"$3,447,096 ",725
Iowa,Total,EQIP IRA,Cover Crop (340),Total,278,"$3,447,096 ",726
Iowa,Total,EQIP IRA,Nutrient Management (590),2023,5,"$5,955 ",727
Iowa,Total,EQIP IRA,Nutrient Management (590),Total,5,"$5,955 ",728
Iowa,Total,EQIP IRA,Prescribed Grazing (528),2023,22,"$50,390 ",729
Iowa,Total,EQIP IRA,Prescribed Grazing (528),Total,22,"$50,390 ",730
Iowa,Total,EQIP IRA,"Residue and Tillage Management, No Till (329)",2023,158,"$346,913 ",731
Iowa,Total,EQIP IRA,"Residue and Tillage Management, No Till (329)",Total,158,"$346,913 ",732
Iowa,Total,EQIP IRA,Total,2023,472,"$3,855,498 ",733
Iowa,Total,EQIP IRA,Total,Total,472,"$3,855,498 ",734
Kansas,Total,EQIP IRA,Conservation Crop Rotation (328),2023,14,"$12,289 ",735
Kansas,Total,EQIP IRA,Conservation Crop Rotation (328),Total,14,"$12,289 ",736
Kansas,Total,EQIP IRA,Cover Crop (340),2023,34,"$376,065 ",737
Kansas,Total,EQIP IRA,Cover Crop (340),Total,34,"$376,065 ",738
Kansas,Total,EQIP IRA,Livestock Pipeline (516),2023,,,739
Kansas,Total,EQIP IRA,Livestock Pipeline (516),Total,,,740
Kansas,Total,EQIP IRA,Nutrient Management (590),2023,10,"$89,840 ",741
Kansas,Total,EQIP IRA,Nutrient Management (590),Total,10,"$89,840 ",742
Kansas,Total,EQIP IRA,Nutrient Management Design and Implementation Activity  (157),2023,,,743
Kansas,Total,EQIP IRA,Nutrient Management Design and Implementation Activity  (157),Total,,,744
Kansas,Total,EQIP IRA,Prescribed Grazing (528),2023,291,"$2,680,378 ",745
Kansas,Total,EQIP IRA,Prescribed Grazing (528),Total,291,"$2,680,378 ",746
Kansas,Total,EQIP IRA,Pumping Plant (533),2023,7,"$25,396 ",747
Kansas,Total,EQIP IRA,Pumping Plant (533),Total,7,"$25,396 ",748
Kansas,Total,EQIP IRA,"Residue and Tillage Management, No Till (329)",2023,25,"$55,141 ",749
Kansas,Total,EQIP IRA,"Residue and Tillage Management, No Till (329)",Total,25,"$55,141 ",750
Kansas,Total,EQIP IRA,Soil and Source Testing for Nutrient Management (217),2023,,,752
Kansas,Total,EQIP IRA,Soil and Source Testing for Nutrient Management (217),2023,4,"$18,924 ",751
Kansas,Total,EQIP IRA,Soil and Source Testing for Nutrient Management (217),Total,,,754
Kansas,Total,EQIP IRA,Soil and Source Testing for Nutrient Management (217),Total,4,"$18,924 ",753
Kansas,Total,EQIP IRA,Total,2023,405,"$3,315,698 ",755
Kansas,Total,EQIP IRA,Total,Total,405,"$3,315,698 ",756
Kansas,Total,EQIP IRA,Water Well (642),2023,7,"$29,155 ",757
Kansas,Total,EQIP IRA,Water Well (642),Total,7,"$29,155 ",758
Kansas,Total,EQIP IRA,Watering Facility (614),2023,8,"$13,949 ",759
Kansas,Total,EQIP IRA,Watering Facility (614),Total,8,"$13,949 ",760
Kentucky,Total,EQIP IRA,Brush Management (314),2023,95,"$203,724 ",761
Kentucky,Total,EQIP IRA,Brush Management (314),Total,95,"$203,724 ",762
Kentucky,Total,EQIP IRA,Conservation Cover (327),2023,,,763
Kentucky,Total,EQIP IRA,Conservation Cover (327),Total,,,764
Kentucky,Total,EQIP IRA,Conservation Crop Rotation (328),2023,,,765
Kentucky,Total,EQIP IRA,Conservation Crop Rotation (328),Total,,,766
Kentucky,Total,EQIP IRA,Cover Crop (340),2023,83,"$1,404,764 ",767
Kentucky,Total,EQIP IRA,Cover Crop (340),Total,83,"$1,404,764 ",768
Kentucky,Total,EQIP IRA,Critical Area Planting (342),2023,17,"$42,648 ",769
Kentucky,Total,EQIP IRA,Critical Area Planting (342),Total,17,"$42,648 ",770
Kentucky,Total,EQIP IRA,Energy Efficient Agricultural Operation (374),2023,4,"$41,173 ",771
Kentucky,Total,EQIP IRA,Energy Efficient Agricultural Operation (374),Total,4,"$41,173 ",772
Kentucky,Total,EQIP IRA,Energy Efficient Building Envelope (672),2023,5,"$114,015 ",773
Kentucky,Total,EQIP IRA,Energy Efficient Building Envelope (672),Total,5,"$114,015 ",774
Kentucky,Total,EQIP IRA,Energy Efficient Lighting System (670),2023,4,"$6,288 ",775
Kentucky,Total,EQIP IRA,Energy Efficient Lighting System (670),Total,4,"$6,288 ",776
Kentucky,Total,EQIP IRA,Fence (382),2023,,,777
Kentucky,Total,EQIP IRA,Fence (382),Total,,,778
Kentucky,Total,EQIP IRA,Field Border (386),2023,,,779
Kentucky,Total,EQIP IRA,Field Border (386),Total,,,780
Kentucky,Total,EQIP IRA,Forest Stand Improvement (666),2023,147,"$1,292,593 ",781
Kentucky,Total,EQIP IRA,Forest Stand Improvement (666),2023,163,"$1,715,949 ",782
Kentucky,Total,EQIP IRA,Forest Stand Improvement (666),Total,147,"$1,292,593 ",783
Kentucky,Total,EQIP IRA,Forest Stand Improvement (666),Total,163,"$1,715,949 ",784
Kentucky,Total,EQIP IRA,Forest Trails and Landings (655),2023,,,785
Kentucky,Total,EQIP IRA,Forest Trails and Landings (655),Total,,,786
Kentucky,Total,EQIP IRA,Grade Stabilization Structure (410),2023,,,787
Kentucky,Total,EQIP IRA,Grade Stabilization Structure (410),Total,,,788
Kentucky,Total,EQIP IRA,Grassed Waterway (412),2023,6,"$16,950 ",789
Kentucky,Total,EQIP IRA,Grassed Waterway (412),Total,6,"$16,950 ",790
Kentucky,Total,EQIP IRA,Heavy Use Area Protection (561),2023,6,"$9,201 ",791
Kentucky,Total,EQIP IRA,Heavy Use Area Protection (561),Total,6,"$9,201 ",792
Kentucky,Total,EQIP IRA,Herbaceous Weed Treatment (315),2023,26,"$5,224 ",793
Kentucky,Total,EQIP IRA,Herbaceous Weed Treatment (315),Total,26,"$5,224 ",794
Kentucky,Total,EQIP IRA,Lined Waterway or Outlet (468),2023,,,795
Kentucky,Total,EQIP IRA,Lined Waterway or Outlet (468),Total,,,796
Kentucky,Total,EQIP IRA,Mulching (484),2023,6,"$61,305 ",797
Kentucky,Total,EQIP IRA,Mulching (484),Total,6,"$61,305 ",798
Kentucky,Total,EQIP IRA,"Residue and Tillage Management, No Till (329)",2023,17,"$137,426 ",799
Kentucky,Total,EQIP IRA,"Residue and Tillage Management, No Till (329)",Total,17,"$137,426 ",800
Kentucky,Total,EQIP IRA,Subsurface Drain (606),2023,,,801
Kentucky,Total,EQIP IRA,Subsurface Drain (606),Total,,,802
Kentucky,Total,EQIP IRA,Total,2023,454,"$3,567,725 ",803
Kentucky,Total,EQIP IRA,Total,2023,486,"$5,425,538 ",804
Kentucky,Total,EQIP IRA,Total,Total,454,"$3,567,725 ",805
Kentucky,Total,EQIP IRA,Total,Total,486,"$5,425,538 ",806
Kentucky,Total,EQIP IRA,Tree/Shrub Establishment (612),2023,11,"$43,896 ",807
Kentucky,Total,EQIP IRA,Tree/Shrub Establishment (612),2023,27,"$1,478,353 ",808
Kentucky,Total,EQIP IRA,Tree/Shrub Establishment (612),Total,11,"$43,896 ",809
Kentucky,Total,EQIP IRA,Tree/Shrub Establishment (612),Total,27,"$1,478,353 ",810
Kentucky,Total,EQIP IRA,Tree/Shrub Site Preparation (490),2023,11,"$13,812 ",811
Kentucky,Total,EQIP IRA,Tree/Shrub Site Preparation (490),Total,11,"$13,812 ",812
Louisiana,Total,EQIP IRA,Brush Management (314),2023,,,813
Louisiana,Total,EQIP IRA,Brush Management (314),Total,,,814
Louisiana,Total,EQIP IRA,Conservation Cover (327),2023,,,815
Louisiana,Total,EQIP IRA,Conservation Cover (327),Total,,,816
Louisiana,Total,EQIP IRA,Conservation Crop Rotation (328),2023,12,"$25,504 ",817
Louisiana,Total,EQIP IRA,Conservation Crop Rotation (328),Total,12,"$25,504 ",818
Louisiana,Total,EQIP IRA,Cover Crop (340),2023,22,"$564,340 ",819
Louisiana,Total,EQIP IRA,Cover Crop (340),Total,22,"$564,340 ",820
Louisiana,Total,EQIP IRA,Energy Efficient Agricultural Operation (374),2023,,,821
Louisiana,Total,EQIP IRA,Energy Efficient Agricultural Operation (374),Total,,,822
Louisiana,Total,EQIP IRA,Energy Efficient Building Envelope (672),2023,,,823
Louisiana,Total,EQIP IRA,Energy Efficient Building Envelope (672),Total,,,824
Louisiana,Total,EQIP IRA,Fence (382),2023,19,"$139,792 ",825
Louisiana,Total,EQIP IRA,Fence (382),Total,19,"$139,792 ",826
Louisiana,Total,EQIP IRA,Firebreak (394),2023,7,"$43,202 ",827
Louisiana,Total,EQIP IRA,Firebreak (394),Total,7,"$43,202 ",828
Louisiana,Total,EQIP IRA,Forest Stand Improvement (666),2023,12,"$96,404 ",829
Louisiana,Total,EQIP IRA,Forest Stand Improvement (666),Total,12,"$96,404 ",830
Louisiana,Total,EQIP IRA,Heavy Use Area Protection (561),2023,36,"$92,670 ",831
Louisiana,Total,EQIP IRA,Heavy Use Area Protection (561),Total,36,"$92,670 ",832
Louisiana,Total,EQIP IRA,Herbaceous Weed Treatment (315),2023,9,"$48,121 ",833
Louisiana,Total,EQIP IRA,Herbaceous Weed Treatment (315),Total,9,"$48,121 ",834
Louisiana,Total,EQIP IRA,Livestock Pipeline (516),2023,21,"$107,777 ",835
Louisiana,Total,EQIP IRA,Livestock Pipeline (516),Total,21,"$107,777 ",836
Louisiana,Total,EQIP IRA,Livestock Shelter Structure (576),2023,,,837
Louisiana,Total,EQIP IRA,Livestock Shelter Structure (576),Total,,,838
Louisiana,Total,EQIP IRA,Nutrient Management (590),2023,,,839
Louisiana,Total,EQIP IRA,Nutrient Management (590),Total,,,840
Louisiana,Total,EQIP IRA,Pasture and Hay Planting (512),2023,24,"$236,714 ",841
Louisiana,Total,EQIP IRA,Pasture and Hay Planting (512),Total,24,"$236,714 ",842
Louisiana,Total,EQIP IRA,Precision Land Forming and Smoothing (462),2023,,,843
Louisiana,Total,EQIP IRA,Precision Land Forming and Smoothing (462),Total,,,844
Louisiana,Total,EQIP IRA,Prescribed Burning (338),2023,9,"$20,130 ",845
Louisiana,Total,EQIP IRA,Prescribed Burning (338),Total,9,"$20,130 ",846
Louisiana,Total,EQIP IRA,Prescribed Grazing (528),2023,30,"$340,063 ",847
Louisiana,Total,EQIP IRA,Prescribed Grazing (528),Total,30,"$340,063 ",848
Louisiana,Total,EQIP IRA,Pumping Plant (533),2023,,,849
Louisiana,Total,EQIP IRA,Pumping Plant (533),Total,,,850
Louisiana,Total,EQIP IRA,"Residue and Tillage Management, Reduced Till (345)",2023,19,"$110,978 ",851
Louisiana,Total,EQIP IRA,"Residue and Tillage Management, Reduced Till (345)",Total,19,"$110,978 ",852
Louisiana,Total,EQIP IRA,Total,2023,282,"$2,342,092 ",853
Louisiana,Total,EQIP IRA,Total,Total,282,"$2,342,092 ",854
Louisiana,Total,EQIP IRA,Tree/Shrub Establishment (612),2023,5,"$47,063 ",855
Louisiana,Total,EQIP IRA,Tree/Shrub Establishment (612),Total,5,"$47,063 ",856
Louisiana,Total,EQIP IRA,Tree/Shrub Site Preparation (490),2023,7,"$69,519 ",857
Louisiana,Total,EQIP IRA,Tree/Shrub Site Preparation (490),Total,7,"$69,519 ",858
Louisiana,Total,EQIP IRA,Water Well (642),2023,,,859
Louisiana,Total,EQIP IRA,Water Well (642),Total,,,860
Louisiana,Total,EQIP IRA,Watering Facility (614),2023,28,"$66,230 ",861
Louisiana,Total,EQIP IRA,Watering Facility (614),Total,28,"$66,230 ",862
Louisiana,Total,EQIP IRA,Wildlife Habitat Planting (420),2023,4,"$6,796 ",863
Louisiana,Total,EQIP IRA,Wildlife Habitat Planting (420),Total,4,"$6,796 ",864
Maine,Total,EQIP IRA,Access Road (560),2023,,,865
Maine,Total,EQIP IRA,Access Road (560),Total,,,866
Maine,Total,EQIP IRA,Conservation Cover (327),2023,,,867
Maine,Total,EQIP IRA,Conservation Cover (327),Total,,,868
Maine,Total,EQIP IRA,Cover Crop (340),2023,82,"$210,048 ",869
Maine,Total,EQIP IRA,Cover Crop (340),Total,82,"$210,048 ",870
Maine,Total,EQIP IRA,Deep Tillage (324),2023,,,871
Maine,Total,EQIP IRA,Deep Tillage (324),Total,,,872
Maine,Total,EQIP IRA,Early Successional Habitat Development-Mgt (647),2023,,,873
Maine,Total,EQIP IRA,Early Successional Habitat Development-Mgt (647),Total,,,874
Maine,Total,EQIP IRA,Forest Stand Improvement (666),2023,26,"$318,056 ",875
Maine,Total,EQIP IRA,Forest Stand Improvement (666),Total,26,"$318,056 ",876
Maine,Total,EQIP IRA,Forest Trails and Landings (655),2023,10,"$5,207 ",877
Maine,Total,EQIP IRA,Forest Trails and Landings (655),Total,10,"$5,207 ",878
Maine,Total,EQIP IRA,Grassed Waterway (412),2023,5,"$36,716 ",879
Maine,Total,EQIP IRA,Grassed Waterway (412),Total,5,"$36,716 ",880
Maine,Total,EQIP IRA,Hedgerow Planting (422),2023,,,881
Maine,Total,EQIP IRA,Hedgerow Planting (422),Total,,,882
Maine,Total,EQIP IRA,Herbaceous Weed Treatment (315),2023,,,883
Maine,Total,EQIP IRA,Herbaceous Weed Treatment (315),Total,,,884
Maine,Total,EQIP IRA,Lined Waterway or Outlet (468),2023,5,"$6,839 ",885
Maine,Total,EQIP IRA,Lined Waterway or Outlet (468),Total,5,"$6,839 ",886
Maine,Total,EQIP IRA,Mulching (484),2023,30,"$141,826 ",887
Maine,Total,EQIP IRA,Mulching (484),Total,30,"$141,826 ",888
Maine,Total,EQIP IRA,Pasture and Hay Planting (512),2023,20,"$141,221 ",889
Maine,Total,EQIP IRA,Pasture and Hay Planting (512),Total,20,"$141,221 ",890
Maine,Total,EQIP IRA,"Residue and Tillage Management, No Till (329)",2023,,,891
Maine,Total,EQIP IRA,"Residue and Tillage Management, No Till (329)",Total,,,892
Maine,Total,EQIP IRA,"Residue and Tillage Management, Reduced Till (345)",2023,40,"$27,223 ",893
Maine,Total,EQIP IRA,"Residue and Tillage Management, Reduced Till (345)",Total,40,"$27,223 ",894
Maine,Total,EQIP IRA,Stream Crossing (578),2023,10,"$35,284 ",895
Maine,Total,EQIP IRA,Stream Crossing (578),Total,10,"$35,284 ",896
Maine,Total,EQIP IRA,Structures for Wildlife (649),2023,,,897
Maine,Total,EQIP IRA,Structures for Wildlife (649),Total,,,898
Maine,Total,EQIP IRA,Total,2023,263,"$986,473 ",899
Maine,Total,EQIP IRA,Total,Total,263,"$986,473 ",900
Maine,Total,EQIP IRA,Tree/Shrub Establishment (612),2023,5,"$24,792 ",901
Maine,Total,EQIP IRA,Tree/Shrub Establishment (612),Total,5,"$24,792 ",902
Maine,Total,EQIP IRA,Tree/Shrub Site Preparation (490),2023,,,903
Maine,Total,EQIP IRA,Tree/Shrub Site Preparation (490),Total,,,904
Maine,Total,EQIP IRA,Upland Wildlife Habitat Management (645),2023,12,"$9,910 ",905
Maine,Total,EQIP IRA,Upland Wildlife Habitat Management (645),Total,12,"$9,910 ",906
Maine,Total,EQIP IRA,Windbreak/Shelterbelt Establishment and Renovation (380),2023,,,907
Maine,Total,EQIP IRA,Windbreak/Shelterbelt Establishment and Renovation (380),Total,,,908
Maryland,Total,EQIP IRA,Brush Management (314),2023,,,909
Maryland,Total,EQIP IRA,Brush Management (314),Total,,,910
Maryland,Total,EQIP IRA,Conservation Cover (327),2023,,,911
Maryland,Total,EQIP IRA,Conservation Cover (327),Total,,,912
Maryland,Total,EQIP IRA,Energy Efficient Agricultural Operation (374),2023,29,"$630,632 ",913
Maryland,Total,EQIP IRA,Energy Efficient Agricultural Operation (374),Total,29,"$630,632 ",914
Maryland,Total,EQIP IRA,Energy Efficient Building Envelope (672),2023,20,"$199,296 ",915
Maryland,Total,EQIP IRA,Energy Efficient Building Envelope (672),Total,20,"$199,296 ",916
Maryland,Total,EQIP IRA,Energy Efficient Lighting System (670),2023,5,"$2,944 ",917
Maryland,Total,EQIP IRA,Energy Efficient Lighting System (670),Total,5,"$2,944 ",918
Maryland,Total,EQIP IRA,Fence (382),2023,20,"$189,576 ",919
Maryland,Total,EQIP IRA,Fence (382),Total,20,"$189,576 ",920
Maryland,Total,EQIP IRA,Forest Stand Improvement (666),2023,23,"$156,967 ",921
Maryland,Total,EQIP IRA,Forest Stand Improvement (666),Total,23,"$156,967 ",922
Maryland,Total,EQIP IRA,Heavy Use Area Protection (561),2023,10,"$22,991 ",923
Maryland,Total,EQIP IRA,Heavy Use Area Protection (561),Total,10,"$22,991 ",924
Maryland,Total,EQIP IRA,Hedgerow Planting (422),2023,,,925
Maryland,Total,EQIP IRA,Hedgerow Planting (422),Total,,,926
Maryland,Total,EQIP IRA,Livestock Pipeline (516),2023,11,"$28,981 ",927
Maryland,Total,EQIP IRA,Livestock Pipeline (516),Total,11,"$28,981 ",928
Maryland,Total,EQIP IRA,Mulching (484),2023,,,929
Maryland,Total,EQIP IRA,Mulching (484),Total,,,930
Maryland,Total,EQIP IRA,Pasture and Hay Planting (512),2023,15,"$48,861 ",931
Maryland,Total,EQIP IRA,Pasture and Hay Planting (512),Total,15,"$48,861 ",932
Maryland,Total,EQIP IRA,Prescribed Grazing (528),2023,14,"$5,796 ",933
Maryland,Total,EQIP IRA,Prescribed Grazing (528),Total,14,"$5,796 ",934
Maryland,Total,EQIP IRA,Pumping Plant (533),2023,,,935
Maryland,Total,EQIP IRA,Pumping Plant (533),Total,,,936
Maryland,Total,EQIP IRA,Total,2023,172,"$1,380,368 ",937
Maryland,Total,EQIP IRA,Total,Total,172,"$1,380,368 ",938
Maryland,Total,EQIP IRA,Trails and Walkways (575),2023,,,939
Maryland,Total,EQIP IRA,Trails and Walkways (575),Total,,,940
Maryland,Total,EQIP IRA,Tree/Shrub Establishment (612),2023,,,941
Maryland,Total,EQIP IRA,Tree/Shrub Establishment (612),Total,,,942
Maryland,Total,EQIP IRA,Water Well (642),2023,,,943
Maryland,Total,EQIP IRA,Water Well (642),Total,,,944
Maryland,Total,EQIP IRA,Watering Facility (614),2023,12,"$24,085 ",945
Maryland,Total,EQIP IRA,Watering Facility (614),Total,12,"$24,085 ",946
Maryland,Total,EQIP IRA,Wildlife Habitat Planting (420),2023,,,947
Maryland,Total,EQIP IRA,Wildlife Habitat Planting (420),Total,,,948
Massachusetts,Total,EQIP IRA,Brush Management (314),2023,61,"$466,091 ",949
Massachusetts,Total,EQIP IRA,Brush Management (314),Total,61,"$466,091 ",950
Massachusetts,Total,EQIP IRA,Cover Crop (340),2023,40,"$42,907 ",951
Massachusetts,Total,EQIP IRA,Cover Crop (340),Total,40,"$42,907 ",952
Massachusetts,Total,EQIP IRA,Early Successional Habitat Development-Mgt (647),2023,4,"$47,331 ",953
Massachusetts,Total,EQIP IRA,Early Successional Habitat Development-Mgt (647),Total,4,"$47,331 ",954
Massachusetts,Total,EQIP IRA,Energy Efficient Agricultural Operation (374),2023,12,"$164,704 ",955
Massachusetts,Total,EQIP IRA,Energy Efficient Agricultural Operation (374),Total,12,"$164,704 ",956
Massachusetts,Total,EQIP IRA,Forest Stand Improvement (666),2023,35,"$368,223 ",957
Massachusetts,Total,EQIP IRA,Forest Stand Improvement (666),Total,35,"$368,223 ",958
Massachusetts,Total,EQIP IRA,Mulching (484),2023,14,"$14,942 ",959
Massachusetts,Total,EQIP IRA,Mulching (484),Total,14,"$14,942 ",960
Massachusetts,Total,EQIP IRA,Nutrient Management (590),2023,,,961
Massachusetts,Total,EQIP IRA,Nutrient Management (590),Total,,,962
Massachusetts,Total,EQIP IRA,Pasture and Hay Planting (512),2023,9,"$44,705 ",963
Massachusetts,Total,EQIP IRA,Pasture and Hay Planting (512),Total,9,"$44,705 ",964
Massachusetts,Total,EQIP IRA,"Residue and Tillage Management, Reduced Till (345)",2023,6,"$8,729 ",965
Massachusetts,Total,EQIP IRA,"Residue and Tillage Management, Reduced Till (345)",Total,6,"$8,729 ",966
Massachusetts,Total,EQIP IRA,Soil Carbon Amendment (808),2023,,,967
Massachusetts,Total,EQIP IRA,Soil Carbon Amendment (808),Total,,,968
Massachusetts,Total,EQIP IRA,Structures for Wildlife (649),2023,,,969
Massachusetts,Total,EQIP IRA,Structures for Wildlife (649),Total,,,970
Massachusetts,Total,EQIP IRA,Total,2023,200,"$1,204,792 ",971
Massachusetts,Total,EQIP IRA,Total,Total,200,"$1,204,792 ",972
Massachusetts,Total,EQIP IRA,Tree/Shrub Establishment (612),2023,4,"$17,014 ",973
Massachusetts,Total,EQIP IRA,Tree/Shrub Establishment (612),Total,4,"$17,014 ",974
Massachusetts,Total,EQIP IRA,Upland Wildlife Habitat Management (645),2023,,,975
Massachusetts,Total,EQIP IRA,Upland Wildlife Habitat Management (645),Total,,,976
Massachusetts,Total,EQIP IRA,Wildlife Habitat Planting (420),2023,9,"$7,801 ",977
Massachusetts,Total,EQIP IRA,Wildlife Habitat Planting (420),Total,9,"$7,801 ",978
Michigan,Total,EQIP IRA,Access Road (560),2023,,,979
Michigan,Total,EQIP IRA,Access Road (560),Total,,,980
Michigan,Total,EQIP IRA,Agrichemical Handling Facility (309),2023,,,981
Michigan,Total,EQIP IRA,Agrichemical Handling Facility (309),Total,,,982
Michigan,Total,EQIP IRA,Anaerobic Digester (366),2023,,,983
Michigan,Total,EQIP IRA,Anaerobic Digester (366),Total,,,984
Michigan,Total,EQIP IRA,Brush Management (314),2023,31,"$130,483 ",985
Michigan,Total,EQIP IRA,Brush Management (314),Total,31,"$130,483 ",986
Michigan,Total,EQIP IRA,Conservation Cover (327),2023,16,"$12,401 ",987
Michigan,Total,EQIP IRA,Conservation Cover (327),Total,16,"$12,401 ",988
Michigan,Total,EQIP IRA,Cover Crop (340),2023,28,"$579,506 ",989
Michigan,Total,EQIP IRA,Cover Crop (340),Total,28,"$579,506 ",990
Michigan,Total,EQIP IRA,Critical Area Planting (342),2023,,,991
Michigan,Total,EQIP IRA,Critical Area Planting (342),Total,,,992
Michigan,Total,EQIP IRA,Early Successional Habitat Development-Mgt (647),2023,,,993
Michigan,Total,EQIP IRA,Early Successional Habitat Development-Mgt (647),Total,,,994
Michigan,Total,EQIP IRA,Fence (382),2023,41,"$156,843 ",995
Michigan,Total,EQIP IRA,Fence (382),Total,41,"$156,843 ",996
Michigan,Total,EQIP IRA,Filter Strip (393),2023,,,997
Michigan,Total,EQIP IRA,Filter Strip (393),Total,,,998
Michigan,Total,EQIP IRA,Forest Stand Improvement (666),2023,30,"$90,350 ",999
Michigan,Total,EQIP IRA,Forest Stand Improvement (666),Total,30,"$90,350 ","1,000"
Michigan,Total,EQIP IRA,Heavy Use Area Protection (561),2023,18,"$107,371 ","1,001"
Michigan,Total,EQIP IRA,Heavy Use Area Protection (561),Total,18,"$107,371 ","1,002"
Michigan,Total,EQIP IRA,Herbaceous Weed Treatment (315),2023,11,"$2,992 ","1,003"
Michigan,Total,EQIP IRA,Herbaceous Weed Treatment (315),Total,11,"$2,992 ","1,004"
Michigan,Total,EQIP IRA,Livestock Pipeline (516),2023,23,"$55,863 ","1,005"
Michigan,Total,EQIP IRA,Livestock Pipeline (516),Total,23,"$55,863 ","1,006"
Michigan,Total,EQIP IRA,Mulching (484),2023,10,"$3,996 ","1,007"
Michigan,Total,EQIP IRA,Mulching (484),Total,10,"$3,996 ","1,008"
Michigan,Total,EQIP IRA,Nutrient Management (590),2023,16,"$128,560 ","1,009"
Michigan,Total,EQIP IRA,Nutrient Management (590),Total,16,"$128,560 ","1,010"
Michigan,Total,EQIP IRA,Pasture and Hay Planting (512),2023,15,"$27,153 ","1,011"
Michigan,Total,EQIP IRA,Pasture and Hay Planting (512),Total,15,"$27,153 ","1,012"
Michigan,Total,EQIP IRA,Prescribed Burning (338),2023,,,"1,013"
Michigan,Total,EQIP IRA,Prescribed Burning (338),Total,,,"1,014"
Michigan,Total,EQIP IRA,Prescribed Grazing (528),2023,60,"$37,073 ","1,015"
Michigan,Total,EQIP IRA,Prescribed Grazing (528),Total,60,"$37,073 ","1,016"
Michigan,Total,EQIP IRA,Pumping Plant (533),2023,,,"1,017"
Michigan,Total,EQIP IRA,Pumping Plant (533),Total,,,"1,018"
Michigan,Total,EQIP IRA,"Residue and Tillage Management, No Till (329)",2023,,,"1,019"
Michigan,Total,EQIP IRA,"Residue and Tillage Management, No Till (329)",Total,,,"1,020"
Michigan,Total,EQIP IRA,"Residue and Tillage Management, Reduced Till (345)",2023,5,"$12,655 ","1,021"
Michigan,Total,EQIP IRA,"Residue and Tillage Management, Reduced Till (345)",Total,5,"$12,655 ","1,022"
Michigan,Total,EQIP IRA,Roofs and Covers (367),2023,,,"1,023"
Michigan,Total,EQIP IRA,Roofs and Covers (367),Total,,,"1,024"
Michigan,Total,EQIP IRA,Total,2023,434,"$2,724,394 ","1,025"
Michigan,Total,EQIP IRA,Total,Total,434,"$2,724,394 ","1,026"
Michigan,Total,EQIP IRA,Tree/Shrub Establishment (612),2023,39,"$177,765 ","1,027"
Michigan,Total,EQIP IRA,Tree/Shrub Establishment (612),Total,39,"$177,765 ","1,028"
Michigan,Total,EQIP IRA,Tree/Shrub Site Preparation (490),2023,26,"$11,472 ","1,029"
Michigan,Total,EQIP IRA,Tree/Shrub Site Preparation (490),Total,26,"$11,472 ","1,030"
Michigan,Total,EQIP IRA,Upland Wildlife Habitat Management (645),2023,,,"1,031"
Michigan,Total,EQIP IRA,Upland Wildlife Habitat Management (645),Total,,,"1,032"
Michigan,Total,EQIP IRA,Waste Separation Facility (632),2023,,,"1,033"
Michigan,Total,EQIP IRA,Waste Separation Facility (632),Total,,,"1,034"
Michigan,Total,EQIP IRA,Waste Transfer (634),2023,,,"1,035"
Michigan,Total,EQIP IRA,Waste Transfer (634),Total,,,"1,036"
Michigan,Total,EQIP IRA,Water Well (642),2023,4,"$25,318 ","1,037"
Michigan,Total,EQIP IRA,Water Well (642),Total,4,"$25,318 ","1,038"
Michigan,Total,EQIP IRA,Watering Facility (614),2023,30,"$17,706 ","1,039"
Michigan,Total,EQIP IRA,Watering Facility (614),Total,30,"$17,706 ","1,040"
Michigan,Total,EQIP IRA,Wildlife Habitat Planting (420),2023,10,"$11,038 ","1,041"
Michigan,Total,EQIP IRA,Wildlife Habitat Planting (420),Total,10,"$11,038 ","1,042"
Michigan,Total,EQIP IRA,Windbreak/Shelterbelt Establishment and Renovation (380),2023,,,"1,043"
Michigan,Total,EQIP IRA,Windbreak/Shelterbelt Establishment and Renovation (380),Total,,,"1,044"
Minnesota,Total,EQIP IRA,Alley Cropping (311),2023,,,"1,045"
Minnesota,Total,EQIP IRA,Alley Cropping (311),Total,,,"1,046"
Minnesota,Total,EQIP IRA,Conservation Cover (327),2023,35,"$103,205 ","1,047"
Minnesota,Total,EQIP IRA,Conservation Cover (327),Total,35,"$103,205 ","1,048"
Minnesota,Total,EQIP IRA,Conservation Crop Rotation (328),2023,4,"$6,584 ","1,049"
Minnesota,Total,EQIP IRA,Conservation Crop Rotation (328),Total,4,"$6,584 ","1,050"
Minnesota,Total,EQIP IRA,Cover Crop (340),2023,124,"$1,144,809 ","1,051"
Minnesota,Total,EQIP IRA,Cover Crop (340),Total,124,"$1,144,809 ","1,052"
Minnesota,Total,EQIP IRA,Critical Area Planting (342),2023,,,"1,053"
Minnesota,Total,EQIP IRA,Critical Area Planting (342),Total,,,"1,054"
Minnesota,Total,EQIP IRA,Fence (382),2023,20,"$135,673 ","1,055"
Minnesota,Total,EQIP IRA,Fence (382),Total,20,"$135,673 ","1,056"
Minnesota,Total,EQIP IRA,Field Border (386),2023,5,"$1,954 ","1,057"
Minnesota,Total,EQIP IRA,Field Border (386),Total,5,"$1,954 ","1,058"
Minnesota,Total,EQIP IRA,Forage Harvest Management (511),2023,,,"1,059"
Minnesota,Total,EQIP IRA,Forage Harvest Management (511),Total,,,"1,060"
Minnesota,Total,EQIP IRA,Forest Stand Improvement (666),2023,6,"$11,092 ","1,061"
Minnesota,Total,EQIP IRA,Forest Stand Improvement (666),Total,6,"$11,092 ","1,062"
Minnesota,Total,EQIP IRA,Grassed Waterway (412),2023,11,"$51,328 ","1,063"
Minnesota,Total,EQIP IRA,Grassed Waterway (412),Total,11,"$51,328 ","1,064"
Minnesota,Total,EQIP IRA,Heavy Use Area Protection (561),2023,8,"$9,922 ","1,065"
Minnesota,Total,EQIP IRA,Heavy Use Area Protection (561),Total,8,"$9,922 ","1,066"
Minnesota,Total,EQIP IRA,Land Clearing (460),2023,,,"1,067"
Minnesota,Total,EQIP IRA,Land Clearing (460),Total,,,"1,068"
Minnesota,Total,EQIP IRA,Lined Waterway or Outlet (468),2023,,,"1,069"
Minnesota,Total,EQIP IRA,Lined Waterway or Outlet (468),Total,,,"1,070"
Minnesota,Total,EQIP IRA,Livestock Pipeline (516),2023,12,"$38,917 ","1,071"
Minnesota,Total,EQIP IRA,Livestock Pipeline (516),Total,12,"$38,917 ","1,072"
Minnesota,Total,EQIP IRA,Livestock Shelter Structure (576),2023,,,"1,073"
Minnesota,Total,EQIP IRA,Livestock Shelter Structure (576),Total,,,"1,074"
Minnesota,Total,EQIP IRA,Mulching (484),2023,17,"$6,528 ","1,075"
Minnesota,Total,EQIP IRA,Mulching (484),Total,17,"$6,528 ","1,076"
Minnesota,Total,EQIP IRA,Nutrient Management (590),2023,57,"$563,901 ","1,077"
Minnesota,Total,EQIP IRA,Nutrient Management (590),Total,57,"$563,901 ","1,078"
Minnesota,Total,EQIP IRA,Pasture and Hay Planting (512),2023,28,"$229,325 ","1,079"
Minnesota,Total,EQIP IRA,Pasture and Hay Planting (512),Total,28,"$229,325 ","1,080"
Minnesota,Total,EQIP IRA,Prescribed Grazing (528),2023,26,"$35,086 ","1,081"
Minnesota,Total,EQIP IRA,Prescribed Grazing (528),Total,26,"$35,086 ","1,082"
Minnesota,Total,EQIP IRA,Pumping Plant (533),2023,,,"1,083"
Minnesota,Total,EQIP IRA,Pumping Plant (533),Total,,,"1,084"
Minnesota,Total,EQIP IRA,"Residue and Tillage Management, No Till (329)",2023,59,"$399,795 ","1,085"
Minnesota,Total,EQIP IRA,"Residue and Tillage Management, No Till (329)",Total,59,"$399,795 ","1,086"
Minnesota,Total,EQIP IRA,"Residue and Tillage Management, Reduced Till (345)",2023,22,"$49,911 ","1,087"
Minnesota,Total,EQIP IRA,"Residue and Tillage Management, Reduced Till (345)",Total,22,"$49,911 ","1,088"
Minnesota,Total,EQIP IRA,Subsurface Drain (606),2023,,,"1,089"
Minnesota,Total,EQIP IRA,Subsurface Drain (606),Total,,,"1,090"
Minnesota,Total,EQIP IRA,Total,2023,509,"$2,973,396 ","1,091"
Minnesota,Total,EQIP IRA,Total,Total,509,"$2,973,396 ","1,092"
Minnesota,Total,EQIP IRA,Tree/Shrub Establishment (612),2023,11,"$13,943 ","1,093"
Minnesota,Total,EQIP IRA,Tree/Shrub Establishment (612),Total,11,"$13,943 ","1,094"
Minnesota,Total,EQIP IRA,Tree/Shrub Site Preparation (490),2023,8,$695 ,"1,095"
Minnesota,Total,EQIP IRA,Tree/Shrub Site Preparation (490),Total,8,$695 ,"1,096"
Minnesota,Total,EQIP IRA,Upland Wildlife Habitat Management (645),2023,10,"$43,962 ","1,097"
Minnesota,Total,EQIP IRA,Upland Wildlife Habitat Management (645),Total,10,"$43,962 ","1,098"
Minnesota,Total,EQIP IRA,Water Well (642),2023,,,"1,099"
Minnesota,Total,EQIP IRA,Water Well (642),Total,,,"1,100"
Minnesota,Total,EQIP IRA,Watering Facility (614),2023,13,"$12,258 ","1,101"
Minnesota,Total,EQIP IRA,Watering Facility (614),Total,13,"$12,258 ","1,102"
Minnesota,Total,EQIP IRA,Wildlife Habitat Planting (420),2023,5,"$31,026 ","1,103"
Minnesota,Total,EQIP IRA,Wildlife Habitat Planting (420),Total,5,"$31,026 ","1,104"
Minnesota,Total,EQIP IRA,Windbreak/Shelterbelt Establishment and Renovation (380),2023,15,"$12,972 ","1,105"
Minnesota,Total,EQIP IRA,Windbreak/Shelterbelt Establishment and Renovation (380),Total,15,"$12,972 ","1,106"
Mississippi,Total,EQIP IRA,Conservation Cover (327),2023,,,"1,107"
Mississippi,Total,EQIP IRA,Conservation Cover (327),Total,,,"1,108"
Mississippi,Total,EQIP IRA,Conservation Crop Rotation (328),2023,160,"$277,157 ","1,109"
Mississippi,Total,EQIP IRA,Conservation Crop Rotation (328),Total,160,"$277,157 ","1,110"
Mississippi,Total,EQIP IRA,Cover Crop (340),2023,168,"$2,439,255 ","1,111"
Mississippi,Total,EQIP IRA,Cover Crop (340),Total,168,"$2,439,255 ","1,112"
Mississippi,Total,EQIP IRA,Critical Area Planting (342),2023,,,"1,113"
Mississippi,Total,EQIP IRA,Critical Area Planting (342),Total,,,"1,114"
Mississippi,Total,EQIP IRA,Fence (382),2023,88,"$510,198 ","1,115"
Mississippi,Total,EQIP IRA,Fence (382),Total,88,"$510,198 ","1,116"
Mississippi,Total,EQIP IRA,Heavy Use Area Protection (561),2023,102,"$276,529 ","1,117"
Mississippi,Total,EQIP IRA,Heavy Use Area Protection (561),Total,102,"$276,529 ","1,118"
Mississippi,Total,EQIP IRA,Herbaceous Weed Treatment (315),2023,5,"$3,032 ","1,119"
Mississippi,Total,EQIP IRA,Herbaceous Weed Treatment (315),Total,5,"$3,032 ","1,120"
Mississippi,Total,EQIP IRA,Irrigation Water Management (449),2023,,,"1,121"
Mississippi,Total,EQIP IRA,Irrigation Water Management (449),Total,,,"1,122"
Mississippi,Total,EQIP IRA,Livestock Pipeline (516),2023,68,"$103,759 ","1,123"
Mississippi,Total,EQIP IRA,Livestock Pipeline (516),Total,68,"$103,759 ","1,124"
Mississippi,Total,EQIP IRA,Mulching (484),2023,,,"1,125"
Mississippi,Total,EQIP IRA,Mulching (484),Total,,,"1,126"
Mississippi,Total,EQIP IRA,Pasture and Hay Planting (512),2023,86,"$525,280 ","1,127"
Mississippi,Total,EQIP IRA,Pasture and Hay Planting (512),Total,86,"$525,280 ","1,128"
Mississippi,Total,EQIP IRA,Prescribed Grazing (528),2023,84,"$198,001 ","1,129"
Mississippi,Total,EQIP IRA,Prescribed Grazing (528),Total,84,"$198,001 ","1,130"
Mississippi,Total,EQIP IRA,Pumping Plant (533),2023,12,"$55,124 ","1,131"
Mississippi,Total,EQIP IRA,Pumping Plant (533),Total,12,"$55,124 ","1,132"
Mississippi,Total,EQIP IRA,"Residue and Tillage Management, No Till (329)",2023,37,"$94,836 ","1,133"
Mississippi,Total,EQIP IRA,"Residue and Tillage Management, No Till (329)",Total,37,"$94,836 ","1,134"
Mississippi,Total,EQIP IRA,"Residue and Tillage Management, Reduced Till (345)",2023,141,"$581,476 ","1,135"
Mississippi,Total,EQIP IRA,"Residue and Tillage Management, Reduced Till (345)",Total,141,"$581,476 ","1,136"
Mississippi,Total,EQIP IRA,Total,2023,"1,053","$5,290,979 ","1,137"
Mississippi,Total,EQIP IRA,Total,Total,"1,053","$5,290,979 ","1,138"
Mississippi,Total,EQIP IRA,Tree/Shrub Establishment (612),2023,4,"$14,920 ","1,139"
Mississippi,Total,EQIP IRA,Tree/Shrub Establishment (612),Total,4,"$14,920 ","1,140"
Mississippi,Total,EQIP IRA,Tree/Shrub Site Preparation (490),2023,4,"$3,546 ","1,141"
Mississippi,Total,EQIP IRA,Tree/Shrub Site Preparation (490),Total,4,"$3,546 ","1,142"
Mississippi,Total,EQIP IRA,Water Well (642),2023,12,"$96,018 ","1,143"
Mississippi,Total,EQIP IRA,Water Well (642),Total,12,"$96,018 ","1,144"
Mississippi,Total,EQIP IRA,Watering Facility (614),2023,76,"$89,764 ","1,145"
Mississippi,Total,EQIP IRA,Watering Facility (614),Total,76,"$89,764 ","1,146"
Missouri,Total,EQIP IRA,Cover Crop (340),2023,504,"$3,144,668 ","1,147"
Missouri,Total,EQIP IRA,Cover Crop (340),Total,504,"$3,144,668 ","1,148"
Missouri,Total,EQIP IRA,Nutrient Management (590),2023,,,"1,150"
Missouri,Total,EQIP IRA,Nutrient Management (590),2023,19,"$1,425,209 ","1,149"
Missouri,Total,EQIP IRA,Nutrient Management (590),Total,,,"1,152"
Missouri,Total,EQIP IRA,Nutrient Management (590),Total,19,"$1,425,209 ","1,151"
Missouri,Total,EQIP IRA,"Residue and Tillage Management, No Till (329)",2023,,,"1,154"
Missouri,Total,EQIP IRA,"Residue and Tillage Management, No Till (329)",2023,9,"$4,751 ","1,153"
Missouri,Total,EQIP IRA,"Residue and Tillage Management, No Till (329)",Total,,,"1,156"
Missouri,Total,EQIP IRA,"Residue and Tillage Management, No Till (329)",Total,9,"$4,751 ","1,155"
Missouri,Total,EQIP IRA,Total,2023,532,"$4,574,628 ","1,157"
Missouri,Total,EQIP IRA,Total,Total,532,"$4,574,628 ","1,158"
Montana,Total,EQIP IRA,Aquifer Flow Test (224),2023,6,"$8,524 ","1,159"
Montana,Total,EQIP IRA,Aquifer Flow Test (224),Total,6,"$8,524 ","1,160"
Montana,Total,EQIP IRA,Conservation Crop Rotation (328),2023,27,"$171,783 ","1,161"
Montana,Total,EQIP IRA,Conservation Crop Rotation (328),Total,27,"$171,783 ","1,162"
Montana,Total,EQIP IRA,Conservation Harvest Management (809),2023,30,"$660,509 ","1,163"
Montana,Total,EQIP IRA,Conservation Harvest Management (809),Total,30,"$660,509 ","1,164"
Montana,Total,EQIP IRA,Cover Crop (340),2023,50,"$281,247 ","1,165"
Montana,Total,EQIP IRA,Cover Crop (340),Total,50,"$281,247 ","1,166"
Montana,Total,EQIP IRA,Fence (382),2023,18,"$296,186 ","1,167"
Montana,Total,EQIP IRA,Fence (382),Total,18,"$296,186 ","1,168"
Montana,Total,EQIP IRA,Forest Stand Improvement (666),2023,30,"$332,655 ","1,169"
Montana,Total,EQIP IRA,Forest Stand Improvement (666),Total,30,"$332,655 ","1,170"
Montana,Total,EQIP IRA,Forest Trails and Landings (655),2023,,,"1,171"
Montana,Total,EQIP IRA,Forest Trails and Landings (655),Total,,,"1,172"
Montana,Total,EQIP IRA,Herbaceous Weed Treatment (315),2023,10,"$86,407 ","1,173"
Montana,Total,EQIP IRA,Herbaceous Weed Treatment (315),Total,10,"$86,407 ","1,174"
Montana,Total,EQIP IRA,Livestock Pipeline (516),2023,21,"$147,113 ","1,175"
Montana,Total,EQIP IRA,Livestock Pipeline (516),Total,21,"$147,113 ","1,176"
Montana,Total,EQIP IRA,Obstruction Removal (500),2023,,,"1,177"
Montana,Total,EQIP IRA,Obstruction Removal (500),Total,,,"1,178"
Montana,Total,EQIP IRA,Pasture and Hay Planting (512),2023,4,"$51,577 ","1,179"
Montana,Total,EQIP IRA,Pasture and Hay Planting (512),Total,4,"$51,577 ","1,180"
Montana,Total,EQIP IRA,Prescribed Grazing (528),2023,26,"$151,520 ","1,181"
Montana,Total,EQIP IRA,Prescribed Grazing (528),Total,26,"$151,520 ","1,182"
Montana,Total,EQIP IRA,Pumping Plant (533),2023,4,"$26,214 ","1,183"
Montana,Total,EQIP IRA,Pumping Plant (533),Total,4,"$26,214 ","1,184"
Montana,Total,EQIP IRA,"Residue and Tillage Management, No Till (329)",2023,12,"$137,283 ","1,185"
Montana,Total,EQIP IRA,"Residue and Tillage Management, No Till (329)",Total,12,"$137,283 ","1,186"
Montana,Total,EQIP IRA,Silvopasture (381),2023,,,"1,187"
Montana,Total,EQIP IRA,Silvopasture (381),Total,,,"1,188"
Montana,Total,EQIP IRA,Soil Health Testing (216),2023,20,"$16,515 ","1,189"
Montana,Total,EQIP IRA,Soil Health Testing (216),Total,20,"$16,515 ","1,190"
Montana,Total,EQIP IRA,Total,2023,324,"$2,818,274 ","1,191"
Montana,Total,EQIP IRA,Total,Total,324,"$2,818,274 ","1,192"
Montana,Total,EQIP IRA,Tree-Shrub Pruning (660),2023,,,"1,193"
Montana,Total,EQIP IRA,Tree-Shrub Pruning (660),Total,,,"1,194"
Montana,Total,EQIP IRA,Tree/Shrub Establishment (612),2023,,,"1,195"
Montana,Total,EQIP IRA,Tree/Shrub Establishment (612),Total,,,"1,196"
Montana,Total,EQIP IRA,Upland Wildlife Habitat Management (645),2023,,,"1,197"
Montana,Total,EQIP IRA,Upland Wildlife Habitat Management (645),Total,,,"1,198"
Montana,Total,EQIP IRA,Water Well (642),2023,4,"$91,440 ","1,199"
Montana,Total,EQIP IRA,Water Well (642),Total,4,"$91,440 ","1,200"
Montana,Total,EQIP IRA,Watering Facility (614),2023,31,"$145,581 ","1,201"
Montana,Total,EQIP IRA,Watering Facility (614),Total,31,"$145,581 ","1,202"
Montana,Total,EQIP IRA,Woody Residue Treatment (384),2023,22,"$169,502 ","1,203"
Montana,Total,EQIP IRA,Woody Residue Treatment (384),Total,22,"$169,502 ","1,204"
Nebraska,Total,EQIP IRA,Access Control (472),2023,,,"1,205"
Nebraska,Total,EQIP IRA,Access Control (472),Total,,,"1,206"
Nebraska,Total,EQIP IRA,Brush Management (314),2023,10,"$43,319 ","1,207"
Nebraska,Total,EQIP IRA,Brush Management (314),Total,10,"$43,319 ","1,208"
Nebraska,Total,EQIP IRA,Conservation Cover (327),2023,14,"$77,286 ","1,209"
Nebraska,Total,EQIP IRA,Conservation Cover (327),Total,14,"$77,286 ","1,210"
Nebraska,Total,EQIP IRA,Conservation Crop Rotation (328),2023,15,"$56,979 ","1,211"
Nebraska,Total,EQIP IRA,Conservation Crop Rotation (328),Total,15,"$56,979 ","1,212"
Nebraska,Total,EQIP IRA,Cover Crop (340),2023,82,"$361,760 ","1,213"
Nebraska,Total,EQIP IRA,Cover Crop (340),Total,82,"$361,760 ","1,214"
Nebraska,Total,EQIP IRA,Critical Area Planting (342),2023,,,"1,215"
Nebraska,Total,EQIP IRA,Critical Area Planting (342),Total,,,"1,216"
Nebraska,Total,EQIP IRA,Fence (382),2023,69,"$311,170 ","1,217"
Nebraska,Total,EQIP IRA,Fence (382),Total,69,"$311,170 ","1,218"
Nebraska,Total,EQIP IRA,Grassed Waterway (412),2023,,,"1,219"
Nebraska,Total,EQIP IRA,Grassed Waterway (412),Total,,,"1,220"
Nebraska,Total,EQIP IRA,Heavy Use Area Protection (561),2023,8,"$23,001 ","1,221"
Nebraska,Total,EQIP IRA,Heavy Use Area Protection (561),Total,8,"$23,001 ","1,222"
Nebraska,Total,EQIP IRA,Herbaceous Weed Treatment (315),2023,12,"$12,017 ","1,223"
Nebraska,Total,EQIP IRA,Herbaceous Weed Treatment (315),Total,12,"$12,017 ","1,224"
Nebraska,Total,EQIP IRA,"Irrigation System, Microirrigation (441)",2023,,,"1,225"
Nebraska,Total,EQIP IRA,"Irrigation System, Microirrigation (441)",Total,,,"1,226"
Nebraska,Total,EQIP IRA,Livestock Pipeline (516),2023,17,"$106,775 ","1,227"
Nebraska,Total,EQIP IRA,Livestock Pipeline (516),Total,17,"$106,775 ","1,228"
Nebraska,Total,EQIP IRA,Mulching (484),2023,53,"$140,258 ","1,229"
Nebraska,Total,EQIP IRA,Mulching (484),Total,53,"$140,258 ","1,230"
Nebraska,Total,EQIP IRA,Nutrient Management (590),2023,30,"$207,256 ","1,231"
Nebraska,Total,EQIP IRA,Nutrient Management (590),Total,30,"$207,256 ","1,232"
Nebraska,Total,EQIP IRA,Pasture and Hay Planting (512),2023,12,"$166,861 ","1,233"
Nebraska,Total,EQIP IRA,Pasture and Hay Planting (512),Total,12,"$166,861 ","1,234"
Nebraska,Total,EQIP IRA,Prescribed Burning (338),2023,,,"1,235"
Nebraska,Total,EQIP IRA,Prescribed Burning (338),Total,,,"1,236"
Nebraska,Total,EQIP IRA,Prescribed Grazing (528),2023,114,"$289,109 ","1,237"
Nebraska,Total,EQIP IRA,Prescribed Grazing (528),Total,114,"$289,109 ","1,238"
Nebraska,Total,EQIP IRA,Pumping Plant (533),2023,27,"$178,770 ","1,239"
Nebraska,Total,EQIP IRA,Pumping Plant (533),Total,27,"$178,770 ","1,240"
Nebraska,Total,EQIP IRA,Range Planting (550),2023,4,"$14,952 ","1,241"
Nebraska,Total,EQIP IRA,Range Planting (550),Total,4,"$14,952 ","1,242"
Nebraska,Total,EQIP IRA,"Residue and Tillage Management, No Till (329)",2023,15,"$40,719 ","1,243"
Nebraska,Total,EQIP IRA,"Residue and Tillage Management, No Till (329)",Total,15,"$40,719 ","1,244"
Nebraska,Total,EQIP IRA,Total,2023,654,"$2,452,949 ","1,245"
Nebraska,Total,EQIP IRA,Total,Total,654,"$2,452,949 ","1,246"
Nebraska,Total,EQIP IRA,Tree/Shrub Establishment (612),2023,15,"$44,532 ","1,247"
Nebraska,Total,EQIP IRA,Tree/Shrub Establishment (612),Total,15,"$44,532 ","1,248"
Nebraska,Total,EQIP IRA,Tree/Shrub Site Preparation (490),2023,16,"$5,757 ","1,249"
Nebraska,Total,EQIP IRA,Tree/Shrub Site Preparation (490),Total,16,"$5,757 ","1,250"
Nebraska,Total,EQIP IRA,Upland Wildlife Habitat Management (645),2023,8,"$48,894 ","1,251"
Nebraska,Total,EQIP IRA,Upland Wildlife Habitat Management (645),Total,8,"$48,894 ","1,252"
Nebraska,Total,EQIP IRA,Water Well (642),2023,25,"$108,917 ","1,253"
Nebraska,Total,EQIP IRA,Water Well (642),Total,25,"$108,917 ","1,254"
Nebraska,Total,EQIP IRA,Watering Facility (614),2023,41,"$114,263 ","1,255"
Nebraska,Total,EQIP IRA,Watering Facility (614),Total,41,"$114,263 ","1,256"
Nebraska,Total,EQIP IRA,Wildlife Habitat Planting (420),2023,,,"1,257"
Nebraska,Total,EQIP IRA,Wildlife Habitat Planting (420),Total,,,"1,258"
Nebraska,Total,EQIP IRA,Windbreak/Shelterbelt Establishment and Renovation (380),2023,58,"$67,470 ","1,259"
Nebraska,Total,EQIP IRA,Windbreak/Shelterbelt Establishment and Renovation (380),Total,58,"$67,470 ","1,260"
Nebraska,Total,EQIP IRA,Windbreak/Shelterbelt Renovation (650),2023,,,"1,261"
Nebraska,Total,EQIP IRA,Windbreak/Shelterbelt Renovation (650),Total,,,"1,262"
Nevada,Total,EQIP IRA,Cover Crop (340),2023,,,"1,263"
Nevada,Total,EQIP IRA,Cover Crop (340),Total,,,"1,264"
Nevada,Total,EQIP IRA,Fence (382),2023,6,"$36,595 ","1,265"
Nevada,Total,EQIP IRA,Fence (382),Total,6,"$36,595 ","1,266"
Nevada,Total,EQIP IRA,Herbaceous Weed Treatment (315),2023,13,"$23,071 ","1,267"
Nevada,Total,EQIP IRA,Herbaceous Weed Treatment (315),Total,13,"$23,071 ","1,268"
Nevada,Total,EQIP IRA,Livestock Pipeline (516),2023,8,"$59,184 ","1,269"
Nevada,Total,EQIP IRA,Livestock Pipeline (516),Total,8,"$59,184 ","1,270"
Nevada,Total,EQIP IRA,Prescribed Grazing (528),2023,5,"$1,777 ","1,271"
Nevada,Total,EQIP IRA,Prescribed Grazing (528),Total,5,"$1,777 ","1,272"
Nevada,Total,EQIP IRA,Pumping Plant (533),2023,,,"1,273"
Nevada,Total,EQIP IRA,Pumping Plant (533),Total,,,"1,274"
Nevada,Total,EQIP IRA,Restoration of Rare or Declining Natural Communities (643),2023,12,"$251,237 ","1,275"
Nevada,Total,EQIP IRA,Restoration of Rare or Declining Natural Communities (643),Total,12,"$251,237 ","1,276"
Nevada,Total,EQIP IRA,Total,2023,71,"$585,929 ","1,277"
Nevada,Total,EQIP IRA,Total,Total,71,"$585,929 ","1,278"
Nevada,Total,EQIP IRA,Upland Wildlife Habitat Management (645),2023,15,"$103,551 ","1,279"
Nevada,Total,EQIP IRA,Upland Wildlife Habitat Management (645),Total,15,"$103,551 ","1,280"
Nevada,Total,EQIP IRA,Water Well (642),2023,,,"1,281"
Nevada,Total,EQIP IRA,Water Well (642),Total,,,"1,282"
Nevada,Total,EQIP IRA,Watering Facility (614),2023,8,"$44,249 ","1,283"
Nevada,Total,EQIP IRA,Watering Facility (614),Total,8,"$44,249 ","1,284"
New Hampshire,Total,EQIP IRA,Access Control (472),2023,,,"1,285"
New Hampshire,Total,EQIP IRA,Access Control (472),Total,,,"1,286"
New Hampshire,Total,EQIP IRA,Access Road (560),2023,,,"1,287"
New Hampshire,Total,EQIP IRA,Access Road (560),Total,,,"1,288"
New Hampshire,Total,EQIP IRA,Brush Management (314),2023,17,"$82,790 ","1,289"
New Hampshire,Total,EQIP IRA,Brush Management (314),Total,17,"$82,790 ","1,290"
New Hampshire,Total,EQIP IRA,Combustion System Improvement (372),2023,,,"1,291"
New Hampshire,Total,EQIP IRA,Combustion System Improvement (372),Total,,,"1,292"
New Hampshire,Total,EQIP IRA,Conservation Crop Rotation (328),2023,11,"$7,035 ","1,293"
New Hampshire,Total,EQIP IRA,Conservation Crop Rotation (328),Total,11,"$7,035 ","1,294"
New Hampshire,Total,EQIP IRA,Cover Crop (340),2023,11,"$58,501 ","1,295"
New Hampshire,Total,EQIP IRA,Cover Crop (340),Total,11,"$58,501 ","1,296"
New Hampshire,Total,EQIP IRA,Critical Area Planting (342),2023,4,"$3,104 ","1,297"
New Hampshire,Total,EQIP IRA,Critical Area Planting (342),Total,4,"$3,104 ","1,298"
New Hampshire,Total,EQIP IRA,Fence (382),2023,5,"$8,501 ","1,299"
New Hampshire,Total,EQIP IRA,Fence (382),Total,5,"$8,501 ","1,300"
New Hampshire,Total,EQIP IRA,Forest Stand Improvement (666),2023,23,"$165,224 ","1,301"
New Hampshire,Total,EQIP IRA,Forest Stand Improvement (666),Total,23,"$165,224 ","1,302"
New Hampshire,Total,EQIP IRA,Forest Trails and Landings (655),2023,17,"$68,666 ","1,303"
New Hampshire,Total,EQIP IRA,Forest Trails and Landings (655),Total,17,"$68,666 ","1,304"
New Hampshire,Total,EQIP IRA,Mulching (484),2023,6,"$43,285 ","1,305"
New Hampshire,Total,EQIP IRA,Mulching (484),Total,6,"$43,285 ","1,306"
New Hampshire,Total,EQIP IRA,Nutrient Management (590),2023,4,"$31,837 ","1,307"
New Hampshire,Total,EQIP IRA,Nutrient Management (590),Total,4,"$31,837 ","1,308"
New Hampshire,Total,EQIP IRA,Pasture and Hay Planting (512),2023,7,"$95,483 ","1,309"
New Hampshire,Total,EQIP IRA,Pasture and Hay Planting (512),Total,7,"$95,483 ","1,310"
New Hampshire,Total,EQIP IRA,Prescribed Grazing (528),2023,,,"1,311"
New Hampshire,Total,EQIP IRA,Prescribed Grazing (528),Total,,,"1,312"
New Hampshire,Total,EQIP IRA,"Residue and Tillage Management, No Till (329)",2023,,,"1,313"
New Hampshire,Total,EQIP IRA,"Residue and Tillage Management, No Till (329)",Total,,,"1,314"
New Hampshire,Total,EQIP IRA,Total,2023,115,"$650,458 ","1,315"
New Hampshire,Total,EQIP IRA,Total,Total,115,"$650,458 ","1,316"
New Hampshire,Total,EQIP IRA,Tree/Shrub Establishment (612),2023,,,"1,317"
New Hampshire,Total,EQIP IRA,Tree/Shrub Establishment (612),Total,,,"1,318"
New Jersey,Total,EQIP IRA,Brush Management (314),2023,8,"$3,448 ","1,319"
New Jersey,Total,EQIP IRA,Brush Management (314),Total,8,"$3,448 ","1,320"
New Jersey,Total,EQIP IRA,Combustion System Improvement (372),2023,,,"1,321"
New Jersey,Total,EQIP IRA,Combustion System Improvement (372),Total,,,"1,322"
New Jersey,Total,EQIP IRA,Conservation Cover (327),2023,,,"1,323"
New Jersey,Total,EQIP IRA,Conservation Cover (327),Total,,,"1,324"
New Jersey,Total,EQIP IRA,Cover Crop (340),2023,79,"$653,835 ","1,325"
New Jersey,Total,EQIP IRA,Cover Crop (340),Total,79,"$653,835 ","1,326"
New Jersey,Total,EQIP IRA,Early Successional Habitat Development-Mgt (647),2023,4,$470 ,"1,327"
New Jersey,Total,EQIP IRA,Early Successional Habitat Development-Mgt (647),Total,4,$470 ,"1,328"
New Jersey,Total,EQIP IRA,Energy Efficient Lighting System (670),2023,,,"1,329"
New Jersey,Total,EQIP IRA,Energy Efficient Lighting System (670),Total,,,"1,330"
New Jersey,Total,EQIP IRA,Fence (382),2023,18,"$144,536 ","1,331"
New Jersey,Total,EQIP IRA,Fence (382),Total,18,"$144,536 ","1,332"
New Jersey,Total,EQIP IRA,Forest Stand Improvement (666),2023,6,"$4,437 ","1,333"
New Jersey,Total,EQIP IRA,Forest Stand Improvement (666),Total,6,"$4,437 ","1,334"
New Jersey,Total,EQIP IRA,Herbaceous Weed Treatment (315),2023,10,"$2,255 ","1,335"
New Jersey,Total,EQIP IRA,Herbaceous Weed Treatment (315),Total,10,"$2,255 ","1,336"
New Jersey,Total,EQIP IRA,Livestock Pipeline (516),2023,5,"$8,528 ","1,337"
New Jersey,Total,EQIP IRA,Livestock Pipeline (516),Total,5,"$8,528 ","1,338"
New Jersey,Total,EQIP IRA,Pasture and Hay Planting (512),2023,11,"$26,567 ","1,339"
New Jersey,Total,EQIP IRA,Pasture and Hay Planting (512),Total,11,"$26,567 ","1,340"
New Jersey,Total,EQIP IRA,Prescribed Grazing (528),2023,8,"$5,484 ","1,341"
New Jersey,Total,EQIP IRA,Prescribed Grazing (528),Total,8,"$5,484 ","1,342"
New Jersey,Total,EQIP IRA,"Residue and Tillage Management, No Till (329)",2023,12,"$136,965 ","1,343"
New Jersey,Total,EQIP IRA,"Residue and Tillage Management, No Till (329)",Total,12,"$136,965 ","1,344"
New Jersey,Total,EQIP IRA,"Residue and Tillage Management, Reduced Till (345)",2023,18,"$123,882 ","1,345"
New Jersey,Total,EQIP IRA,"Residue and Tillage Management, Reduced Till (345)",Total,18,"$123,882 ","1,346"
New Jersey,Total,EQIP IRA,Riparian Herbaceous Cover (390),2023,,,"1,347"
New Jersey,Total,EQIP IRA,Riparian Herbaceous Cover (390),Total,,,"1,348"
New Jersey,Total,EQIP IRA,Silvopasture (381),2023,,,"1,349"
New Jersey,Total,EQIP IRA,Silvopasture (381),Total,,,"1,350"
New Jersey,Total,EQIP IRA,Total,2023,221,"$1,243,634 ","1,351"
New Jersey,Total,EQIP IRA,Total,Total,221,"$1,243,634 ","1,352"
New Jersey,Total,EQIP IRA,Tree-Shrub Pruning (660),2023,,,"1,353"
New Jersey,Total,EQIP IRA,Tree-Shrub Pruning (660),Total,,,"1,354"
New Jersey,Total,EQIP IRA,Tree/Shrub Establishment (612),2023,5,"$15,080 ","1,355"
New Jersey,Total,EQIP IRA,Tree/Shrub Establishment (612),Total,5,"$15,080 ","1,356"
New Jersey,Total,EQIP IRA,Tree/Shrub Site Preparation (490),2023,,,"1,357"
New Jersey,Total,EQIP IRA,Tree/Shrub Site Preparation (490),Total,,,"1,358"
New Jersey,Total,EQIP IRA,Upland Wildlife Habitat Management (645),2023,10,"$13,219 ","1,359"
New Jersey,Total,EQIP IRA,Upland Wildlife Habitat Management (645),Total,10,"$13,219 ","1,360"
New Jersey,Total,EQIP IRA,Watering Facility (614),2023,4,"$2,113 ","1,361"
New Jersey,Total,EQIP IRA,Watering Facility (614),Total,4,"$2,113 ","1,362"
New Jersey,Total,EQIP IRA,Wildlife Habitat Planting (420),2023,10,"$73,957 ","1,363"
New Jersey,Total,EQIP IRA,Wildlife Habitat Planting (420),Total,10,"$73,957 ","1,364"
New Jersey,Total,EQIP IRA,Windbreak/Shelterbelt Establishment and Renovation (380),2023,,,"1,365"
New Jersey,Total,EQIP IRA,Windbreak/Shelterbelt Establishment and Renovation (380),Total,,,"1,366"
New Jersey,Total,EQIP IRA,Woody Residue Treatment (384),2023,,,"1,367"
New Jersey,Total,EQIP IRA,Woody Residue Treatment (384),Total,,,"1,368"
New Mexico,Total,EQIP IRA,Brush Management (314),2023,25,"$302,161 ","1,369"
New Mexico,Total,EQIP IRA,Brush Management (314),Total,25,"$302,161 ","1,370"
New Mexico,Total,EQIP IRA,Conservation Crop Rotation (328),2023,23,"$28,541 ","1,371"
New Mexico,Total,EQIP IRA,Conservation Crop Rotation (328),Total,23,"$28,541 ","1,372"
New Mexico,Total,EQIP IRA,Cover Crop (340),2023,56,"$422,186 ","1,373"
New Mexico,Total,EQIP IRA,Cover Crop (340),Total,56,"$422,186 ","1,374"
New Mexico,Total,EQIP IRA,Diversion (362),2023,,,"1,375"
New Mexico,Total,EQIP IRA,Diversion (362),Total,,,"1,376"
New Mexico,Total,EQIP IRA,Fence (382),2023,12,"$214,734 ","1,377"
New Mexico,Total,EQIP IRA,Fence (382),Total,12,"$214,734 ","1,378"
New Mexico,Total,EQIP IRA,Forage Harvest Management (511),2023,,,"1,379"
New Mexico,Total,EQIP IRA,Forage Harvest Management (511),Total,,,"1,380"
New Mexico,Total,EQIP IRA,Forest Stand Improvement (666),2023,90,"$1,083,960 ","1,381"
New Mexico,Total,EQIP IRA,Forest Stand Improvement (666),Total,90,"$1,083,960 ","1,382"
New Mexico,Total,EQIP IRA,Grade Stabilization Structure (410),2023,6,"$47,080 ","1,383"
New Mexico,Total,EQIP IRA,Grade Stabilization Structure (410),Total,6,"$47,080 ","1,384"
New Mexico,Total,EQIP IRA,Hedgerow Planting (422),2023,6,"$20,090 ","1,385"
New Mexico,Total,EQIP IRA,Hedgerow Planting (422),Total,6,"$20,090 ","1,386"
New Mexico,Total,EQIP IRA,Herbaceous Wind Barriers (603),2023,,,"1,387"
New Mexico,Total,EQIP IRA,Herbaceous Wind Barriers (603),Total,,,"1,388"
New Mexico,Total,EQIP IRA,High Tunnel System (325),2023,16,"$150,853 ","1,389"
New Mexico,Total,EQIP IRA,High Tunnel System (325),Total,16,"$150,853 ","1,390"
New Mexico,Total,EQIP IRA,Irrigation Ditch Lining (428),2023,,,"1,391"
New Mexico,Total,EQIP IRA,Irrigation Ditch Lining (428),Total,,,"1,392"
New Mexico,Total,EQIP IRA,Irrigation Land Leveling (464),2023,6,"$61,931 ","1,393"
New Mexico,Total,EQIP IRA,Irrigation Land Leveling (464),Total,6,"$61,931 ","1,394"
New Mexico,Total,EQIP IRA,Irrigation Pipeline (430),2023,17,"$319,979 ","1,395"
New Mexico,Total,EQIP IRA,Irrigation Pipeline (430),Total,17,"$319,979 ","1,396"
New Mexico,Total,EQIP IRA,Irrigation Reservoir (436),2023,,,"1,397"
New Mexico,Total,EQIP IRA,Irrigation Reservoir (436),Total,,,"1,398"
New Mexico,Total,EQIP IRA,"Irrigation System, Microirrigation (441)",2023,8,"$119,487 ","1,399"
New Mexico,Total,EQIP IRA,"Irrigation System, Microirrigation (441)",Total,8,"$119,487 ","1,400"
New Mexico,Total,EQIP IRA,"Irrigation System, Surface and Subsurface (443)",2023,,,"1,401"
New Mexico,Total,EQIP IRA,"Irrigation System, Surface and Subsurface (443)",Total,,,"1,402"
New Mexico,Total,EQIP IRA,Irrigation Water Management (449),2023,,,"1,403"
New Mexico,Total,EQIP IRA,Irrigation Water Management (449),Total,,,"1,404"
New Mexico,Total,EQIP IRA,Livestock Pipeline (516),2023,19,"$182,511 ","1,405"
New Mexico,Total,EQIP IRA,Livestock Pipeline (516),Total,19,"$182,511 ","1,406"
New Mexico,Total,EQIP IRA,Mulching (484),2023,7,"$2,235 ","1,407"
New Mexico,Total,EQIP IRA,Mulching (484),Total,7,"$2,235 ","1,408"
New Mexico,Total,EQIP IRA,Nutrient Management (590),2023,22,"$4,533 ","1,409"
New Mexico,Total,EQIP IRA,Nutrient Management (590),Total,22,"$4,533 ","1,410"
New Mexico,Total,EQIP IRA,Pasture and Hay Planting (512),2023,15,"$381,468 ","1,411"
New Mexico,Total,EQIP IRA,Pasture and Hay Planting (512),Total,15,"$381,468 ","1,412"
New Mexico,Total,EQIP IRA,Pest Management Conservation System (595),2023,,,"1,413"
New Mexico,Total,EQIP IRA,Pest Management Conservation System (595),Total,,,"1,414"
New Mexico,Total,EQIP IRA,Prescribed Grazing (528),2023,24,"$88,021 ","1,415"
New Mexico,Total,EQIP IRA,Prescribed Grazing (528),Total,24,"$88,021 ","1,416"
New Mexico,Total,EQIP IRA,Pumping Plant (533),2023,12,"$96,609 ","1,417"
New Mexico,Total,EQIP IRA,Pumping Plant (533),Total,12,"$96,609 ","1,418"
New Mexico,Total,EQIP IRA,Range Planting (550),2023,11,"$88,862 ","1,419"
New Mexico,Total,EQIP IRA,Range Planting (550),Total,11,"$88,862 ","1,420"
New Mexico,Total,EQIP IRA,"Residue and Tillage Management, Reduced Till (345)",2023,12,"$1,044 ","1,421"
New Mexico,Total,EQIP IRA,"Residue and Tillage Management, Reduced Till (345)",Total,12,"$1,044 ","1,422"
New Mexico,Total,EQIP IRA,Roof Runoff Structure (558),2023,,,"1,423"
New Mexico,Total,EQIP IRA,Roof Runoff Structure (558),Total,,,"1,424"
New Mexico,Total,EQIP IRA,Silvopasture (381),2023,,,"1,425"
New Mexico,Total,EQIP IRA,Silvopasture (381),Total,,,"1,426"
New Mexico,Total,EQIP IRA,Sprinkler System (442),2023,11,"$570,285 ","1,427"
New Mexico,Total,EQIP IRA,Sprinkler System (442),Total,11,"$570,285 ","1,428"
New Mexico,Total,EQIP IRA,Structure for Water Control (587),2023,22,"$91,165 ","1,429"
New Mexico,Total,EQIP IRA,Structure for Water Control (587),Total,22,"$91,165 ","1,430"
New Mexico,Total,EQIP IRA,Structures for Wildlife (649),2023,,,"1,431"
New Mexico,Total,EQIP IRA,Structures for Wildlife (649),Total,,,"1,432"
New Mexico,Total,EQIP IRA,Total,2023,571,"$4,801,276 ","1,433"
New Mexico,Total,EQIP IRA,Total,Total,571,"$4,801,276 ","1,434"
New Mexico,Total,EQIP IRA,Tree/Shrub Site Preparation (490),2023,,,"1,435"
New Mexico,Total,EQIP IRA,Tree/Shrub Site Preparation (490),Total,,,"1,436"
New Mexico,Total,EQIP IRA,Upland Wildlife Habitat Management (645),2023,,,"1,437"
New Mexico,Total,EQIP IRA,Upland Wildlife Habitat Management (645),Total,,,"1,438"
New Mexico,Total,EQIP IRA,Water Well (642),2023,7,"$142,273 ","1,439"
New Mexico,Total,EQIP IRA,Water Well (642),Total,7,"$142,273 ","1,440"
New Mexico,Total,EQIP IRA,Watering Facility (614),2023,26,"$182,462 ","1,441"
New Mexico,Total,EQIP IRA,Watering Facility (614),Total,26,"$182,462 ","1,442"
New Mexico,Total,EQIP IRA,Windbreak/Shelterbelt Establishment and Renovation (380),2023,,,"1,443"
New Mexico,Total,EQIP IRA,Windbreak/Shelterbelt Establishment and Renovation (380),Total,,,"1,444"
New Mexico,Total,EQIP IRA,Woody Residue Treatment (384),2023,94,"$99,353 ","1,445"
New Mexico,Total,EQIP IRA,Woody Residue Treatment (384),Total,94,"$99,353 ","1,446"
New York,Total,EQIP IRA,Access Road (560),2023,4,"$59,346 ","1,447"
New York,Total,EQIP IRA,Access Road (560),Total,4,"$59,346 ","1,448"
New York,Total,EQIP IRA,Cover Crop (340),2023,11,"$43,326 ","1,449"
New York,Total,EQIP IRA,Cover Crop (340),Total,11,"$43,326 ","1,450"
New York,Total,EQIP IRA,Critical Area Planting (342),2023,7,"$2,820 ","1,451"
New York,Total,EQIP IRA,Critical Area Planting (342),Total,7,"$2,820 ","1,452"
New York,Total,EQIP IRA,Diversion (362),2023,,,"1,453"
New York,Total,EQIP IRA,Diversion (362),Total,,,"1,454"
New York,Total,EQIP IRA,Fence (382),2023,7,"$67,792 ","1,455"
New York,Total,EQIP IRA,Fence (382),Total,7,"$67,792 ","1,456"
New York,Total,EQIP IRA,Heavy Use Area Protection (561),2023,6,"$189,777 ","1,457"
New York,Total,EQIP IRA,Heavy Use Area Protection (561),Total,6,"$189,777 ","1,458"
New York,Total,EQIP IRA,Herbaceous Weed Treatment (315),2023,,,"1,459"
New York,Total,EQIP IRA,Herbaceous Weed Treatment (315),Total,,,"1,460"
New York,Total,EQIP IRA,Mulching (484),2023,6,"$1,902 ","1,461"
New York,Total,EQIP IRA,Mulching (484),Total,6,"$1,902 ","1,462"
New York,Total,EQIP IRA,Nutrient Management (590),2023,15,"$192,768 ","1,463"
New York,Total,EQIP IRA,Nutrient Management (590),Total,15,"$192,768 ","1,464"
New York,Total,EQIP IRA,Obstruction Removal (500),2023,,,"1,465"
New York,Total,EQIP IRA,Obstruction Removal (500),Total,,,"1,466"
New York,Total,EQIP IRA,Pond Sealing or Lining - Concrete (522),2023,,,"1,467"
New York,Total,EQIP IRA,Pond Sealing or Lining - Concrete (522),Total,,,"1,468"
New York,Total,EQIP IRA,Pumping Plant (533),2023,5,"$84,045 ","1,469"
New York,Total,EQIP IRA,Pumping Plant (533),Total,5,"$84,045 ","1,470"
New York,Total,EQIP IRA,"Residue and Tillage Management, Reduced Till (345)",2023,,,"1,471"
New York,Total,EQIP IRA,"Residue and Tillage Management, Reduced Till (345)",Total,,,"1,472"
New York,Total,EQIP IRA,Riparian Forest Buffer (391),2023,,,"1,473"
New York,Total,EQIP IRA,Riparian Forest Buffer (391),Total,,,"1,474"
New York,Total,EQIP IRA,Roof Runoff Structure (558),2023,,,"1,475"
New York,Total,EQIP IRA,Roof Runoff Structure (558),Total,,,"1,476"
New York,Total,EQIP IRA,Roofs and Covers (367),2023,,,"1,477"
New York,Total,EQIP IRA,Roofs and Covers (367),Total,,,"1,478"
New York,Total,EQIP IRA,Structure for Water Control (587),2023,,,"1,479"
New York,Total,EQIP IRA,Structure for Water Control (587),Total,,,"1,480"
New York,Total,EQIP IRA,Subsurface Drain (606),2023,,,"1,481"
New York,Total,EQIP IRA,Subsurface Drain (606),Total,,,"1,482"
New York,Total,EQIP IRA,Total,2023,107,"$2,058,215 ","1,483"
New York,Total,EQIP IRA,Total,Total,107,"$2,058,215 ","1,484"
New York,Total,EQIP IRA,Trails and Walkways (575),2023,,,"1,485"
New York,Total,EQIP IRA,Trails and Walkways (575),Total,,,"1,486"
New York,Total,EQIP IRA,Tree/Shrub Establishment (612),2023,,,"1,487"
New York,Total,EQIP IRA,Tree/Shrub Establishment (612),Total,,,"1,488"
New York,Total,EQIP IRA,Tree/Shrub Site Preparation (490),2023,,,"1,489"
New York,Total,EQIP IRA,Tree/Shrub Site Preparation (490),Total,,,"1,490"
New York,Total,EQIP IRA,Underground Outlet (620),2023,4,"$10,641 ","1,491"
New York,Total,EQIP IRA,Underground Outlet (620),Total,4,"$10,641 ","1,492"
New York,Total,EQIP IRA,Waste Facility Closure (360),2023,,,"1,493"
New York,Total,EQIP IRA,Waste Facility Closure (360),Total,,,"1,494"
New York,Total,EQIP IRA,Waste Storage Facility (313),2023,5,"$830,027 ","1,495"
New York,Total,EQIP IRA,Waste Storage Facility (313),Total,5,"$830,027 ","1,496"
New York,Total,EQIP IRA,Waste Transfer (634),2023,10,"$136,956 ","1,497"
New York,Total,EQIP IRA,Waste Transfer (634),Total,10,"$136,956 ","1,498"
New York,Total,EQIP IRA,Wildlife Habitat Planting (420),2023,,,"1,499"
New York,Total,EQIP IRA,Wildlife Habitat Planting (420),Total,,,"1,500"
North Carolina,Total,EQIP IRA,Access Control (472),2023,7,$401 ,"1,501"
North Carolina,Total,EQIP IRA,Access Control (472),Total,7,$401 ,"1,502"
North Carolina,Total,EQIP IRA,Brush Management (314),2023,15,"$57,547 ","1,503"
North Carolina,Total,EQIP IRA,Brush Management (314),Total,15,"$57,547 ","1,504"
North Carolina,Total,EQIP IRA,Conservation Crop Rotation (328),2023,18,"$91,980 ","1,505"
North Carolina,Total,EQIP IRA,Conservation Crop Rotation (328),Total,18,"$91,980 ","1,506"
North Carolina,Total,EQIP IRA,Cover Crop (340),2023,77,"$1,103,473 ","1,507"
North Carolina,Total,EQIP IRA,Cover Crop (340),Total,77,"$1,103,473 ","1,508"
North Carolina,Total,EQIP IRA,Early Successional Habitat Development-Mgt (647),2023,4,"$1,339 ","1,509"
North Carolina,Total,EQIP IRA,Early Successional Habitat Development-Mgt (647),Total,4,"$1,339 ","1,510"
North Carolina,Total,EQIP IRA,Energy Efficient Agricultural Operation (374),2023,,,"1,511"
North Carolina,Total,EQIP IRA,Energy Efficient Agricultural Operation (374),Total,,,"1,512"
North Carolina,Total,EQIP IRA,Energy Efficient Building Envelope (672),2023,,,"1,513"
North Carolina,Total,EQIP IRA,Energy Efficient Building Envelope (672),Total,,,"1,514"
North Carolina,Total,EQIP IRA,Fence (382),2023,20,"$67,258 ","1,515"
North Carolina,Total,EQIP IRA,Fence (382),Total,20,"$67,258 ","1,516"
North Carolina,Total,EQIP IRA,Firebreak (394),2023,,,"1,517"
North Carolina,Total,EQIP IRA,Firebreak (394),Total,,,"1,518"
North Carolina,Total,EQIP IRA,Forage Harvest Management (511),2023,,,"1,519"
North Carolina,Total,EQIP IRA,Forage Harvest Management (511),Total,,,"1,520"
North Carolina,Total,EQIP IRA,Forest Stand Improvement (666),2023,20,"$252,092 ","1,521"
North Carolina,Total,EQIP IRA,Forest Stand Improvement (666),Total,20,"$252,092 ","1,522"
North Carolina,Total,EQIP IRA,Grassed Waterway (412),2023,,,"1,523"
North Carolina,Total,EQIP IRA,Grassed Waterway (412),Total,,,"1,524"
North Carolina,Total,EQIP IRA,Heavy Use Area Protection (561),2023,22,"$21,774 ","1,525"
North Carolina,Total,EQIP IRA,Heavy Use Area Protection (561),Total,22,"$21,774 ","1,526"
North Carolina,Total,EQIP IRA,Herbaceous Weed Treatment (315),2023,16,"$4,100 ","1,527"
North Carolina,Total,EQIP IRA,Herbaceous Weed Treatment (315),Total,16,"$4,100 ","1,528"
North Carolina,Total,EQIP IRA,Lined Waterway or Outlet (468),2023,,,"1,529"
North Carolina,Total,EQIP IRA,Lined Waterway or Outlet (468),Total,,,"1,530"
North Carolina,Total,EQIP IRA,Livestock Pipeline (516),2023,18,"$54,253 ","1,531"
North Carolina,Total,EQIP IRA,Livestock Pipeline (516),Total,18,"$54,253 ","1,532"
North Carolina,Total,EQIP IRA,Mulching (484),2023,,,"1,533"
North Carolina,Total,EQIP IRA,Mulching (484),Total,,,"1,534"
North Carolina,Total,EQIP IRA,Nutrient Management (590),2023,,,"1,535"
North Carolina,Total,EQIP IRA,Nutrient Management (590),Total,,,"1,536"
North Carolina,Total,EQIP IRA,Pasture and Hay Planting (512),2023,6,"$14,438 ","1,537"
North Carolina,Total,EQIP IRA,Pasture and Hay Planting (512),Total,6,"$14,438 ","1,538"
North Carolina,Total,EQIP IRA,Prescribed Burning (338),2023,6,"$7,864 ","1,539"
North Carolina,Total,EQIP IRA,Prescribed Burning (338),Total,6,"$7,864 ","1,540"
North Carolina,Total,EQIP IRA,Prescribed Grazing (528),2023,9,"$8,719 ","1,541"
North Carolina,Total,EQIP IRA,Prescribed Grazing (528),Total,9,"$8,719 ","1,542"
North Carolina,Total,EQIP IRA,Pumping Plant (533),2023,5,"$15,885 ","1,543"
North Carolina,Total,EQIP IRA,Pumping Plant (533),Total,5,"$15,885 ","1,544"
North Carolina,Total,EQIP IRA,"Residue and Tillage Management, No Till (329)",2023,18,"$139,761 ","1,545"
North Carolina,Total,EQIP IRA,"Residue and Tillage Management, No Till (329)",Total,18,"$139,761 ","1,546"
North Carolina,Total,EQIP IRA,"Residue and Tillage Management, Reduced Till (345)",2023,,,"1,547"
North Carolina,Total,EQIP IRA,"Residue and Tillage Management, Reduced Till (345)",Total,,,"1,548"
North Carolina,Total,EQIP IRA,Riparian Forest Buffer (391),2023,,,"1,549"
North Carolina,Total,EQIP IRA,Riparian Forest Buffer (391),Total,,,"1,550"
North Carolina,Total,EQIP IRA,Spring Development (574),2023,,,"1,551"
North Carolina,Total,EQIP IRA,Spring Development (574),Total,,,"1,552"
North Carolina,Total,EQIP IRA,Structures for Wildlife (649),2023,4,$444 ,"1,553"
North Carolina,Total,EQIP IRA,Structures for Wildlife (649),Total,4,$444 ,"1,554"
North Carolina,Total,EQIP IRA,Total,2023,433,"$3,016,057 ","1,555"
North Carolina,Total,EQIP IRA,Total,Total,433,"$3,016,057 ","1,556"
North Carolina,Total,EQIP IRA,Tree/Shrub Establishment (612),2023,57,"$484,315 ","1,557"
North Carolina,Total,EQIP IRA,Tree/Shrub Establishment (612),Total,57,"$484,315 ","1,558"
North Carolina,Total,EQIP IRA,Tree/Shrub Site Preparation (490),2023,56,"$378,394 ","1,559"
North Carolina,Total,EQIP IRA,Tree/Shrub Site Preparation (490),Total,56,"$378,394 ","1,560"
North Carolina,Total,EQIP IRA,Water Well (642),2023,5,"$92,400 ","1,561"
North Carolina,Total,EQIP IRA,Water Well (642),Total,5,"$92,400 ","1,562"
North Carolina,Total,EQIP IRA,Watering Facility (614),2023,26,"$59,724 ","1,563"
North Carolina,Total,EQIP IRA,Watering Facility (614),Total,26,"$59,724 ","1,564"
North Carolina,Total,EQIP IRA,Wildlife Habitat Planting (420),2023,9,"$40,397 ","1,565"
North Carolina,Total,EQIP IRA,Wildlife Habitat Planting (420),Total,9,"$40,397 ","1,566"
North Dakota,Total,EQIP IRA,Conservation Cover (327),2023,,,"1,567"
North Dakota,Total,EQIP IRA,Conservation Cover (327),Total,,,"1,568"
North Dakota,Total,EQIP IRA,Conservation Crop Rotation (328),2023,5,"$58,500 ","1,569"
North Dakota,Total,EQIP IRA,Conservation Crop Rotation (328),Total,5,"$58,500 ","1,570"
North Dakota,Total,EQIP IRA,Cover Crop (340),2023,45,"$396,013 ","1,571"
North Dakota,Total,EQIP IRA,Cover Crop (340),Total,45,"$396,013 ","1,572"
North Dakota,Total,EQIP IRA,Fence (382),2023,4,"$23,042 ","1,573"
North Dakota,Total,EQIP IRA,Fence (382),Total,4,"$23,042 ","1,574"
North Dakota,Total,EQIP IRA,Forage Harvest Management (511),2023,11,"$1,336 ","1,575"
North Dakota,Total,EQIP IRA,Forage Harvest Management (511),Total,11,"$1,336 ","1,576"
North Dakota,Total,EQIP IRA,Livestock Pipeline (516),2023,,,"1,577"
North Dakota,Total,EQIP IRA,Livestock Pipeline (516),Total,,,"1,578"
North Dakota,Total,EQIP IRA,Mulching (484),2023,,,"1,579"
North Dakota,Total,EQIP IRA,Mulching (484),Total,,,"1,580"
North Dakota,Total,EQIP IRA,Nutrient Management (590),2023,48,"$1,195,285 ","1,581"
North Dakota,Total,EQIP IRA,Nutrient Management (590),Total,48,"$1,195,285 ","1,582"
North Dakota,Total,EQIP IRA,Pasture and Hay Planting (512),2023,45,"$190,017 ","1,583"
North Dakota,Total,EQIP IRA,Pasture and Hay Planting (512),Total,45,"$190,017 ","1,584"
North Dakota,Total,EQIP IRA,Prescribed Grazing (528),2023,12,"$21,104 ","1,585"
North Dakota,Total,EQIP IRA,Prescribed Grazing (528),Total,12,"$21,104 ","1,586"
North Dakota,Total,EQIP IRA,Pumping Plant (533),2023,5,"$27,515 ","1,587"
North Dakota,Total,EQIP IRA,Pumping Plant (533),Total,5,"$27,515 ","1,588"
North Dakota,Total,EQIP IRA,"Residue and Tillage Management, No Till (329)",2023,42,"$837,189 ","1,589"
North Dakota,Total,EQIP IRA,"Residue and Tillage Management, No Till (329)",Total,42,"$837,189 ","1,590"
North Dakota,Total,EQIP IRA,"Residue and Tillage Management, Reduced Till (345)",2023,15,"$184,225 ","1,591"
North Dakota,Total,EQIP IRA,"Residue and Tillage Management, Reduced Till (345)",Total,15,"$184,225 ","1,592"
North Dakota,Total,EQIP IRA,Salinity and Sodic Soil Management (610),2023,6,"$3,412 ","1,593"
North Dakota,Total,EQIP IRA,Salinity and Sodic Soil Management (610),Total,6,"$3,412 ","1,594"
North Dakota,Total,EQIP IRA,Spring Development (574),2023,,,"1,595"
North Dakota,Total,EQIP IRA,Spring Development (574),Total,,,"1,596"
North Dakota,Total,EQIP IRA,Total,2023,262,"$3,036,821 ","1,597"
North Dakota,Total,EQIP IRA,Total,Total,262,"$3,036,821 ","1,598"
North Dakota,Total,EQIP IRA,Tree/Shrub Site Preparation (490),2023,,,"1,599"
North Dakota,Total,EQIP IRA,Tree/Shrub Site Preparation (490),Total,,,"1,600"
North Dakota,Total,EQIP IRA,Water Well (642),2023,,,"1,601"
North Dakota,Total,EQIP IRA,Water Well (642),Total,,,"1,602"
North Dakota,Total,EQIP IRA,Watering Facility (614),2023,7,"$26,672 ","1,603"
North Dakota,Total,EQIP IRA,Watering Facility (614),Total,7,"$26,672 ","1,604"
North Dakota,Total,EQIP IRA,Windbreak/Shelterbelt Establishment and Renovation (380),2023,,,"1,605"
North Dakota,Total,EQIP IRA,Windbreak/Shelterbelt Establishment and Renovation (380),Total,,,"1,606"
Northern Mariana Islands,Total,EQIP IRA,Alley Cropping (311),2023,,,"1,607"
Northern Mariana Islands,Total,EQIP IRA,Alley Cropping (311),Total,,,"1,608"
Northern Mariana Islands,Total,EQIP IRA,Brush Management (314),2023,13,"$79,799 ","1,609"
Northern Mariana Islands,Total,EQIP IRA,Brush Management (314),Total,13,"$79,799 ","1,610"
Northern Mariana Islands,Total,EQIP IRA,Conservation Cover (327),2023,,,"1,611"
Northern Mariana Islands,Total,EQIP IRA,Conservation Cover (327),Total,,,"1,612"
Northern Mariana Islands,Total,EQIP IRA,Fence (382),2023,,,"1,613"
Northern Mariana Islands,Total,EQIP IRA,Fence (382),Total,,,"1,614"
Northern Mariana Islands,Total,EQIP IRA,Heavy Use Area Protection (561),2023,,,"1,615"
Northern Mariana Islands,Total,EQIP IRA,Heavy Use Area Protection (561),Total,,,"1,616"
Northern Mariana Islands,Total,EQIP IRA,Livestock Pipeline (516),2023,,,"1,617"
Northern Mariana Islands,Total,EQIP IRA,Livestock Pipeline (516),Total,,,"1,618"
Northern Mariana Islands,Total,EQIP IRA,Mulching (484),2023,24,"$130,095 ","1,619"
Northern Mariana Islands,Total,EQIP IRA,Mulching (484),Total,24,"$130,095 ","1,620"
Northern Mariana Islands,Total,EQIP IRA,Pasture and Hay Planting (512),2023,12,"$56,826 ","1,621"
Northern Mariana Islands,Total,EQIP IRA,Pasture and Hay Planting (512),Total,12,"$56,826 ","1,622"
Northern Mariana Islands,Total,EQIP IRA,Prescribed Grazing (528),2023,12,"$31,137 ","1,623"
Northern Mariana Islands,Total,EQIP IRA,Prescribed Grazing (528),Total,12,"$31,137 ","1,624"
Northern Mariana Islands,Total,EQIP IRA,Total,2023,86,"$337,205 ","1,625"
Northern Mariana Islands,Total,EQIP IRA,Total,Total,86,"$337,205 ","1,626"
Northern Mariana Islands,Total,EQIP IRA,Tree/Shrub Establishment (612),2023,6,"$6,823 ","1,627"
Northern Mariana Islands,Total,EQIP IRA,Tree/Shrub Establishment (612),Total,6,"$6,823 ","1,628"
Northern Mariana Islands,Total,EQIP IRA,Tree/Shrub Site Preparation (490),2023,6,"$2,496 ","1,629"
Northern Mariana Islands,Total,EQIP IRA,Tree/Shrub Site Preparation (490),Total,6,"$2,496 ","1,630"
Northern Mariana Islands,Total,EQIP IRA,Vegetative Barrier (601),2023,,,"1,631"
Northern Mariana Islands,Total,EQIP IRA,Vegetative Barrier (601),Total,,,"1,632"
Northern Mariana Islands,Total,EQIP IRA,Watering Facility (614),2023,,,"1,633"
Northern Mariana Islands,Total,EQIP IRA,Watering Facility (614),Total,,,"1,634"
Northern Mariana Islands,Total,EQIP IRA,Windbreak/Shelterbelt Establishment and Renovation (380),2023,,,"1,635"
Northern Mariana Islands,Total,EQIP IRA,Windbreak/Shelterbelt Establishment and Renovation (380),Total,,,"1,636"
Ohio,Total,EQIP IRA,Access Road (560),2023,32,"$161,827 ","1,637"
Ohio,Total,EQIP IRA,Access Road (560),Total,32,"$161,827 ","1,638"
Ohio,Total,EQIP IRA,Brush Management (314),2023,4,$968 ,"1,639"
Ohio,Total,EQIP IRA,Brush Management (314),Total,4,$968 ,"1,640"
Ohio,Total,EQIP IRA,Conservation Cover (327),2023,,,"1,641"
Ohio,Total,EQIP IRA,Conservation Cover (327),Total,,,"1,642"
Ohio,Total,EQIP IRA,Conservation Crop Rotation (328),2023,6,"$1,418 ","1,643"
Ohio,Total,EQIP IRA,Conservation Crop Rotation (328),Total,6,"$1,418 ","1,644"
Ohio,Total,EQIP IRA,Cover Crop (340),2023,195,"$907,733 ","1,645"
Ohio,Total,EQIP IRA,Cover Crop (340),Total,195,"$907,733 ","1,646"
Ohio,Total,EQIP IRA,Critical Area Planting (342),2023,6,"$3,467 ","1,647"
Ohio,Total,EQIP IRA,Critical Area Planting (342),Total,6,"$3,467 ","1,648"
Ohio,Total,EQIP IRA,Fence (382),2023,178,"$540,053 ","1,649"
Ohio,Total,EQIP IRA,Fence (382),Total,178,"$540,053 ","1,650"
Ohio,Total,EQIP IRA,Filter Strip (393),2023,,,"1,651"
Ohio,Total,EQIP IRA,Filter Strip (393),Total,,,"1,652"
Ohio,Total,EQIP IRA,Grassed Waterway (412),2023,6,"$29,578 ","1,653"
Ohio,Total,EQIP IRA,Grassed Waterway (412),Total,6,"$29,578 ","1,654"
Ohio,Total,EQIP IRA,Heavy Use Area Protection (561),2023,116,"$221,092 ","1,655"
Ohio,Total,EQIP IRA,Heavy Use Area Protection (561),Total,116,"$221,092 ","1,656"
Ohio,Total,EQIP IRA,Herbaceous Weed Treatment (315),2023,4,"$2,357 ","1,657"
Ohio,Total,EQIP IRA,Herbaceous Weed Treatment (315),Total,4,"$2,357 ","1,658"
Ohio,Total,EQIP IRA,Lined Waterway or Outlet (468),2023,5,"$38,931 ","1,659"
Ohio,Total,EQIP IRA,Lined Waterway or Outlet (468),Total,5,"$38,931 ","1,660"
Ohio,Total,EQIP IRA,Livestock Pipeline (516),2023,118,"$180,068 ","1,661"
Ohio,Total,EQIP IRA,Livestock Pipeline (516),Total,118,"$180,068 ","1,662"
Ohio,Total,EQIP IRA,Mulching (484),2023,10,"$88,367 ","1,663"
Ohio,Total,EQIP IRA,Mulching (484),Total,10,"$88,367 ","1,664"
Ohio,Total,EQIP IRA,Nutrient Management (590),2023,80,"$463,469 ","1,665"
Ohio,Total,EQIP IRA,Nutrient Management (590),Total,80,"$463,469 ","1,666"
Ohio,Total,EQIP IRA,Pasture and Hay Planting (512),2023,56,"$124,963 ","1,667"
Ohio,Total,EQIP IRA,Pasture and Hay Planting (512),Total,56,"$124,963 ","1,668"
Ohio,Total,EQIP IRA,Prescribed Grazing (528),2023,123,"$103,821 ","1,669"
Ohio,Total,EQIP IRA,Prescribed Grazing (528),Total,123,"$103,821 ","1,670"
Ohio,Total,EQIP IRA,Pumping Plant (533),2023,11,"$31,206 ","1,671"
Ohio,Total,EQIP IRA,Pumping Plant (533),Total,11,"$31,206 ","1,672"
Ohio,Total,EQIP IRA,"Residue and Tillage Management, No Till (329)",2023,23,"$70,805 ","1,673"
Ohio,Total,EQIP IRA,"Residue and Tillage Management, No Till (329)",Total,23,"$70,805 ","1,674"
Ohio,Total,EQIP IRA,"Residue and Tillage Management, Reduced Till (345)",2023,4,"$3,460 ","1,675"
Ohio,Total,EQIP IRA,"Residue and Tillage Management, Reduced Till (345)",Total,4,"$3,460 ","1,676"
Ohio,Total,EQIP IRA,Roof Runoff Structure (558),2023,,,"1,677"
Ohio,Total,EQIP IRA,Roof Runoff Structure (558),Total,,,"1,678"
Ohio,Total,EQIP IRA,Spring Development (574),2023,6,"$19,565 ","1,679"
Ohio,Total,EQIP IRA,Spring Development (574),Total,6,"$19,565 ","1,680"
Ohio,Total,EQIP IRA,Stream Crossing (578),2023,6,"$25,079 ","1,681"
Ohio,Total,EQIP IRA,Stream Crossing (578),Total,6,"$25,079 ","1,682"
Ohio,Total,EQIP IRA,Structures for Wildlife (649),2023,,,"1,683"
Ohio,Total,EQIP IRA,Structures for Wildlife (649),Total,,,"1,684"
Ohio,Total,EQIP IRA,Subsurface Drain (606),2023,,,"1,685"
Ohio,Total,EQIP IRA,Subsurface Drain (606),Total,,,"1,686"
Ohio,Total,EQIP IRA,Total,2023,"1,158","$3,277,560 ","1,687"
Ohio,Total,EQIP IRA,Total,Total,"1,158","$3,277,560 ","1,688"
Ohio,Total,EQIP IRA,Trails and Walkways (575),2023,,,"1,689"
Ohio,Total,EQIP IRA,Trails and Walkways (575),Total,,,"1,690"
Ohio,Total,EQIP IRA,Tree/Shrub Establishment (612),2023,,,"1,691"
Ohio,Total,EQIP IRA,Tree/Shrub Establishment (612),Total,,,"1,692"
Ohio,Total,EQIP IRA,Underground Outlet (620),2023,12,"$4,915 ","1,693"
Ohio,Total,EQIP IRA,Underground Outlet (620),Total,12,"$4,915 ","1,694"
Ohio,Total,EQIP IRA,Water Well (642),2023,4,"$42,409 ","1,695"
Ohio,Total,EQIP IRA,Water Well (642),Total,4,"$42,409 ","1,696"
Ohio,Total,EQIP IRA,Watering Facility (614),2023,122,"$156,487 ","1,697"
Ohio,Total,EQIP IRA,Watering Facility (614),Total,122,"$156,487 ","1,698"
Ohio,Total,EQIP IRA,Wildlife Habitat Planting (420),2023,16,"$8,712 ","1,699"
Ohio,Total,EQIP IRA,Wildlife Habitat Planting (420),Total,16,"$8,712 ","1,700"
Oklahoma,Total,EQIP IRA,Brush Management (314),2023,23,"$336,760 ","1,701"
Oklahoma,Total,EQIP IRA,Brush Management (314),Total,23,"$336,760 ","1,702"
Oklahoma,Total,EQIP IRA,Conservation Cover (327),2023,,,"1,703"
Oklahoma,Total,EQIP IRA,Conservation Cover (327),Total,,,"1,704"
Oklahoma,Total,EQIP IRA,Conservation Crop Rotation (328),2023,108,"$200,599 ","1,705"
Oklahoma,Total,EQIP IRA,Conservation Crop Rotation (328),2023,109,"$200,613 ","1,706"
Oklahoma,Total,EQIP IRA,Conservation Crop Rotation (328),Total,108,"$200,599 ","1,707"
Oklahoma,Total,EQIP IRA,Conservation Crop Rotation (328),Total,109,"$200,613 ","1,708"
Oklahoma,Total,EQIP IRA,Cover Crop (340),2023,141,"$1,231,842 ","1,709"
Oklahoma,Total,EQIP IRA,Cover Crop (340),2023,158,"$1,280,207 ","1,710"
Oklahoma,Total,EQIP IRA,Cover Crop (340),Total,141,"$1,231,842 ","1,711"
Oklahoma,Total,EQIP IRA,Cover Crop (340),Total,158,"$1,280,207 ","1,712"
Oklahoma,Total,EQIP IRA,Deep Tillage (324),2023,,,"1,713"
Oklahoma,Total,EQIP IRA,Deep Tillage (324),Total,,,"1,714"
Oklahoma,Total,EQIP IRA,Fence (382),2023,,,"1,716"
Oklahoma,Total,EQIP IRA,Fence (382),2023,16,"$210,051 ","1,715"
Oklahoma,Total,EQIP IRA,Fence (382),Total,,,"1,718"
Oklahoma,Total,EQIP IRA,Fence (382),Total,16,"$210,051 ","1,717"
Oklahoma,Total,EQIP IRA,Forest Stand Improvement (666),2023,,,"1,720"
Oklahoma,Total,EQIP IRA,Forest Stand Improvement (666),2023,11,"$253,734 ","1,719"
Oklahoma,Total,EQIP IRA,Forest Stand Improvement (666),Total,,,"1,722"
Oklahoma,Total,EQIP IRA,Forest Stand Improvement (666),Total,11,"$253,734 ","1,721"
Oklahoma,Total,EQIP IRA,Grassed Waterway (412),2023,,,"1,723"
Oklahoma,Total,EQIP IRA,Grassed Waterway (412),Total,,,"1,724"
Oklahoma,Total,EQIP IRA,Groundwater Testing (355),2023,5,$373 ,"1,725"
Oklahoma,Total,EQIP IRA,Groundwater Testing (355),Total,5,$373 ,"1,726"
Oklahoma,Total,EQIP IRA,Heavy Use Area Protection (561),2023,4,"$1,660 ","1,727"
Oklahoma,Total,EQIP IRA,Heavy Use Area Protection (561),Total,4,"$1,660 ","1,728"
Oklahoma,Total,EQIP IRA,Irrigation Pipeline (430),2023,,,"1,729"
Oklahoma,Total,EQIP IRA,Irrigation Pipeline (430),Total,,,"1,730"
Oklahoma,Total,EQIP IRA,"Irrigation System, Microirrigation (441)",2023,,,"1,731"
Oklahoma,Total,EQIP IRA,"Irrigation System, Microirrigation (441)",Total,,,"1,732"
Oklahoma,Total,EQIP IRA,Irrigation Water Management (449),2023,5,"$3,197 ","1,733"
Oklahoma,Total,EQIP IRA,Irrigation Water Management (449),Total,5,"$3,197 ","1,734"
Oklahoma,Total,EQIP IRA,Livestock Pipeline (516),2023,,,"1,736"
Oklahoma,Total,EQIP IRA,Livestock Pipeline (516),2023,15,"$150,185 ","1,735"
Oklahoma,Total,EQIP IRA,Livestock Pipeline (516),Total,,,"1,738"
Oklahoma,Total,EQIP IRA,Livestock Pipeline (516),Total,15,"$150,185 ","1,737"
Oklahoma,Total,EQIP IRA,Mulching (484),2023,,,"1,739"
Oklahoma,Total,EQIP IRA,Mulching (484),Total,,,"1,740"
Oklahoma,Total,EQIP IRA,Nutrient Management (590),2023,188,"$834,219 ","1,741"
Oklahoma,Total,EQIP IRA,Nutrient Management (590),Total,188,"$834,219 ","1,742"
Oklahoma,Total,EQIP IRA,Pasture and Hay Planting (512),2023,71,"$947,936 ","1,743"
Oklahoma,Total,EQIP IRA,Pasture and Hay Planting (512),Total,71,"$947,936 ","1,744"
Oklahoma,Total,EQIP IRA,Prescribed Grazing (528),2023,72,"$30,296 ","1,745"
Oklahoma,Total,EQIP IRA,Prescribed Grazing (528),2023,83,"$138,392 ","1,746"
Oklahoma,Total,EQIP IRA,Prescribed Grazing (528),Total,72,"$30,296 ","1,747"
Oklahoma,Total,EQIP IRA,Prescribed Grazing (528),Total,83,"$138,392 ","1,748"
Oklahoma,Total,EQIP IRA,Pumping Plant (533),2023,5,"$16,463 ","1,749"
Oklahoma,Total,EQIP IRA,Pumping Plant (533),2023,16,"$89,876 ","1,750"
Oklahoma,Total,EQIP IRA,Pumping Plant (533),Total,5,"$16,463 ","1,751"
Oklahoma,Total,EQIP IRA,Pumping Plant (533),Total,16,"$89,876 ","1,752"
Oklahoma,Total,EQIP IRA,Range Planting (550),2023,,,"1,754"
Oklahoma,Total,EQIP IRA,Range Planting (550),2023,19,"$34,487 ","1,753"
Oklahoma,Total,EQIP IRA,Range Planting (550),Total,,,"1,756"
Oklahoma,Total,EQIP IRA,Range Planting (550),Total,19,"$34,487 ","1,755"
Oklahoma,Total,EQIP IRA,"Residue and Tillage Management, No Till (329)",2023,68,"$111,386 ","1,757"
Oklahoma,Total,EQIP IRA,"Residue and Tillage Management, No Till (329)",Total,68,"$111,386 ","1,758"
Oklahoma,Total,EQIP IRA,"Residue and Tillage Management, Reduced Till (345)",2023,16,"$44,635 ","1,759"
Oklahoma,Total,EQIP IRA,"Residue and Tillage Management, Reduced Till (345)",Total,16,"$44,635 ","1,760"
Oklahoma,Total,EQIP IRA,Sprinkler System (442),2023,4,"$291,674 ","1,761"
Oklahoma,Total,EQIP IRA,Sprinkler System (442),Total,4,"$291,674 ","1,762"
Oklahoma,Total,EQIP IRA,Structure for Water Control (587),2023,,,"1,763"
Oklahoma,Total,EQIP IRA,Structure for Water Control (587),Total,,,"1,764"
Oklahoma,Total,EQIP IRA,Total,2023,704,"$3,499,296 ","1,765"
Oklahoma,Total,EQIP IRA,Total,2023,887,"$5,296,393 ","1,766"
Oklahoma,Total,EQIP IRA,Total,Total,704,"$3,499,296 ","1,767"
Oklahoma,Total,EQIP IRA,Total,Total,887,"$5,296,393 ","1,768"
Oklahoma,Total,EQIP IRA,Upland Wildlife Habitat Management (645),2023,,,"1,770"
Oklahoma,Total,EQIP IRA,Upland Wildlife Habitat Management (645),2023,4,"$10,585 ","1,769"
Oklahoma,Total,EQIP IRA,Upland Wildlife Habitat Management (645),Total,,,"1,772"
Oklahoma,Total,EQIP IRA,Upland Wildlife Habitat Management (645),Total,4,"$10,585 ","1,771"
Oklahoma,Total,EQIP IRA,Water Well (642),2023,4,"$11,497 ","1,773"
Oklahoma,Total,EQIP IRA,Water Well (642),2023,7,"$79,696 ","1,774"
Oklahoma,Total,EQIP IRA,Water Well (642),Total,4,"$11,497 ","1,775"
Oklahoma,Total,EQIP IRA,Water Well (642),Total,7,"$79,696 ","1,776"
Oklahoma,Total,EQIP IRA,Watering Facility (614),2023,5,"$11,795 ","1,777"
Oklahoma,Total,EQIP IRA,Watering Facility (614),2023,33,"$155,965 ","1,778"
Oklahoma,Total,EQIP IRA,Watering Facility (614),Total,5,"$11,795 ","1,779"
Oklahoma,Total,EQIP IRA,Watering Facility (614),Total,33,"$155,965 ","1,780"
Oklahoma,Total,EQIP IRA,Wildlife Habitat Planting (420),2023,,,"1,781"
Oklahoma,Total,EQIP IRA,Wildlife Habitat Planting (420),Total,,,"1,782"
Oklahoma,Total,EQIP IRA,Woody Residue Treatment (384),2023,13,"$75,235 ","1,783"
Oklahoma,Total,EQIP IRA,Woody Residue Treatment (384),Total,13,"$75,235 ","1,784"
Oregon,Total,EQIP IRA,Brush Management (314),2023,56,"$139,630 ","1,785"
Oregon,Total,EQIP IRA,Brush Management (314),Total,56,"$139,630 ","1,786"
Oregon,Total,EQIP IRA,Conservation Cover (327),2023,5,"$5,558 ","1,787"
Oregon,Total,EQIP IRA,Conservation Cover (327),Total,5,"$5,558 ","1,788"
Oregon,Total,EQIP IRA,Cover Crop (340),2023,4,"$28,348 ","1,789"
Oregon,Total,EQIP IRA,Cover Crop (340),Total,4,"$28,348 ","1,790"
Oregon,Total,EQIP IRA,Forest Stand Improvement (666),2023,61,"$757,789 ","1,791"
Oregon,Total,EQIP IRA,Forest Stand Improvement (666),Total,61,"$757,789 ","1,792"
Oregon,Total,EQIP IRA,Fuel Break (383),2023,,,"1,793"
Oregon,Total,EQIP IRA,Fuel Break (383),Total,,,"1,794"
Oregon,Total,EQIP IRA,Herbaceous Weed Treatment (315),2023,18,"$243,680 ","1,795"
Oregon,Total,EQIP IRA,Herbaceous Weed Treatment (315),Total,18,"$243,680 ","1,796"
Oregon,Total,EQIP IRA,Livestock Pipeline (516),2023,,,"1,797"
Oregon,Total,EQIP IRA,Livestock Pipeline (516),Total,,,"1,798"
Oregon,Total,EQIP IRA,Mulching (484),2023,8,"$4,454 ","1,799"
Oregon,Total,EQIP IRA,Mulching (484),Total,8,"$4,454 ","1,800"
Oregon,Total,EQIP IRA,Prescribed Grazing (528),2023,4,"$7,902 ","1,801"
Oregon,Total,EQIP IRA,Prescribed Grazing (528),Total,4,"$7,902 ","1,802"
Oregon,Total,EQIP IRA,Pumping Plant (533),2023,,,"1,803"
Oregon,Total,EQIP IRA,Pumping Plant (533),Total,,,"1,804"
Oregon,Total,EQIP IRA,Range Planting (550),2023,,,"1,805"
Oregon,Total,EQIP IRA,Range Planting (550),Total,,,"1,806"
Oregon,Total,EQIP IRA,Spring Development (574),2023,,,"1,807"
Oregon,Total,EQIP IRA,Spring Development (574),Total,,,"1,808"
Oregon,Total,EQIP IRA,Total,2023,255,"$1,876,886 ","1,809"
Oregon,Total,EQIP IRA,Total,Total,255,"$1,876,886 ","1,810"
Oregon,Total,EQIP IRA,Tree-Shrub Pruning (660),2023,,,"1,811"
Oregon,Total,EQIP IRA,Tree-Shrub Pruning (660),Total,,,"1,812"
Oregon,Total,EQIP IRA,Tree/Shrub Establishment (612),2023,26,"$151,560 ","1,813"
Oregon,Total,EQIP IRA,Tree/Shrub Establishment (612),Total,26,"$151,560 ","1,814"
Oregon,Total,EQIP IRA,Tree/Shrub Site Preparation (490),2023,17,"$67,004 ","1,815"
Oregon,Total,EQIP IRA,Tree/Shrub Site Preparation (490),Total,17,"$67,004 ","1,816"
Oregon,Total,EQIP IRA,Upland Wildlife Habitat Management (645),2023,,,"1,817"
Oregon,Total,EQIP IRA,Upland Wildlife Habitat Management (645),Total,,,"1,818"
Oregon,Total,EQIP IRA,Watering Facility (614),2023,,,"1,819"
Oregon,Total,EQIP IRA,Watering Facility (614),Total,,,"1,820"
Oregon,Total,EQIP IRA,Wildlife Habitat Planting (420),2023,7,"$68,454 ","1,821"
Oregon,Total,EQIP IRA,Wildlife Habitat Planting (420),Total,7,"$68,454 ","1,822"
Oregon,Total,EQIP IRA,Woody Residue Treatment (384),2023,32,"$296,494 ","1,823"
Oregon,Total,EQIP IRA,Woody Residue Treatment (384),Total,32,"$296,494 ","1,824"
Pennsylvania,Total,EQIP IRA,Access Road (560),2023,5,"$28,930 ","1,825"
Pennsylvania,Total,EQIP IRA,Access Road (560),Total,5,"$28,930 ","1,826"
Pennsylvania,Total,EQIP IRA,Brush Management (314),2023,49,"$198,793 ","1,827"
Pennsylvania,Total,EQIP IRA,Brush Management (314),Total,49,"$198,793 ","1,828"
Pennsylvania,Total,EQIP IRA,Conservation Cover (327),2023,,,"1,829"
Pennsylvania,Total,EQIP IRA,Conservation Cover (327),Total,,,"1,830"
Pennsylvania,Total,EQIP IRA,Conservation Crop Rotation (328),2023,,,"1,831"
Pennsylvania,Total,EQIP IRA,Conservation Crop Rotation (328),Total,,,"1,832"
Pennsylvania,Total,EQIP IRA,Cover Crop (340),2023,93,"$962,409 ","1,833"
Pennsylvania,Total,EQIP IRA,Cover Crop (340),Total,93,"$962,409 ","1,834"
Pennsylvania,Total,EQIP IRA,Critical Area Planting (342),2023,6,"$1,290 ","1,835"
Pennsylvania,Total,EQIP IRA,Critical Area Planting (342),Total,6,"$1,290 ","1,836"
Pennsylvania,Total,EQIP IRA,Diversion (362),2023,5,"$7,683 ","1,837"
Pennsylvania,Total,EQIP IRA,Diversion (362),Total,5,"$7,683 ","1,838"
Pennsylvania,Total,EQIP IRA,Early Successional Habitat Development-Mgt (647),2023,,,"1,839"
Pennsylvania,Total,EQIP IRA,Early Successional Habitat Development-Mgt (647),Total,,,"1,840"
Pennsylvania,Total,EQIP IRA,Energy Efficient Agricultural Operation (374),2023,,,"1,841"
Pennsylvania,Total,EQIP IRA,Energy Efficient Agricultural Operation (374),Total,,,"1,842"
Pennsylvania,Total,EQIP IRA,Fence (382),2023,61,"$395,271 ","1,843"
Pennsylvania,Total,EQIP IRA,Fence (382),Total,61,"$395,271 ","1,844"
Pennsylvania,Total,EQIP IRA,Forest Stand Improvement (666),2023,13,"$104,895 ","1,845"
Pennsylvania,Total,EQIP IRA,Forest Stand Improvement (666),Total,13,"$104,895 ","1,846"
Pennsylvania,Total,EQIP IRA,Forest Trails and Landings (655),2023,4,"$5,628 ","1,847"
Pennsylvania,Total,EQIP IRA,Forest Trails and Landings (655),Total,4,"$5,628 ","1,848"
Pennsylvania,Total,EQIP IRA,Grassed Waterway (412),2023,13,"$27,508 ","1,849"
Pennsylvania,Total,EQIP IRA,Grassed Waterway (412),Total,13,"$27,508 ","1,850"
Pennsylvania,Total,EQIP IRA,Heavy Use Area Protection (561),2023,22,"$38,655 ","1,851"
Pennsylvania,Total,EQIP IRA,Heavy Use Area Protection (561),Total,22,"$38,655 ","1,852"
Pennsylvania,Total,EQIP IRA,Herbaceous Weed Treatment (315),2023,46,"$198,962 ","1,853"
Pennsylvania,Total,EQIP IRA,Herbaceous Weed Treatment (315),Total,46,"$198,962 ","1,854"
Pennsylvania,Total,EQIP IRA,Lined Waterway or Outlet (468),2023,14,"$63,009 ","1,855"
Pennsylvania,Total,EQIP IRA,Lined Waterway or Outlet (468),Total,14,"$63,009 ","1,856"
Pennsylvania,Total,EQIP IRA,Livestock Pipeline (516),2023,44,"$145,627 ","1,857"
Pennsylvania,Total,EQIP IRA,Livestock Pipeline (516),Total,44,"$145,627 ","1,858"
Pennsylvania,Total,EQIP IRA,Mulching (484),2023,18,"$39,795 ","1,859"
Pennsylvania,Total,EQIP IRA,Mulching (484),Total,18,"$39,795 ","1,860"
Pennsylvania,Total,EQIP IRA,Nutrient Management (590),2023,,,"1,861"
Pennsylvania,Total,EQIP IRA,Nutrient Management (590),Total,,,"1,862"
Pennsylvania,Total,EQIP IRA,Pasture and Hay Planting (512),2023,6,"$16,967 ","1,863"
Pennsylvania,Total,EQIP IRA,Pasture and Hay Planting (512),Total,6,"$16,967 ","1,864"
Pennsylvania,Total,EQIP IRA,Prescribed Grazing (528),2023,20,"$30,437 ","1,865"
Pennsylvania,Total,EQIP IRA,Prescribed Grazing (528),Total,20,"$30,437 ","1,866"
Pennsylvania,Total,EQIP IRA,Pumping Plant (533),2023,9,"$48,330 ","1,867"
Pennsylvania,Total,EQIP IRA,Pumping Plant (533),Total,9,"$48,330 ","1,868"
Pennsylvania,Total,EQIP IRA,"Residue and Tillage Management, No Till (329)",2023,6,"$80,271 ","1,869"
Pennsylvania,Total,EQIP IRA,"Residue and Tillage Management, No Till (329)",Total,6,"$80,271 ","1,870"
Pennsylvania,Total,EQIP IRA,Riparian Forest Buffer (391),2023,,,"1,871"
Pennsylvania,Total,EQIP IRA,Riparian Forest Buffer (391),Total,,,"1,872"
Pennsylvania,Total,EQIP IRA,Spring Development (574),2023,,,"1,873"
Pennsylvania,Total,EQIP IRA,Spring Development (574),Total,,,"1,874"
Pennsylvania,Total,EQIP IRA,Stream Crossing (578),2023,9,"$51,622 ","1,875"
Pennsylvania,Total,EQIP IRA,Stream Crossing (578),Total,9,"$51,622 ","1,876"
Pennsylvania,Total,EQIP IRA,Structure for Water Control (587),2023,10,"$12,006 ","1,877"
Pennsylvania,Total,EQIP IRA,Structure for Water Control (587),Total,10,"$12,006 ","1,878"
Pennsylvania,Total,EQIP IRA,Structures for Wildlife (649),2023,,,"1,879"
Pennsylvania,Total,EQIP IRA,Structures for Wildlife (649),Total,,,"1,880"
Pennsylvania,Total,EQIP IRA,Subsurface Drain (606),2023,8,"$71,604 ","1,881"
Pennsylvania,Total,EQIP IRA,Subsurface Drain (606),Total,8,"$71,604 ","1,882"
Pennsylvania,Total,EQIP IRA,Total,2023,574,"$3,113,868 ","1,883"
Pennsylvania,Total,EQIP IRA,Total,Total,574,"$3,113,868 ","1,884"
Pennsylvania,Total,EQIP IRA,Trails and Walkways (575),2023,11,"$116,164 ","1,885"
Pennsylvania,Total,EQIP IRA,Trails and Walkways (575),Total,11,"$116,164 ","1,886"
Pennsylvania,Total,EQIP IRA,Tree/Shrub Establishment (612),2023,22,"$190,797 ","1,887"
Pennsylvania,Total,EQIP IRA,Tree/Shrub Establishment (612),Total,22,"$190,797 ","1,888"
Pennsylvania,Total,EQIP IRA,Tree/Shrub Site Preparation (490),2023,,,"1,889"
Pennsylvania,Total,EQIP IRA,Tree/Shrub Site Preparation (490),Total,,,"1,890"
Pennsylvania,Total,EQIP IRA,Underground Outlet (620),2023,12,"$41,524 ","1,891"
Pennsylvania,Total,EQIP IRA,Underground Outlet (620),Total,12,"$41,524 ","1,892"
Pennsylvania,Total,EQIP IRA,Water and Sediment Control Basin (638),2023,,,"1,893"
Pennsylvania,Total,EQIP IRA,Water and Sediment Control Basin (638),Total,,,"1,894"
Pennsylvania,Total,EQIP IRA,Water Well (642),2023,6,"$51,052 ","1,895"
Pennsylvania,Total,EQIP IRA,Water Well (642),Total,6,"$51,052 ","1,896"
Pennsylvania,Total,EQIP IRA,Watering Facility (614),2023,39,"$54,775 ","1,897"
Pennsylvania,Total,EQIP IRA,Watering Facility (614),Total,39,"$54,775 ","1,898"
Pennsylvania,Total,EQIP IRA,Wildlife Habitat Planting (420),2023,,,"1,899"
Pennsylvania,Total,EQIP IRA,Wildlife Habitat Planting (420),Total,,,"1,900"
Pennsylvania,Total,EQIP IRA,Windbreak/Shelterbelt Establishment and Renovation (380),2023,,,"1,901"
Pennsylvania,Total,EQIP IRA,Windbreak/Shelterbelt Establishment and Renovation (380),Total,,,"1,902"
Puerto Rico,Total,EQIP IRA,Brush Management (314),2023,19,"$61,705 ","1,903"
Puerto Rico,Total,EQIP IRA,Brush Management (314),Total,19,"$61,705 ","1,904"
Puerto Rico,Total,EQIP IRA,Clearing and Snagging (326),2023,6,"$149,160 ","1,905"
Puerto Rico,Total,EQIP IRA,Clearing and Snagging (326),Total,6,"$149,160 ","1,906"
Puerto Rico,Total,EQIP IRA,Combustion System Improvement (372),2023,22,"$1,230,854 ","1,907"
Puerto Rico,Total,EQIP IRA,Combustion System Improvement (372),Total,22,"$1,230,854 ","1,908"
Puerto Rico,Total,EQIP IRA,Fence (382),2023,29,"$63,996 ","1,909"
Puerto Rico,Total,EQIP IRA,Fence (382),Total,29,"$63,996 ","1,910"
Puerto Rico,Total,EQIP IRA,Field Border (386),2023,,,"1,911"
Puerto Rico,Total,EQIP IRA,Field Border (386),Total,,,"1,912"
Puerto Rico,Total,EQIP IRA,Heavy Use Area Protection (561),2023,13,"$128,765 ","1,913"
Puerto Rico,Total,EQIP IRA,Heavy Use Area Protection (561),Total,13,"$128,765 ","1,914"
Puerto Rico,Total,EQIP IRA,Hedgerow Planting (422),2023,,,"1,915"
Puerto Rico,Total,EQIP IRA,Hedgerow Planting (422),Total,,,"1,916"
Puerto Rico,Total,EQIP IRA,Herbaceous Wind Barriers (603),2023,,,"1,917"
Puerto Rico,Total,EQIP IRA,Herbaceous Wind Barriers (603),Total,,,"1,918"
Puerto Rico,Total,EQIP IRA,High Tunnel System (325),2023,4,"$59,964 ","1,919"
Puerto Rico,Total,EQIP IRA,High Tunnel System (325),Total,4,"$59,964 ","1,920"
Puerto Rico,Total,EQIP IRA,Irrigation Pipeline (430),2023,9,"$27,957 ","1,921"
Puerto Rico,Total,EQIP IRA,Irrigation Pipeline (430),Total,9,"$27,957 ","1,922"
Puerto Rico,Total,EQIP IRA,Irrigation Reservoir (436),2023,12,"$55,897 ","1,923"
Puerto Rico,Total,EQIP IRA,Irrigation Reservoir (436),Total,12,"$55,897 ","1,924"
Puerto Rico,Total,EQIP IRA,"Irrigation System, Microirrigation (441)",2023,9,"$24,959 ","1,925"
Puerto Rico,Total,EQIP IRA,"Irrigation System, Microirrigation (441)",Total,9,"$24,959 ","1,926"
Puerto Rico,Total,EQIP IRA,Irrigation Water Management (449),2023,,,"1,927"
Puerto Rico,Total,EQIP IRA,Irrigation Water Management (449),Total,,,"1,928"
Puerto Rico,Total,EQIP IRA,Lined Waterway or Outlet (468),2023,,,"1,929"
Puerto Rico,Total,EQIP IRA,Lined Waterway or Outlet (468),Total,,,"1,930"
Puerto Rico,Total,EQIP IRA,Livestock Pipeline (516),2023,7,"$20,431 ","1,931"
Puerto Rico,Total,EQIP IRA,Livestock Pipeline (516),Total,7,"$20,431 ","1,932"
Puerto Rico,Total,EQIP IRA,Livestock Shelter Structure (576),2023,7,"$31,640 ","1,933"
Puerto Rico,Total,EQIP IRA,Livestock Shelter Structure (576),Total,7,"$31,640 ","1,934"
Puerto Rico,Total,EQIP IRA,Mulching (484),2023,,,"1,936"
Puerto Rico,Total,EQIP IRA,Mulching (484),2023,4,"$86,205 ","1,935"
Puerto Rico,Total,EQIP IRA,Mulching (484),Total,,,"1,938"
Puerto Rico,Total,EQIP IRA,Mulching (484),Total,4,"$86,205 ","1,937"
Puerto Rico,Total,EQIP IRA,Obstruction Removal (500),2023,6,"$51,551 ","1,939"
Puerto Rico,Total,EQIP IRA,Obstruction Removal (500),Total,6,"$51,551 ","1,940"
Puerto Rico,Total,EQIP IRA,Pasture and Hay Planting (512),2023,22,"$169,258 ","1,941"
Puerto Rico,Total,EQIP IRA,Pasture and Hay Planting (512),Total,22,"$169,258 ","1,942"
Puerto Rico,Total,EQIP IRA,Prescribed Grazing (528),2023,9,"$5,013 ","1,943"
Puerto Rico,Total,EQIP IRA,Prescribed Grazing (528),Total,9,"$5,013 ","1,944"
Puerto Rico,Total,EQIP IRA,Pumping Plant (533),2023,4,"$19,248 ","1,945"
Puerto Rico,Total,EQIP IRA,Pumping Plant (533),Total,4,"$19,248 ","1,946"
Puerto Rico,Total,EQIP IRA,"Residue and Tillage Management, No Till (329)",2023,,,"1,947"
Puerto Rico,Total,EQIP IRA,"Residue and Tillage Management, No Till (329)",Total,,,"1,948"
Puerto Rico,Total,EQIP IRA,Roof Runoff Structure (558),2023,14,"$56,136 ","1,949"
Puerto Rico,Total,EQIP IRA,Roof Runoff Structure (558),Total,14,"$56,136 ","1,950"
Puerto Rico,Total,EQIP IRA,Roofs and Covers (367),2023,4,"$219,316 ","1,951"
Puerto Rico,Total,EQIP IRA,Roofs and Covers (367),Total,4,"$219,316 ","1,952"
Puerto Rico,Total,EQIP IRA,Total,2023,230,"$2,597,563 ","1,953"
Puerto Rico,Total,EQIP IRA,Total,Total,230,"$2,597,563 ","1,954"
Puerto Rico,Total,EQIP IRA,Tree/Shrub Establishment (612),2023,,,"1,955"
Puerto Rico,Total,EQIP IRA,Tree/Shrub Establishment (612),Total,,,"1,956"
Puerto Rico,Total,EQIP IRA,Tree/Shrub Site Preparation (490),2023,,,"1,957"
Puerto Rico,Total,EQIP IRA,Tree/Shrub Site Preparation (490),Total,,,"1,958"
Puerto Rico,Total,EQIP IRA,Vegetative Barrier (601),2023,,,"1,959"
Puerto Rico,Total,EQIP IRA,Vegetative Barrier (601),Total,,,"1,960"
Puerto Rico,Total,EQIP IRA,Water Well (642),2023,,,"1,961"
Puerto Rico,Total,EQIP IRA,Water Well (642),Total,,,"1,962"
Puerto Rico,Total,EQIP IRA,Watering Facility (614),2023,14,"$36,582 ","1,963"
Puerto Rico,Total,EQIP IRA,Watering Facility (614),Total,14,"$36,582 ","1,964"
Rhode Island,Total,EQIP IRA,Access Control (472),2023,,,"1,965"
Rhode Island,Total,EQIP IRA,Access Control (472),Total,,,"1,966"
Rhode Island,Total,EQIP IRA,Brush Management (314),2023,28,"$39,632 ","1,967"
Rhode Island,Total,EQIP IRA,Brush Management (314),Total,28,"$39,632 ","1,968"
Rhode Island,Total,EQIP IRA,Conservation Crop Rotation (328),2023,,,"1,969"
Rhode Island,Total,EQIP IRA,Conservation Crop Rotation (328),Total,,,"1,970"
Rhode Island,Total,EQIP IRA,Cover Crop (340),2023,36,"$11,973 ","1,971"
Rhode Island,Total,EQIP IRA,Cover Crop (340),Total,36,"$11,973 ","1,972"
Rhode Island,Total,EQIP IRA,Critical Area Planting (342),2023,,,"1,973"
Rhode Island,Total,EQIP IRA,Critical Area Planting (342),Total,,,"1,974"
Rhode Island,Total,EQIP IRA,Fence (382),2023,4,"$12,866 ","1,975"
Rhode Island,Total,EQIP IRA,Fence (382),Total,4,"$12,866 ","1,976"
Rhode Island,Total,EQIP IRA,Forest Stand Improvement (666),2023,38,"$117,614 ","1,977"
Rhode Island,Total,EQIP IRA,Forest Stand Improvement (666),Total,38,"$117,614 ","1,978"
Rhode Island,Total,EQIP IRA,Forest Trails and Landings (655),2023,27,"$113,809 ","1,979"
Rhode Island,Total,EQIP IRA,Forest Trails and Landings (655),Total,27,"$113,809 ","1,980"
Rhode Island,Total,EQIP IRA,Herbaceous Weed Treatment (315),2023,,,"1,981"
Rhode Island,Total,EQIP IRA,Herbaceous Weed Treatment (315),Total,,,"1,982"
Rhode Island,Total,EQIP IRA,Livestock Pipeline (516),2023,,,"1,983"
Rhode Island,Total,EQIP IRA,Livestock Pipeline (516),Total,,,"1,984"
Rhode Island,Total,EQIP IRA,Mulching (484),2023,35,"$5,641 ","1,985"
Rhode Island,Total,EQIP IRA,Mulching (484),Total,35,"$5,641 ","1,986"
Rhode Island,Total,EQIP IRA,Obstruction Removal (500),2023,,,"1,987"
Rhode Island,Total,EQIP IRA,Obstruction Removal (500),Total,,,"1,988"
Rhode Island,Total,EQIP IRA,Pasture and Hay Planting (512),2023,12,"$31,971 ","1,989"
Rhode Island,Total,EQIP IRA,Pasture and Hay Planting (512),Total,12,"$31,971 ","1,990"
Rhode Island,Total,EQIP IRA,Prescribed Grazing (528),2023,,,"1,991"
Rhode Island,Total,EQIP IRA,Prescribed Grazing (528),Total,,,"1,992"
Rhode Island,Total,EQIP IRA,Pumping Plant (533),2023,,,"1,993"
Rhode Island,Total,EQIP IRA,Pumping Plant (533),Total,,,"1,994"
Rhode Island,Total,EQIP IRA,Soil Health Testing (216),2023,,,"1,995"
Rhode Island,Total,EQIP IRA,Soil Health Testing (216),Total,,,"1,996"
Rhode Island,Total,EQIP IRA,Structures for Wildlife (649),2023,,,"1,997"
Rhode Island,Total,EQIP IRA,Structures for Wildlife (649),Total,,,"1,998"
Rhode Island,Total,EQIP IRA,Total,2023,226,"$390,920 ","1,999"
Rhode Island,Total,EQIP IRA,Total,Total,226,"$390,920 ","2,000"
Rhode Island,Total,EQIP IRA,Tree/Shrub Establishment (612),2023,17,"$18,841 ","2,001"
Rhode Island,Total,EQIP IRA,Tree/Shrub Establishment (612),Total,17,"$18,841 ","2,002"
Rhode Island,Total,EQIP IRA,Tree/Shrub Site Preparation (490),2023,,,"2,003"
Rhode Island,Total,EQIP IRA,Tree/Shrub Site Preparation (490),Total,,,"2,004"
Rhode Island,Total,EQIP IRA,Water Well (642),2023,,,"2,005"
Rhode Island,Total,EQIP IRA,Water Well (642),Total,,,"2,006"
Rhode Island,Total,EQIP IRA,Watering Facility (614),2023,,,"2,007"
Rhode Island,Total,EQIP IRA,Watering Facility (614),Total,,,"2,008"
Rhode Island,Total,EQIP IRA,Wildlife Habitat Planting (420),2023,,,"2,009"
Rhode Island,Total,EQIP IRA,Wildlife Habitat Planting (420),Total,,,"2,010"
Rhode Island,Total,EQIP IRA,Windbreak/Shelterbelt Establishment and Renovation (380),2023,,,"2,011"
Rhode Island,Total,EQIP IRA,Windbreak/Shelterbelt Establishment and Renovation (380),Total,,,"2,012"
South Carolina,Total,EQIP IRA,Cover Crop (340),2023,132,"$772,591 ","2,013"
South Carolina,Total,EQIP IRA,Cover Crop (340),Total,132,"$772,591 ","2,014"
South Carolina,Total,EQIP IRA,Total,2023,253,"$1,986,866 ","2,015"
South Carolina,Total,EQIP IRA,Total,Total,253,"$1,986,866 ","2,016"
South Carolina,Total,EQIP IRA,Tree/Shrub Establishment (612),2023,64,"$793,296 ","2,017"
South Carolina,Total,EQIP IRA,Tree/Shrub Establishment (612),Total,64,"$793,296 ","2,018"
South Carolina,Total,EQIP IRA,Tree/Shrub Site Preparation (490),2023,57,"$420,979 ","2,019"
South Carolina,Total,EQIP IRA,Tree/Shrub Site Preparation (490),Total,57,"$420,979 ","2,020"
South Dakota,Total,EQIP IRA,Brush Management (314),2023,,,"2,021"
South Dakota,Total,EQIP IRA,Brush Management (314),Total,,,"2,022"
South Dakota,Total,EQIP IRA,Conservation Cover (327),2023,,,"2,023"
South Dakota,Total,EQIP IRA,Conservation Cover (327),Total,,,"2,024"
South Dakota,Total,EQIP IRA,Conservation Crop Rotation (328),2023,6,"$7,337 ","2,025"
South Dakota,Total,EQIP IRA,Conservation Crop Rotation (328),Total,6,"$7,337 ","2,026"
South Dakota,Total,EQIP IRA,Cover Crop (340),2023,84,"$719,670 ","2,027"
South Dakota,Total,EQIP IRA,Cover Crop (340),Total,84,"$719,670 ","2,028"
South Dakota,Total,EQIP IRA,Critical Area Planting (342),2023,6,"$2,076 ","2,029"
South Dakota,Total,EQIP IRA,Critical Area Planting (342),Total,6,"$2,076 ","2,030"
South Dakota,Total,EQIP IRA,Fence (382),2023,64,"$511,404 ","2,031"
South Dakota,Total,EQIP IRA,Fence (382),Total,64,"$511,404 ","2,032"
South Dakota,Total,EQIP IRA,Forage Harvest Management (511),2023,5,"$1,215 ","2,033"
South Dakota,Total,EQIP IRA,Forage Harvest Management (511),Total,5,"$1,215 ","2,034"
South Dakota,Total,EQIP IRA,Forest Stand Improvement (666),2023,,,"2,035"
South Dakota,Total,EQIP IRA,Forest Stand Improvement (666),Total,,,"2,036"
South Dakota,Total,EQIP IRA,Heavy Use Area Protection (561),2023,16,"$13,887 ","2,037"
South Dakota,Total,EQIP IRA,Heavy Use Area Protection (561),Total,16,"$13,887 ","2,038"
South Dakota,Total,EQIP IRA,Herbaceous Weed Treatment (315),2023,38,"$12,293 ","2,039"
South Dakota,Total,EQIP IRA,Herbaceous Weed Treatment (315),Total,38,"$12,293 ","2,040"
South Dakota,Total,EQIP IRA,Livestock Pipeline (516),2023,38,"$367,342 ","2,041"
South Dakota,Total,EQIP IRA,Livestock Pipeline (516),Total,38,"$367,342 ","2,042"
South Dakota,Total,EQIP IRA,Livestock Shelter Structure (576),2023,11,"$191,885 ","2,043"
South Dakota,Total,EQIP IRA,Livestock Shelter Structure (576),Total,11,"$191,885 ","2,044"
South Dakota,Total,EQIP IRA,Mulching (484),2023,65,"$188,022 ","2,045"
South Dakota,Total,EQIP IRA,Mulching (484),Total,65,"$188,022 ","2,046"
South Dakota,Total,EQIP IRA,Nutrient Management (590),2023,5,"$31,549 ","2,047"
South Dakota,Total,EQIP IRA,Nutrient Management (590),Total,5,"$31,549 ","2,048"
South Dakota,Total,EQIP IRA,Pasture and Hay Planting (512),2023,20,"$69,046 ","2,049"
South Dakota,Total,EQIP IRA,Pasture and Hay Planting (512),Total,20,"$69,046 ","2,050"
South Dakota,Total,EQIP IRA,Prescribed Grazing (528),2023,56,"$104,502 ","2,051"
South Dakota,Total,EQIP IRA,Prescribed Grazing (528),Total,56,"$104,502 ","2,052"
South Dakota,Total,EQIP IRA,Pumping Plant (533),2023,4,"$18,803 ","2,053"
South Dakota,Total,EQIP IRA,Pumping Plant (533),Total,4,"$18,803 ","2,054"
South Dakota,Total,EQIP IRA,Range Planting (550),2023,,,"2,055"
South Dakota,Total,EQIP IRA,Range Planting (550),Total,,,"2,056"
South Dakota,Total,EQIP IRA,"Residue and Tillage Management, No Till (329)",2023,18,"$191,897 ","2,057"
South Dakota,Total,EQIP IRA,"Residue and Tillage Management, No Till (329)",Total,18,"$191,897 ","2,058"
South Dakota,Total,EQIP IRA,"Residue and Tillage Management, Reduced Till (345)",2023,22,"$133,241 ","2,059"
South Dakota,Total,EQIP IRA,"Residue and Tillage Management, Reduced Till (345)",Total,22,"$133,241 ","2,060"
South Dakota,Total,EQIP IRA,Total,2023,621,"$3,217,815 ","2,061"
South Dakota,Total,EQIP IRA,Total,Total,621,"$3,217,815 ","2,062"
South Dakota,Total,EQIP IRA,Tree/Shrub Site Preparation (490),2023,50,"$16,475 ","2,063"
South Dakota,Total,EQIP IRA,Tree/Shrub Site Preparation (490),Total,50,"$16,475 ","2,064"
South Dakota,Total,EQIP IRA,Water Well (642),2023,,,"2,065"
South Dakota,Total,EQIP IRA,Water Well (642),Total,,,"2,066"
South Dakota,Total,EQIP IRA,Watering Facility (614),2023,37,"$87,863 ","2,067"
South Dakota,Total,EQIP IRA,Watering Facility (614),Total,37,"$87,863 ","2,068"
South Dakota,Total,EQIP IRA,Windbreak/Shelterbelt Establishment and Renovation (380),2023,68,"$284,182 ","2,069"
South Dakota,Total,EQIP IRA,Windbreak/Shelterbelt Establishment and Renovation (380),Total,68,"$284,182 ","2,070"
Tennessee,Total,EQIP IRA,Access Control (472),2023,12,$383 ,"2,071"
Tennessee,Total,EQIP IRA,Access Control (472),Total,12,$383 ,"2,072"
Tennessee,Total,EQIP IRA,Access Road (560),2023,,,"2,073"
Tennessee,Total,EQIP IRA,Access Road (560),Total,,,"2,074"
Tennessee,Total,EQIP IRA,Brush Management (314),2023,7,"$77,166 ","2,075"
Tennessee,Total,EQIP IRA,Brush Management (314),Total,7,"$77,166 ","2,076"
Tennessee,Total,EQIP IRA,Conservation Cover (327),2023,12,"$11,964 ","2,077"
Tennessee,Total,EQIP IRA,Conservation Cover (327),Total,12,"$11,964 ","2,078"
Tennessee,Total,EQIP IRA,Conservation Crop Rotation (328),2023,6,"$14,070 ","2,079"
Tennessee,Total,EQIP IRA,Conservation Crop Rotation (328),Total,6,"$14,070 ","2,080"
Tennessee,Total,EQIP IRA,Cover Crop (340),2023,21,"$371,507 ","2,081"
Tennessee,Total,EQIP IRA,Cover Crop (340),Total,21,"$371,507 ","2,082"
Tennessee,Total,EQIP IRA,Critical Area Planting (342),2023,10,"$2,021 ","2,083"
Tennessee,Total,EQIP IRA,Critical Area Planting (342),Total,10,"$2,021 ","2,084"
Tennessee,Total,EQIP IRA,Early Successional Habitat Development-Mgt (647),2023,7,"$3,795 ","2,085"
Tennessee,Total,EQIP IRA,Early Successional Habitat Development-Mgt (647),Total,7,"$3,795 ","2,086"
Tennessee,Total,EQIP IRA,Energy Efficient Agricultural Operation (374),2023,,,"2,087"
Tennessee,Total,EQIP IRA,Energy Efficient Agricultural Operation (374),Total,,,"2,088"
Tennessee,Total,EQIP IRA,Energy Efficient Building Envelope (672),2023,,,"2,089"
Tennessee,Total,EQIP IRA,Energy Efficient Building Envelope (672),Total,,,"2,090"
Tennessee,Total,EQIP IRA,Energy Efficient Lighting System (670),2023,,,"2,091"
Tennessee,Total,EQIP IRA,Energy Efficient Lighting System (670),Total,,,"2,092"
Tennessee,Total,EQIP IRA,Fence (382),2023,107,"$418,924 ","2,093"
Tennessee,Total,EQIP IRA,Fence (382),Total,107,"$418,924 ","2,094"
Tennessee,Total,EQIP IRA,Field Border (386),2023,,,"2,095"
Tennessee,Total,EQIP IRA,Field Border (386),Total,,,"2,096"
Tennessee,Total,EQIP IRA,Filter Strip (393),2023,,,"2,097"
Tennessee,Total,EQIP IRA,Filter Strip (393),Total,,,"2,098"
Tennessee,Total,EQIP IRA,Firebreak (394),2023,,,"2,099"
Tennessee,Total,EQIP IRA,Firebreak (394),Total,,,"2,100"
Tennessee,Total,EQIP IRA,Forage Harvest Management (511),2023,,,"2,101"
Tennessee,Total,EQIP IRA,Forage Harvest Management (511),Total,,,"2,102"
Tennessee,Total,EQIP IRA,Forest Stand Improvement (666),2023,32,"$727,939 ","2,103"
Tennessee,Total,EQIP IRA,Forest Stand Improvement (666),Total,32,"$727,939 ","2,104"
Tennessee,Total,EQIP IRA,Heavy Use Area Protection (561),2023,78,"$146,611 ","2,105"
Tennessee,Total,EQIP IRA,Heavy Use Area Protection (561),Total,78,"$146,611 ","2,106"
Tennessee,Total,EQIP IRA,Hedgerow Planting (422),2023,,,"2,107"
Tennessee,Total,EQIP IRA,Hedgerow Planting (422),Total,,,"2,108"
Tennessee,Total,EQIP IRA,Herbaceous Weed Treatment (315),2023,27,"$7,240 ","2,109"
Tennessee,Total,EQIP IRA,Herbaceous Weed Treatment (315),Total,27,"$7,240 ","2,110"
Tennessee,Total,EQIP IRA,Livestock Pipeline (516),2023,88,"$252,117 ","2,111"
Tennessee,Total,EQIP IRA,Livestock Pipeline (516),Total,88,"$252,117 ","2,112"
Tennessee,Total,EQIP IRA,Mulching (484),2023,10,"$2,726 ","2,113"
Tennessee,Total,EQIP IRA,Mulching (484),Total,10,"$2,726 ","2,114"
Tennessee,Total,EQIP IRA,Nutrient Management (590),2023,6,$583 ,"2,115"
Tennessee,Total,EQIP IRA,Nutrient Management (590),Total,6,$583 ,"2,116"
Tennessee,Total,EQIP IRA,Pasture and Hay Planting (512),2023,42,"$157,317 ","2,117"
Tennessee,Total,EQIP IRA,Pasture and Hay Planting (512),Total,42,"$157,317 ","2,118"
Tennessee,Total,EQIP IRA,Prescribed Burning (338),2023,,,"2,119"
Tennessee,Total,EQIP IRA,Prescribed Burning (338),Total,,,"2,120"
Tennessee,Total,EQIP IRA,Prescribed Grazing (528),2023,41,"$69,940 ","2,121"
Tennessee,Total,EQIP IRA,Prescribed Grazing (528),Total,41,"$69,940 ","2,122"
Tennessee,Total,EQIP IRA,Pumping Plant (533),2023,16,"$60,154 ","2,123"
Tennessee,Total,EQIP IRA,Pumping Plant (533),Total,16,"$60,154 ","2,124"
Tennessee,Total,EQIP IRA,Riparian Forest Buffer (391),2023,6,"$6,671 ","2,125"
Tennessee,Total,EQIP IRA,Riparian Forest Buffer (391),Total,6,"$6,671 ","2,126"
Tennessee,Total,EQIP IRA,Roof Runoff Structure (558),2023,,,"2,127"
Tennessee,Total,EQIP IRA,Roof Runoff Structure (558),Total,,,"2,128"
Tennessee,Total,EQIP IRA,Sinkhole Treatment (527),2023,,,"2,129"
Tennessee,Total,EQIP IRA,Sinkhole Treatment (527),Total,,,"2,130"
Tennessee,Total,EQIP IRA,Spring Development (574),2023,,,"2,131"
Tennessee,Total,EQIP IRA,Spring Development (574),Total,,,"2,132"
Tennessee,Total,EQIP IRA,Stream Crossing (578),2023,,,"2,133"
Tennessee,Total,EQIP IRA,Stream Crossing (578),Total,,,"2,134"
Tennessee,Total,EQIP IRA,Streambank and Shoreline Protection (580),2023,,,"2,135"
Tennessee,Total,EQIP IRA,Streambank and Shoreline Protection (580),Total,,,"2,136"
Tennessee,Total,EQIP IRA,Structure for Water Control (587),2023,,,"2,137"
Tennessee,Total,EQIP IRA,Structure for Water Control (587),Total,,,"2,138"
Tennessee,Total,EQIP IRA,Total,2023,678,"$3,387,727 ","2,139"
Tennessee,Total,EQIP IRA,Total,Total,678,"$3,387,727 ","2,140"
Tennessee,Total,EQIP IRA,Trails and Walkways (575),2023,,,"2,141"
Tennessee,Total,EQIP IRA,Trails and Walkways (575),Total,,,"2,142"
Tennessee,Total,EQIP IRA,Tree/Shrub Establishment (612),2023,11,"$131,312 ","2,143"
Tennessee,Total,EQIP IRA,Tree/Shrub Establishment (612),Total,11,"$131,312 ","2,144"
Tennessee,Total,EQIP IRA,Tree/Shrub Site Preparation (490),2023,12,"$6,221 ","2,145"
Tennessee,Total,EQIP IRA,Tree/Shrub Site Preparation (490),Total,12,"$6,221 ","2,146"
Tennessee,Total,EQIP IRA,Underground Outlet (620),2023,,,"2,147"
Tennessee,Total,EQIP IRA,Underground Outlet (620),Total,,,"2,148"
Tennessee,Total,EQIP IRA,Upland Wildlife Habitat Management (645),2023,,,"2,149"
Tennessee,Total,EQIP IRA,Upland Wildlife Habitat Management (645),Total,,,"2,150"
Tennessee,Total,EQIP IRA,Water Well (642),2023,10,"$125,291 ","2,151"
Tennessee,Total,EQIP IRA,Water Well (642),Total,10,"$125,291 ","2,152"
Tennessee,Total,EQIP IRA,Watering Facility (614),2023,74,"$121,329 ","2,153"
Tennessee,Total,EQIP IRA,Watering Facility (614),Total,74,"$121,329 ","2,154"
Tennessee,Total,EQIP IRA,Wildlife Habitat Planting (420),2023,12,"$24,281 ","2,155"
Tennessee,Total,EQIP IRA,Wildlife Habitat Planting (420),Total,12,"$24,281 ","2,156"
Texas,Total,EQIP IRA,Brush Management (314),2023,89,"$1,558,311 ","2,157"
Texas,Total,EQIP IRA,Brush Management (314),Total,89,"$1,558,311 ","2,158"
Texas,Total,EQIP IRA,Cover Crop (340),2023,57,"$771,122 ","2,159"
Texas,Total,EQIP IRA,Cover Crop (340),Total,57,"$771,122 ","2,160"
Texas,Total,EQIP IRA,Fence (382),2023,53,"$524,280 ","2,161"
Texas,Total,EQIP IRA,Fence (382),Total,53,"$524,280 ","2,162"
Texas,Total,EQIP IRA,Firebreak (394),2023,,,"2,163"
Texas,Total,EQIP IRA,Firebreak (394),Total,,,"2,164"
Texas,Total,EQIP IRA,Heavy Use Area Protection (561),2023,,,"2,165"
Texas,Total,EQIP IRA,Heavy Use Area Protection (561),Total,,,"2,166"
Texas,Total,EQIP IRA,Herbaceous Weed Treatment (315),2023,,,"2,167"
Texas,Total,EQIP IRA,Herbaceous Weed Treatment (315),Total,,,"2,168"
Texas,Total,EQIP IRA,Livestock Pipeline (516),2023,13,"$93,720 ","2,169"
Texas,Total,EQIP IRA,Livestock Pipeline (516),Total,13,"$93,720 ","2,170"
Texas,Total,EQIP IRA,Nutrient Management (590),2023,5,"$80,270 ","2,171"
Texas,Total,EQIP IRA,Nutrient Management (590),Total,5,"$80,270 ","2,172"
Texas,Total,EQIP IRA,Pasture and Hay Planting (512),2023,15,"$132,443 ","2,173"
Texas,Total,EQIP IRA,Pasture and Hay Planting (512),Total,15,"$132,443 ","2,174"
Texas,Total,EQIP IRA,Pond (378),2023,,,"2,175"
Texas,Total,EQIP IRA,Pond (378),Total,,,"2,176"
Texas,Total,EQIP IRA,Prescribed Grazing (528),2023,147,"$2,711,888 ","2,177"
Texas,Total,EQIP IRA,Prescribed Grazing (528),Total,147,"$2,711,888 ","2,178"
Texas,Total,EQIP IRA,Pumping Plant (533),2023,12,"$77,384 ","2,179"
Texas,Total,EQIP IRA,Pumping Plant (533),Total,12,"$77,384 ","2,180"
Texas,Total,EQIP IRA,Range Planting (550),2023,35,"$351,940 ","2,181"
Texas,Total,EQIP IRA,Range Planting (550),Total,35,"$351,940 ","2,182"
Texas,Total,EQIP IRA,"Residue and Tillage Management, No Till (329)",2023,8,"$86,169 ","2,183"
Texas,Total,EQIP IRA,"Residue and Tillage Management, No Till (329)",Total,8,"$86,169 ","2,184"
Texas,Total,EQIP IRA,"Residue and Tillage Management, Reduced Till (345)",2023,10,"$21,415 ","2,185"
Texas,Total,EQIP IRA,"Residue and Tillage Management, Reduced Till (345)",Total,10,"$21,415 ","2,186"
Texas,Total,EQIP IRA,Roof Runoff Structure (558),2023,,,"2,187"
Texas,Total,EQIP IRA,Roof Runoff Structure (558),Total,,,"2,188"
Texas,Total,EQIP IRA,Total,2023,752,"$12,434,564 ","2,189"
Texas,Total,EQIP IRA,Total,Total,752,"$12,434,564 ","2,190"
Texas,Total,EQIP IRA,Underground Outlet (620),2023,,,"2,191"
Texas,Total,EQIP IRA,Underground Outlet (620),Total,,,"2,192"
Texas,Total,EQIP IRA,Upland Wildlife Habitat Management (645),2023,246,"$5,604,858 ","2,193"
Texas,Total,EQIP IRA,Upland Wildlife Habitat Management (645),Total,246,"$5,604,858 ","2,194"
Texas,Total,EQIP IRA,Water Well (642),2023,6,"$74,043 ","2,195"
Texas,Total,EQIP IRA,Water Well (642),Total,6,"$74,043 ","2,196"
Texas,Total,EQIP IRA,Watering Facility (614),2023,43,"$174,835 ","2,197"
Texas,Total,EQIP IRA,Watering Facility (614),Total,43,"$174,835 ","2,198"
Texas,Total,EQIP IRA,Well Decommissioning (351),2023,,,"2,199"
Texas,Total,EQIP IRA,Well Decommissioning (351),Total,,,"2,200"
Texas,Total,EQIP IRA,Wildlife Habitat Planting (420),2023,5,"$103,288 ","2,201"
Texas,Total,EQIP IRA,Wildlife Habitat Planting (420),Total,5,"$103,288 ","2,202"
Total,Total,EQIP IRA,Access Control (472),2023,9,"$9,988 ","2,203"
Total,Total,EQIP IRA,Access Control (472),Total,9,"$9,988 ","2,204"
Total,Total,EQIP IRA,Access Road (560),2023,,,"2,205"
Total,Total,EQIP IRA,Access Road (560),Total,,,"2,206"
Total,Total,EQIP IRA,Alley Cropping (311),2023,,,"2,207"
Total,Total,EQIP IRA,Alley Cropping (311),Total,,,"2,208"
Total,Total,EQIP IRA,Brush Management (314),2023,13,"$79,799 ","2,209"
Total,Total,EQIP IRA,Brush Management (314),2023,19,"$61,705 ","2,210"
Total,Total,EQIP IRA,Brush Management (314),2023,49,"$378,547 ","2,211"
Total,Total,EQIP IRA,Brush Management (314),Total,13,"$79,799 ","2,212"
Total,Total,EQIP IRA,Brush Management (314),Total,19,"$61,705 ","2,213"
Total,Total,EQIP IRA,Brush Management (314),Total,49,"$378,547 ","2,214"
Total,Total,EQIP IRA,Clearing and Snagging (326),2023,6,"$149,160 ","2,215"
Total,Total,EQIP IRA,Clearing and Snagging (326),Total,6,"$149,160 ","2,216"
Total,Total,EQIP IRA,Combustion System Improvement (372),2023,,,"2,218"
Total,Total,EQIP IRA,Combustion System Improvement (372),2023,22,"$1,230,854 ","2,217"
Total,Total,EQIP IRA,Combustion System Improvement (372),Total,,,"2,220"
Total,Total,EQIP IRA,Combustion System Improvement (372),Total,22,"$1,230,854 ","2,219"
Total,Total,EQIP IRA,Conservation Cover (327),2023,,,"2,222"
Total,Total,EQIP IRA,Conservation Cover (327),2023,4,"$144,597 ","2,221"
Total,Total,EQIP IRA,Conservation Cover (327),Total,,,"2,224"
Total,Total,EQIP IRA,Conservation Cover (327),Total,4,"$144,597 ","2,223"
Total,Total,EQIP IRA,Conservation Crop Rotation (328),2023,,,"2,225"
Total,Total,EQIP IRA,Conservation Crop Rotation (328),Total,,,"2,226"
Total,Total,EQIP IRA,Cover Crop (340),2023,,,"2,229"
Total,Total,EQIP IRA,Cover Crop (340),2023,31,"$251,896 ","2,227"
Total,Total,EQIP IRA,Cover Crop (340),2023,39,"$605,278 ","2,228"
Total,Total,EQIP IRA,Cover Crop (340),Total,,,"2,232"
Total,Total,EQIP IRA,Cover Crop (340),Total,31,"$251,896 ","2,230"
Total,Total,EQIP IRA,Cover Crop (340),Total,39,"$605,278 ","2,231"
Total,Total,EQIP IRA,Critical Area Planting (342),2023,8,"$17,010 ","2,233"
Total,Total,EQIP IRA,Critical Area Planting (342),Total,8,"$17,010 ","2,234"
Total,Total,EQIP IRA,Energy Efficient Agricultural Operation (374),2023,,,"2,235"
Total,Total,EQIP IRA,Energy Efficient Agricultural Operation (374),Total,,,"2,236"
Total,Total,EQIP IRA,Energy Efficient Building Envelope (672),2023,4,"$256,153 ","2,237"
Total,Total,EQIP IRA,Energy Efficient Building Envelope (672),Total,4,"$256,153 ","2,238"
Total,Total,EQIP IRA,Energy Efficient Lighting System (670),2023,,,"2,239"
Total,Total,EQIP IRA,Energy Efficient Lighting System (670),Total,,,"2,240"
Total,Total,EQIP IRA,Fence (382),2023,,,"2,243"
Total,Total,EQIP IRA,Fence (382),2023,6,"$12,239 ","2,241"
Total,Total,EQIP IRA,Fence (382),2023,29,"$63,996 ","2,242"
Total,Total,EQIP IRA,Fence (382),Total,,,"2,246"
Total,Total,EQIP IRA,Fence (382),Total,6,"$12,239 ","2,244"
Total,Total,EQIP IRA,Fence (382),Total,29,"$63,996 ","2,245"
Total,Total,EQIP IRA,Field Border (386),2023,,,"2,247"
Total,Total,EQIP IRA,Field Border (386),Total,,,"2,248"
Total,Total,EQIP IRA,Forest Stand Improvement (666),2023,,,"2,252"
Total,Total,EQIP IRA,Forest Stand Improvement (666),2023,9,"$99,212 ","2,249"
Total,Total,EQIP IRA,Forest Stand Improvement (666),2023,20,"$232,412 ","2,250"
Total,Total,EQIP IRA,Forest Stand Improvement (666),2023,44,"$1,243,812 ","2,251"
Total,Total,EQIP IRA,Forest Stand Improvement (666),Total,,,"2,256"
Total,Total,EQIP IRA,Forest Stand Improvement (666),Total,9,"$99,212 ","2,253"
Total,Total,EQIP IRA,Forest Stand Improvement (666),Total,20,"$232,412 ","2,254"
Total,Total,EQIP IRA,Forest Stand Improvement (666),Total,44,"$1,243,812 ","2,255"
Total,Total,EQIP IRA,Forest Trails and Landings (655),2023,8,"$22,780 ","2,257"
Total,Total,EQIP IRA,Forest Trails and Landings (655),Total,8,"$22,780 ","2,258"
Total,Total,EQIP IRA,Heavy Use Area Protection (561),2023,,,"2,260"
Total,Total,EQIP IRA,Heavy Use Area Protection (561),2023,13,"$128,765 ","2,259"
Total,Total,EQIP IRA,Heavy Use Area Protection (561),Total,,,"2,262"
Total,Total,EQIP IRA,Heavy Use Area Protection (561),Total,13,"$128,765 ","2,261"
Total,Total,EQIP IRA,Hedgerow Planting (422),2023,,,"2,263"
Total,Total,EQIP IRA,Hedgerow Planting (422),Total,,,"2,264"
Total,Total,EQIP IRA,Herbaceous Weed Treatment (315),2023,13,"$3,835 ","2,265"
Total,Total,EQIP IRA,Herbaceous Weed Treatment (315),2023,54,"$69,038 ","2,266"
Total,Total,EQIP IRA,Herbaceous Weed Treatment (315),Total,13,"$3,835 ","2,267"
Total,Total,EQIP IRA,Herbaceous Weed Treatment (315),Total,54,"$69,038 ","2,268"
Total,Total,EQIP IRA,Herbaceous Wind Barriers (603),2023,,,"2,269"
Total,Total,EQIP IRA,Herbaceous Wind Barriers (603),Total,,,"2,270"
Total,Total,EQIP IRA,High Tunnel System (325),2023,4,"$59,964 ","2,271"
Total,Total,EQIP IRA,High Tunnel System (325),Total,4,"$59,964 ","2,272"
Total,Total,EQIP IRA,Irrigation Pipeline (430),2023,,,"2,273"
Total,Total,EQIP IRA,Irrigation Pipeline (430),Total,,,"2,274"
Total,Total,EQIP IRA,Irrigation Reservoir (436),2023,12,"$55,897 ","2,275"
Total,Total,EQIP IRA,Irrigation Reservoir (436),Total,12,"$55,897 ","2,276"
Total,Total,EQIP IRA,"Irrigation System, Microirrigation (441)",2023,,,"2,278"
Total,Total,EQIP IRA,"Irrigation System, Microirrigation (441)",2023,10,"$32,111 ","2,277"
Total,Total,EQIP IRA,"Irrigation System, Microirrigation (441)",Total,,,"2,280"
Total,Total,EQIP IRA,"Irrigation System, Microirrigation (441)",Total,10,"$32,111 ","2,279"
Total,Total,EQIP IRA,Irrigation Water Management (449),2023,4,$124 ,"2,281"
Total,Total,EQIP IRA,Irrigation Water Management (449),Total,4,$124 ,"2,282"
Total,Total,EQIP IRA,Lined Waterway or Outlet (468),2023,,,"2,283"
Total,Total,EQIP IRA,Lined Waterway or Outlet (468),Total,,,"2,284"
Total,Total,EQIP IRA,Livestock Pipeline (516),2023,,,"2,287"
Total,Total,EQIP IRA,Livestock Pipeline (516),2023,6,"$19,177 ","2,285"
Total,Total,EQIP IRA,Livestock Pipeline (516),2023,7,"$20,431 ","2,286"
Total,Total,EQIP IRA,Livestock Pipeline (516),Total,,,"2,290"
Total,Total,EQIP IRA,Livestock Pipeline (516),Total,6,"$19,177 ","2,288"
Total,Total,EQIP IRA,Livestock Pipeline (516),Total,7,"$20,431 ","2,289"
Total,Total,EQIP IRA,Livestock Shelter Structure (576),2023,7,"$31,640 ","2,291"
Total,Total,EQIP IRA,Livestock Shelter Structure (576),Total,7,"$31,640 ","2,292"
Total,Total,EQIP IRA,Mulching (484),2023,,,"2,295"
Total,Total,EQIP IRA,Mulching (484),2023,6,"$86,348 ","2,293"
Total,Total,EQIP IRA,Mulching (484),2023,24,"$130,095 ","2,294"
Total,Total,EQIP IRA,Mulching (484),Total,,,"2,298"
Total,Total,EQIP IRA,Mulching (484),Total,6,"$86,348 ","2,296"
Total,Total,EQIP IRA,Mulching (484),Total,24,"$130,095 ","2,297"
Total,Total,EQIP IRA,Nutrient Management (590),2023,,,"2,299"
Total,Total,EQIP IRA,Nutrient Management (590),Total,,,"2,300"
Total,Total,EQIP IRA,Obstruction Removal (500),2023,,,"2,302"
Total,Total,EQIP IRA,Obstruction Removal (500),2023,6,"$51,551 ","2,301"
Total,Total,EQIP IRA,Obstruction Removal (500),Total,,,"2,304"
Total,Total,EQIP IRA,Obstruction Removal (500),Total,6,"$51,551 ","2,303"
Total,Total,EQIP IRA,Pasture and Hay Planting (512),2023,,,"2,307"
Total,Total,EQIP IRA,Pasture and Hay Planting (512),2023,12,"$56,826 ","2,305"
Total,Total,EQIP IRA,Pasture and Hay Planting (512),2023,22,"$169,258 ","2,306"
Total,Total,EQIP IRA,Pasture and Hay Planting (512),Total,,,"2,310"
Total,Total,EQIP IRA,Pasture and Hay Planting (512),Total,12,"$56,826 ","2,308"
Total,Total,EQIP IRA,Pasture and Hay Planting (512),Total,22,"$169,258 ","2,309"
Total,Total,EQIP IRA,Prescribed Grazing (528),2023,9,"$5,013 ","2,311"
Total,Total,EQIP IRA,Prescribed Grazing (528),2023,9,"$22,718 ","2,312"
Total,Total,EQIP IRA,Prescribed Grazing (528),2023,12,"$31,137 ","2,313"
Total,Total,EQIP IRA,Prescribed Grazing (528),Total,9,"$5,013 ","2,314"
Total,Total,EQIP IRA,Prescribed Grazing (528),Total,9,"$22,718 ","2,315"
Total,Total,EQIP IRA,Prescribed Grazing (528),Total,12,"$31,137 ","2,316"
Total,Total,EQIP IRA,Pumping Plant (533),2023,,,"2,318"
Total,Total,EQIP IRA,Pumping Plant (533),2023,5,"$29,414 ","2,317"
Total,Total,EQIP IRA,Pumping Plant (533),Total,,,"2,320"
Total,Total,EQIP IRA,Pumping Plant (533),Total,5,"$29,414 ","2,319"
Total,Total,EQIP IRA,"Residue and Tillage Management, No Till (329)",2023,,,"2,321"
Total,Total,EQIP IRA,"Residue and Tillage Management, No Till (329)",Total,,,"2,322"
Total,Total,EQIP IRA,"Residue and Tillage Management, Reduced Till (345)",2023,,,"2,323"
Total,Total,EQIP IRA,"Residue and Tillage Management, Reduced Till (345)",Total,,,"2,324"
Total,Total,EQIP IRA,Road/Trail/Landing Closure and Treatment (654),2023,11,"$83,725 ","2,325"
Total,Total,EQIP IRA,Road/Trail/Landing Closure and Treatment (654),Total,11,"$83,725 ","2,326"
Total,Total,EQIP IRA,Roof Runoff Structure (558),2023,,,"2,328"
Total,Total,EQIP IRA,Roof Runoff Structure (558),2023,14,"$56,136 ","2,327"
Total,Total,EQIP IRA,Roof Runoff Structure (558),Total,,,"2,330"
Total,Total,EQIP IRA,Roof Runoff Structure (558),Total,14,"$56,136 ","2,329"
Total,Total,EQIP IRA,Roofs and Covers (367),2023,4,"$219,316 ","2,331"
Total,Total,EQIP IRA,Roofs and Covers (367),Total,4,"$219,316 ","2,332"
Total,Total,EQIP IRA,Structures for Wildlife (649),2023,,,"2,333"
Total,Total,EQIP IRA,Structures for Wildlife (649),Total,,,"2,334"
Total,Total,EQIP IRA,Total,2023,28,"$470,272 ","2,335"
Total,Total,EQIP IRA,Total,2023,35,"$306,785 ","2,336"
Total,Total,EQIP IRA,Total,2023,86,"$337,205 ","2,337"
Total,Total,EQIP IRA,Total,2023,171,"$1,125,108 ","2,338"
Total,Total,EQIP IRA,Total,2023,214,"$2,486,628 ","2,339"
Total,Total,EQIP IRA,Total,2023,244,"$2,628,998 ","2,340"
Total,Total,EQIP IRA,Total,Total,28,"$470,272 ","2,341"
Total,Total,EQIP IRA,Total,Total,35,"$306,785 ","2,342"
Total,Total,EQIP IRA,Total,Total,86,"$337,205 ","2,343"
Total,Total,EQIP IRA,Total,Total,171,"$1,125,108 ","2,344"
Total,Total,EQIP IRA,Total,Total,214,"$2,486,628 ","2,345"
Total,Total,EQIP IRA,Total,Total,244,"$2,628,998 ","2,346"
Total,Total,EQIP IRA,Tree-Shrub Pruning (660),2023,,,"2,347"
Total,Total,EQIP IRA,Tree-Shrub Pruning (660),Total,,,"2,348"
Total,Total,EQIP IRA,Tree/Shrub Establishment (612),2023,,,"2,351"
Total,Total,EQIP IRA,Tree/Shrub Establishment (612),2023,6,"$6,823 ","2,349"
Total,Total,EQIP IRA,Tree/Shrub Establishment (612),2023,7,"$14,902 ","2,350"
Total,Total,EQIP IRA,Tree/Shrub Establishment (612),Total,,,"2,354"
Total,Total,EQIP IRA,Tree/Shrub Establishment (612),Total,6,"$6,823 ","2,352"
Total,Total,EQIP IRA,Tree/Shrub Establishment (612),Total,7,"$14,902 ","2,353"
Total,Total,EQIP IRA,Tree/Shrub Site Preparation (490),2023,,,"2,356"
Total,Total,EQIP IRA,Tree/Shrub Site Preparation (490),2023,6,"$2,496 ","2,355"
Total,Total,EQIP IRA,Tree/Shrub Site Preparation (490),Total,,,"2,358"
Total,Total,EQIP IRA,Tree/Shrub Site Preparation (490),Total,6,"$2,496 ","2,357"
Total,Total,EQIP IRA,Underground Outlet (620),2023,,,"2,359"
Total,Total,EQIP IRA,Underground Outlet (620),Total,,,"2,360"
Total,Total,EQIP IRA,Upland Wildlife Habitat Management (645),2023,15,"$61,923 ","2,361"
Total,Total,EQIP IRA,Upland Wildlife Habitat Management (645),Total,15,"$61,923 ","2,362"
Total,Total,EQIP IRA,Vegetative Barrier (601),2023,,,"2,363"
Total,Total,EQIP IRA,Vegetative Barrier (601),Total,,,"2,364"
Total,Total,EQIP IRA,Water Well (642),2023,,,"2,366"
Total,Total,EQIP IRA,Water Well (642),2023,4,"$102,636 ","2,365"
Total,Total,EQIP IRA,Water Well (642),Total,,,"2,368"
Total,Total,EQIP IRA,Water Well (642),Total,4,"$102,636 ","2,367"
Total,Total,EQIP IRA,Watering Facility (614),2023,,,"2,371"
Total,Total,EQIP IRA,Watering Facility (614),2023,7,"$4,496 ","2,369"
Total,Total,EQIP IRA,Watering Facility (614),2023,14,"$36,582 ","2,370"
Total,Total,EQIP IRA,Watering Facility (614),Total,,,"2,374"
Total,Total,EQIP IRA,Watering Facility (614),Total,7,"$4,496 ","2,372"
Total,Total,EQIP IRA,Watering Facility (614),Total,14,"$36,582 ","2,373"
Total,Total,EQIP IRA,Wildlife Habitat Planting (420),2023,,,"2,376"
Total,Total,EQIP IRA,Wildlife Habitat Planting (420),2023,5,"$221,601 ","2,375"
Total,Total,EQIP IRA,Wildlife Habitat Planting (420),Total,,,"2,378"
Total,Total,EQIP IRA,Wildlife Habitat Planting (420),Total,5,"$221,601 ","2,377"
Total,Total,EQIP IRA,Windbreak/Shelterbelt Establishment and Renovation (380),2023,,,"2,379"
Total,Total,EQIP IRA,Windbreak/Shelterbelt Establishment and Renovation (380),Total,,,"2,380"
Total,Total,EQIP IRA,Woody Residue Treatment (384),2023,,,"2,382"
Total,Total,EQIP IRA,Woody Residue Treatment (384),2023,34,"$91,559 ","2,381"
Total,Total,EQIP IRA,Woody Residue Treatment (384),Total,,,"2,384"
Total,Total,EQIP IRA,Woody Residue Treatment (384),Total,34,"$91,559 ","2,383"
U.S. Virgin Islands,Total,EQIP IRA,Conservation Crop Rotation (328),2023,,,"2,385"
U.S. Virgin Islands,Total,EQIP IRA,Conservation Crop Rotation (328),Total,,,"2,386"
U.S. Virgin Islands,Total,EQIP IRA,Cover Crop (340),2023,,,"2,387"
U.S. Virgin Islands,Total,EQIP IRA,Cover Crop (340),Total,,,"2,388"
U.S. Virgin Islands,Total,EQIP IRA,Irrigation Pipeline (430),2023,,,"2,389"
U.S. Virgin Islands,Total,EQIP IRA,Irrigation Pipeline (430),Total,,,"2,390"
U.S. Virgin Islands,Total,EQIP IRA,"Irrigation System, Microirrigation (441)",2023,,,"2,391"
U.S. Virgin Islands,Total,EQIP IRA,"Irrigation System, Microirrigation (441)",Total,,,"2,392"
U.S. Virgin Islands,Total,EQIP IRA,Irrigation Water Management (449),2023,,,"2,393"
U.S. Virgin Islands,Total,EQIP IRA,Irrigation Water Management (449),Total,,,"2,394"
U.S. Virgin Islands,Total,EQIP IRA,Mulching (484),2023,,,"2,395"
U.S. Virgin Islands,Total,EQIP IRA,Mulching (484),Total,,,"2,396"
U.S. Virgin Islands,Total,EQIP IRA,Nutrient Management (590),2023,,,"2,397"
U.S. Virgin Islands,Total,EQIP IRA,Nutrient Management (590),Total,,,"2,398"
U.S. Virgin Islands,Total,EQIP IRA,Pumping Plant (533),2023,,,"2,399"
U.S. Virgin Islands,Total,EQIP IRA,Pumping Plant (533),Total,,,"2,400"
U.S. Virgin Islands,Total,EQIP IRA,"Residue and Tillage Management, Reduced Till (345)",2023,,,"2,401"
U.S. Virgin Islands,Total,EQIP IRA,"Residue and Tillage Management, Reduced Till (345)",Total,,,"2,402"
U.S. Virgin Islands,Total,EQIP IRA,Total,2023,14,"$31,435 ","2,403"
U.S. Virgin Islands,Total,EQIP IRA,Total,Total,14,"$31,435 ","2,404"
U.S. Virgin Islands,Total,EQIP IRA,Tree-Shrub Pruning (660),2023,,,"2,405"
U.S. Virgin Islands,Total,EQIP IRA,Tree-Shrub Pruning (660),Total,,,"2,406"
U.S. Virgin Islands,Total,EQIP IRA,Water Well (642),2023,,,"2,407"
U.S. Virgin Islands,Total,EQIP IRA,Water Well (642),Total,,,"2,408"
Utah,Total,EQIP IRA,Brush Management (314),2023,12,"$237,325 ","2,409"
Utah,Total,EQIP IRA,Brush Management (314),Total,12,"$237,325 ","2,410"
Utah,Total,EQIP IRA,Conservation Cover (327),2023,,,"2,411"
Utah,Total,EQIP IRA,Conservation Cover (327),Total,,,"2,412"
Utah,Total,EQIP IRA,Conservation Crop Rotation (328),2023,4,"$28,087 ","2,413"
Utah,Total,EQIP IRA,Conservation Crop Rotation (328),Total,4,"$28,087 ","2,414"
Utah,Total,EQIP IRA,Cover Crop (340),2023,21,"$155,304 ","2,415"
Utah,Total,EQIP IRA,Cover Crop (340),Total,21,"$155,304 ","2,416"
Utah,Total,EQIP IRA,Fence (382),2023,34,"$164,938 ","2,417"
Utah,Total,EQIP IRA,Fence (382),Total,34,"$164,938 ","2,418"
Utah,Total,EQIP IRA,Hedgerow Planting (422),2023,,,"2,419"
Utah,Total,EQIP IRA,Hedgerow Planting (422),Total,,,"2,420"
Utah,Total,EQIP IRA,Herbaceous Weed Treatment (315),2023,6,"$6,855 ","2,421"
Utah,Total,EQIP IRA,Herbaceous Weed Treatment (315),Total,6,"$6,855 ","2,422"
Utah,Total,EQIP IRA,"Irrigation System, Microirrigation (441)",2023,,,"2,423"
Utah,Total,EQIP IRA,"Irrigation System, Microirrigation (441)",Total,,,"2,424"
Utah,Total,EQIP IRA,Livestock Pipeline (516),2023,19,"$195,455 ","2,425"
Utah,Total,EQIP IRA,Livestock Pipeline (516),Total,19,"$195,455 ","2,426"
Utah,Total,EQIP IRA,Livestock Shelter Structure (576),2023,,,"2,427"
Utah,Total,EQIP IRA,Livestock Shelter Structure (576),Total,,,"2,428"
Utah,Total,EQIP IRA,Mulching (484),2023,,,"2,429"
Utah,Total,EQIP IRA,Mulching (484),Total,,,"2,430"
Utah,Total,EQIP IRA,Nutrient Management (590),2023,8,"$19,816 ","2,431"
Utah,Total,EQIP IRA,Nutrient Management (590),Total,8,"$19,816 ","2,432"
Utah,Total,EQIP IRA,Pasture and Hay Planting (512),2023,21,"$77,628 ","2,433"
Utah,Total,EQIP IRA,Pasture and Hay Planting (512),Total,21,"$77,628 ","2,434"
Utah,Total,EQIP IRA,Pond (378),2023,,,"2,435"
Utah,Total,EQIP IRA,Pond (378),Total,,,"2,436"
Utah,Total,EQIP IRA,"Pond Sealing or Lining, Geomembrane or Geosynthetic Clay Liner (521)",2023,,,"2,437"
Utah,Total,EQIP IRA,"Pond Sealing or Lining, Geomembrane or Geosynthetic Clay Liner (521)",Total,,,"2,438"
Utah,Total,EQIP IRA,Prescribed Grazing (528),2023,38,"$62,502 ","2,439"
Utah,Total,EQIP IRA,Prescribed Grazing (528),Total,38,"$62,502 ","2,440"
Utah,Total,EQIP IRA,Pumping Plant (533),2023,6,"$45,391 ","2,441"
Utah,Total,EQIP IRA,Pumping Plant (533),Total,6,"$45,391 ","2,442"
Utah,Total,EQIP IRA,Range Planting (550),2023,20,"$340,991 ","2,443"
Utah,Total,EQIP IRA,Range Planting (550),Total,20,"$340,991 ","2,444"
Utah,Total,EQIP IRA,"Residue and Tillage Management, No Till (329)",2023,16,"$50,079 ","2,445"
Utah,Total,EQIP IRA,"Residue and Tillage Management, No Till (329)",Total,16,"$50,079 ","2,446"
Utah,Total,EQIP IRA,Soil Health Testing (216),2023,5,"$3,589 ","2,447"
Utah,Total,EQIP IRA,Soil Health Testing (216),Total,5,"$3,589 ","2,448"
Utah,Total,EQIP IRA,Spring Development (574),2023,,,"2,449"
Utah,Total,EQIP IRA,Spring Development (574),Total,,,"2,450"
Utah,Total,EQIP IRA,Structure for Water Control (587),2023,,,"2,451"
Utah,Total,EQIP IRA,Structure for Water Control (587),Total,,,"2,452"
Utah,Total,EQIP IRA,Structures for Wildlife (649),2023,,,"2,453"
Utah,Total,EQIP IRA,Structures for Wildlife (649),Total,,,"2,454"
Utah,Total,EQIP IRA,Total,2023,267,"$1,688,036 ","2,455"
Utah,Total,EQIP IRA,Total,Total,267,"$1,688,036 ","2,456"
Utah,Total,EQIP IRA,Tree/Shrub Establishment (612),2023,4,"$3,831 ","2,457"
Utah,Total,EQIP IRA,Tree/Shrub Establishment (612),Total,4,"$3,831 ","2,458"
Utah,Total,EQIP IRA,Upland Wildlife Habitat Management (645),2023,5,"$27,302 ","2,459"
Utah,Total,EQIP IRA,Upland Wildlife Habitat Management (645),Total,5,"$27,302 ","2,460"
Utah,Total,EQIP IRA,Water Well (642),2023,,,"2,461"
Utah,Total,EQIP IRA,Water Well (642),Total,,,"2,462"
Utah,Total,EQIP IRA,Watering Facility (614),2023,32,"$101,224 ","2,463"
Utah,Total,EQIP IRA,Watering Facility (614),Total,32,"$101,224 ","2,464"
Utah,Total,EQIP IRA,Wildlife Habitat Planting (420),2023,,,"2,465"
Utah,Total,EQIP IRA,Wildlife Habitat Planting (420),Total,,,"2,466"
Utah,Total,EQIP IRA,Windbreak/Shelterbelt Establishment and Renovation (380),2023,,,"2,467"
Utah,Total,EQIP IRA,Windbreak/Shelterbelt Establishment and Renovation (380),Total,,,"2,468"
Vermont,Total,EQIP IRA,Anaerobic Digester (366),2023,,,"2,469"
Vermont,Total,EQIP IRA,Anaerobic Digester (366),Total,,,"2,470"
Vermont,Total,EQIP IRA,Conservation Crop Rotation (328),2023,102,"$239,266 ","2,471"
Vermont,Total,EQIP IRA,Conservation Crop Rotation (328),Total,102,"$239,266 ","2,472"
Vermont,Total,EQIP IRA,Cover Crop (340),2023,127,"$1,975,245 ","2,473"
Vermont,Total,EQIP IRA,Cover Crop (340),Total,127,"$1,975,245 ","2,474"
Vermont,Total,EQIP IRA,Nutrient Management (590),2023,126,"$1,212,200 ","2,475"
Vermont,Total,EQIP IRA,Nutrient Management (590),Total,126,"$1,212,200 ","2,476"
Vermont,Total,EQIP IRA,"Residue and Tillage Management, No Till (329)",2023,92,"$357,830 ","2,477"
Vermont,Total,EQIP IRA,"Residue and Tillage Management, No Till (329)",Total,92,"$357,830 ","2,478"
Vermont,Total,EQIP IRA,"Residue and Tillage Management, Reduced Till (345)",2023,,,"2,479"
Vermont,Total,EQIP IRA,"Residue and Tillage Management, Reduced Till (345)",Total,,,"2,480"
Vermont,Total,EQIP IRA,Total,2023,,,"2,482"
Vermont,Total,EQIP IRA,Total,2023,486,"$4,786,704 ","2,481"
Vermont,Total,EQIP IRA,Total,Total,,,"2,484"
Vermont,Total,EQIP IRA,Total,Total,486,"$4,786,704 ","2,483"
Virginia,Total,EQIP IRA,Access Control (472),2023,48,"$23,676 ","2,485"
Virginia,Total,EQIP IRA,Access Control (472),Total,48,"$23,676 ","2,486"
Virginia,Total,EQIP IRA,Brush Management (314),2023,50,"$112,524 ","2,487"
Virginia,Total,EQIP IRA,Brush Management (314),Total,50,"$112,524 ","2,488"
Virginia,Total,EQIP IRA,Conservation Cover (327),2023,,,"2,489"
Virginia,Total,EQIP IRA,Conservation Cover (327),Total,,,"2,490"
Virginia,Total,EQIP IRA,Conservation Crop Rotation (328),2023,,,"2,492"
Virginia,Total,EQIP IRA,Conservation Crop Rotation (328),2023,59,"$121,587 ","2,491"
Virginia,Total,EQIP IRA,Conservation Crop Rotation (328),Total,,,"2,494"
Virginia,Total,EQIP IRA,Conservation Crop Rotation (328),Total,59,"$121,587 ","2,493"
Virginia,Total,EQIP IRA,Cover Crop (340),2023,9,"$26,548 ","2,495"
Virginia,Total,EQIP IRA,Cover Crop (340),2023,68,"$783,468 ","2,496"
Virginia,Total,EQIP IRA,Cover Crop (340),Total,9,"$26,548 ","2,497"
Virginia,Total,EQIP IRA,Cover Crop (340),Total,68,"$783,468 ","2,498"
Virginia,Total,EQIP IRA,Critical Area Planting (342),2023,5,"$3,196 ","2,499"
Virginia,Total,EQIP IRA,Critical Area Planting (342),Total,5,"$3,196 ","2,500"
Virginia,Total,EQIP IRA,Early Successional Habitat Development-Mgt (647),2023,8,"$3,638 ","2,501"
Virginia,Total,EQIP IRA,Early Successional Habitat Development-Mgt (647),Total,8,"$3,638 ","2,502"
Virginia,Total,EQIP IRA,Fence (382),2023,106,"$630,340 ","2,503"
Virginia,Total,EQIP IRA,Fence (382),Total,106,"$630,340 ","2,504"
Virginia,Total,EQIP IRA,Firebreak (394),2023,6,"$13,861 ","2,505"
Virginia,Total,EQIP IRA,Firebreak (394),Total,6,"$13,861 ","2,506"
Virginia,Total,EQIP IRA,Forest Stand Improvement (666),2023,30,"$404,596 ","2,507"
Virginia,Total,EQIP IRA,Forest Stand Improvement (666),Total,30,"$404,596 ","2,508"
Virginia,Total,EQIP IRA,Heavy Use Area Protection (561),2023,28,"$82,016 ","2,509"
Virginia,Total,EQIP IRA,Heavy Use Area Protection (561),Total,28,"$82,016 ","2,510"
Virginia,Total,EQIP IRA,Herbaceous Weed Treatment (315),2023,44,"$47,574 ","2,511"
Virginia,Total,EQIP IRA,Herbaceous Weed Treatment (315),Total,44,"$47,574 ","2,512"
Virginia,Total,EQIP IRA,Livestock Pipeline (516),2023,32,"$248,815 ","2,513"
Virginia,Total,EQIP IRA,Livestock Pipeline (516),Total,32,"$248,815 ","2,514"
Virginia,Total,EQIP IRA,Mulching (484),2023,,,"2,515"
Virginia,Total,EQIP IRA,Mulching (484),Total,,,"2,516"
Virginia,Total,EQIP IRA,Nutrient Management (590),2023,7,"$1,708 ","2,517"
Virginia,Total,EQIP IRA,Nutrient Management (590),2023,64,"$242,949 ","2,518"
Virginia,Total,EQIP IRA,Nutrient Management (590),Total,7,"$1,708 ","2,519"
Virginia,Total,EQIP IRA,Nutrient Management (590),Total,64,"$242,949 ","2,520"
Virginia,Total,EQIP IRA,Pasture and Hay Planting (512),2023,33,"$307,917 ","2,521"
Virginia,Total,EQIP IRA,Pasture and Hay Planting (512),Total,33,"$307,917 ","2,522"
Virginia,Total,EQIP IRA,Prescribed Burning (338),2023,6,"$3,192 ","2,523"
Virginia,Total,EQIP IRA,Prescribed Burning (338),Total,6,"$3,192 ","2,524"
Virginia,Total,EQIP IRA,Prescribed Grazing (528),2023,46,"$116,205 ","2,525"
Virginia,Total,EQIP IRA,Prescribed Grazing (528),Total,46,"$116,205 ","2,526"
Virginia,Total,EQIP IRA,Pumping Plant (533),2023,17,"$73,864 ","2,527"
Virginia,Total,EQIP IRA,Pumping Plant (533),Total,17,"$73,864 ","2,528"
Virginia,Total,EQIP IRA,"Residue and Tillage Management, No Till (329)",2023,6,"$11,853 ","2,529"
Virginia,Total,EQIP IRA,"Residue and Tillage Management, No Till (329)",2023,33,"$56,932 ","2,530"
Virginia,Total,EQIP IRA,"Residue and Tillage Management, No Till (329)",Total,6,"$11,853 ","2,531"
Virginia,Total,EQIP IRA,"Residue and Tillage Management, No Till (329)",Total,33,"$56,932 ","2,532"
Virginia,Total,EQIP IRA,"Residue and Tillage Management, Reduced Till (345)",2023,,,"2,534"
Virginia,Total,EQIP IRA,"Residue and Tillage Management, Reduced Till (345)",2023,33,"$143,003 ","2,533"
Virginia,Total,EQIP IRA,"Residue and Tillage Management, Reduced Till (345)",Total,,,"2,536"
Virginia,Total,EQIP IRA,"Residue and Tillage Management, Reduced Till (345)",Total,33,"$143,003 ","2,535"
Virginia,Total,EQIP IRA,Riparian Forest Buffer (391),2023,15,"$40,323 ","2,537"
Virginia,Total,EQIP IRA,Riparian Forest Buffer (391),Total,15,"$40,323 ","2,538"
Virginia,Total,EQIP IRA,Roof Runoff Structure (558),2023,,,"2,539"
Virginia,Total,EQIP IRA,Roof Runoff Structure (558),Total,,,"2,540"
Virginia,Total,EQIP IRA,Stream Crossing (578),2023,6,"$16,017 ","2,541"
Virginia,Total,EQIP IRA,Stream Crossing (578),Total,6,"$16,017 ","2,542"
Virginia,Total,EQIP IRA,Structures for Wildlife (649),2023,,,"2,543"
Virginia,Total,EQIP IRA,Structures for Wildlife (649),Total,,,"2,544"
Virginia,Total,EQIP IRA,Total,2023,606,"$2,678,736 ","2,545"
Virginia,Total,EQIP IRA,Total,2023,835,"$3,974,590 ","2,546"
Virginia,Total,EQIP IRA,Total,Total,606,"$2,678,736 ","2,547"
Virginia,Total,EQIP IRA,Total,Total,835,"$3,974,590 ","2,548"
Virginia,Total,EQIP IRA,Trails and Walkways (575),2023,4,"$38,082 ","2,549"
Virginia,Total,EQIP IRA,Trails and Walkways (575),Total,4,"$38,082 ","2,550"
Virginia,Total,EQIP IRA,Tree/Shrub Establishment (612),2023,16,"$82,852 ","2,551"
Virginia,Total,EQIP IRA,Tree/Shrub Establishment (612),Total,16,"$82,852 ","2,552"
Virginia,Total,EQIP IRA,Tree/Shrub Site Preparation (490),2023,17,"$8,609 ","2,553"
Virginia,Total,EQIP IRA,Tree/Shrub Site Preparation (490),Total,17,"$8,609 ","2,554"
Virginia,Total,EQIP IRA,Underground Outlet (620),2023,,,"2,555"
Virginia,Total,EQIP IRA,Underground Outlet (620),Total,,,"2,556"
Virginia,Total,EQIP IRA,Upland Wildlife Habitat Management (645),2023,,,"2,557"
Virginia,Total,EQIP IRA,Upland Wildlife Habitat Management (645),Total,,,"2,558"
Virginia,Total,EQIP IRA,Water Well (642),2023,13,"$164,447 ","2,559"
Virginia,Total,EQIP IRA,Water Well (642),Total,13,"$164,447 ","2,560"
Virginia,Total,EQIP IRA,Watering Facility (614),2023,29,"$184,123 ","2,561"
Virginia,Total,EQIP IRA,Watering Facility (614),Total,29,"$184,123 ","2,562"
Virginia,Total,EQIP IRA,Wildlife Habitat Planting (420),2023,7,"$13,637 ","2,563"
Virginia,Total,EQIP IRA,Wildlife Habitat Planting (420),Total,7,"$13,637 ","2,564"
Washington,Total,EQIP IRA,Brush Management (314),2023,13,"$14,035 ","2,565"
Washington,Total,EQIP IRA,Brush Management (314),Total,13,"$14,035 ","2,566"
Washington,Total,EQIP IRA,Conservation Crop Rotation (328),2023,,,"2,567"
Washington,Total,EQIP IRA,Conservation Crop Rotation (328),Total,,,"2,568"
Washington,Total,EQIP IRA,Cover Crop (340),2023,,,"2,569"
Washington,Total,EQIP IRA,Cover Crop (340),Total,,,"2,570"
Washington,Total,EQIP IRA,Energy Efficient Agricultural Operation (374),2023,5,"$87,308 ","2,571"
Washington,Total,EQIP IRA,Energy Efficient Agricultural Operation (374),Total,5,"$87,308 ","2,572"
Washington,Total,EQIP IRA,Energy Efficient Building Envelope (672),2023,,,"2,573"
Washington,Total,EQIP IRA,Energy Efficient Building Envelope (672),Total,,,"2,574"
Washington,Total,EQIP IRA,Energy Efficient Lighting System (670),2023,,,"2,575"
Washington,Total,EQIP IRA,Energy Efficient Lighting System (670),Total,,,"2,576"
Washington,Total,EQIP IRA,Fence (382),2023,13,"$97,896 ","2,577"
Washington,Total,EQIP IRA,Fence (382),Total,13,"$97,896 ","2,578"
Washington,Total,EQIP IRA,Field Border (386),2023,,,"2,579"
Washington,Total,EQIP IRA,Field Border (386),Total,,,"2,580"
Washington,Total,EQIP IRA,Forest Stand Improvement (666),2023,96,"$1,217,632 ","2,581"
Washington,Total,EQIP IRA,Forest Stand Improvement (666),Total,96,"$1,217,632 ","2,582"
Washington,Total,EQIP IRA,Heavy Use Area Protection (561),2023,5,"$21,594 ","2,583"
Washington,Total,EQIP IRA,Heavy Use Area Protection (561),Total,5,"$21,594 ","2,584"
Washington,Total,EQIP IRA,Herbaceous Weed Treatment (315),2023,11,"$85,886 ","2,585"
Washington,Total,EQIP IRA,Herbaceous Weed Treatment (315),Total,11,"$85,886 ","2,586"
Washington,Total,EQIP IRA,Livestock Pipeline (516),2023,,,"2,587"
Washington,Total,EQIP IRA,Livestock Pipeline (516),Total,,,"2,588"
Washington,Total,EQIP IRA,Nutrient Management (590),2023,16,"$205,798 ","2,589"
Washington,Total,EQIP IRA,Nutrient Management (590),Total,16,"$205,798 ","2,590"
Washington,Total,EQIP IRA,Pasture and Hay Planting (512),2023,,,"2,591"
Washington,Total,EQIP IRA,Pasture and Hay Planting (512),Total,,,"2,592"
Washington,Total,EQIP IRA,Pest Management Conservation System (595),2023,4,"$76,368 ","2,593"
Washington,Total,EQIP IRA,Pest Management Conservation System (595),Total,4,"$76,368 ","2,594"
Washington,Total,EQIP IRA,Prescribed Grazing (528),2023,27,"$184,140 ","2,595"
Washington,Total,EQIP IRA,Prescribed Grazing (528),Total,27,"$184,140 ","2,596"
Washington,Total,EQIP IRA,Pumping Plant (533),2023,6,"$59,760 ","2,597"
Washington,Total,EQIP IRA,Pumping Plant (533),Total,6,"$59,760 ","2,598"
Washington,Total,EQIP IRA,Range Planting (550),2023,,,"2,599"
Washington,Total,EQIP IRA,Range Planting (550),Total,,,"2,600"
Washington,Total,EQIP IRA,"Residue and Tillage Management, Reduced Till (345)",2023,18,"$1,153,388 ","2,601"
Washington,Total,EQIP IRA,"Residue and Tillage Management, Reduced Till (345)",Total,18,"$1,153,388 ","2,602"
Washington,Total,EQIP IRA,Riparian Forest Buffer (391),2023,,,"2,603"
Washington,Total,EQIP IRA,Riparian Forest Buffer (391),Total,,,"2,604"
Washington,Total,EQIP IRA,Roofs and Covers (367),2023,,,"2,605"
Washington,Total,EQIP IRA,Roofs and Covers (367),Total,,,"2,606"
Washington,Total,EQIP IRA,Structures for Wildlife (649),2023,6,"$31,204 ","2,607"
Washington,Total,EQIP IRA,Structures for Wildlife (649),Total,6,"$31,204 ","2,608"
Washington,Total,EQIP IRA,Total,2023,414,"$4,175,900 ","2,609"
Washington,Total,EQIP IRA,Total,Total,414,"$4,175,900 ","2,610"
Washington,Total,EQIP IRA,Tree-Shrub Pruning (660),2023,55,"$189,583 ","2,611"
Washington,Total,EQIP IRA,Tree-Shrub Pruning (660),Total,55,"$189,583 ","2,612"
Washington,Total,EQIP IRA,Tree/Shrub Establishment (612),2023,12,"$57,470 ","2,613"
Washington,Total,EQIP IRA,Tree/Shrub Establishment (612),Total,12,"$57,470 ","2,614"
Washington,Total,EQIP IRA,Tree/Shrub Site Preparation (490),2023,17,"$132,199 ","2,615"
Washington,Total,EQIP IRA,Tree/Shrub Site Preparation (490),Total,17,"$132,199 ","2,616"
Washington,Total,EQIP IRA,Upland Wildlife Habitat Management (645),2023,12,"$2,722 ","2,617"
Washington,Total,EQIP IRA,Upland Wildlife Habitat Management (645),Total,12,"$2,722 ","2,618"
Washington,Total,EQIP IRA,Waste Separation Facility (632),2023,,,"2,619"
Washington,Total,EQIP IRA,Waste Separation Facility (632),Total,,,"2,620"
Washington,Total,EQIP IRA,Waste Storage Facility (313),2023,,,"2,621"
Washington,Total,EQIP IRA,Waste Storage Facility (313),Total,,,"2,622"
Washington,Total,EQIP IRA,Waste Transfer (634),2023,,,"2,623"
Washington,Total,EQIP IRA,Waste Transfer (634),Total,,,"2,624"
Washington,Total,EQIP IRA,Watering Facility (614),2023,4,"$11,955 ","2,625"
Washington,Total,EQIP IRA,Watering Facility (614),Total,4,"$11,955 ","2,626"
Washington,Total,EQIP IRA,Wildlife Habitat Planting (420),2023,,,"2,627"
Washington,Total,EQIP IRA,Wildlife Habitat Planting (420),Total,,,"2,628"
Washington,Total,EQIP IRA,Woody Residue Treatment (384),2023,66,"$129,777 ","2,629"
Washington,Total,EQIP IRA,Woody Residue Treatment (384),Total,66,"$129,777 ","2,630"
West Virginia,Total,EQIP IRA,Access Control (472),2023,5,$894 ,"2,631"
West Virginia,Total,EQIP IRA,Access Control (472),Total,5,$894 ,"2,632"
West Virginia,Total,EQIP IRA,Agricultural Energy Assessment (228),2023,6,"$14,382 ","2,633"
West Virginia,Total,EQIP IRA,Agricultural Energy Assessment (228),Total,6,"$14,382 ","2,634"
West Virginia,Total,EQIP IRA,Agricultural Energy Design (120),2023,6,"$25,372 ","2,635"
West Virginia,Total,EQIP IRA,Agricultural Energy Design (120),Total,6,"$25,372 ","2,636"
West Virginia,Total,EQIP IRA,Brush Management (314),2023,40,"$35,781 ","2,637"
West Virginia,Total,EQIP IRA,Brush Management (314),Total,40,"$35,781 ","2,638"
West Virginia,Total,EQIP IRA,Cover Crop (340),2023,49,"$276,237 ","2,639"
West Virginia,Total,EQIP IRA,Cover Crop (340),Total,49,"$276,237 ","2,640"
West Virginia,Total,EQIP IRA,Critical Area Planting (342),2023,,,"2,641"
West Virginia,Total,EQIP IRA,Critical Area Planting (342),Total,,,"2,642"
West Virginia,Total,EQIP IRA,Early Successional Habitat Development-Mgt (647),2023,6,"$8,501 ","2,643"
West Virginia,Total,EQIP IRA,Early Successional Habitat Development-Mgt (647),Total,6,"$8,501 ","2,644"
West Virginia,Total,EQIP IRA,Energy Efficient Agricultural Operation (374),2023,17,"$234,279 ","2,645"
West Virginia,Total,EQIP IRA,Energy Efficient Agricultural Operation (374),Total,17,"$234,279 ","2,646"
West Virginia,Total,EQIP IRA,Energy Efficient Building Envelope (672),2023,,,"2,647"
West Virginia,Total,EQIP IRA,Energy Efficient Building Envelope (672),Total,,,"2,648"
West Virginia,Total,EQIP IRA,Fence (382),2023,37,"$123,407 ","2,649"
West Virginia,Total,EQIP IRA,Fence (382),Total,37,"$123,407 ","2,650"
West Virginia,Total,EQIP IRA,Forage Harvest Management (511),2023,,,"2,651"
West Virginia,Total,EQIP IRA,Forage Harvest Management (511),Total,,,"2,652"
West Virginia,Total,EQIP IRA,Forest Stand Improvement (666),2023,17,"$58,827 ","2,653"
West Virginia,Total,EQIP IRA,Forest Stand Improvement (666),Total,17,"$58,827 ","2,654"
West Virginia,Total,EQIP IRA,Heavy Use Area Protection (561),2023,34,"$26,934 ","2,655"
West Virginia,Total,EQIP IRA,Heavy Use Area Protection (561),Total,34,"$26,934 ","2,656"
West Virginia,Total,EQIP IRA,Herbaceous Weed Treatment (315),2023,,,"2,657"
West Virginia,Total,EQIP IRA,Herbaceous Weed Treatment (315),Total,,,"2,658"
West Virginia,Total,EQIP IRA,Livestock Pipeline (516),2023,34,"$46,579 ","2,659"
West Virginia,Total,EQIP IRA,Livestock Pipeline (516),Total,34,"$46,579 ","2,660"
West Virginia,Total,EQIP IRA,Nutrient Management (590),2023,,,"2,661"
West Virginia,Total,EQIP IRA,Nutrient Management (590),Total,,,"2,662"
West Virginia,Total,EQIP IRA,Pasture and Hay Planting (512),2023,,,"2,663"
West Virginia,Total,EQIP IRA,Pasture and Hay Planting (512),Total,,,"2,664"
West Virginia,Total,EQIP IRA,Pond (378),2023,,,"2,665"
West Virginia,Total,EQIP IRA,Pond (378),Total,,,"2,666"
West Virginia,Total,EQIP IRA,Prescribed Grazing (528),2023,25,"$63,041 ","2,667"
West Virginia,Total,EQIP IRA,Prescribed Grazing (528),Total,25,"$63,041 ","2,668"
West Virginia,Total,EQIP IRA,Pumping Plant (533),2023,4,"$12,969 ","2,669"
West Virginia,Total,EQIP IRA,Pumping Plant (533),Total,4,"$12,969 ","2,670"
West Virginia,Total,EQIP IRA,Spring Development (574),2023,9,"$17,340 ","2,671"
West Virginia,Total,EQIP IRA,Spring Development (574),Total,9,"$17,340 ","2,672"
West Virginia,Total,EQIP IRA,Stream Crossing (578),2023,,,"2,673"
West Virginia,Total,EQIP IRA,Stream Crossing (578),Total,,,"2,674"
West Virginia,Total,EQIP IRA,Structures for Wildlife (649),2023,17,"$20,322 ","2,675"
West Virginia,Total,EQIP IRA,Structures for Wildlife (649),Total,17,"$20,322 ","2,676"
West Virginia,Total,EQIP IRA,Total,2023,457,"$1,191,244 ","2,677"
West Virginia,Total,EQIP IRA,Total,Total,457,"$1,191,244 ","2,678"
West Virginia,Total,EQIP IRA,Tree/Shrub Establishment (612),2023,12,"$14,024 ","2,679"
West Virginia,Total,EQIP IRA,Tree/Shrub Establishment (612),Total,12,"$14,024 ","2,680"
West Virginia,Total,EQIP IRA,Tree/Shrub Site Preparation (490),2023,9,"$1,364 ","2,681"
West Virginia,Total,EQIP IRA,Tree/Shrub Site Preparation (490),Total,9,"$1,364 ","2,682"
West Virginia,Total,EQIP IRA,Upland Wildlife Habitat Management (645),2023,68,"$79,286 ","2,683"
West Virginia,Total,EQIP IRA,Upland Wildlife Habitat Management (645),Total,68,"$79,286 ","2,684"
West Virginia,Total,EQIP IRA,Water Well (642),2023,,,"2,685"
West Virginia,Total,EQIP IRA,Water Well (642),Total,,,"2,686"
West Virginia,Total,EQIP IRA,Watering Facility (614),2023,36,"$54,283 ","2,687"
West Virginia,Total,EQIP IRA,Watering Facility (614),Total,36,"$54,283 ","2,688"
West Virginia,Total,EQIP IRA,Wildlife Habitat Planting (420),2023,11,"$6,968 ","2,689"
West Virginia,Total,EQIP IRA,Wildlife Habitat Planting (420),Total,11,"$6,968 ","2,690"
Wisconsin,Total,EQIP IRA,Access Control (472),2023,,,"2,691"
Wisconsin,Total,EQIP IRA,Access Control (472),Total,,,"2,692"
Wisconsin,Total,EQIP IRA,Access Road (560),2023,,,"2,693"
Wisconsin,Total,EQIP IRA,Access Road (560),Total,,,"2,694"
Wisconsin,Total,EQIP IRA,Brush Management (314),2023,10,"$73,184 ","2,695"
Wisconsin,Total,EQIP IRA,Brush Management (314),Total,10,"$73,184 ","2,696"
Wisconsin,Total,EQIP IRA,Conservation Cover (327),2023,10,"$5,126 ","2,697"
Wisconsin,Total,EQIP IRA,Conservation Cover (327),Total,10,"$5,126 ","2,698"
Wisconsin,Total,EQIP IRA,Conservation Crop Rotation (328),2023,,,"2,699"
Wisconsin,Total,EQIP IRA,Conservation Crop Rotation (328),Total,,,"2,700"
Wisconsin,Total,EQIP IRA,Cover Crop (340),2023,64,"$536,440 ","2,701"
Wisconsin,Total,EQIP IRA,Cover Crop (340),Total,64,"$536,440 ","2,702"
Wisconsin,Total,EQIP IRA,Critical Area Planting (342),2023,12,"$3,000 ","2,703"
Wisconsin,Total,EQIP IRA,Critical Area Planting (342),Total,12,"$3,000 ","2,704"
Wisconsin,Total,EQIP IRA,Early Successional Habitat Development-Mgt (647),2023,,,"2,705"
Wisconsin,Total,EQIP IRA,Early Successional Habitat Development-Mgt (647),Total,,,"2,706"
Wisconsin,Total,EQIP IRA,Fence (382),2023,17,"$80,481 ","2,707"
Wisconsin,Total,EQIP IRA,Fence (382),Total,17,"$80,481 ","2,708"
Wisconsin,Total,EQIP IRA,Field Border (386),2023,7,"$3,728 ","2,709"
Wisconsin,Total,EQIP IRA,Field Border (386),Total,7,"$3,728 ","2,710"
Wisconsin,Total,EQIP IRA,Filter Strip (393),2023,4,$690 ,"2,711"
Wisconsin,Total,EQIP IRA,Filter Strip (393),Total,4,$690 ,"2,712"
Wisconsin,Total,EQIP IRA,Forest Stand Improvement (666),2023,,,"2,714"
Wisconsin,Total,EQIP IRA,Forest Stand Improvement (666),2023,6,"$52,198 ","2,713"
Wisconsin,Total,EQIP IRA,Forest Stand Improvement (666),Total,,,"2,716"
Wisconsin,Total,EQIP IRA,Forest Stand Improvement (666),Total,6,"$52,198 ","2,715"
Wisconsin,Total,EQIP IRA,Grassed Waterway (412),2023,22,"$56,945 ","2,717"
Wisconsin,Total,EQIP IRA,Grassed Waterway (412),Total,22,"$56,945 ","2,718"
Wisconsin,Total,EQIP IRA,Heavy Use Area Protection (561),2023,4,"$293,943 ","2,719"
Wisconsin,Total,EQIP IRA,Heavy Use Area Protection (561),Total,4,"$293,943 ","2,720"
Wisconsin,Total,EQIP IRA,Livestock Pipeline (516),2023,8,"$57,357 ","2,721"
Wisconsin,Total,EQIP IRA,Livestock Pipeline (516),Total,8,"$57,357 ","2,722"
Wisconsin,Total,EQIP IRA,Mulching (484),2023,25,"$71,937 ","2,723"
Wisconsin,Total,EQIP IRA,Mulching (484),Total,25,"$71,937 ","2,724"
Wisconsin,Total,EQIP IRA,Nutrient Management (590),2023,12,"$492,487 ","2,725"
Wisconsin,Total,EQIP IRA,Nutrient Management (590),Total,12,"$492,487 ","2,726"
Wisconsin,Total,EQIP IRA,Obstruction Removal (500),2023,,,"2,727"
Wisconsin,Total,EQIP IRA,Obstruction Removal (500),Total,,,"2,728"
Wisconsin,Total,EQIP IRA,Pasture and Hay Planting (512),2023,8,"$30,000 ","2,729"
Wisconsin,Total,EQIP IRA,Pasture and Hay Planting (512),Total,8,"$30,000 ","2,730"
Wisconsin,Total,EQIP IRA,Pond Sealing or Lining - Concrete (522),2023,,,"2,731"
Wisconsin,Total,EQIP IRA,Pond Sealing or Lining - Concrete (522),Total,,,"2,732"
Wisconsin,Total,EQIP IRA,Prescribed Grazing (528),2023,24,"$45,183 ","2,733"
Wisconsin,Total,EQIP IRA,Prescribed Grazing (528),Total,24,"$45,183 ","2,734"
Wisconsin,Total,EQIP IRA,Pumping Plant (533),2023,,,"2,735"
Wisconsin,Total,EQIP IRA,Pumping Plant (533),Total,,,"2,736"
Wisconsin,Total,EQIP IRA,"Residue and Tillage Management, No Till (329)",2023,47,"$176,315 ","2,737"
Wisconsin,Total,EQIP IRA,"Residue and Tillage Management, No Till (329)",Total,47,"$176,315 ","2,738"
Wisconsin,Total,EQIP IRA,Silvopasture (381),2023,,,"2,739"
Wisconsin,Total,EQIP IRA,Silvopasture (381),Total,,,"2,740"
Wisconsin,Total,EQIP IRA,Spoil Disposal (572),2023,7,"$8,092 ","2,741"
Wisconsin,Total,EQIP IRA,Spoil Disposal (572),Total,7,"$8,092 ","2,742"
Wisconsin,Total,EQIP IRA,Stream Crossing (578),2023,,,"2,743"
Wisconsin,Total,EQIP IRA,Stream Crossing (578),Total,,,"2,744"
Wisconsin,Total,EQIP IRA,Subsurface Drain (606),2023,,,"2,745"
Wisconsin,Total,EQIP IRA,Subsurface Drain (606),Total,,,"2,746"
Wisconsin,Total,EQIP IRA,Total,2023,391,"$2,836,266 ","2,747"
Wisconsin,Total,EQIP IRA,Total,Total,391,"$2,836,266 ","2,748"
Wisconsin,Total,EQIP IRA,Tree/Shrub Establishment (612),2023,27,"$160,800 ","2,749"
Wisconsin,Total,EQIP IRA,Tree/Shrub Establishment (612),Total,27,"$160,800 ","2,750"
Wisconsin,Total,EQIP IRA,Tree/Shrub Site Preparation (490),2023,14,"$9,664 ","2,751"
Wisconsin,Total,EQIP IRA,Tree/Shrub Site Preparation (490),Total,14,"$9,664 ","2,752"
Wisconsin,Total,EQIP IRA,Upland Wildlife Habitat Management (645),2023,14,"$1,178 ","2,753"
Wisconsin,Total,EQIP IRA,Upland Wildlife Habitat Management (645),Total,14,"$1,178 ","2,754"
Wisconsin,Total,EQIP IRA,Waste Storage Facility (313),2023,,,"2,755"
Wisconsin,Total,EQIP IRA,Waste Storage Facility (313),Total,,,"2,756"
Wisconsin,Total,EQIP IRA,Waste Transfer (634),2023,,,"2,757"
Wisconsin,Total,EQIP IRA,Waste Transfer (634),Total,,,"2,758"
Wisconsin,Total,EQIP IRA,Water Well (642),2023,,,"2,759"
Wisconsin,Total,EQIP IRA,Water Well (642),Total,,,"2,760"
Wisconsin,Total,EQIP IRA,Watering Facility (614),2023,8,"$2,726 ","2,761"
Wisconsin,Total,EQIP IRA,Watering Facility (614),Total,8,"$2,726 ","2,762"
Wisconsin,Total,EQIP IRA,Wildlife Habitat Planting (420),2023,22,"$32,198 ","2,763"
Wisconsin,Total,EQIP IRA,Wildlife Habitat Planting (420),Total,22,"$32,198 ","2,764"
Wisconsin,Total,EQIP IRA,Windbreak/Shelterbelt Establishment and Renovation (380),2023,,,"2,765"
Wisconsin,Total,EQIP IRA,Windbreak/Shelterbelt Establishment and Renovation (380),Total,,,"2,766"
Wyoming,Total,EQIP IRA,Aquatic Organism Passage (396),2023,,,"2,767"
Wyoming,Total,EQIP IRA,Aquatic Organism Passage (396),Total,,,"2,768"
Wyoming,Total,EQIP IRA,Channel Bed Stabilization (584),2023,4,"$360,931 ","2,769"
Wyoming,Total,EQIP IRA,Channel Bed Stabilization (584),Total,4,"$360,931 ","2,770"
Wyoming,Total,EQIP IRA,Conservation Cover (327),2023,,,"2,771"
Wyoming,Total,EQIP IRA,Conservation Cover (327),Total,,,"2,772"
Wyoming,Total,EQIP IRA,Conservation Crop Rotation (328),2023,10,"$9,743 ","2,773"
Wyoming,Total,EQIP IRA,Conservation Crop Rotation (328),Total,10,"$9,743 ","2,774"
Wyoming,Total,EQIP IRA,Cover Crop (340),2023,5,"$16,640 ","2,775"
Wyoming,Total,EQIP IRA,Cover Crop (340),Total,5,"$16,640 ","2,776"
Wyoming,Total,EQIP IRA,Critical Area Planting (342),2023,4,$162 ,"2,777"
Wyoming,Total,EQIP IRA,Critical Area Planting (342),Total,4,$162 ,"2,778"
Wyoming,Total,EQIP IRA,"Dam, Diversion (348)",2023,,,"2,779"
Wyoming,Total,EQIP IRA,"Dam, Diversion (348)",Total,,,"2,780"
Wyoming,Total,EQIP IRA,Fence (382),2023,,,"2,782"
Wyoming,Total,EQIP IRA,Fence (382),2023,8,"$31,108 ","2,781"
Wyoming,Total,EQIP IRA,Fence (382),Total,,,"2,784"
Wyoming,Total,EQIP IRA,Fence (382),Total,8,"$31,108 ","2,783"
Wyoming,Total,EQIP IRA,High Tunnel System (325),2023,,,"2,785"
Wyoming,Total,EQIP IRA,High Tunnel System (325),Total,,,"2,786"
Wyoming,Total,EQIP IRA,Irrigation Pipeline (430),2023,14,"$277,407 ","2,787"
Wyoming,Total,EQIP IRA,Irrigation Pipeline (430),Total,14,"$277,407 ","2,788"
Wyoming,Total,EQIP IRA,Irrigation Reservoir (436),2023,,,"2,789"
Wyoming,Total,EQIP IRA,Irrigation Reservoir (436),Total,,,"2,790"
Wyoming,Total,EQIP IRA,"Irrigation System, Surface and Subsurface (443)",2023,,,"2,791"
Wyoming,Total,EQIP IRA,"Irrigation System, Surface and Subsurface (443)",Total,,,"2,792"
Wyoming,Total,EQIP IRA,Mulching (484),2023,12,"$24,717 ","2,793"
Wyoming,Total,EQIP IRA,Mulching (484),Total,12,"$24,717 ","2,794"
Wyoming,Total,EQIP IRA,Nutrient Management (590),2023,6,"$4,461 ","2,795"
Wyoming,Total,EQIP IRA,Nutrient Management (590),Total,6,"$4,461 ","2,796"
Wyoming,Total,EQIP IRA,Open Channel (582),2023,,,"2,797"
Wyoming,Total,EQIP IRA,Open Channel (582),Total,,,"2,798"
Wyoming,Total,EQIP IRA,Pasture and Hay Planting (512),2023,,,"2,799"
Wyoming,Total,EQIP IRA,Pasture and Hay Planting (512),Total,,,"2,800"
Wyoming,Total,EQIP IRA,Pumping Plant (533),2023,10,"$100,592 ","2,801"
Wyoming,Total,EQIP IRA,Pumping Plant (533),Total,10,"$100,592 ","2,802"
Wyoming,Total,EQIP IRA,"Residue and Tillage Management, No Till (329)",2023,,,"2,803"
Wyoming,Total,EQIP IRA,"Residue and Tillage Management, No Till (329)",Total,,,"2,804"
Wyoming,Total,EQIP IRA,"Residue and Tillage Management, Reduced Till (345)",2023,,,"2,805"
Wyoming,Total,EQIP IRA,"Residue and Tillage Management, Reduced Till (345)",Total,,,"2,806"
Wyoming,Total,EQIP IRA,Riparian Herbaceous Cover (390),2023,4,$730 ,"2,807"
Wyoming,Total,EQIP IRA,Riparian Herbaceous Cover (390),Total,4,$730 ,"2,808"
Wyoming,Total,EQIP IRA,Sprinkler System (442),2023,12,"$896,978 ","2,809"
Wyoming,Total,EQIP IRA,Sprinkler System (442),Total,12,"$896,978 ","2,810"
Wyoming,Total,EQIP IRA,Stream Crossing (578),2023,,,"2,811"
Wyoming,Total,EQIP IRA,Stream Crossing (578),Total,,,"2,812"
Wyoming,Total,EQIP IRA,Streambank and Shoreline Protection (580),2023,,,"2,813"
Wyoming,Total,EQIP IRA,Streambank and Shoreline Protection (580),Total,,,"2,814"
Wyoming,Total,EQIP IRA,Structure for Water Control (587),2023,12,"$65,356 ","2,815"
Wyoming,Total,EQIP IRA,Structure for Water Control (587),Total,12,"$65,356 ","2,816"
Wyoming,Total,EQIP IRA,Total,2023,154,"$2,157,325 ","2,817"
Wyoming,Total,EQIP IRA,Total,Total,154,"$2,157,325 ","2,818"
Wyoming,Total,EQIP IRA,Tree/Shrub Establishment (612),2023,4,"$2,893 ","2,819"
Wyoming,Total,EQIP IRA,Tree/Shrub Establishment (612),Total,4,"$2,893 ","2,820"
Wyoming,Total,EQIP IRA,Tree/Shrub Site Preparation (490),2023,10,"$1,478 ","2,821"
Wyoming,Total,EQIP IRA,Tree/Shrub Site Preparation (490),Total,10,"$1,478 ","2,822"
Wyoming,Total,EQIP IRA,Upland Wildlife Habitat Management (645),2023,8,"$1,268 ","2,823"
Wyoming,Total,EQIP IRA,Upland Wildlife Habitat Management (645),Total,8,"$1,268 ","2,824"
Wyoming,Total,EQIP IRA,Windbreak/Shelterbelt Establishment and Renovation (380),2023,12,"$25,300 ","2,825"
Wyoming,Total,EQIP IRA,Windbreak/Shelterbelt Establishment and Renovation (380),Total,12,"$25,300 ","2,826"
