STATE,COUNTY/CD,PROGRAM,PRACTICE NAME,FISCAL YEAR,PRACTICE INSTANCE COUNT,DOLLARS OBLIGATED,INDEX(),State
Alabama,Total,EQIP IRA,Brush Management (314),2023,,,1,(supp)
Alabama,Total,EQIP IRA,Brush Management (314),Total,,,2,(supp)
Alabama,Total,EQIP IRA,Combustion System Improvement (372),2024,,,3,(supp)
Alabama,Total,EQIP IRA,Combustion System Improvement (372),Total,,,4,(supp)
Alabama,Total,EQIP IRA,Conservation Cover (327),2024,,,5,(supp)
Alabama,Total,EQIP IRA,Conservation Cover (327),Total,,,6,(supp)
Alabama,Total,EQIP IRA,Conservation Crop Rotation (328),2024,,,7,(supp)
Alabama,Total,EQIP IRA,Conservation Crop Rotation (328),Total,,,8,(supp)
Alabama,Total,EQIP IRA,Cover Crop (340),2023,18,"$256,579 ",9, 
Alabama,Total,EQIP IRA,Cover Crop (340),2024,175,"$6,239,593 ",10, 
Alabama,Total,EQIP IRA,Cover Crop (340),Total,193,"$6,496,172 ",11, 
Alabama,Total,EQIP IRA,Early Successional Habitat Development-Mgt (647),2024,,,12,(supp)
Alabama,Total,EQIP IRA,Early Successional Habitat Development-Mgt (647),Total,,,13,(supp)
Alabama,Total,EQIP IRA,Energy Efficient Agricultural Operation (374),2023,6,"$81,407 ",14, 
Alabama,Total,EQIP IRA,Energy Efficient Agricultural Operation (374),2024,24,"$490,742 ",15, 
Alabama,Total,EQIP IRA,Energy Efficient Agricultural Operation (374),Total,30,"$572,149 ",16, 
Alabama,Total,EQIP IRA,Energy Efficient Building Envelope (672),2023,25,"$893,996 ",17, 
Alabama,Total,EQIP IRA,Energy Efficient Building Envelope (672),2024,39,"$1,595,373 ",18, 
Alabama,Total,EQIP IRA,Energy Efficient Building Envelope (672),Total,64,"$2,489,369 ",19, 
Alabama,Total,EQIP IRA,Energy Efficient Lighting System (670),2024,7,"$27,159 ",20, 
Alabama,Total,EQIP IRA,Energy Efficient Lighting System (670),Total,7,"$27,159 ",21, 
Alabama,Total,EQIP IRA,Fence (382),2023,32,"$211,586 ",22, 
Alabama,Total,EQIP IRA,Fence (382),2024,4,"$19,366 ",23, 
Alabama,Total,EQIP IRA,Fence (382),Total,36,"$230,951 ",24, 
Alabama,Total,EQIP IRA,Field Border (386),2024,,,25,(supp)
Alabama,Total,EQIP IRA,Field Border (386),Total,,,26,(supp)
Alabama,Total,EQIP IRA,Firebreak (394),2023,,,27,(supp)
Alabama,Total,EQIP IRA,Firebreak (394),2024,,,28,(supp)
Alabama,Total,EQIP IRA,Firebreak (394),Total,8,"$17,795 ",29, 
Alabama,Total,EQIP IRA,Forest Stand Improvement (666),2023,,,30,(supp)
Alabama,Total,EQIP IRA,Forest Stand Improvement (666),Total,,,31,(supp)
Alabama,Total,EQIP IRA,Heavy Use Area Protection (561),2023,36,"$168,705 ",32, 
Alabama,Total,EQIP IRA,Heavy Use Area Protection (561),2024,5,"$38,077 ",33, 
Alabama,Total,EQIP IRA,Heavy Use Area Protection (561),Total,41,"$206,782 ",34, 
Alabama,Total,EQIP IRA,Hedgerow Planting (422),2023,,,35,(supp)
Alabama,Total,EQIP IRA,Hedgerow Planting (422),Total,,,36,(supp)
Alabama,Total,EQIP IRA,Herbaceous Weed Treatment (315),2023,,,37,(supp)
Alabama,Total,EQIP IRA,Herbaceous Weed Treatment (315),2024,,,38,(supp)
Alabama,Total,EQIP IRA,Herbaceous Weed Treatment (315),Total,6,"$11,152 ",39, 
Alabama,Total,EQIP IRA,High Tunnel System (325),2023,,,40,(supp)
Alabama,Total,EQIP IRA,High Tunnel System (325),Total,,,41,(supp)
Alabama,Total,EQIP IRA,Irrigation Pipeline (430),2024,,,42,(supp)
Alabama,Total,EQIP IRA,Irrigation Pipeline (430),Total,,,43,(supp)
Alabama,Total,EQIP IRA,"Irrigation System, Microirrigation (441)",2023,,,44,(supp)
Alabama,Total,EQIP IRA,"Irrigation System, Microirrigation (441)",2024,,,45,(supp)
Alabama,Total,EQIP IRA,"Irrigation System, Microirrigation (441)",Total,5,"$3,668 ",46, 
Alabama,Total,EQIP IRA,Irrigation Water Management (449),2024,,,47,(supp)
Alabama,Total,EQIP IRA,Irrigation Water Management (449),Total,,,48,(supp)
Alabama,Total,EQIP IRA,Lined Waterway or Outlet (468),2023,,,49,(supp)
Alabama,Total,EQIP IRA,Lined Waterway or Outlet (468),Total,,,50,(supp)
Alabama,Total,EQIP IRA,Livestock Pipeline (516),2023,31,"$76,415 ",51, 
Alabama,Total,EQIP IRA,Livestock Pipeline (516),2024,5,"$15,590 ",52, 
Alabama,Total,EQIP IRA,Livestock Pipeline (516),Total,36,"$92,005 ",53, 
Alabama,Total,EQIP IRA,Nutrient Management (590),2023,6,"$143,506 ",54, 
Alabama,Total,EQIP IRA,Nutrient Management (590),2024,124,"$5,196,147 ",55, 
Alabama,Total,EQIP IRA,Nutrient Management (590),Total,130,"$5,339,653 ",56, 
Alabama,Total,EQIP IRA,Pasture and Hay Planting (512),2023,66,"$582,264 ",57, 
Alabama,Total,EQIP IRA,Pasture and Hay Planting (512),2024,15,"$169,362 ",58, 
Alabama,Total,EQIP IRA,Pasture and Hay Planting (512),Total,81,"$751,626 ",59, 
Alabama,Total,EQIP IRA,Prescribed Burning (338),2023,,,60,(supp)
Alabama,Total,EQIP IRA,Prescribed Burning (338),2024,,,61,(supp)
Alabama,Total,EQIP IRA,Prescribed Burning (338),Total,8,"$15,380 ",62, 
Alabama,Total,EQIP IRA,Prescribed Grazing (528),2023,24,"$31,307 ",63, 
Alabama,Total,EQIP IRA,Prescribed Grazing (528),2024,5,"$3,825 ",64, 
Alabama,Total,EQIP IRA,Prescribed Grazing (528),Total,29,"$35,132 ",65, 
Alabama,Total,EQIP IRA,Pumping Plant (533),2023,7,"$21,653 ",66, 
Alabama,Total,EQIP IRA,Pumping Plant (533),2024,8,"$23,366 ",67, 
Alabama,Total,EQIP IRA,Pumping Plant (533),Total,15,"$45,019 ",68, 
Alabama,Total,EQIP IRA,"Residue and Tillage Management, Reduced Till (345)",2023,12,"$71,540 ",69, 
Alabama,Total,EQIP IRA,"Residue and Tillage Management, Reduced Till (345)",2024,145,"$1,317,260 ",70, 
Alabama,Total,EQIP IRA,"Residue and Tillage Management, Reduced Till (345)",Total,157,"$1,388,800 ",71, 
Alabama,Total,EQIP IRA,Sprinkler System (442),2024,43,"$2,374,769 ",72, 
Alabama,Total,EQIP IRA,Sprinkler System (442),Total,43,"$2,374,769 ",73, 
Alabama,Total,EQIP IRA,Stream Crossing (578),2024,,,74,(supp)
Alabama,Total,EQIP IRA,Stream Crossing (578),Total,,,75,(supp)
Alabama,Total,EQIP IRA,Total,2023,342,"$2,820,677 ",76, 
Alabama,Total,EQIP IRA,Total,2024,633,"$17,761,137 ",77, 
Alabama,Total,EQIP IRA,Total,Total,975,"$20,581,814 ",78, 
Alabama,Total,EQIP IRA,Tree/Shrub Establishment (612),2023,,,79,(supp)
Alabama,Total,EQIP IRA,Tree/Shrub Establishment (612),2024,,,80,(supp)
Alabama,Total,EQIP IRA,Tree/Shrub Establishment (612),Total,12,"$74,055 ",81, 
Alabama,Total,EQIP IRA,Tree/Shrub Site Preparation (490),2023,,,82,(supp)
Alabama,Total,EQIP IRA,Tree/Shrub Site Preparation (490),2024,,,83,(supp)
Alabama,Total,EQIP IRA,Tree/Shrub Site Preparation (490),Total,9,"$58,371 ",84, 
Alabama,Total,EQIP IRA,Upland Wildlife Habitat Management (645),2023,,,85,(supp)
Alabama,Total,EQIP IRA,Upland Wildlife Habitat Management (645),Total,,,86,(supp)
Alabama,Total,EQIP IRA,Water Well (642),2023,6,"$51,438 ",87, 
Alabama,Total,EQIP IRA,Water Well (642),2024,8,"$77,217 ",88, 
Alabama,Total,EQIP IRA,Water Well (642),Total,14,"$128,655 ",89, 
Alabama,Total,EQIP IRA,Watering Facility (614),2023,28,"$39,249 ",90, 
Alabama,Total,EQIP IRA,Watering Facility (614),2024,5,"$9,514 ",91, 
Alabama,Total,EQIP IRA,Watering Facility (614),Total,33,"$48,763 ",92, 
Alaska,Total,EQIP IRA,Forest Stand Improvement (666),2023,16,"$423,356 ",93, 
Alaska,Total,EQIP IRA,Forest Stand Improvement (666),Total,16,"$423,356 ",94, 
Alaska,Total,EQIP IRA,Total,2023,32,"$1,857,813 ",95, 
Alaska,Total,EQIP IRA,Total,Total,32,"$1,857,813 ",96, 
Alaska,Total,EQIP IRA,Tree/Shrub Establishment (612),2023,16,"$1,434,457 ",97, 
Alaska,Total,EQIP IRA,Tree/Shrub Establishment (612),Total,16,"$1,434,457 ",98, 
Arizona,Total,EQIP IRA,Brush Management (314),2023,23,"$336,760 ",99, 
Arizona,Total,EQIP IRA,Brush Management (314),2024,5,"$541,767 ",100, 
Arizona,Total,EQIP IRA,Brush Management (314),Total,28,"$878,527 ",101, 
Arizona,Total,EQIP IRA,Conservation Cover (327),2023,,,102,(supp)
Arizona,Total,EQIP IRA,Conservation Cover (327),Total,,,103,(supp)
Arizona,Total,EQIP IRA,Conservation Crop Rotation (328),2023,,,104,(supp)
Arizona,Total,EQIP IRA,Conservation Crop Rotation (328),Total,,,105,(supp)
Arizona,Total,EQIP IRA,Cover Crop (340),2023,17,"$48,365 ",106, 
Arizona,Total,EQIP IRA,Cover Crop (340),2024,52,"$797,646 ",107, 
Arizona,Total,EQIP IRA,Cover Crop (340),Total,69,"$846,011 ",108, 
Arizona,Total,EQIP IRA,Fence (382),2023,15,"$206,703 ",109, 
Arizona,Total,EQIP IRA,Fence (382),Total,15,"$206,703 ",110, 
Arizona,Total,EQIP IRA,Forest Stand Improvement (666),2023,10,"$250,299 ",111, 
Arizona,Total,EQIP IRA,Forest Stand Improvement (666),Total,10,"$250,299 ",112, 
Arizona,Total,EQIP IRA,Irrigation Pipeline (430),2023,,,113,(supp)
Arizona,Total,EQIP IRA,Irrigation Pipeline (430),Total,,,114,(supp)
Arizona,Total,EQIP IRA,"Irrigation System, Microirrigation (441)",2023,,,115,(supp)
Arizona,Total,EQIP IRA,"Irrigation System, Microirrigation (441)",Total,,,116,(supp)
Arizona,Total,EQIP IRA,Irrigation Water Management (449),2023,5,"$3,265 ",117, 
Arizona,Total,EQIP IRA,Irrigation Water Management (449),Total,5,"$3,265 ",118, 
Arizona,Total,EQIP IRA,Livestock Pipeline (516),2023,14,"$147,156 ",119, 
Arizona,Total,EQIP IRA,Livestock Pipeline (516),Total,14,"$147,156 ",120, 
Arizona,Total,EQIP IRA,Mulching (484),2023,,,121,(supp)
Arizona,Total,EQIP IRA,Mulching (484),Total,,,122,(supp)
Arizona,Total,EQIP IRA,Prescribed Grazing (528),2023,11,"$108,096 ",123, 
Arizona,Total,EQIP IRA,Prescribed Grazing (528),Total,11,"$108,096 ",124, 
Arizona,Total,EQIP IRA,Pumping Plant (533),2023,11,"$73,413 ",125, 
Arizona,Total,EQIP IRA,Pumping Plant (533),Total,11,"$73,413 ",126, 
Arizona,Total,EQIP IRA,Range Planting (550),2023,16,"$12,136 ",127, 
Arizona,Total,EQIP IRA,Range Planting (550),Total,16,"$12,136 ",128, 
Arizona,Total,EQIP IRA,Sprinkler System (442),2023,,,129,(supp)
Arizona,Total,EQIP IRA,Sprinkler System (442),Total,,,130,(supp)
Arizona,Total,EQIP IRA,Structure for Water Control (587),2023,,,131,(supp)
Arizona,Total,EQIP IRA,Structure for Water Control (587),Total,,,132,(supp)
Arizona,Total,EQIP IRA,Total,2023,183,"$1,807,882 ",133, 
Arizona,Total,EQIP IRA,Total,2024,57,"$1,339,413 ",134, 
Arizona,Total,EQIP IRA,Total,Total,240,"$3,147,295 ",135, 
Arizona,Total,EQIP IRA,Upland Wildlife Habitat Management (645),2023,,,136,(supp)
Arizona,Total,EQIP IRA,Upland Wildlife Habitat Management (645),Total,,,137,(supp)
Arizona,Total,EQIP IRA,Water Well (642),2023,,,138,(supp)
Arizona,Total,EQIP IRA,Water Well (642),Total,,,139,(supp)
Arizona,Total,EQIP IRA,Watering Facility (614),2023,28,"$144,170 ",140, 
Arizona,Total,EQIP IRA,Watering Facility (614),Total,28,"$144,170 ",141, 
Arizona,Total,EQIP IRA,Woody Residue Treatment (384),2023,,,142,(supp)
Arizona,Total,EQIP IRA,Woody Residue Treatment (384),Total,,,143,(supp)
Arkansas,Total,EQIP IRA,Animal Mortality Facility (316),2024,,,144,(supp)
Arkansas,Total,EQIP IRA,Animal Mortality Facility (316),Total,,,145,(supp)
Arkansas,Total,EQIP IRA,Conservation Crop Rotation (328),2023,143,"$310,627 ",146, 
Arkansas,Total,EQIP IRA,Conservation Crop Rotation (328),2024,169,"$553,553 ",147, 
Arkansas,Total,EQIP IRA,Conservation Crop Rotation (328),Total,312,"$864,180 ",148, 
Arkansas,Total,EQIP IRA,Cover Crop (340),2023,175,"$2,499,458 ",149, 
Arkansas,Total,EQIP IRA,Cover Crop (340),2024,184,"$3,874,880 ",150, 
Arkansas,Total,EQIP IRA,Cover Crop (340),Total,359,"$6,374,338 ",151, 
Arkansas,Total,EQIP IRA,Energy Efficient Agricultural Operation (374),2024,139,"$1,904,028 ",152, 
Arkansas,Total,EQIP IRA,Energy Efficient Agricultural Operation (374),Total,139,"$1,904,028 ",153, 
Arkansas,Total,EQIP IRA,Energy Efficient Building Envelope (672),2024,162,"$3,404,620 ",154, 
Arkansas,Total,EQIP IRA,Energy Efficient Building Envelope (672),Total,162,"$3,404,620 ",155, 
Arkansas,Total,EQIP IRA,Energy Efficient Lighting System (670),2024,54,"$61,723 ",156, 
Arkansas,Total,EQIP IRA,Energy Efficient Lighting System (670),Total,54,"$61,723 ",157, 
Arkansas,Total,EQIP IRA,Heavy Use Area Protection (561),2024,,,158,(supp)
Arkansas,Total,EQIP IRA,Heavy Use Area Protection (561),Total,,,159,(supp)
Arkansas,Total,EQIP IRA,Nutrient Management (590),2023,168,"$1,276,160 ",160, 
Arkansas,Total,EQIP IRA,Nutrient Management (590),2024,172,"$1,412,967 ",161, 
Arkansas,Total,EQIP IRA,Nutrient Management (590),Total,340,"$2,689,127 ",162, 
Arkansas,Total,EQIP IRA,Pest Management Conservation System (595),2024,12,"$56,400 ",163, 
Arkansas,Total,EQIP IRA,Pest Management Conservation System (595),Total,12,"$56,400 ",164, 
Arkansas,Total,EQIP IRA,Pumping Plant (533),2024,10,"$122,893 ",165, 
Arkansas,Total,EQIP IRA,Pumping Plant (533),Total,10,"$122,893 ",166, 
Arkansas,Total,EQIP IRA,"Residue and Tillage Management, No Till (329)",2023,104,"$333,167 ",167, 
Arkansas,Total,EQIP IRA,"Residue and Tillage Management, No Till (329)",2024,24,"$111,325 ",168, 
Arkansas,Total,EQIP IRA,"Residue and Tillage Management, No Till (329)",Total,128,"$444,492 ",169, 
Arkansas,Total,EQIP IRA,"Residue and Tillage Management, Reduced Till (345)",2023,67,"$298,185 ",170, 
Arkansas,Total,EQIP IRA,"Residue and Tillage Management, Reduced Till (345)",2024,164,"$925,673 ",171, 
Arkansas,Total,EQIP IRA,"Residue and Tillage Management, Reduced Till (345)",Total,231,"$1,223,858 ",172, 
Arkansas,Total,EQIP IRA,Roofs and Covers (367),2024,,,173,(supp)
Arkansas,Total,EQIP IRA,Roofs and Covers (367),Total,,,174,(supp)
Arkansas,Total,EQIP IRA,Soil Carbon Amendment (336),2024,6,"$47,712 ",175, 
Arkansas,Total,EQIP IRA,Soil Carbon Amendment (336),Total,6,"$47,712 ",176, 
Arkansas,Total,EQIP IRA,Total,2023,657,"$4,717,596 ",177, 
Arkansas,Total,EQIP IRA,Total,2024,"1,104","$12,637,388 ",178, 
Arkansas,Total,EQIP IRA,Total,Total,"1,761","$17,354,983 ",179, 
Arkansas,Total,EQIP IRA,Waste Storage Facility (313),2024,,,180,(supp)
Arkansas,Total,EQIP IRA,Waste Storage Facility (313),Total,,,181,(supp)
California,Total,EQIP IRA,Access Road (560),2023,19,"$108,427 ",182, 
California,Total,EQIP IRA,Access Road (560),Total,19,"$108,427 ",183, 
California,Total,EQIP IRA,Anaerobic Digester (366),2024,,,184,(supp)
California,Total,EQIP IRA,Anaerobic Digester (366),Total,,,185,(supp)
California,Total,EQIP IRA,Brush Management (314),2023,126,"$341,517 ",186, 
California,Total,EQIP IRA,Brush Management (314),2024,9,"$32,301 ",187, 
California,Total,EQIP IRA,Brush Management (314),Total,135,"$373,818 ",188, 
California,Total,EQIP IRA,Combustion System Improvement (372),2023,,,189,(supp)
California,Total,EQIP IRA,Combustion System Improvement (372),2024,,,190,(supp)
California,Total,EQIP IRA,Combustion System Improvement (372),Total,19,"$1,254,398 ",191, 
California,Total,EQIP IRA,Conservation Cover (327),2023,,,192,(supp)
California,Total,EQIP IRA,Conservation Cover (327),2024,,,193,(supp)
California,Total,EQIP IRA,Conservation Cover (327),Total,13,"$27,470 ",194, 
California,Total,EQIP IRA,Cover Crop (340),2023,,,195,(supp)
California,Total,EQIP IRA,Cover Crop (340),2024,,,196,(supp)
California,Total,EQIP IRA,Cover Crop (340),Total,28,"$56,994 ",197, 
California,Total,EQIP IRA,Critical Area Planting (342),2023,,,198,(supp)
California,Total,EQIP IRA,Critical Area Planting (342),Total,,,199,(supp)
California,Total,EQIP IRA,Fence (382),2023,7,"$81,197 ",200, 
California,Total,EQIP IRA,Fence (382),2024,12,"$158,813 ",201, 
California,Total,EQIP IRA,Fence (382),Total,19,"$240,010 ",202, 
California,Total,EQIP IRA,Field Operations Emissions Reduction (376),2024,5,"$172,048 ",203, 
California,Total,EQIP IRA,Field Operations Emissions Reduction (376),Total,5,"$172,048 ",204, 
California,Total,EQIP IRA,Firebreak (394),2023,,,205,(supp)
California,Total,EQIP IRA,Firebreak (394),Total,,,206,(supp)
California,Total,EQIP IRA,Forest Stand Improvement (666),2023,313,"$3,832,654 ",207, 
California,Total,EQIP IRA,Forest Stand Improvement (666),2024,27,"$189,993 ",208, 
California,Total,EQIP IRA,Forest Stand Improvement (666),Total,340,"$4,022,647 ",209, 
California,Total,EQIP IRA,Forest Trails and Landings (655),2023,,,210,(supp)
California,Total,EQIP IRA,Forest Trails and Landings (655),Total,,,211,(supp)
California,Total,EQIP IRA,Fuel Break (383),2023,,,212,(supp)
California,Total,EQIP IRA,Fuel Break (383),2024,,,213,(supp)
California,Total,EQIP IRA,Fuel Break (383),Total,7,"$112,743 ",214, 
California,Total,EQIP IRA,Heavy Use Area Protection (561),2024,,,215,(supp)
California,Total,EQIP IRA,Heavy Use Area Protection (561),Total,,,216,(supp)
California,Total,EQIP IRA,Herbaceous Weed Treatment (315),2023,,,217,(supp)
California,Total,EQIP IRA,Herbaceous Weed Treatment (315),2024,,,218,(supp)
California,Total,EQIP IRA,Herbaceous Weed Treatment (315),Total,8,"$30,916 ",219, 
California,Total,EQIP IRA,Irrigation Pipeline (430),2024,,,220,(supp)
California,Total,EQIP IRA,Irrigation Pipeline (430),Total,,,221,(supp)
California,Total,EQIP IRA,Lined Waterway or Outlet (468),2023,,,222,(supp)
California,Total,EQIP IRA,Lined Waterway or Outlet (468),Total,,,223,(supp)
California,Total,EQIP IRA,Livestock Pipeline (516),2023,,,224,(supp)
California,Total,EQIP IRA,Livestock Pipeline (516),2024,,,225,(supp)
California,Total,EQIP IRA,Livestock Pipeline (516),Total,7,"$65,317 ",226, 
California,Total,EQIP IRA,Mulching (484),2023,5,"$11,931 ",227, 
California,Total,EQIP IRA,Mulching (484),Total,5,"$11,931 ",228, 
California,Total,EQIP IRA,Obstruction Removal (500),2023,,,229,(supp)
California,Total,EQIP IRA,Obstruction Removal (500),2024,,,230,(supp)
California,Total,EQIP IRA,Obstruction Removal (500),Total,,,231,(supp)
California,Total,EQIP IRA,Pasture and Hay Planting (512),2024,7,"$19,376 ",232, 
California,Total,EQIP IRA,Pasture and Hay Planting (512),Total,7,"$19,376 ",233, 
California,Total,EQIP IRA,"Pond Sealing or Lining, Geomembrane or Geosynthetic Clay Liner (521)",2024,,,234,(supp)
California,Total,EQIP IRA,"Pond Sealing or Lining, Geomembrane or Geosynthetic Clay Liner (521)",Total,,,235,(supp)
California,Total,EQIP IRA,Prescribed Burning (338),2023,,,236,(supp)
California,Total,EQIP IRA,Prescribed Burning (338),Total,,,237,(supp)
California,Total,EQIP IRA,Prescribed Grazing (528),2023,,,238,(supp)
California,Total,EQIP IRA,Prescribed Grazing (528),2024,,,239,(supp)
California,Total,EQIP IRA,Prescribed Grazing (528),Total,15,"$50,858 ",240, 
California,Total,EQIP IRA,Pumping Plant (533),2024,9,"$90,345 ",241, 
California,Total,EQIP IRA,Pumping Plant (533),Total,9,"$90,345 ",242, 
California,Total,EQIP IRA,Range Planting (550),2024,,,243,(supp)
California,Total,EQIP IRA,Range Planting (550),Total,,,244,(supp)
California,Total,EQIP IRA,Riparian Forest Buffer (391),2023,,,245,(supp)
California,Total,EQIP IRA,Riparian Forest Buffer (391),Total,,,246,(supp)
California,Total,EQIP IRA,Riparian Herbaceous Cover (390),2023,,,247,(supp)
California,Total,EQIP IRA,Riparian Herbaceous Cover (390),Total,,,248,(supp)
California,Total,EQIP IRA,Roofs and Covers (367),2024,,,249,(supp)
California,Total,EQIP IRA,Roofs and Covers (367),Total,,,250,(supp)
California,Total,EQIP IRA,Soil Carbon Amendment (336),2024,11,"$142,125 ",251, 
California,Total,EQIP IRA,Soil Carbon Amendment (336),Total,11,"$142,125 ",252, 
California,Total,EQIP IRA,Spring Development (574),2023,,,253,(supp)
California,Total,EQIP IRA,Spring Development (574),Total,,,254,(supp)
California,Total,EQIP IRA,Structure for Water Control (587),2023,,,255,(supp)
California,Total,EQIP IRA,Structure for Water Control (587),2024,,,256,(supp)
California,Total,EQIP IRA,Structure for Water Control (587),Total,20,"$68,589 ",257, 
California,Total,EQIP IRA,Structures for Wildlife (649),2023,4,"$1,962 ",258, 
California,Total,EQIP IRA,Structures for Wildlife (649),Total,4,"$1,962 ",259, 
California,Total,EQIP IRA,Total,2023,"1,115","$7,830,899 ",260, 
California,Total,EQIP IRA,Total,2024,219,"$2,815,993 ",261, 
California,Total,EQIP IRA,Total,Total,"1,334","$10,646,893 ",262, 
California,Total,EQIP IRA,Tree-Shrub Pruning (660),2023,,,263,(supp)
California,Total,EQIP IRA,Tree-Shrub Pruning (660),2024,,,264,(supp)
California,Total,EQIP IRA,Tree-Shrub Pruning (660),Total,172,"$437,657 ",265, 
California,Total,EQIP IRA,Tree/Shrub Establishment (612),2023,51,"$213,626 ",266, 
California,Total,EQIP IRA,Tree/Shrub Establishment (612),2024,4,"$5,278 ",267, 
California,Total,EQIP IRA,Tree/Shrub Establishment (612),Total,55,"$218,904 ",268, 
California,Total,EQIP IRA,Tree/Shrub Site Preparation (490),2023,40,"$113,384 ",269, 
California,Total,EQIP IRA,Tree/Shrub Site Preparation (490),2024,4,"$5,693 ",270, 
California,Total,EQIP IRA,Tree/Shrub Site Preparation (490),Total,44,"$119,077 ",271, 
California,Total,EQIP IRA,Upland Wildlife Habitat Management (645),2023,15,"$6,916 ",272, 
California,Total,EQIP IRA,Upland Wildlife Habitat Management (645),Total,15,"$6,916 ",273, 
California,Total,EQIP IRA,Waste Separation Facility (632),2024,,,274,(supp)
California,Total,EQIP IRA,Waste Separation Facility (632),Total,,,275,(supp)
California,Total,EQIP IRA,Waste Storage Facility (313),2024,,,276,(supp)
California,Total,EQIP IRA,Waste Storage Facility (313),Total,,,277,(supp)
California,Total,EQIP IRA,Waste Transfer (634),2024,,,278,(supp)
California,Total,EQIP IRA,Waste Transfer (634),Total,,,279,(supp)
California,Total,EQIP IRA,Watering Facility (614),2023,,,280,(supp)
California,Total,EQIP IRA,Watering Facility (614),2024,,,281,(supp)
California,Total,EQIP IRA,Watering Facility (614),Total,18,"$189,798 ",282, 
California,Total,EQIP IRA,Wildlife Habitat Planting (420),2023,,,283,(supp)
California,Total,EQIP IRA,Wildlife Habitat Planting (420),2024,,,284,(supp)
California,Total,EQIP IRA,Wildlife Habitat Planting (420),Total,,,285,(supp)
California,Total,EQIP IRA,Woody Residue Treatment (384),2023,298,"$1,150,214 ",286, 
California,Total,EQIP IRA,Woody Residue Treatment (384),2024,29,"$55,155 ",287, 
California,Total,EQIP IRA,Woody Residue Treatment (384),Total,327,"$1,205,369 ",288, 
Colorado,Total,EQIP IRA,Aquatic Organism Passage (396),2024,,,289,(supp)
Colorado,Total,EQIP IRA,Aquatic Organism Passage (396),Total,,,290,(supp)
Colorado,Total,EQIP IRA,Conservation Cover (327),2023,5,"$160,811 ",291, 
Colorado,Total,EQIP IRA,Conservation Cover (327),Total,5,"$160,811 ",292, 
Colorado,Total,EQIP IRA,Cover Crop (340),2023,70,"$857,172 ",293, 
Colorado,Total,EQIP IRA,Cover Crop (340),2024,339,"$5,319,242 ",294, 
Colorado,Total,EQIP IRA,Cover Crop (340),Total,409,"$6,176,414 ",295, 
Colorado,Total,EQIP IRA,Critical Area Planting (342),2023,8,"$17,010 ",296, 
Colorado,Total,EQIP IRA,Critical Area Planting (342),2024,14,"$23,780 ",297, 
Colorado,Total,EQIP IRA,Critical Area Planting (342),Total,22,"$40,790 ",298, 
Colorado,Total,EQIP IRA,Fence (382),2023,,,299,(supp)
Colorado,Total,EQIP IRA,Fence (382),2024,,,300,(supp)
Colorado,Total,EQIP IRA,Fence (382),Total,4,"$37,693 ",301, 
Colorado,Total,EQIP IRA,Forest Stand Improvement (666),2023,44,"$1,243,808 ",302, 
Colorado,Total,EQIP IRA,Forest Stand Improvement (666),2024,151,"$2,850,308 ",303, 
Colorado,Total,EQIP IRA,Forest Stand Improvement (666),Total,195,"$4,094,116 ",304, 
Colorado,Total,EQIP IRA,Herbaceous Weed Treatment (315),2023,54,"$68,695 ",305, 
Colorado,Total,EQIP IRA,Herbaceous Weed Treatment (315),2024,54,"$109,339 ",306, 
Colorado,Total,EQIP IRA,Herbaceous Weed Treatment (315),Total,108,"$178,034 ",307, 
Colorado,Total,EQIP IRA,"Irrigation System, Microirrigation (441)",2023,,,308,(supp)
Colorado,Total,EQIP IRA,"Irrigation System, Microirrigation (441)",Total,,,309,(supp)
Colorado,Total,EQIP IRA,Livestock Pipeline (516),2023,,,310,(supp)
Colorado,Total,EQIP IRA,Livestock Pipeline (516),2024,,,311,(supp)
Colorado,Total,EQIP IRA,Livestock Pipeline (516),Total,,,312,(supp)
Colorado,Total,EQIP IRA,Obstruction Removal (500),2024,,,313,(supp)
Colorado,Total,EQIP IRA,Obstruction Removal (500),Total,,,314,(supp)
Colorado,Total,EQIP IRA,Prescribed Grazing (528),2024,,,315,(supp)
Colorado,Total,EQIP IRA,Prescribed Grazing (528),Total,,,316,(supp)
Colorado,Total,EQIP IRA,Pumping Plant (533),2023,,,317,(supp)
Colorado,Total,EQIP IRA,Pumping Plant (533),2024,,,318,(supp)
Colorado,Total,EQIP IRA,Pumping Plant (533),Total,,,319,(supp)
Colorado,Total,EQIP IRA,Restoration of Rare or Declining Natural Communities (643),2024,,,320,(supp)
Colorado,Total,EQIP IRA,Restoration of Rare or Declining Natural Communities (643),Total,,,321,(supp)
Colorado,Total,EQIP IRA,Riparian Herbaceous Cover (390),2024,,,322,(supp)
Colorado,Total,EQIP IRA,Riparian Herbaceous Cover (390),Total,,,323,(supp)
Colorado,Total,EQIP IRA,Total,2023,249,"$2,793,062 ",324, 
Colorado,Total,EQIP IRA,Total,2024,738,"$9,637,590 ",325, 
Colorado,Total,EQIP IRA,Total,Total,987,"$12,430,652 ",326, 
Colorado,Total,EQIP IRA,Tree/Shrub Establishment (612),2023,,,327,(supp)
Colorado,Total,EQIP IRA,Tree/Shrub Establishment (612),Total,,,328,(supp)
Colorado,Total,EQIP IRA,Tree/Shrub Site Preparation (490),2023,,,329,(supp)
Colorado,Total,EQIP IRA,Tree/Shrub Site Preparation (490),Total,,,330,(supp)
Colorado,Total,EQIP IRA,Upland Wildlife Habitat Management (645),2023,15,"$61,923 ",331, 
Colorado,Total,EQIP IRA,Upland Wildlife Habitat Management (645),2024,30,"$25,294 ",332, 
Colorado,Total,EQIP IRA,Upland Wildlife Habitat Management (645),Total,45,"$87,217 ",333, 
Colorado,Total,EQIP IRA,Water Well (642),2023,,,334,(supp)
Colorado,Total,EQIP IRA,Water Well (642),Total,,,335,(supp)
Colorado,Total,EQIP IRA,Watering Facility (614),2024,,,336,(supp)
Colorado,Total,EQIP IRA,Watering Facility (614),Total,,,337,(supp)
Colorado,Total,EQIP IRA,Wildlife Habitat Planting (420),2023,8,"$260,275 ",338, 
Colorado,Total,EQIP IRA,Wildlife Habitat Planting (420),2024,14,"$704,986 ",339, 
Colorado,Total,EQIP IRA,Wildlife Habitat Planting (420),Total,22,"$965,261 ",340, 
Colorado,Total,EQIP IRA,Windbreak/Shelterbelt Establishment and Renovation (380),2023,,,341,(supp)
Colorado,Total,EQIP IRA,Windbreak/Shelterbelt Establishment and Renovation (380),Total,,,342,(supp)
Colorado,Total,EQIP IRA,Woody Residue Treatment (384),2023,34,"$91,558 ",343, 
Colorado,Total,EQIP IRA,Woody Residue Treatment (384),2024,112,"$350,196 ",344, 
Colorado,Total,EQIP IRA,Woody Residue Treatment (384),Total,146,"$441,754 ",345, 
Connecticut,Total,EQIP IRA,Access Control (472),2023,9,"$9,726 ",346, 
Connecticut,Total,EQIP IRA,Access Control (472),Total,9,"$9,726 ",347, 
Connecticut,Total,EQIP IRA,Access Road (560),2023,,,348,(supp)
Connecticut,Total,EQIP IRA,Access Road (560),2024,,,349,(supp)
Connecticut,Total,EQIP IRA,Access Road (560),Total,,,350,(supp)
Connecticut,Total,EQIP IRA,Brush Management (314),2023,50,"$378,547 ",351, 
Connecticut,Total,EQIP IRA,Brush Management (314),2024,17,"$31,688 ",352, 
Connecticut,Total,EQIP IRA,Brush Management (314),Total,67,"$410,235 ",353, 
Connecticut,Total,EQIP IRA,Combustion System Improvement (372),2023,,,354,(supp)
Connecticut,Total,EQIP IRA,Combustion System Improvement (372),Total,,,355,(supp)
Connecticut,Total,EQIP IRA,Conservation Cover (327),2023,,,356,(supp)
Connecticut,Total,EQIP IRA,Conservation Cover (327),Total,,,357,(supp)
Connecticut,Total,EQIP IRA,Conservation Crop Rotation (328),2024,10,"$5,965 ",358, 
Connecticut,Total,EQIP IRA,Conservation Crop Rotation (328),Total,10,"$5,965 ",359, 
Connecticut,Total,EQIP IRA,Cover Crop (340),2024,18,"$82,565 ",360, 
Connecticut,Total,EQIP IRA,Cover Crop (340),Total,18,"$82,565 ",361, 
Connecticut,Total,EQIP IRA,Energy Efficient Agricultural Operation (374),2023,,,362,(supp)
Connecticut,Total,EQIP IRA,Energy Efficient Agricultural Operation (374),2024,,,363,(supp)
Connecticut,Total,EQIP IRA,Energy Efficient Agricultural Operation (374),Total,13,"$96,693 ",364, 
Connecticut,Total,EQIP IRA,Energy Efficient Building Envelope (672),2023,4,"$248,771 ",365, 
Connecticut,Total,EQIP IRA,Energy Efficient Building Envelope (672),2024,4,"$300,361 ",366, 
Connecticut,Total,EQIP IRA,Energy Efficient Building Envelope (672),Total,8,"$549,132 ",367, 
Connecticut,Total,EQIP IRA,Energy Efficient Lighting System (670),2023,,,368,(supp)
Connecticut,Total,EQIP IRA,Energy Efficient Lighting System (670),Total,,,369,(supp)
Connecticut,Total,EQIP IRA,Fence (382),2023,6,"$12,239 ",370, 
Connecticut,Total,EQIP IRA,Fence (382),Total,6,"$12,239 ",371, 
Connecticut,Total,EQIP IRA,Forest Stand Improvement (666),2023,,,372,(supp)
Connecticut,Total,EQIP IRA,Forest Stand Improvement (666),2024,,,373,(supp)
Connecticut,Total,EQIP IRA,Forest Stand Improvement (666),Total,22,"$236,382 ",374, 
Connecticut,Total,EQIP IRA,Forest Trails and Landings (655),2023,8,"$22,780 ",375, 
Connecticut,Total,EQIP IRA,Forest Trails and Landings (655),Total,8,"$22,780 ",376, 
Connecticut,Total,EQIP IRA,Herbaceous Weed Treatment (315),2023,,,377,(supp)
Connecticut,Total,EQIP IRA,Herbaceous Weed Treatment (315),2024,,,378,(supp)
Connecticut,Total,EQIP IRA,Herbaceous Weed Treatment (315),Total,14,"$7,605 ",379, 
Connecticut,Total,EQIP IRA,Lined Waterway or Outlet (468),2023,,,380,(supp)
Connecticut,Total,EQIP IRA,Lined Waterway or Outlet (468),Total,,,381,(supp)
Connecticut,Total,EQIP IRA,Livestock Pipeline (516),2023,7,"$21,685 ",382, 
Connecticut,Total,EQIP IRA,Livestock Pipeline (516),Total,7,"$21,685 ",383, 
Connecticut,Total,EQIP IRA,Mulching (484),2023,,,384,(supp)
Connecticut,Total,EQIP IRA,Mulching (484),Total,,,385,(supp)
Connecticut,Total,EQIP IRA,Obstruction Removal (500),2023,,,386,(supp)
Connecticut,Total,EQIP IRA,Obstruction Removal (500),Total,,,387,(supp)
Connecticut,Total,EQIP IRA,Pasture and Hay Planting (512),2023,,,388,(supp)
Connecticut,Total,EQIP IRA,Pasture and Hay Planting (512),2024,,,389,(supp)
Connecticut,Total,EQIP IRA,Pasture and Hay Planting (512),Total,13,"$61,891 ",390, 
Connecticut,Total,EQIP IRA,Prescribed Grazing (528),2023,9,"$22,718 ",391, 
Connecticut,Total,EQIP IRA,Prescribed Grazing (528),Total,9,"$22,718 ",392, 
Connecticut,Total,EQIP IRA,Pumping Plant (533),2023,,,393,(supp)
Connecticut,Total,EQIP IRA,Pumping Plant (533),Total,,,394,(supp)
Connecticut,Total,EQIP IRA,Road/Trail/Landing Closure and Treatment (654),2023,11,"$83,725 ",395, 
Connecticut,Total,EQIP IRA,Road/Trail/Landing Closure and Treatment (654),Total,11,"$83,725 ",396, 
Connecticut,Total,EQIP IRA,Roof Runoff Structure (558),2023,,,397,(supp)
Connecticut,Total,EQIP IRA,Roof Runoff Structure (558),Total,,,398,(supp)
Connecticut,Total,EQIP IRA,Structures for Wildlife (649),2023,,,399,(supp)
Connecticut,Total,EQIP IRA,Structures for Wildlife (649),Total,,,400,(supp)
Connecticut,Total,EQIP IRA,Total,2023,173,"$1,118,917 ",401, 
Connecticut,Total,EQIP IRA,Total,2024,77,"$595,747 ",402, 
Connecticut,Total,EQIP IRA,Total,Total,250,"$1,714,665 ",403, 
Connecticut,Total,EQIP IRA,Tree/Shrub Establishment (612),2023,,,404,(supp)
Connecticut,Total,EQIP IRA,Tree/Shrub Establishment (612),2024,,,405,(supp)
Connecticut,Total,EQIP IRA,Tree/Shrub Establishment (612),Total,8,"$16,411 ",406, 
Connecticut,Total,EQIP IRA,Underground Outlet (620),2023,,,407,(supp)
Connecticut,Total,EQIP IRA,Underground Outlet (620),Total,,,408,(supp)
Connecticut,Total,EQIP IRA,Water Well (642),2023,,,409,(supp)
Connecticut,Total,EQIP IRA,Water Well (642),Total,,,410,(supp)
Connecticut,Total,EQIP IRA,Watering Facility (614),2023,7,"$4,675 ",411, 
Connecticut,Total,EQIP IRA,Watering Facility (614),Total,7,"$4,675 ",412, 
Connecticut,Total,EQIP IRA,Wildlife Habitat Planting (420),2023,,,413,(supp)
Connecticut,Total,EQIP IRA,Wildlife Habitat Planting (420),Total,,,414,(supp)
Connecticut,Total,EQIP IRA,Woody Residue Treatment (384),2024,,,415,(supp)
Connecticut,Total,EQIP IRA,Woody Residue Treatment (384),Total,,,416,(supp)
Delaware,Total,EQIP IRA,Conservation Cover (327),2023,,,417,(supp)
Delaware,Total,EQIP IRA,Conservation Cover (327),Total,,,418,(supp)
Delaware,Total,EQIP IRA,Energy Efficient Agricultural Operation (374),2023,,,419,(supp)
Delaware,Total,EQIP IRA,Energy Efficient Agricultural Operation (374),2024,,,420,(supp)
Delaware,Total,EQIP IRA,Energy Efficient Agricultural Operation (374),Total,50,"$619,679 ",421, 
Delaware,Total,EQIP IRA,Energy Efficient Building Envelope (672),2023,,,422,(supp)
Delaware,Total,EQIP IRA,Energy Efficient Building Envelope (672),2024,,,423,(supp)
Delaware,Total,EQIP IRA,Energy Efficient Building Envelope (672),Total,64,"$938,600 ",424, 
Delaware,Total,EQIP IRA,Energy Efficient Lighting System (670),2023,,,425,(supp)
Delaware,Total,EQIP IRA,Energy Efficient Lighting System (670),2024,,,426,(supp)
Delaware,Total,EQIP IRA,Energy Efficient Lighting System (670),Total,6,"$5,422 ",427, 
Delaware,Total,EQIP IRA,Fence (382),2023,12,"$56,307 ",428, 
Delaware,Total,EQIP IRA,Fence (382),Total,12,"$56,307 ",429, 
Delaware,Total,EQIP IRA,Heavy Use Area Protection (561),2023,9,"$38,673 ",430, 
Delaware,Total,EQIP IRA,Heavy Use Area Protection (561),Total,9,"$38,673 ",431, 
Delaware,Total,EQIP IRA,Livestock Pipeline (516),2023,8,"$16,318 ",432, 
Delaware,Total,EQIP IRA,Livestock Pipeline (516),Total,8,"$16,318 ",433, 
Delaware,Total,EQIP IRA,Nutrient Management (590),2023,25,"$450,669 ",434, 
Delaware,Total,EQIP IRA,Nutrient Management (590),Total,25,"$450,669 ",435, 
Delaware,Total,EQIP IRA,Pasture and Hay Planting (512),2023,16,"$80,096 ",436, 
Delaware,Total,EQIP IRA,Pasture and Hay Planting (512),Total,16,"$80,096 ",437, 
Delaware,Total,EQIP IRA,Prescribed Grazing (528),2023,9,"$7,911 ",438, 
Delaware,Total,EQIP IRA,Prescribed Grazing (528),Total,9,"$7,911 ",439, 
Delaware,Total,EQIP IRA,Pumping Plant (533),2023,,,440,(supp)
Delaware,Total,EQIP IRA,Pumping Plant (533),Total,,,441,(supp)
Delaware,Total,EQIP IRA,Roof Runoff Structure (558),2023,,,442,(supp)
Delaware,Total,EQIP IRA,Roof Runoff Structure (558),Total,,,443,(supp)
Delaware,Total,EQIP IRA,Roofs and Covers (367),2023,,,444,(supp)
Delaware,Total,EQIP IRA,Roofs and Covers (367),Total,,,445,(supp)
Delaware,Total,EQIP IRA,Soil Carbon Amendment (336),2024,20,"$620,665 ",446, 
Delaware,Total,EQIP IRA,Soil Carbon Amendment (336),Total,20,"$620,665 ",447, 
Delaware,Total,EQIP IRA,Soil Health Testing (216),2024,5,"$2,008 ",448, 
Delaware,Total,EQIP IRA,Soil Health Testing (216),Total,5,"$2,008 ",449, 
Delaware,Total,EQIP IRA,Total,2023,100,"$767,120 ",450, 
Delaware,Total,EQIP IRA,Total,2024,142,"$2,160,965 ",451, 
Delaware,Total,EQIP IRA,Total,Total,242,"$2,928,085 ",452, 
Delaware,Total,EQIP IRA,Waste Storage Facility (313),2023,,,453,(supp)
Delaware,Total,EQIP IRA,Waste Storage Facility (313),Total,,,454,(supp)
Delaware,Total,EQIP IRA,Water Well (642),2023,,,455,(supp)
Delaware,Total,EQIP IRA,Water Well (642),Total,,,456,(supp)
Delaware,Total,EQIP IRA,Watering Facility (614),2023,8,"$11,306 ",457, 
Delaware,Total,EQIP IRA,Watering Facility (614),Total,8,"$11,306 ",458, 
Delaware,Total,EQIP IRA,Wildlife Habitat Planting (420),2023,,,459,(supp)
Delaware,Total,EQIP IRA,Wildlife Habitat Planting (420),Total,,,460,(supp)
Florida,Total,EQIP IRA,Brush Management (314),2023,4,"$45,356 ",461, 
Florida,Total,EQIP IRA,Brush Management (314),Total,4,"$45,356 ",462, 
Florida,Total,EQIP IRA,Conservation Cover (327),2023,5,"$8,827 ",463, 
Florida,Total,EQIP IRA,Conservation Cover (327),Total,5,"$8,827 ",464, 
Florida,Total,EQIP IRA,Conservation Crop Rotation (328),2023,,,465,(supp)
Florida,Total,EQIP IRA,Conservation Crop Rotation (328),Total,,,466,(supp)
Florida,Total,EQIP IRA,Cover Crop (340),2023,,,467,(supp)
Florida,Total,EQIP IRA,Cover Crop (340),2024,,,468,(supp)
Florida,Total,EQIP IRA,Cover Crop (340),Total,11,"$147,956 ",469, 
Florida,Total,EQIP IRA,Critical Area Planting (342),2023,,,470,(supp)
Florida,Total,EQIP IRA,Critical Area Planting (342),Total,,,471,(supp)
Florida,Total,EQIP IRA,Early Successional Habitat Development-Mgt (647),2023,,,472,(supp)
Florida,Total,EQIP IRA,Early Successional Habitat Development-Mgt (647),Total,,,473,(supp)
Florida,Total,EQIP IRA,Fence (382),2023,7,"$75,331 ",474, 
Florida,Total,EQIP IRA,Fence (382),Total,7,"$75,331 ",475, 
Florida,Total,EQIP IRA,Field Border (386),2023,,,476,(supp)
Florida,Total,EQIP IRA,Field Border (386),Total,,,477,(supp)
Florida,Total,EQIP IRA,Firebreak (394),2023,66,"$198,579 ",478, 
Florida,Total,EQIP IRA,Firebreak (394),Total,66,"$198,579 ",479, 
Florida,Total,EQIP IRA,Forest Stand Improvement (666),2023,71,"$305,714 ",480, 
Florida,Total,EQIP IRA,Forest Stand Improvement (666),Total,71,"$305,714 ",481, 
Florida,Total,EQIP IRA,Heavy Use Area Protection (561),2023,,,482,(supp)
Florida,Total,EQIP IRA,Heavy Use Area Protection (561),Total,,,483,(supp)
Florida,Total,EQIP IRA,Herbaceous Weed Treatment (315),2023,28,"$43,443 ",484, 
Florida,Total,EQIP IRA,Herbaceous Weed Treatment (315),2024,21,"$1,928,576 ",485, 
Florida,Total,EQIP IRA,Herbaceous Weed Treatment (315),Total,49,"$1,972,019 ",486, 
Florida,Total,EQIP IRA,Irrigation Water Management (449),2023,,,487,(supp)
Florida,Total,EQIP IRA,Irrigation Water Management (449),Total,,,488,(supp)
Florida,Total,EQIP IRA,Livestock Pipeline (516),2023,,,489,(supp)
Florida,Total,EQIP IRA,Livestock Pipeline (516),Total,,,490,(supp)
Florida,Total,EQIP IRA,Nutrient Management (590),2023,5,"$2,234 ",491, 
Florida,Total,EQIP IRA,Nutrient Management (590),Total,5,"$2,234 ",492, 
Florida,Total,EQIP IRA,Pasture and Hay Planting (512),2023,13,"$104,712 ",493, 
Florida,Total,EQIP IRA,Pasture and Hay Planting (512),Total,13,"$104,712 ",494, 
Florida,Total,EQIP IRA,Pest Management Conservation System (595),2023,,,495,(supp)
Florida,Total,EQIP IRA,Pest Management Conservation System (595),Total,,,496,(supp)
Florida,Total,EQIP IRA,Prescribed Burning (338),2023,27,"$38,615 ",497, 
Florida,Total,EQIP IRA,Prescribed Burning (338),Total,27,"$38,615 ",498, 
Florida,Total,EQIP IRA,Prescribed Grazing (528),2023,10,"$138,834 ",499, 
Florida,Total,EQIP IRA,Prescribed Grazing (528),Total,10,"$138,834 ",500, 
Florida,Total,EQIP IRA,Pumping Plant (533),2023,,,501,(supp)
Florida,Total,EQIP IRA,Pumping Plant (533),Total,,,502,(supp)
Florida,Total,EQIP IRA,Total,2023,426,"$3,113,605 ",503, 
Florida,Total,EQIP IRA,Total,2024,36,"$2,110,171 ",504, 
Florida,Total,EQIP IRA,Total,Total,462,"$5,223,777 ",505, 
Florida,Total,EQIP IRA,Tree/Shrub Establishment (612),2023,79,"$929,865 ",506, 
Florida,Total,EQIP IRA,Tree/Shrub Establishment (612),Total,79,"$929,865 ",507, 
Florida,Total,EQIP IRA,Tree/Shrub Site Preparation (490),2023,75,"$993,703 ",508, 
Florida,Total,EQIP IRA,Tree/Shrub Site Preparation (490),Total,75,"$993,703 ",509, 
Florida,Total,EQIP IRA,Upland Wildlife Habitat Management (645),2023,8,"$3,945 ",510, 
Florida,Total,EQIP IRA,Upland Wildlife Habitat Management (645),Total,8,"$3,945 ",511, 
Florida,Total,EQIP IRA,Water Well (642),2023,,,512,(supp)
Florida,Total,EQIP IRA,Water Well (642),Total,,,513,(supp)
Florida,Total,EQIP IRA,Watering Facility (614),2023,,,514,(supp)
Florida,Total,EQIP IRA,Watering Facility (614),Total,,,515,(supp)
Florida,Total,EQIP IRA,Wildlife Habitat Planting (420),2023,,,516,(supp)
Florida,Total,EQIP IRA,Wildlife Habitat Planting (420),Total,,,517,(supp)
Florida,Total,EQIP IRA,Woody Residue Treatment (384),2024,,,518,(supp)
Florida,Total,EQIP IRA,Woody Residue Treatment (384),Total,,,519,(supp)
Georgia,Total,EQIP IRA,Brush Management (314),2024,,,520,(supp)
Georgia,Total,EQIP IRA,Brush Management (314),Total,,,521,(supp)
Georgia,Total,EQIP IRA,Conservation Crop Rotation (328),2024,,,522,(supp)
Georgia,Total,EQIP IRA,Conservation Crop Rotation (328),Total,,,523,(supp)
Georgia,Total,EQIP IRA,Cover Crop (340),2023,68,"$2,145,139 ",524, 
Georgia,Total,EQIP IRA,Cover Crop (340),2024,336,"$10,256,861 ",525, 
Georgia,Total,EQIP IRA,Cover Crop (340),Total,404,"$12,402,000 ",526, 
Georgia,Total,EQIP IRA,Energy Efficient Agricultural Operation (374),2023,,,527,(supp)
Georgia,Total,EQIP IRA,Energy Efficient Agricultural Operation (374),2024,,,528,(supp)
Georgia,Total,EQIP IRA,Energy Efficient Agricultural Operation (374),Total,92,"$3,579,473 ",529, 
Georgia,Total,EQIP IRA,Energy Efficient Building Envelope (672),2023,64,"$1,522,362 ",530, 
Georgia,Total,EQIP IRA,Energy Efficient Building Envelope (672),2024,83,"$1,788,638 ",531, 
Georgia,Total,EQIP IRA,Energy Efficient Building Envelope (672),Total,147,"$3,311,000 ",532, 
Georgia,Total,EQIP IRA,Energy Efficient Lighting System (670),2023,,,533,(supp)
Georgia,Total,EQIP IRA,Energy Efficient Lighting System (670),2024,,,534,(supp)
Georgia,Total,EQIP IRA,Energy Efficient Lighting System (670),Total,32,"$103,898 ",535, 
Georgia,Total,EQIP IRA,Fence (382),2024,34,"$184,736 ",536, 
Georgia,Total,EQIP IRA,Fence (382),Total,34,"$184,736 ",537, 
Georgia,Total,EQIP IRA,Firebreak (394),2024,,,538,(supp)
Georgia,Total,EQIP IRA,Firebreak (394),Total,,,539,(supp)
Georgia,Total,EQIP IRA,Forest Stand Improvement (666),2024,7,"$83,835 ",540, 
Georgia,Total,EQIP IRA,Forest Stand Improvement (666),Total,7,"$83,835 ",541, 
Georgia,Total,EQIP IRA,Forest Trails and Landings (655),2024,,,542,(supp)
Georgia,Total,EQIP IRA,Forest Trails and Landings (655),Total,,,543,(supp)
Georgia,Total,EQIP IRA,Heavy Use Area Protection (561),2024,28,"$151,319 ",544, 
Georgia,Total,EQIP IRA,Heavy Use Area Protection (561),Total,28,"$151,319 ",545, 
Georgia,Total,EQIP IRA,Herbaceous Weed Treatment (315),2024,11,"$33,292 ",546, 
Georgia,Total,EQIP IRA,Herbaceous Weed Treatment (315),Total,11,"$33,292 ",547, 
Georgia,Total,EQIP IRA,Livestock Pipeline (516),2024,17,"$44,958 ",548, 
Georgia,Total,EQIP IRA,Livestock Pipeline (516),Total,17,"$44,958 ",549, 
Georgia,Total,EQIP IRA,Mulching (484),2024,,,550,(supp)
Georgia,Total,EQIP IRA,Mulching (484),Total,,,551,(supp)
Georgia,Total,EQIP IRA,Nutrient Management (590),2024,8,"$26,636 ",552, 
Georgia,Total,EQIP IRA,Nutrient Management (590),Total,8,"$26,636 ",553, 
Georgia,Total,EQIP IRA,Pasture and Hay Planting (512),2024,6,"$101,794 ",554, 
Georgia,Total,EQIP IRA,Pasture and Hay Planting (512),Total,6,"$101,794 ",555, 
Georgia,Total,EQIP IRA,Prescribed Burning (338),2024,15,"$49,915 ",556, 
Georgia,Total,EQIP IRA,Prescribed Burning (338),Total,15,"$49,915 ",557, 
Georgia,Total,EQIP IRA,Prescribed Grazing (528),2024,7,"$9,611 ",558, 
Georgia,Total,EQIP IRA,Prescribed Grazing (528),Total,7,"$9,611 ",559, 
Georgia,Total,EQIP IRA,Pumping Plant (533),2024,6,"$16,572 ",560, 
Georgia,Total,EQIP IRA,Pumping Plant (533),Total,6,"$16,572 ",561, 
Georgia,Total,EQIP IRA,Silvopasture (381),2024,,,562,(supp)
Georgia,Total,EQIP IRA,Silvopasture (381),Total,,,563,(supp)
Georgia,Total,EQIP IRA,Stream Crossing (578),2024,,,564,(supp)
Georgia,Total,EQIP IRA,Stream Crossing (578),Total,,,565,(supp)
Georgia,Total,EQIP IRA,Total,2023,189,"$5,084,919 ",566, 
Georgia,Total,EQIP IRA,Total,2024,681,"$15,354,916 ",567, 
Georgia,Total,EQIP IRA,Total,Total,870,"$20,439,835 ",568, 
Georgia,Total,EQIP IRA,Tree/Shrub Establishment (612),2024,9,"$132,726 ",569, 
Georgia,Total,EQIP IRA,Tree/Shrub Establishment (612),Total,9,"$132,726 ",570, 
Georgia,Total,EQIP IRA,Tree/Shrub Site Preparation (490),2024,10,"$64,197 ",571, 
Georgia,Total,EQIP IRA,Tree/Shrub Site Preparation (490),Total,10,"$64,197 ",572, 
Georgia,Total,EQIP IRA,Water Well (642),2024,6,"$53,930 ",573, 
Georgia,Total,EQIP IRA,Water Well (642),Total,6,"$53,930 ",574, 
Georgia,Total,EQIP IRA,Watering Facility (614),2024,19,"$18,765 ",575, 
Georgia,Total,EQIP IRA,Watering Facility (614),Total,19,"$18,765 ",576, 
Hawaii,Total,EQIP IRA,Brush Management (314),2023,,,577,(supp)
Hawaii,Total,EQIP IRA,Brush Management (314),2024,,,578,(supp)
Hawaii,Total,EQIP IRA,Brush Management (314),Total,7,"$16,436 ",579, 
Hawaii,Total,EQIP IRA,Conservation Cover (327),2023,,,580,(supp)
Hawaii,Total,EQIP IRA,Conservation Cover (327),Total,,,581,(supp)
Hawaii,Total,EQIP IRA,Conservation Crop Rotation (328),2023,,,582,(supp)
Hawaii,Total,EQIP IRA,Conservation Crop Rotation (328),Total,,,583,(supp)
Hawaii,Total,EQIP IRA,Cover Crop (340),2023,,,584,(supp)
Hawaii,Total,EQIP IRA,Cover Crop (340),Total,,,585,(supp)
Hawaii,Total,EQIP IRA,Critical Area Planting (342),2023,,,586,(supp)
Hawaii,Total,EQIP IRA,Critical Area Planting (342),Total,,,587,(supp)
Hawaii,Total,EQIP IRA,Fence (382),2023,,,588,(supp)
Hawaii,Total,EQIP IRA,Fence (382),2024,,,589,(supp)
Hawaii,Total,EQIP IRA,Fence (382),Total,9,"$95,194 ",590, 
Hawaii,Total,EQIP IRA,Heavy Use Area Protection (561),2023,,,591,(supp)
Hawaii,Total,EQIP IRA,Heavy Use Area Protection (561),Total,,,592,(supp)
Hawaii,Total,EQIP IRA,Herbaceous Weed Treatment (315),2023,10,"$8,425 ",593, 
Hawaii,Total,EQIP IRA,Herbaceous Weed Treatment (315),Total,10,"$8,425 ",594, 
Hawaii,Total,EQIP IRA,Livestock Pipeline (516),2023,,,595,(supp)
Hawaii,Total,EQIP IRA,Livestock Pipeline (516),2024,,,596,(supp)
Hawaii,Total,EQIP IRA,Livestock Pipeline (516),Total,,,597,(supp)
Hawaii,Total,EQIP IRA,Mulching (484),2023,32,"$357,695 ",598, 
Hawaii,Total,EQIP IRA,Mulching (484),Total,32,"$357,695 ",599, 
Hawaii,Total,EQIP IRA,Nutrient Management (590),2023,5,"$6,690 ",600, 
Hawaii,Total,EQIP IRA,Nutrient Management (590),Total,5,"$6,690 ",601, 
Hawaii,Total,EQIP IRA,Prescribed Grazing (528),2023,,,602,(supp)
Hawaii,Total,EQIP IRA,Prescribed Grazing (528),2024,,,603,(supp)
Hawaii,Total,EQIP IRA,Prescribed Grazing (528),Total,,,604,(supp)
Hawaii,Total,EQIP IRA,Silvopasture (381),2023,,,605,(supp)
Hawaii,Total,EQIP IRA,Silvopasture (381),Total,,,606,(supp)
Hawaii,Total,EQIP IRA,Soil Health Testing (216),2023,,,607,(supp)
Hawaii,Total,EQIP IRA,Soil Health Testing (216),Total,,,608,(supp)
Hawaii,Total,EQIP IRA,Total,2023,96,"$1,013,021 ",609, 
Hawaii,Total,EQIP IRA,Total,2024,13,"$56,738 ",610, 
Hawaii,Total,EQIP IRA,Total,Total,109,"$1,069,759 ",611, 
Hawaii,Total,EQIP IRA,Tree/Shrub Establishment (612),2023,,,612,(supp)
Hawaii,Total,EQIP IRA,Tree/Shrub Establishment (612),2024,,,613,(supp)
Hawaii,Total,EQIP IRA,Tree/Shrub Establishment (612),Total,7,"$388,201 ",614, 
Hawaii,Total,EQIP IRA,Tree/Shrub Site Preparation (490),2023,,,615,(supp)
Hawaii,Total,EQIP IRA,Tree/Shrub Site Preparation (490),2024,,,616,(supp)
Hawaii,Total,EQIP IRA,Tree/Shrub Site Preparation (490),Total,9,"$31,027 ",617, 
Hawaii,Total,EQIP IRA,Upland Wildlife Habitat Management (645),2023,,,618,(supp)
Hawaii,Total,EQIP IRA,Upland Wildlife Habitat Management (645),2024,,,619,(supp)
Hawaii,Total,EQIP IRA,Upland Wildlife Habitat Management (645),Total,,,620,(supp)
Hawaii,Total,EQIP IRA,Vegetative Barrier (601),2023,,,621,(supp)
Hawaii,Total,EQIP IRA,Vegetative Barrier (601),Total,,,622,(supp)
Hawaii,Total,EQIP IRA,Watering Facility (614),2023,,,623,(supp)
Hawaii,Total,EQIP IRA,Watering Facility (614),2024,,,624,(supp)
Hawaii,Total,EQIP IRA,Watering Facility (614),Total,4,"$111,508 ",625, 
Hawaii,Total,EQIP IRA,Windbreak/Shelterbelt Establishment and Renovation (380),2023,,,626,(supp)
Hawaii,Total,EQIP IRA,Windbreak/Shelterbelt Establishment and Renovation (380),Total,,,627,(supp)
Hawaii,Total,EQIP IRA,Woody Residue Treatment (384),2024,,,628,(supp)
Hawaii,Total,EQIP IRA,Woody Residue Treatment (384),Total,,,629,(supp)
Idaho,Total,EQIP IRA,Agricultural Energy Design (120),2024,,,630,(supp)
Idaho,Total,EQIP IRA,Agricultural Energy Design (120),Total,,,631,(supp)
Idaho,Total,EQIP IRA,Alley Cropping (311),2023,,,632,(supp)
Idaho,Total,EQIP IRA,Alley Cropping (311),Total,,,633,(supp)
Idaho,Total,EQIP IRA,Conservation Cover (327),2023,12,"$75,733 ",634, 
Idaho,Total,EQIP IRA,Conservation Cover (327),Total,12,"$75,733 ",635, 
Idaho,Total,EQIP IRA,Conservation Crop Rotation (328),2023,,,636,(supp)
Idaho,Total,EQIP IRA,Conservation Crop Rotation (328),Total,,,637,(supp)
Idaho,Total,EQIP IRA,Conservation Harvest Management (809),2024,5,"$143,855 ",638, 
Idaho,Total,EQIP IRA,Conservation Harvest Management (809),Total,5,"$143,855 ",639, 
Idaho,Total,EQIP IRA,Cover Crop (340),2023,70,"$869,083 ",640, 
Idaho,Total,EQIP IRA,Cover Crop (340),2024,20,"$195,566 ",641, 
Idaho,Total,EQIP IRA,Cover Crop (340),Total,90,"$1,064,649 ",642, 
Idaho,Total,EQIP IRA,Fence (382),2023,6,"$33,332 ",643, 
Idaho,Total,EQIP IRA,Fence (382),Total,6,"$33,332 ",644, 
Idaho,Total,EQIP IRA,Forest Management Assessment (223),2023,,,645,(supp)
Idaho,Total,EQIP IRA,Forest Management Assessment (223),Total,,,646,(supp)
Idaho,Total,EQIP IRA,Forest Management Practice Design (165),2023,,,647,(supp)
Idaho,Total,EQIP IRA,Forest Management Practice Design (165),Total,,,648,(supp)
Idaho,Total,EQIP IRA,Forest Stand Improvement (666),2023,19,"$88,548 ",649, 
Idaho,Total,EQIP IRA,Forest Stand Improvement (666),2024,46,"$163,150 ",650, 
Idaho,Total,EQIP IRA,Forest Stand Improvement (666),Total,65,"$251,698 ",651, 
Idaho,Total,EQIP IRA,Fuel Break (383),2024,,,652,(supp)
Idaho,Total,EQIP IRA,Fuel Break (383),Total,,,653,(supp)
Idaho,Total,EQIP IRA,Grassed Waterway (412),2023,7,"$11,950 ",654, 
Idaho,Total,EQIP IRA,Grassed Waterway (412),Total,7,"$11,950 ",655, 
Idaho,Total,EQIP IRA,Heavy Use Area Protection (561),2023,,,656,(supp)
Idaho,Total,EQIP IRA,Heavy Use Area Protection (561),Total,,,657,(supp)
Idaho,Total,EQIP IRA,Herbaceous Weed Treatment (315),2023,6,"$3,280 ",658, 
Idaho,Total,EQIP IRA,Herbaceous Weed Treatment (315),Total,6,"$3,280 ",659, 
Idaho,Total,EQIP IRA,Irrigation Pipeline (430),2024,,,660,(supp)
Idaho,Total,EQIP IRA,Irrigation Pipeline (430),Total,,,661,(supp)
Idaho,Total,EQIP IRA,Livestock Pipeline (516),2023,,,662,(supp)
Idaho,Total,EQIP IRA,Livestock Pipeline (516),Total,,,663,(supp)
Idaho,Total,EQIP IRA,Nutrient Management (590),2023,20,"$779,456 ",664, 
Idaho,Total,EQIP IRA,Nutrient Management (590),Total,20,"$779,456 ",665, 
Idaho,Total,EQIP IRA,Pasture and Hay Planting (512),2023,12,"$43,150 ",666, 
Idaho,Total,EQIP IRA,Pasture and Hay Planting (512),Total,12,"$43,150 ",667, 
Idaho,Total,EQIP IRA,Prescribed Burning (338),2024,,,668,(supp)
Idaho,Total,EQIP IRA,Prescribed Burning (338),Total,,,669,(supp)
Idaho,Total,EQIP IRA,Prescribed Grazing (528),2023,,,670,(supp)
Idaho,Total,EQIP IRA,Prescribed Grazing (528),Total,,,671,(supp)
Idaho,Total,EQIP IRA,Pumping Plant (533),2023,,,672,(supp)
Idaho,Total,EQIP IRA,Pumping Plant (533),2024,,,673,(supp)
Idaho,Total,EQIP IRA,Pumping Plant (533),Total,7,"$149,064 ",674, 
Idaho,Total,EQIP IRA,Range Planting (550),2023,,,675,(supp)
Idaho,Total,EQIP IRA,Range Planting (550),Total,,,676,(supp)
Idaho,Total,EQIP IRA,"Residue and Tillage Management, No Till (329)",2023,6,"$110,424 ",677, 
Idaho,Total,EQIP IRA,"Residue and Tillage Management, No Till (329)",2024,5,"$24,590 ",678, 
Idaho,Total,EQIP IRA,"Residue and Tillage Management, No Till (329)",Total,11,"$135,014 ",679, 
Idaho,Total,EQIP IRA,"Residue and Tillage Management, Reduced Till (345)",2023,16,"$161,983 ",680, 
Idaho,Total,EQIP IRA,"Residue and Tillage Management, Reduced Till (345)",Total,16,"$161,983 ",681, 
Idaho,Total,EQIP IRA,Structure for Water Control (587),2024,,,682,(supp)
Idaho,Total,EQIP IRA,Structure for Water Control (587),Total,,,683,(supp)
Idaho,Total,EQIP IRA,Total,2023,242,"$2,482,086 ",684, 
Idaho,Total,EQIP IRA,Total,2024,174,"$992,619 ",685, 
Idaho,Total,EQIP IRA,Total,Total,416,"$3,474,705 ",686, 
Idaho,Total,EQIP IRA,Tree-Shrub Pruning (660),2023,7,"$10,475 ",687, 
Idaho,Total,EQIP IRA,Tree-Shrub Pruning (660),2024,15,"$24,536 ",688, 
Idaho,Total,EQIP IRA,Tree-Shrub Pruning (660),Total,22,"$35,011 ",689, 
Idaho,Total,EQIP IRA,Tree/Shrub Establishment (612),2023,18,"$141,270 ",690, 
Idaho,Total,EQIP IRA,Tree/Shrub Establishment (612),2024,18,"$44,897 ",691, 
Idaho,Total,EQIP IRA,Tree/Shrub Establishment (612),Total,36,"$186,167 ",692, 
Idaho,Total,EQIP IRA,Tree/Shrub Site Preparation (490),2023,7,"$15,854 ",693, 
Idaho,Total,EQIP IRA,Tree/Shrub Site Preparation (490),2024,5,"$6,326 ",694, 
Idaho,Total,EQIP IRA,Tree/Shrub Site Preparation (490),Total,12,"$22,180 ",695, 
Idaho,Total,EQIP IRA,Water Well (642),2023,,,696,(supp)
Idaho,Total,EQIP IRA,Water Well (642),Total,,,697,(supp)
Idaho,Total,EQIP IRA,Watering Facility (614),2023,,,698,(supp)
Idaho,Total,EQIP IRA,Watering Facility (614),Total,,,699,(supp)
Idaho,Total,EQIP IRA,Woody Residue Treatment (384),2023,19,"$80,369 ",700, 
Idaho,Total,EQIP IRA,Woody Residue Treatment (384),2024,46,"$115,143 ",701, 
Idaho,Total,EQIP IRA,Woody Residue Treatment (384),Total,65,"$195,512 ",702, 
Illinois,Total,EQIP IRA,Access Road (560),2023,8,"$30,220 ",703, 
Illinois,Total,EQIP IRA,Access Road (560),Total,8,"$30,220 ",704, 
Illinois,Total,EQIP IRA,Brush Management (314),2023,32,"$51,333 ",705, 
Illinois,Total,EQIP IRA,Brush Management (314),Total,32,"$51,333 ",706, 
Illinois,Total,EQIP IRA,Conservation Cover (327),2023,6,"$7,619 ",707, 
Illinois,Total,EQIP IRA,Conservation Cover (327),Total,6,"$7,619 ",708, 
Illinois,Total,EQIP IRA,Conservation Crop Rotation (328),2023,11,"$12,116 ",709, 
Illinois,Total,EQIP IRA,Conservation Crop Rotation (328),2024,505,"$2,112,795 ",710, 
Illinois,Total,EQIP IRA,Conservation Crop Rotation (328),Total,516,"$2,124,911 ",711, 
Illinois,Total,EQIP IRA,Cover Crop (340),2023,113,"$457,700 ",712, 
Illinois,Total,EQIP IRA,Cover Crop (340),2024,540,"$10,564,192 ",713, 
Illinois,Total,EQIP IRA,Cover Crop (340),Total,653,"$11,021,892 ",714, 
Illinois,Total,EQIP IRA,Critical Area Planting (342),2023,23,"$14,926 ",715, 
Illinois,Total,EQIP IRA,Critical Area Planting (342),Total,23,"$14,926 ",716, 
Illinois,Total,EQIP IRA,Dike and Levee (356),2023,,,717,(supp)
Illinois,Total,EQIP IRA,Dike and Levee (356),Total,,,718,(supp)
Illinois,Total,EQIP IRA,Energy Efficient Agricultural Operation (374),2023,,,719,(supp)
Illinois,Total,EQIP IRA,Energy Efficient Agricultural Operation (374),Total,,,720,(supp)
Illinois,Total,EQIP IRA,Fence (382),2023,55,"$138,213 ",721, 
Illinois,Total,EQIP IRA,Fence (382),Total,55,"$138,213 ",722, 
Illinois,Total,EQIP IRA,Forage Harvest Management (511),2023,,,723,(supp)
Illinois,Total,EQIP IRA,Forage Harvest Management (511),Total,,,724,(supp)
Illinois,Total,EQIP IRA,Forest Stand Improvement (666),2023,14,"$20,618 ",725, 
Illinois,Total,EQIP IRA,Forest Stand Improvement (666),Total,14,"$20,618 ",726, 
Illinois,Total,EQIP IRA,Grade Stabilization Structure (410),2023,,,727,(supp)
Illinois,Total,EQIP IRA,Grade Stabilization Structure (410),Total,,,728,(supp)
Illinois,Total,EQIP IRA,Grassed Waterway (412),2023,29,"$220,327 ",729, 
Illinois,Total,EQIP IRA,Grassed Waterway (412),Total,29,"$220,327 ",730, 
Illinois,Total,EQIP IRA,Heavy Use Area Protection (561),2023,35,"$306,488 ",731, 
Illinois,Total,EQIP IRA,Heavy Use Area Protection (561),Total,35,"$306,488 ",732, 
Illinois,Total,EQIP IRA,Herbaceous Weed Treatment (315),2023,5,"$3,069 ",733, 
Illinois,Total,EQIP IRA,Herbaceous Weed Treatment (315),Total,5,"$3,069 ",734, 
Illinois,Total,EQIP IRA,Lined Waterway or Outlet (468),2023,11,"$53,648 ",735, 
Illinois,Total,EQIP IRA,Lined Waterway or Outlet (468),Total,11,"$53,648 ",736, 
Illinois,Total,EQIP IRA,Livestock Pipeline (516),2023,15,"$23,914 ",737, 
Illinois,Total,EQIP IRA,Livestock Pipeline (516),Total,15,"$23,914 ",738, 
Illinois,Total,EQIP IRA,Mulching (484),2023,31,"$71,920 ",739, 
Illinois,Total,EQIP IRA,Mulching (484),Total,31,"$71,920 ",740, 
Illinois,Total,EQIP IRA,Nutrient Management (590),2023,,,741,(supp)
Illinois,Total,EQIP IRA,Nutrient Management (590),2024,,,742,(supp)
Illinois,Total,EQIP IRA,Nutrient Management (590),Total,312,"$4,154,826 ",743, 
Illinois,Total,EQIP IRA,Pasture and Hay Planting (512),2023,27,"$108,173 ",744, 
Illinois,Total,EQIP IRA,Pasture and Hay Planting (512),Total,27,"$108,173 ",745, 
Illinois,Total,EQIP IRA,Prescribed Grazing (528),2023,11,"$24,123 ",746, 
Illinois,Total,EQIP IRA,Prescribed Grazing (528),Total,11,"$24,123 ",747, 
Illinois,Total,EQIP IRA,Pumping Plant (533),2023,,,748,(supp)
Illinois,Total,EQIP IRA,Pumping Plant (533),Total,,,749,(supp)
Illinois,Total,EQIP IRA,"Residue and Tillage Management, No Till (329)",2023,93,"$117,056 ",750, 
Illinois,Total,EQIP IRA,"Residue and Tillage Management, No Till (329)",2024,382,"$2,140,096 ",751, 
Illinois,Total,EQIP IRA,"Residue and Tillage Management, No Till (329)",Total,475,"$2,257,152 ",752, 
Illinois,Total,EQIP IRA,"Residue and Tillage Management, Reduced Till (345)",2023,,,753,(supp)
Illinois,Total,EQIP IRA,"Residue and Tillage Management, Reduced Till (345)",2024,,,754,(supp)
Illinois,Total,EQIP IRA,"Residue and Tillage Management, Reduced Till (345)",Total,189,"$1,057,007 ",755, 
Illinois,Total,EQIP IRA,Roof Runoff Structure (558),2023,5,"$15,928 ",756, 
Illinois,Total,EQIP IRA,Roof Runoff Structure (558),Total,5,"$15,928 ",757, 
Illinois,Total,EQIP IRA,Roofs and Covers (367),2023,5,"$219,765 ",758, 
Illinois,Total,EQIP IRA,Roofs and Covers (367),Total,5,"$219,765 ",759, 
Illinois,Total,EQIP IRA,Structure for Water Control (587),2023,,,760,(supp)
Illinois,Total,EQIP IRA,Structure for Water Control (587),Total,,,761,(supp)
Illinois,Total,EQIP IRA,Subsurface Drain (606),2023,13,"$84,842 ",762, 
Illinois,Total,EQIP IRA,Subsurface Drain (606),Total,13,"$84,842 ",763, 
Illinois,Total,EQIP IRA,Total,2023,676,"$2,808,123 ",764, 
Illinois,Total,EQIP IRA,Total,2024,"1,872","$19,927,742 ",765, 
Illinois,Total,EQIP IRA,Total,Total,"2,548","$22,735,865 ",766, 
Illinois,Total,EQIP IRA,Tree/Shrub Establishment (612),2023,8,"$11,305 ",767, 
Illinois,Total,EQIP IRA,Tree/Shrub Establishment (612),Total,8,"$11,305 ",768, 
Illinois,Total,EQIP IRA,Tree/Shrub Site Preparation (490),2023,8,"$1,272 ",769, 
Illinois,Total,EQIP IRA,Tree/Shrub Site Preparation (490),Total,8,"$1,272 ",770, 
Illinois,Total,EQIP IRA,Underground Outlet (620),2023,14,"$29,328 ",771, 
Illinois,Total,EQIP IRA,Underground Outlet (620),Total,14,"$29,328 ",772, 
Illinois,Total,EQIP IRA,Water Well (642),2023,,,773,(supp)
Illinois,Total,EQIP IRA,Water Well (642),Total,,,774,(supp)
Illinois,Total,EQIP IRA,Watering Facility (614),2023,27,"$32,002 ",775, 
Illinois,Total,EQIP IRA,Watering Facility (614),Total,27,"$32,002 ",776, 
Illinois,Total,EQIP IRA,Wetland Restoration (657),2023,,,777,(supp)
Illinois,Total,EQIP IRA,Wetland Restoration (657),Total,,,778,(supp)
Illinois,Total,EQIP IRA,Wildlife Habitat Planting (420),2023,,,779,(supp)
Illinois,Total,EQIP IRA,Wildlife Habitat Planting (420),Total,,,780,(supp)
Illinois,Total,EQIP IRA,Windbreak/Shelterbelt Establishment and Renovation (380),2023,,,781,(supp)
Illinois,Total,EQIP IRA,Windbreak/Shelterbelt Establishment and Renovation (380),Total,,,782,(supp)
Indiana,Total,EQIP IRA,Access Control (472),2024,,,783,(supp)
Indiana,Total,EQIP IRA,Access Control (472),Total,,,784,(supp)
Indiana,Total,EQIP IRA,Annual Forages for Grazing Systems (810),2024,,,785,(supp)
Indiana,Total,EQIP IRA,Annual Forages for Grazing Systems (810),Total,,,786,(supp)
Indiana,Total,EQIP IRA,Brush Management (314),2023,218,"$1,110,289 ",787, 
Indiana,Total,EQIP IRA,Brush Management (314),2024,324,"$2,508,818 ",788, 
Indiana,Total,EQIP IRA,Brush Management (314),Total,542,"$3,619,107 ",789, 
Indiana,Total,EQIP IRA,Conservation Cover (327),2023,6,"$3,581 ",790, 
Indiana,Total,EQIP IRA,Conservation Cover (327),2024,8,"$8,423 ",791, 
Indiana,Total,EQIP IRA,Conservation Cover (327),Total,14,"$12,004 ",792, 
Indiana,Total,EQIP IRA,Conservation Crop Rotation (328),2023,,,793,(supp)
Indiana,Total,EQIP IRA,Conservation Crop Rotation (328),2024,,,794,(supp)
Indiana,Total,EQIP IRA,Conservation Crop Rotation (328),Total,22,"$47,495 ",795, 
Indiana,Total,EQIP IRA,Cover Crop (340),2023,66,"$1,004,794 ",796, 
Indiana,Total,EQIP IRA,Cover Crop (340),2024,408,"$3,230,537 ",797, 
Indiana,Total,EQIP IRA,Cover Crop (340),Total,474,"$4,235,331 ",798, 
Indiana,Total,EQIP IRA,Critical Area Planting (342),2023,,,799,(supp)
Indiana,Total,EQIP IRA,Critical Area Planting (342),2024,,,800,(supp)
Indiana,Total,EQIP IRA,Critical Area Planting (342),Total,5,"$1,215 ",801, 
Indiana,Total,EQIP IRA,Diversion (362),2024,,,802,(supp)
Indiana,Total,EQIP IRA,Diversion (362),Total,,,803,(supp)
Indiana,Total,EQIP IRA,Energy Efficient Agricultural Operation (374),2023,,,804,(supp)
Indiana,Total,EQIP IRA,Energy Efficient Agricultural Operation (374),Total,,,805,(supp)
Indiana,Total,EQIP IRA,Energy Efficient Building Envelope (672),2023,,,806,(supp)
Indiana,Total,EQIP IRA,Energy Efficient Building Envelope (672),Total,,,807,(supp)
Indiana,Total,EQIP IRA,Fence (382),2023,,,808,(supp)
Indiana,Total,EQIP IRA,Fence (382),2024,,,809,(supp)
Indiana,Total,EQIP IRA,Fence (382),Total,21,"$103,372 ",810, 
Indiana,Total,EQIP IRA,Field Border (386),2024,,,811,(supp)
Indiana,Total,EQIP IRA,Field Border (386),Total,,,812,(supp)
Indiana,Total,EQIP IRA,Forest Stand Improvement (666),2023,58,"$248,370 ",813, 
Indiana,Total,EQIP IRA,Forest Stand Improvement (666),2024,122,"$587,254 ",814, 
Indiana,Total,EQIP IRA,Forest Stand Improvement (666),Total,180,"$835,624 ",815, 
Indiana,Total,EQIP IRA,Forest Trails and Landings (655),2024,,,816,(supp)
Indiana,Total,EQIP IRA,Forest Trails and Landings (655),Total,,,817,(supp)
Indiana,Total,EQIP IRA,Grade Stabilization Structure (410),2023,,,818,(supp)
Indiana,Total,EQIP IRA,Grade Stabilization Structure (410),2024,,,819,(supp)
Indiana,Total,EQIP IRA,Grade Stabilization Structure (410),Total,10,"$94,360 ",820, 
Indiana,Total,EQIP IRA,Grassed Waterway (412),2023,4,"$15,873 ",821, 
Indiana,Total,EQIP IRA,Grassed Waterway (412),2024,7,"$44,307 ",822, 
Indiana,Total,EQIP IRA,Grassed Waterway (412),Total,11,"$60,180 ",823, 
Indiana,Total,EQIP IRA,Heavy Use Area Protection (561),2023,5,"$3,948 ",824, 
Indiana,Total,EQIP IRA,Heavy Use Area Protection (561),2024,31,"$51,563 ",825, 
Indiana,Total,EQIP IRA,Heavy Use Area Protection (561),Total,36,"$55,511 ",826, 
Indiana,Total,EQIP IRA,Hedgerow Planting (422),2023,,,827,(supp)
Indiana,Total,EQIP IRA,Hedgerow Planting (422),2024,,,828,(supp)
Indiana,Total,EQIP IRA,Hedgerow Planting (422),Total,,,829,(supp)
Indiana,Total,EQIP IRA,Herbaceous Weed Treatment (315),2023,27,"$10,469 ",830, 
Indiana,Total,EQIP IRA,Herbaceous Weed Treatment (315),2024,52,"$32,890 ",831, 
Indiana,Total,EQIP IRA,Herbaceous Weed Treatment (315),Total,79,"$43,359 ",832, 
Indiana,Total,EQIP IRA,Lined Waterway or Outlet (468),2023,4,"$48,260 ",833, 
Indiana,Total,EQIP IRA,Lined Waterway or Outlet (468),2024,8,"$15,523 ",834, 
Indiana,Total,EQIP IRA,Lined Waterway or Outlet (468),Total,12,"$63,783 ",835, 
Indiana,Total,EQIP IRA,Livestock Pipeline (516),2023,,,836,(supp)
Indiana,Total,EQIP IRA,Livestock Pipeline (516),2024,,,837,(supp)
Indiana,Total,EQIP IRA,Livestock Pipeline (516),Total,30,"$98,558 ",838, 
Indiana,Total,EQIP IRA,Mulching (484),2023,8,"$35,486 ",839, 
Indiana,Total,EQIP IRA,Mulching (484),2024,9,"$86,738 ",840, 
Indiana,Total,EQIP IRA,Mulching (484),Total,17,"$122,224 ",841, 
Indiana,Total,EQIP IRA,Nutrient Management (590),2023,36,"$193,413 ",842, 
Indiana,Total,EQIP IRA,Nutrient Management (590),2024,111,"$2,707,059 ",843, 
Indiana,Total,EQIP IRA,Nutrient Management (590),Total,147,"$2,900,472 ",844, 
Indiana,Total,EQIP IRA,Nutrient Management Design and Implementation Activity  (157),2023,,,845,(supp)
Indiana,Total,EQIP IRA,Nutrient Management Design and Implementation Activity  (157),2024,,,846,(supp)
Indiana,Total,EQIP IRA,Nutrient Management Design and Implementation Activity  (157),Total,22,"$80,460 ",847, 
Indiana,Total,EQIP IRA,Pasture and Hay Planting (512),2023,8,"$33,601 ",848, 
Indiana,Total,EQIP IRA,Pasture and Hay Planting (512),2024,50,"$351,700 ",849, 
Indiana,Total,EQIP IRA,Pasture and Hay Planting (512),Total,58,"$385,301 ",850, 
Indiana,Total,EQIP IRA,Pest Management Conservation System (595),2023,27,"$109,338 ",851, 
Indiana,Total,EQIP IRA,Pest Management Conservation System (595),2024,57,"$152,778 ",852, 
Indiana,Total,EQIP IRA,Pest Management Conservation System (595),Total,84,"$262,116 ",853, 
Indiana,Total,EQIP IRA,Pest Management Conservation System Design (161),2023,7,"$28,591 ",854, 
Indiana,Total,EQIP IRA,Pest Management Conservation System Design (161),2024,14,"$37,879 ",855, 
Indiana,Total,EQIP IRA,Pest Management Conservation System Design (161),Total,21,"$66,470 ",856, 
Indiana,Total,EQIP IRA,Pond (378),2024,,,857,(supp)
Indiana,Total,EQIP IRA,Pond (378),Total,,,858,(supp)
Indiana,Total,EQIP IRA,Prescribed Burning (338),2024,,,859,(supp)
Indiana,Total,EQIP IRA,Prescribed Burning (338),Total,,,860,(supp)
Indiana,Total,EQIP IRA,Prescribed Grazing (528),2023,,,861,(supp)
Indiana,Total,EQIP IRA,Prescribed Grazing (528),2024,,,862,(supp)
Indiana,Total,EQIP IRA,Prescribed Grazing (528),Total,31,"$74,202 ",863, 
Indiana,Total,EQIP IRA,Pumping Plant (533),2024,,,864,(supp)
Indiana,Total,EQIP IRA,Pumping Plant (533),Total,,,865,(supp)
Indiana,Total,EQIP IRA,"Residue and Tillage Management, No Till (329)",2023,47,"$149,248 ",866, 
Indiana,Total,EQIP IRA,"Residue and Tillage Management, No Till (329)",2024,79,"$460,987 ",867, 
Indiana,Total,EQIP IRA,"Residue and Tillage Management, No Till (329)",Total,126,"$610,235 ",868, 
Indiana,Total,EQIP IRA,"Residue and Tillage Management, Reduced Till (345)",2023,,,869,(supp)
Indiana,Total,EQIP IRA,"Residue and Tillage Management, Reduced Till (345)",2024,,,870,(supp)
Indiana,Total,EQIP IRA,"Residue and Tillage Management, Reduced Till (345)",Total,18,"$171,954 ",871, 
Indiana,Total,EQIP IRA,Silvopasture (381),2024,,,872,(supp)
Indiana,Total,EQIP IRA,Silvopasture (381),Total,,,873,(supp)
Indiana,Total,EQIP IRA,Soil and Source Testing for Nutrient Management (217),2023,8,"$6,497 ",874, 
Indiana,Total,EQIP IRA,Soil and Source Testing for Nutrient Management (217),Total,8,"$6,497 ",875, 
Indiana,Total,EQIP IRA,Soil Carbon Amendment (336),2024,,,876,(supp)
Indiana,Total,EQIP IRA,Soil Carbon Amendment (336),Total,,,877,(supp)
Indiana,Total,EQIP IRA,Spring Development (574),2024,,,878,(supp)
Indiana,Total,EQIP IRA,Spring Development (574),Total,,,879,(supp)
Indiana,Total,EQIP IRA,Structure for Water Control (587),2023,,,880,(supp)
Indiana,Total,EQIP IRA,Structure for Water Control (587),Total,,,881,(supp)
Indiana,Total,EQIP IRA,Structures for Wildlife (649),2024,,,882,(supp)
Indiana,Total,EQIP IRA,Structures for Wildlife (649),Total,,,883,(supp)
Indiana,Total,EQIP IRA,Subsurface Drain (606),2023,4,"$16,984 ",884, 
Indiana,Total,EQIP IRA,Subsurface Drain (606),2024,7,"$34,632 ",885, 
Indiana,Total,EQIP IRA,Subsurface Drain (606),Total,11,"$51,616 ",886, 
Indiana,Total,EQIP IRA,Total,2023,662,"$3,669,876 ",887, 
Indiana,Total,EQIP IRA,Total,2024,"1,629","$12,024,025 ",888, 
Indiana,Total,EQIP IRA,Total,Total,"2,291","$15,693,901 ",889, 
Indiana,Total,EQIP IRA,Trails and Walkways (575),2024,,,890,(supp)
Indiana,Total,EQIP IRA,Trails and Walkways (575),Total,,,891,(supp)
Indiana,Total,EQIP IRA,Tree/Shrub Establishment (612),2023,19,"$75,329 ",892, 
Indiana,Total,EQIP IRA,Tree/Shrub Establishment (612),2024,17,"$55,266 ",893, 
Indiana,Total,EQIP IRA,Tree/Shrub Establishment (612),Total,36,"$130,595 ",894, 
Indiana,Total,EQIP IRA,Tree/Shrub Site Preparation (490),2024,,,895,(supp)
Indiana,Total,EQIP IRA,Tree/Shrub Site Preparation (490),Total,,,896,(supp)
Indiana,Total,EQIP IRA,Underground Outlet (620),2023,7,"$75,576 ",897, 
Indiana,Total,EQIP IRA,Underground Outlet (620),2024,17,"$245,832 ",898, 
Indiana,Total,EQIP IRA,Underground Outlet (620),Total,24,"$321,408 ",899, 
Indiana,Total,EQIP IRA,Upland Wildlife Habitat Management (645),2023,50,"$49,746 ",900, 
Indiana,Total,EQIP IRA,Upland Wildlife Habitat Management (645),2024,79,"$52,986 ",901, 
Indiana,Total,EQIP IRA,Upland Wildlife Habitat Management (645),Total,129,"$102,732 ",902, 
Indiana,Total,EQIP IRA,Water and Sediment Control Basin (638),2023,,,903,(supp)
Indiana,Total,EQIP IRA,Water and Sediment Control Basin (638),2024,,,904,(supp)
Indiana,Total,EQIP IRA,Water and Sediment Control Basin (638),Total,22,"$841,976 ",905, 
Indiana,Total,EQIP IRA,Watering Facility (614),2023,4,"$4,908 ",906, 
Indiana,Total,EQIP IRA,Watering Facility (614),2024,29,"$36,953 ",907, 
Indiana,Total,EQIP IRA,Watering Facility (614),Total,33,"$41,861 ",908, 
Indiana,Total,EQIP IRA,Wetland Restoration (657),2023,,,909,(supp)
Indiana,Total,EQIP IRA,Wetland Restoration (657),Total,,,910,(supp)
Indiana,Total,EQIP IRA,Wetland Wildlife Habitat Management (644),2023,,,911,(supp)
Indiana,Total,EQIP IRA,Wetland Wildlife Habitat Management (644),Total,,,912,(supp)
Indiana,Total,EQIP IRA,Wildlife Habitat Planting (420),2023,10,"$23,951 ",913, 
Indiana,Total,EQIP IRA,Wildlife Habitat Planting (420),2024,26,"$48,354 ",914, 
Indiana,Total,EQIP IRA,Wildlife Habitat Planting (420),Total,36,"$72,305 ",915, 
Iowa,Total,EQIP IRA,Brush Management (314),2024,5,"$6,017 ",916, 
Iowa,Total,EQIP IRA,Brush Management (314),Total,5,"$6,017 ",917, 
Iowa,Total,EQIP IRA,Conservation Crop Rotation (328),2023,9,"$5,144 ",918, 
Iowa,Total,EQIP IRA,Conservation Crop Rotation (328),Total,9,"$5,144 ",919, 
Iowa,Total,EQIP IRA,Cover Crop (340),2023,278,"$3,439,045 ",920, 
Iowa,Total,EQIP IRA,Cover Crop (340),2024,20,"$182,442 ",921, 
Iowa,Total,EQIP IRA,Cover Crop (340),Total,298,"$3,621,487 ",922, 
Iowa,Total,EQIP IRA,Fence (382),2024,6,"$12,251 ",923, 
Iowa,Total,EQIP IRA,Fence (382),Total,6,"$12,251 ",924, 
Iowa,Total,EQIP IRA,Forest Stand Improvement (666),2024,,,925,(supp)
Iowa,Total,EQIP IRA,Forest Stand Improvement (666),Total,,,926,(supp)
Iowa,Total,EQIP IRA,Heavy Use Area Protection (561),2024,,,927,(supp)
Iowa,Total,EQIP IRA,Heavy Use Area Protection (561),Total,,,928,(supp)
Iowa,Total,EQIP IRA,Livestock Pipeline (516),2024,,,929,(supp)
Iowa,Total,EQIP IRA,Livestock Pipeline (516),Total,,,930,(supp)
Iowa,Total,EQIP IRA,Nutrient Management (590),2023,5,"$5,955 ",931, 
Iowa,Total,EQIP IRA,Nutrient Management (590),Total,5,"$5,955 ",932, 
Iowa,Total,EQIP IRA,Pasture and Hay Planting (512),2024,6,"$63,068 ",933, 
Iowa,Total,EQIP IRA,Pasture and Hay Planting (512),Total,6,"$63,068 ",934, 
Iowa,Total,EQIP IRA,Prescribed Burning (338),2024,,,935,(supp)
Iowa,Total,EQIP IRA,Prescribed Burning (338),Total,,,936,(supp)
Iowa,Total,EQIP IRA,Prescribed Grazing (528),2023,22,"$50,389 ",937, 
Iowa,Total,EQIP IRA,Prescribed Grazing (528),2024,10,"$8,965 ",938, 
Iowa,Total,EQIP IRA,Prescribed Grazing (528),Total,32,"$59,354 ",939, 
Iowa,Total,EQIP IRA,"Residue and Tillage Management, No Till (329)",2023,158,"$346,880 ",940, 
Iowa,Total,EQIP IRA,"Residue and Tillage Management, No Till (329)",2024,15,"$43,885 ",941, 
Iowa,Total,EQIP IRA,"Residue and Tillage Management, No Till (329)",Total,173,"$390,765 ",942, 
Iowa,Total,EQIP IRA,Total,2023,472,"$3,847,413 ",943, 
Iowa,Total,EQIP IRA,Total,2024,70,"$329,008 ",944, 
Iowa,Total,EQIP IRA,Total,Total,542,"$4,176,421 ",945, 
Iowa,Total,EQIP IRA,Watering Facility (614),2024,,,946,(supp)
Iowa,Total,EQIP IRA,Watering Facility (614),Total,,,947,(supp)
Kansas,Total,EQIP IRA,Amending Soil Properties with Lime (805),2024,10,"$22,362 ",948, 
Kansas,Total,EQIP IRA,Amending Soil Properties with Lime (805),Total,10,"$22,362 ",949, 
Kansas,Total,EQIP IRA,Brush Management (314),2024,,,950,(supp)
Kansas,Total,EQIP IRA,Brush Management (314),Total,,,951,(supp)
Kansas,Total,EQIP IRA,Conservation Cover (327),2024,4,"$55,615 ",952, 
Kansas,Total,EQIP IRA,Conservation Cover (327),Total,4,"$55,615 ",953, 
Kansas,Total,EQIP IRA,Conservation Crop Rotation (328),2023,14,"$12,289 ",954, 
Kansas,Total,EQIP IRA,Conservation Crop Rotation (328),2024,144,"$377,886 ",955, 
Kansas,Total,EQIP IRA,Conservation Crop Rotation (328),Total,158,"$390,175 ",956, 
Kansas,Total,EQIP IRA,Cover Crop (340),2023,34,"$376,064 ",957, 
Kansas,Total,EQIP IRA,Cover Crop (340),2024,268,"$2,739,608 ",958, 
Kansas,Total,EQIP IRA,Cover Crop (340),Total,302,"$3,115,672 ",959, 
Kansas,Total,EQIP IRA,Fence (382),2024,,,960,(supp)
Kansas,Total,EQIP IRA,Fence (382),Total,,,961,(supp)
Kansas,Total,EQIP IRA,Forest Stand Improvement (666),2024,16,"$46,058 ",962, 
Kansas,Total,EQIP IRA,Forest Stand Improvement (666),Total,16,"$46,058 ",963, 
Kansas,Total,EQIP IRA,Livestock Pipeline (516),2023,,,964,(supp)
Kansas,Total,EQIP IRA,Livestock Pipeline (516),2024,,,965,(supp)
Kansas,Total,EQIP IRA,Livestock Pipeline (516),Total,5,"$36,166 ",966, 
Kansas,Total,EQIP IRA,Nutrient Management (590),2023,10,"$89,840 ",967, 
Kansas,Total,EQIP IRA,Nutrient Management (590),2024,52,"$1,222,572 ",968, 
Kansas,Total,EQIP IRA,Nutrient Management (590),Total,62,"$1,312,412 ",969, 
Kansas,Total,EQIP IRA,Nutrient Management Design and Implementation Activity  (157),2023,,,970,(supp)
Kansas,Total,EQIP IRA,Nutrient Management Design and Implementation Activity  (157),2024,,,971,(supp)
Kansas,Total,EQIP IRA,Nutrient Management Design and Implementation Activity  (157),Total,,,972,(supp)
Kansas,Total,EQIP IRA,Pasture and Hay Planting (512),2024,12,"$180,099 ",973, 
Kansas,Total,EQIP IRA,Pasture and Hay Planting (512),Total,12,"$180,099 ",974, 
Kansas,Total,EQIP IRA,Prescribed Burning (338),2024,,,975,(supp)
Kansas,Total,EQIP IRA,Prescribed Burning (338),Total,,,976,(supp)
Kansas,Total,EQIP IRA,Prescribed Grazing (528),2023,289,"$2,708,372 ",977, 
Kansas,Total,EQIP IRA,Prescribed Grazing (528),2024,42,"$124,861 ",978, 
Kansas,Total,EQIP IRA,Prescribed Grazing (528),Total,331,"$2,833,233 ",979, 
Kansas,Total,EQIP IRA,Pumping Plant (533),2023,7,"$25,396 ",980, 
Kansas,Total,EQIP IRA,Pumping Plant (533),2024,6,"$41,744 ",981, 
Kansas,Total,EQIP IRA,Pumping Plant (533),Total,13,"$67,140 ",982, 
Kansas,Total,EQIP IRA,Range Planting (550),2024,,,983,(supp)
Kansas,Total,EQIP IRA,Range Planting (550),Total,,,984,(supp)
Kansas,Total,EQIP IRA,"Residue and Tillage Management, No Till (329)",2023,25,"$55,140 ",985, 
Kansas,Total,EQIP IRA,"Residue and Tillage Management, No Till (329)",2024,187,"$1,504,277 ",986, 
Kansas,Total,EQIP IRA,"Residue and Tillage Management, No Till (329)",Total,212,"$1,559,417 ",987, 
Kansas,Total,EQIP IRA,"Residue and Tillage Management, Reduced Till (345)",2024,5,"$33,585 ",988, 
Kansas,Total,EQIP IRA,"Residue and Tillage Management, Reduced Till (345)",Total,5,"$33,585 ",989, 
Kansas,Total,EQIP IRA,Soil and Source Testing for Nutrient Management (217),2023,4,"$18,924 ",990, 
Kansas,Total,EQIP IRA,Soil and Source Testing for Nutrient Management (217),2024,30,"$164,855 ",991, 
Kansas,Total,EQIP IRA,Soil and Source Testing for Nutrient Management (217),Total,34,"$183,779 ",992, 
Kansas,Total,EQIP IRA,Soil Carbon Amendment (336),2024,,,993,(supp)
Kansas,Total,EQIP IRA,Soil Carbon Amendment (336),Total,,,994,(supp)
Kansas,Total,EQIP IRA,Total,2023,403,"$3,343,689 ",995, 
Kansas,Total,EQIP IRA,Total,2024,809,"$6,781,343 ",996, 
Kansas,Total,EQIP IRA,Total,Total,"1,212","$10,125,032 ",997, 
Kansas,Total,EQIP IRA,Tree/Shrub Site Preparation (490),2024,,,998,(supp)
Kansas,Total,EQIP IRA,Tree/Shrub Site Preparation (490),Total,,,999,(supp)
Kansas,Total,EQIP IRA,Water Well (642),2023,,,"1,000",(supp)
Kansas,Total,EQIP IRA,Water Well (642),2024,,,"1,001",(supp)
Kansas,Total,EQIP IRA,Water Well (642),Total,9,"$68,706 ","1,002", 
Kansas,Total,EQIP IRA,Watering Facility (614),2023,8,"$13,949 ","1,003", 
Kansas,Total,EQIP IRA,Watering Facility (614),2024,6,"$62,655 ","1,004", 
Kansas,Total,EQIP IRA,Watering Facility (614),Total,14,"$76,604 ","1,005", 
Kansas,Total,EQIP IRA,Windbreak/Shelterbelt Establishment and Renovation (380),2024,,,"1,006",(supp)
Kansas,Total,EQIP IRA,Windbreak/Shelterbelt Establishment and Renovation (380),Total,,,"1,007",(supp)
Kansas,Total,EQIP IRA,Windbreak/Shelterbelt Renovation (650),2024,,,"1,008",(supp)
Kansas,Total,EQIP IRA,Windbreak/Shelterbelt Renovation (650),Total,,,"1,009",(supp)
Kentucky,Total,EQIP IRA,Brush Management (314),2023,95,"$203,721 ","1,010", 
Kentucky,Total,EQIP IRA,Brush Management (314),Total,95,"$203,721 ","1,011", 
Kentucky,Total,EQIP IRA,Conservation Cover (327),2023,,,"1,012",(supp)
Kentucky,Total,EQIP IRA,Conservation Cover (327),Total,,,"1,013",(supp)
Kentucky,Total,EQIP IRA,Conservation Crop Rotation (328),2023,,,"1,014",(supp)
Kentucky,Total,EQIP IRA,Conservation Crop Rotation (328),Total,,,"1,015",(supp)
Kentucky,Total,EQIP IRA,Cover Crop (340),2023,83,"$1,376,203 ","1,016", 
Kentucky,Total,EQIP IRA,Cover Crop (340),Total,83,"$1,376,203 ","1,017", 
Kentucky,Total,EQIP IRA,Critical Area Planting (342),2023,18,"$45,956 ","1,018", 
Kentucky,Total,EQIP IRA,Critical Area Planting (342),Total,18,"$45,956 ","1,019", 
Kentucky,Total,EQIP IRA,Energy Efficient Agricultural Operation (374),2023,4,"$41,173 ","1,020", 
Kentucky,Total,EQIP IRA,Energy Efficient Agricultural Operation (374),Total,4,"$41,173 ","1,021", 
Kentucky,Total,EQIP IRA,Energy Efficient Building Envelope (672),2023,5,"$114,015 ","1,022", 
Kentucky,Total,EQIP IRA,Energy Efficient Building Envelope (672),Total,5,"$114,015 ","1,023", 
Kentucky,Total,EQIP IRA,Energy Efficient Lighting System (670),2023,4,"$7,354 ","1,024", 
Kentucky,Total,EQIP IRA,Energy Efficient Lighting System (670),Total,4,"$7,354 ","1,025", 
Kentucky,Total,EQIP IRA,Fence (382),2023,,,"1,026",(supp)
Kentucky,Total,EQIP IRA,Fence (382),Total,,,"1,027",(supp)
Kentucky,Total,EQIP IRA,Field Border (386),2023,,,"1,028",(supp)
Kentucky,Total,EQIP IRA,Field Border (386),Total,,,"1,029",(supp)
Kentucky,Total,EQIP IRA,Forest Stand Improvement (666),2023,144,"$1,288,855 ","1,030", 
Kentucky,Total,EQIP IRA,Forest Stand Improvement (666),Total,144,"$1,288,855 ","1,031", 
Kentucky,Total,EQIP IRA,Forest Trails and Landings (655),2023,,,"1,032",(supp)
Kentucky,Total,EQIP IRA,Forest Trails and Landings (655),Total,,,"1,033",(supp)
Kentucky,Total,EQIP IRA,Grade Stabilization Structure (410),2023,,,"1,034",(supp)
Kentucky,Total,EQIP IRA,Grade Stabilization Structure (410),Total,,,"1,035",(supp)
Kentucky,Total,EQIP IRA,Grassed Waterway (412),2023,,,"1,036",(supp)
Kentucky,Total,EQIP IRA,Grassed Waterway (412),2024,,,"1,037",(supp)
Kentucky,Total,EQIP IRA,Grassed Waterway (412),Total,8,"$18,204 ","1,038", 
Kentucky,Total,EQIP IRA,Heavy Use Area Protection (561),2023,6,"$9,201 ","1,039", 
Kentucky,Total,EQIP IRA,Heavy Use Area Protection (561),Total,6,"$9,201 ","1,040", 
Kentucky,Total,EQIP IRA,Herbaceous Weed Treatment (315),2023,26,"$5,222 ","1,041", 
Kentucky,Total,EQIP IRA,Herbaceous Weed Treatment (315),Total,26,"$5,222 ","1,042", 
Kentucky,Total,EQIP IRA,Lined Waterway or Outlet (468),2023,,,"1,043",(supp)
Kentucky,Total,EQIP IRA,Lined Waterway or Outlet (468),Total,,,"1,044",(supp)
Kentucky,Total,EQIP IRA,Mulching (484),2023,,,"1,045",(supp)
Kentucky,Total,EQIP IRA,Mulching (484),2024,,,"1,046",(supp)
Kentucky,Total,EQIP IRA,Mulching (484),Total,8,"$64,125 ","1,047", 
Kentucky,Total,EQIP IRA,"Residue and Tillage Management, No Till (329)",2023,17,"$137,425 ","1,048", 
Kentucky,Total,EQIP IRA,"Residue and Tillage Management, No Till (329)",Total,17,"$137,425 ","1,049", 
Kentucky,Total,EQIP IRA,Subsurface Drain (606),2023,,,"1,050",(supp)
Kentucky,Total,EQIP IRA,Subsurface Drain (606),Total,,,"1,051",(supp)
Kentucky,Total,EQIP IRA,Total,2023,450,"$3,508,937 ","1,052", 
Kentucky,Total,EQIP IRA,Total,2024,4,"$4,074 ","1,053", 
Kentucky,Total,EQIP IRA,Total,Total,454,"$3,513,011 ","1,054", 
Kentucky,Total,EQIP IRA,Tree/Shrub Establishment (612),2023,11,"$43,896 ","1,055", 
Kentucky,Total,EQIP IRA,Tree/Shrub Establishment (612),Total,11,"$43,896 ","1,056", 
Kentucky,Total,EQIP IRA,Tree/Shrub Site Preparation (490),2023,11,"$13,812 ","1,057", 
Kentucky,Total,EQIP IRA,Tree/Shrub Site Preparation (490),Total,11,"$13,812 ","1,058", 
Louisiana,Total,EQIP IRA,Annual Forages for Grazing Systems (810),2023,,,"1,059",(supp)
Louisiana,Total,EQIP IRA,Annual Forages for Grazing Systems (810),Total,,,"1,060",(supp)
Louisiana,Total,EQIP IRA,Brush Management (314),2023,,,"1,061",(supp)
Louisiana,Total,EQIP IRA,Brush Management (314),2024,,,"1,062",(supp)
Louisiana,Total,EQIP IRA,Brush Management (314),Total,12,"$42,471 ","1,063", 
Louisiana,Total,EQIP IRA,Conservation Cover (327),2023,,,"1,064",(supp)
Louisiana,Total,EQIP IRA,Conservation Cover (327),2024,,,"1,065",(supp)
Louisiana,Total,EQIP IRA,Conservation Cover (327),Total,5,"$5,946 ","1,066", 
Louisiana,Total,EQIP IRA,Conservation Crop Rotation (328),2023,12,"$25,502 ","1,067", 
Louisiana,Total,EQIP IRA,Conservation Crop Rotation (328),Total,12,"$25,502 ","1,068", 
Louisiana,Total,EQIP IRA,Cover Crop (340),2023,19,"$533,996 ","1,069", 
Louisiana,Total,EQIP IRA,Cover Crop (340),Total,19,"$533,996 ","1,070", 
Louisiana,Total,EQIP IRA,Energy Efficient Agricultural Operation (374),2023,,,"1,071",(supp)
Louisiana,Total,EQIP IRA,Energy Efficient Agricultural Operation (374),Total,,,"1,072",(supp)
Louisiana,Total,EQIP IRA,Energy Efficient Building Envelope (672),2023,,,"1,073",(supp)
Louisiana,Total,EQIP IRA,Energy Efficient Building Envelope (672),Total,,,"1,074",(supp)
Louisiana,Total,EQIP IRA,Fence (382),2023,19,"$139,791 ","1,075", 
Louisiana,Total,EQIP IRA,Fence (382),Total,19,"$139,791 ","1,076", 
Louisiana,Total,EQIP IRA,Firebreak (394),2023,7,"$40,432 ","1,077", 
Louisiana,Total,EQIP IRA,Firebreak (394),2024,159,"$1,023,248 ","1,078", 
Louisiana,Total,EQIP IRA,Firebreak (394),Total,166,"$1,063,680 ","1,079", 
Louisiana,Total,EQIP IRA,Forest Stand Improvement (666),2023,12,"$96,403 ","1,080", 
Louisiana,Total,EQIP IRA,Forest Stand Improvement (666),2024,147,"$1,857,158 ","1,081", 
Louisiana,Total,EQIP IRA,Forest Stand Improvement (666),Total,159,"$1,953,561 ","1,082", 
Louisiana,Total,EQIP IRA,Heavy Use Area Protection (561),2023,36,"$92,670 ","1,083", 
Louisiana,Total,EQIP IRA,Heavy Use Area Protection (561),Total,36,"$92,670 ","1,084", 
Louisiana,Total,EQIP IRA,Herbaceous Weed Treatment (315),2023,9,"$48,121 ","1,085", 
Louisiana,Total,EQIP IRA,Herbaceous Weed Treatment (315),2024,4,"$15,377 ","1,086", 
Louisiana,Total,EQIP IRA,Herbaceous Weed Treatment (315),Total,13,"$63,498 ","1,087", 
Louisiana,Total,EQIP IRA,"Irrigation System, Microirrigation (441)",2024,,,"1,088",(supp)
Louisiana,Total,EQIP IRA,"Irrigation System, Microirrigation (441)",Total,,,"1,089",(supp)
Louisiana,Total,EQIP IRA,Livestock Pipeline (516),2023,21,"$107,629 ","1,090", 
Louisiana,Total,EQIP IRA,Livestock Pipeline (516),Total,21,"$107,629 ","1,091", 
Louisiana,Total,EQIP IRA,Livestock Shelter Structure (576),2023,,,"1,092",(supp)
Louisiana,Total,EQIP IRA,Livestock Shelter Structure (576),Total,,,"1,093",(supp)
Louisiana,Total,EQIP IRA,Nutrient Management (590),2023,,,"1,094",(supp)
Louisiana,Total,EQIP IRA,Nutrient Management (590),Total,,,"1,095",(supp)
Louisiana,Total,EQIP IRA,Pasture and Hay Planting (512),2023,23,"$231,233 ","1,096", 
Louisiana,Total,EQIP IRA,Pasture and Hay Planting (512),Total,23,"$231,233 ","1,097", 
Louisiana,Total,EQIP IRA,Precision Land Forming and Smoothing (462),2023,,,"1,098",(supp)
Louisiana,Total,EQIP IRA,Precision Land Forming and Smoothing (462),Total,,,"1,099",(supp)
Louisiana,Total,EQIP IRA,Prescribed Burning (338),2023,8,"$15,172 ","1,100", 
Louisiana,Total,EQIP IRA,Prescribed Burning (338),2024,222,"$797,689 ","1,101", 
Louisiana,Total,EQIP IRA,Prescribed Burning (338),Total,230,"$812,861 ","1,102", 
Louisiana,Total,EQIP IRA,Prescribed Grazing (528),2023,30,"$340,063 ","1,103", 
Louisiana,Total,EQIP IRA,Prescribed Grazing (528),Total,30,"$340,063 ","1,104", 
Louisiana,Total,EQIP IRA,Pumping Plant (533),2023,,,"1,105",(supp)
Louisiana,Total,EQIP IRA,Pumping Plant (533),Total,,,"1,106",(supp)
Louisiana,Total,EQIP IRA,"Residue and Tillage Management, Reduced Till (345)",2023,19,"$110,722 ","1,107", 
Louisiana,Total,EQIP IRA,"Residue and Tillage Management, Reduced Till (345)",Total,19,"$110,722 ","1,108", 
Louisiana,Total,EQIP IRA,Riparian Forest Buffer (391),2024,6,"$3,921 ","1,109", 
Louisiana,Total,EQIP IRA,Riparian Forest Buffer (391),Total,6,"$3,921 ","1,110", 
Louisiana,Total,EQIP IRA,Road/Trail/Landing Closure and Treatment (654),2024,6,"$30,574 ","1,111", 
Louisiana,Total,EQIP IRA,Road/Trail/Landing Closure and Treatment (654),Total,6,"$30,574 ","1,112", 
Louisiana,Total,EQIP IRA,Total,2023,278,"$2,292,864 ","1,113", 
Louisiana,Total,EQIP IRA,Total,2024,719,"$5,597,604 ","1,114", 
Louisiana,Total,EQIP IRA,Total,Total,997,"$7,890,469 ","1,115", 
Louisiana,Total,EQIP IRA,Tree/Shrub Establishment (612),2023,5,"$43,302 ","1,116", 
Louisiana,Total,EQIP IRA,Tree/Shrub Establishment (612),2024,73,"$989,548 ","1,117", 
Louisiana,Total,EQIP IRA,Tree/Shrub Establishment (612),Total,78,"$1,032,850 ","1,118", 
Louisiana,Total,EQIP IRA,Tree/Shrub Site Preparation (490),2023,,,"1,119",(supp)
Louisiana,Total,EQIP IRA,Tree/Shrub Site Preparation (490),2024,,,"1,120",(supp)
Louisiana,Total,EQIP IRA,Tree/Shrub Site Preparation (490),Total,80,"$623,515 ","1,121", 
Louisiana,Total,EQIP IRA,Water Well (642),2023,,,"1,122",(supp)
Louisiana,Total,EQIP IRA,Water Well (642),Total,,,"1,123",(supp)
Louisiana,Total,EQIP IRA,Watering Facility (614),2023,28,"$66,229 ","1,124", 
Louisiana,Total,EQIP IRA,Watering Facility (614),Total,28,"$66,229 ","1,125", 
Louisiana,Total,EQIP IRA,Wildlife Habitat Planting (420),2023,4,"$6,796 ","1,126", 
Louisiana,Total,EQIP IRA,Wildlife Habitat Planting (420),2024,4,"$3,884 ","1,127", 
Louisiana,Total,EQIP IRA,Wildlife Habitat Planting (420),Total,8,"$10,680 ","1,128", 
Louisiana,Total,EQIP IRA,Woody Residue Treatment (384),2024,10,"$276,640 ","1,129", 
Louisiana,Total,EQIP IRA,Woody Residue Treatment (384),Total,10,"$276,640 ","1,130", 
Maine,Total,EQIP IRA,Access Road (560),2023,,,"1,131",(supp)
Maine,Total,EQIP IRA,Access Road (560),Total,,,"1,132",(supp)
Maine,Total,EQIP IRA,Conservation Cover (327),2023,,,"1,133",(supp)
Maine,Total,EQIP IRA,Conservation Cover (327),Total,,,"1,134",(supp)
Maine,Total,EQIP IRA,Cover Crop (340),2023,81,"$209,572 ","1,135", 
Maine,Total,EQIP IRA,Cover Crop (340),Total,81,"$209,572 ","1,136", 
Maine,Total,EQIP IRA,Deep Tillage (324),2023,,,"1,137",(supp)
Maine,Total,EQIP IRA,Deep Tillage (324),Total,,,"1,138",(supp)
Maine,Total,EQIP IRA,Early Successional Habitat Development-Mgt (647),2023,,,"1,139",(supp)
Maine,Total,EQIP IRA,Early Successional Habitat Development-Mgt (647),Total,,,"1,140",(supp)
Maine,Total,EQIP IRA,Forest Stand Improvement (666),2023,26,"$318,055 ","1,141", 
Maine,Total,EQIP IRA,Forest Stand Improvement (666),Total,26,"$318,055 ","1,142", 
Maine,Total,EQIP IRA,Forest Trails and Landings (655),2023,10,"$5,207 ","1,143", 
Maine,Total,EQIP IRA,Forest Trails and Landings (655),Total,10,"$5,207 ","1,144", 
Maine,Total,EQIP IRA,Grassed Waterway (412),2023,5,"$36,716 ","1,145", 
Maine,Total,EQIP IRA,Grassed Waterway (412),Total,5,"$36,716 ","1,146", 
Maine,Total,EQIP IRA,Herbaceous Weed Treatment (315),2023,,,"1,147",(supp)
Maine,Total,EQIP IRA,Herbaceous Weed Treatment (315),Total,,,"1,148",(supp)
Maine,Total,EQIP IRA,Lined Waterway or Outlet (468),2023,5,"$6,839 ","1,149", 
Maine,Total,EQIP IRA,Lined Waterway or Outlet (468),Total,5,"$6,839 ","1,150", 
Maine,Total,EQIP IRA,Mulching (484),2023,29,"$137,166 ","1,151", 
Maine,Total,EQIP IRA,Mulching (484),Total,29,"$137,166 ","1,152", 
Maine,Total,EQIP IRA,Pasture and Hay Planting (512),2023,20,"$141,218 ","1,153", 
Maine,Total,EQIP IRA,Pasture and Hay Planting (512),Total,20,"$141,218 ","1,154", 
Maine,Total,EQIP IRA,"Residue and Tillage Management, No Till (329)",2023,,,"1,155",(supp)
Maine,Total,EQIP IRA,"Residue and Tillage Management, No Till (329)",Total,,,"1,156",(supp)
Maine,Total,EQIP IRA,"Residue and Tillage Management, Reduced Till (345)",2023,41,"$27,203 ","1,157", 
Maine,Total,EQIP IRA,"Residue and Tillage Management, Reduced Till (345)",Total,41,"$27,203 ","1,158", 
Maine,Total,EQIP IRA,Stream Crossing (578),2023,10,"$35,572 ","1,159", 
Maine,Total,EQIP IRA,Stream Crossing (578),Total,10,"$35,572 ","1,160", 
Maine,Total,EQIP IRA,Structures for Wildlife (649),2023,,,"1,161",(supp)
Maine,Total,EQIP IRA,Structures for Wildlife (649),Total,,,"1,162",(supp)
Maine,Total,EQIP IRA,Total,2023,261,"$977,142 ","1,163", 
Maine,Total,EQIP IRA,Total,Total,261,"$977,142 ","1,164", 
Maine,Total,EQIP IRA,Tree/Shrub Establishment (612),2023,5,"$24,792 ","1,165", 
Maine,Total,EQIP IRA,Tree/Shrub Establishment (612),Total,5,"$24,792 ","1,166", 
Maine,Total,EQIP IRA,Tree/Shrub Site Preparation (490),2023,,,"1,167",(supp)
Maine,Total,EQIP IRA,Tree/Shrub Site Preparation (490),Total,,,"1,168",(supp)
Maine,Total,EQIP IRA,Upland Wildlife Habitat Management (645),2023,11,"$9,651 ","1,169", 
Maine,Total,EQIP IRA,Upland Wildlife Habitat Management (645),Total,11,"$9,651 ","1,170", 
Maine,Total,EQIP IRA,Windbreak/Shelterbelt Establishment and Renovation (380),2023,,,"1,171",(supp)
Maine,Total,EQIP IRA,Windbreak/Shelterbelt Establishment and Renovation (380),Total,,,"1,172",(supp)
Maryland,Total,EQIP IRA,Brush Management (314),2023,,,"1,173",(supp)
Maryland,Total,EQIP IRA,Brush Management (314),Total,,,"1,174",(supp)
Maryland,Total,EQIP IRA,Conservation Cover (327),2023,,,"1,175",(supp)
Maryland,Total,EQIP IRA,Conservation Cover (327),Total,,,"1,176",(supp)
Maryland,Total,EQIP IRA,Critical Area Planting (342),2024,,,"1,177",(supp)
Maryland,Total,EQIP IRA,Critical Area Planting (342),Total,,,"1,178",(supp)
Maryland,Total,EQIP IRA,Energy Efficient Agricultural Operation (374),2023,29,"$630,628 ","1,179", 
Maryland,Total,EQIP IRA,Energy Efficient Agricultural Operation (374),2024,4,"$79,045 ","1,180", 
Maryland,Total,EQIP IRA,Energy Efficient Agricultural Operation (374),Total,33,"$709,673 ","1,181", 
Maryland,Total,EQIP IRA,Energy Efficient Building Envelope (672),2023,22,"$217,360 ","1,182", 
Maryland,Total,EQIP IRA,Energy Efficient Building Envelope (672),Total,22,"$217,360 ","1,183", 
Maryland,Total,EQIP IRA,Energy Efficient Lighting System (670),2023,5,"$2,944 ","1,184", 
Maryland,Total,EQIP IRA,Energy Efficient Lighting System (670),Total,5,"$2,944 ","1,185", 
Maryland,Total,EQIP IRA,Fence (382),2023,20,"$185,953 ","1,186", 
Maryland,Total,EQIP IRA,Fence (382),2024,25,"$167,656 ","1,187", 
Maryland,Total,EQIP IRA,Fence (382),Total,45,"$353,608 ","1,188", 
Maryland,Total,EQIP IRA,Forage Harvest Management (511),2024,,,"1,189",(supp)
Maryland,Total,EQIP IRA,Forage Harvest Management (511),Total,,,"1,190",(supp)
Maryland,Total,EQIP IRA,Forest Stand Improvement (666),2023,,,"1,191",(supp)
Maryland,Total,EQIP IRA,Forest Stand Improvement (666),2024,,,"1,192",(supp)
Maryland,Total,EQIP IRA,Forest Stand Improvement (666),Total,24,"$172,425 ","1,193", 
Maryland,Total,EQIP IRA,Grassed Waterway (412),2024,4,"$20,758 ","1,194", 
Maryland,Total,EQIP IRA,Grassed Waterway (412),Total,4,"$20,758 ","1,195", 
Maryland,Total,EQIP IRA,Heavy Use Area Protection (561),2023,10,"$22,401 ","1,196", 
Maryland,Total,EQIP IRA,Heavy Use Area Protection (561),2024,20,"$58,731 ","1,197", 
Maryland,Total,EQIP IRA,Heavy Use Area Protection (561),Total,30,"$81,132 ","1,198", 
Maryland,Total,EQIP IRA,Hedgerow Planting (422),2023,,,"1,199",(supp)
Maryland,Total,EQIP IRA,Hedgerow Planting (422),Total,,,"1,200",(supp)
Maryland,Total,EQIP IRA,Herbaceous Weed Treatment (315),2024,4,"$3,987 ","1,201", 
Maryland,Total,EQIP IRA,Herbaceous Weed Treatment (315),Total,4,"$3,987 ","1,202", 
Maryland,Total,EQIP IRA,Lined Waterway or Outlet (468),2024,,,"1,203",(supp)
Maryland,Total,EQIP IRA,Lined Waterway or Outlet (468),Total,,,"1,204",(supp)
Maryland,Total,EQIP IRA,Livestock Pipeline (516),2023,11,"$27,024 ","1,205", 
Maryland,Total,EQIP IRA,Livestock Pipeline (516),2024,20,"$52,556 ","1,206", 
Maryland,Total,EQIP IRA,Livestock Pipeline (516),Total,31,"$79,580 ","1,207", 
Maryland,Total,EQIP IRA,Mulching (484),2023,,,"1,208",(supp)
Maryland,Total,EQIP IRA,Mulching (484),2024,,,"1,209",(supp)
Maryland,Total,EQIP IRA,Mulching (484),Total,7,"$17,332 ","1,210", 
Maryland,Total,EQIP IRA,Obstruction Removal (500),2024,4,"$53,872 ","1,211", 
Maryland,Total,EQIP IRA,Obstruction Removal (500),Total,4,"$53,872 ","1,212", 
Maryland,Total,EQIP IRA,Pasture and Hay Planting (512),2023,15,"$48,859 ","1,213", 
Maryland,Total,EQIP IRA,Pasture and Hay Planting (512),2024,6,"$21,886 ","1,214", 
Maryland,Total,EQIP IRA,Pasture and Hay Planting (512),Total,21,"$70,745 ","1,215", 
Maryland,Total,EQIP IRA,Prescribed Grazing (528),2023,14,"$5,796 ","1,216", 
Maryland,Total,EQIP IRA,Prescribed Grazing (528),2024,8,"$9,985 ","1,217", 
Maryland,Total,EQIP IRA,Prescribed Grazing (528),Total,22,"$15,781 ","1,218", 
Maryland,Total,EQIP IRA,Pumping Plant (533),2023,,,"1,219",(supp)
Maryland,Total,EQIP IRA,Pumping Plant (533),2024,,,"1,220",(supp)
Maryland,Total,EQIP IRA,Pumping Plant (533),Total,,,"1,221",(supp)
Maryland,Total,EQIP IRA,Stream Crossing (578),2024,,,"1,222",(supp)
Maryland,Total,EQIP IRA,Stream Crossing (578),Total,,,"1,223",(supp)
Maryland,Total,EQIP IRA,Streambank and Shoreline Protection (580),2024,,,"1,224",(supp)
Maryland,Total,EQIP IRA,Streambank and Shoreline Protection (580),Total,,,"1,225",(supp)
Maryland,Total,EQIP IRA,Subsurface Drain (606),2024,,,"1,226",(supp)
Maryland,Total,EQIP IRA,Subsurface Drain (606),Total,,,"1,227",(supp)
Maryland,Total,EQIP IRA,Total,2023,174,"$1,390,913 ","1,228", 
Maryland,Total,EQIP IRA,Total,2024,136,"$617,377 ","1,229", 
Maryland,Total,EQIP IRA,Total,Total,310,"$2,008,290 ","1,230", 
Maryland,Total,EQIP IRA,Trails and Walkways (575),2023,,,"1,231",(supp)
Maryland,Total,EQIP IRA,Trails and Walkways (575),Total,,,"1,232",(supp)
Maryland,Total,EQIP IRA,Tree/Shrub Establishment (612),2023,,,"1,233",(supp)
Maryland,Total,EQIP IRA,Tree/Shrub Establishment (612),Total,,,"1,234",(supp)
Maryland,Total,EQIP IRA,Underground Outlet (620),2024,,,"1,235",(supp)
Maryland,Total,EQIP IRA,Underground Outlet (620),Total,,,"1,236",(supp)
Maryland,Total,EQIP IRA,Water Well (642),2023,,,"1,237",(supp)
Maryland,Total,EQIP IRA,Water Well (642),2024,,,"1,238",(supp)
Maryland,Total,EQIP IRA,Water Well (642),Total,,,"1,239",(supp)
Maryland,Total,EQIP IRA,Watering Facility (614),2023,12,"$22,743 ","1,240", 
Maryland,Total,EQIP IRA,Watering Facility (614),2024,18,"$35,456 ","1,241", 
Maryland,Total,EQIP IRA,Watering Facility (614),Total,30,"$58,199 ","1,242", 
Maryland,Total,EQIP IRA,Wildlife Habitat Planting (420),2023,,,"1,243",(supp)
Maryland,Total,EQIP IRA,Wildlife Habitat Planting (420),2024,,,"1,244",(supp)
Maryland,Total,EQIP IRA,Wildlife Habitat Planting (420),Total,,,"1,245",(supp)
Massachusetts,Total,EQIP IRA,Access Control (472),2024,,,"1,246",(supp)
Massachusetts,Total,EQIP IRA,Access Control (472),Total,,,"1,247",(supp)
Massachusetts,Total,EQIP IRA,Brush Management (314),2023,61,"$466,088 ","1,248", 
Massachusetts,Total,EQIP IRA,Brush Management (314),2024,13,"$154,420 ","1,249", 
Massachusetts,Total,EQIP IRA,Brush Management (314),Total,74,"$620,508 ","1,250", 
Massachusetts,Total,EQIP IRA,Cover Crop (340),2023,40,"$40,795 ","1,251", 
Massachusetts,Total,EQIP IRA,Cover Crop (340),2024,18,"$40,086 ","1,252", 
Massachusetts,Total,EQIP IRA,Cover Crop (340),Total,58,"$80,882 ","1,253", 
Massachusetts,Total,EQIP IRA,Early Successional Habitat Development-Mgt (647),2023,4,"$47,331 ","1,254", 
Massachusetts,Total,EQIP IRA,Early Successional Habitat Development-Mgt (647),Total,4,"$47,331 ","1,255", 
Massachusetts,Total,EQIP IRA,Energy Efficient Agricultural Operation (374),2023,,,"1,256",(supp)
Massachusetts,Total,EQIP IRA,Energy Efficient Agricultural Operation (374),2024,,,"1,257",(supp)
Massachusetts,Total,EQIP IRA,Energy Efficient Agricultural Operation (374),Total,28,"$304,394 ","1,258", 
Massachusetts,Total,EQIP IRA,Energy Efficient Building Envelope (672),2024,8,"$7,468 ","1,259", 
Massachusetts,Total,EQIP IRA,Energy Efficient Building Envelope (672),Total,8,"$7,468 ","1,260", 
Massachusetts,Total,EQIP IRA,Fence (382),2024,,,"1,261",(supp)
Massachusetts,Total,EQIP IRA,Fence (382),Total,,,"1,262",(supp)
Massachusetts,Total,EQIP IRA,Forest Stand Improvement (666),2023,35,"$368,223 ","1,263", 
Massachusetts,Total,EQIP IRA,Forest Stand Improvement (666),2024,4,"$84,090 ","1,264", 
Massachusetts,Total,EQIP IRA,Forest Stand Improvement (666),Total,39,"$452,313 ","1,265", 
Massachusetts,Total,EQIP IRA,Forest Trails and Landings (655),2024,4,"$20,508 ","1,266", 
Massachusetts,Total,EQIP IRA,Forest Trails and Landings (655),Total,4,"$20,508 ","1,267", 
Massachusetts,Total,EQIP IRA,Mulching (484),2023,14,"$14,412 ","1,268", 
Massachusetts,Total,EQIP IRA,Mulching (484),Total,14,"$14,412 ","1,269", 
Massachusetts,Total,EQIP IRA,Nutrient Management (590),2023,,,"1,270",(supp)
Massachusetts,Total,EQIP IRA,Nutrient Management (590),Total,,,"1,271",(supp)
Massachusetts,Total,EQIP IRA,Pasture and Hay Planting (512),2023,,,"1,272",(supp)
Massachusetts,Total,EQIP IRA,Pasture and Hay Planting (512),2024,,,"1,273",(supp)
Massachusetts,Total,EQIP IRA,Pasture and Hay Planting (512),Total,11,"$50,114 ","1,274", 
Massachusetts,Total,EQIP IRA,Prescribed Grazing (528),2024,4,"$14,872 ","1,275", 
Massachusetts,Total,EQIP IRA,Prescribed Grazing (528),Total,4,"$14,872 ","1,276", 
Massachusetts,Total,EQIP IRA,"Residue and Tillage Management, Reduced Till (345)",2023,6,"$8,729 ","1,277", 
Massachusetts,Total,EQIP IRA,"Residue and Tillage Management, Reduced Till (345)",Total,6,"$8,729 ","1,278", 
Massachusetts,Total,EQIP IRA,Soil Carbon Amendment (336),2024,,,"1,279",(supp)
Massachusetts,Total,EQIP IRA,Soil Carbon Amendment (336),Total,,,"1,280",(supp)
Massachusetts,Total,EQIP IRA,Soil Carbon Amendment (808),2023,,,"1,281",(supp)
Massachusetts,Total,EQIP IRA,Soil Carbon Amendment (808),Total,,,"1,282",(supp)
Massachusetts,Total,EQIP IRA,Structures for Wildlife (649),2023,,,"1,283",(supp)
Massachusetts,Total,EQIP IRA,Structures for Wildlife (649),2024,,,"1,284",(supp)
Massachusetts,Total,EQIP IRA,Structures for Wildlife (649),Total,8,"$4,970 ","1,285", 
Massachusetts,Total,EQIP IRA,Total,2023,200,"$1,197,638 ","1,286", 
Massachusetts,Total,EQIP IRA,Total,2024,83,"$507,409 ","1,287", 
Massachusetts,Total,EQIP IRA,Total,Total,283,"$1,705,048 ","1,288", 
Massachusetts,Total,EQIP IRA,Tree/Shrub Establishment (612),2023,4,"$17,014 ","1,289", 
Massachusetts,Total,EQIP IRA,Tree/Shrub Establishment (612),Total,4,"$17,014 ","1,290", 
Massachusetts,Total,EQIP IRA,Upland Wildlife Habitat Management (645),2023,,,"1,291",(supp)
Massachusetts,Total,EQIP IRA,Upland Wildlife Habitat Management (645),Total,,,"1,292",(supp)
Massachusetts,Total,EQIP IRA,Watering Facility (614),2024,,,"1,293",(supp)
Massachusetts,Total,EQIP IRA,Watering Facility (614),Total,,,"1,294",(supp)
Massachusetts,Total,EQIP IRA,Wildlife Habitat Planting (420),2023,,,"1,295",(supp)
Massachusetts,Total,EQIP IRA,Wildlife Habitat Planting (420),2024,,,"1,296",(supp)
Massachusetts,Total,EQIP IRA,Wildlife Habitat Planting (420),Total,11,"$10,460 ","1,297", 
Michigan,Total,EQIP IRA,Access Road (560),2023,,,"1,298",(supp)
Michigan,Total,EQIP IRA,Access Road (560),2024,,,"1,299",(supp)
Michigan,Total,EQIP IRA,Access Road (560),Total,,,"1,300",(supp)
Michigan,Total,EQIP IRA,Agrichemical Handling Facility (309),2023,,,"1,301",(supp)
Michigan,Total,EQIP IRA,Agrichemical Handling Facility (309),Total,,,"1,302",(supp)
Michigan,Total,EQIP IRA,Anaerobic Digester (366),2023,,,"1,303",(supp)
Michigan,Total,EQIP IRA,Anaerobic Digester (366),Total,,,"1,304",(supp)
Michigan,Total,EQIP IRA,Brush Management (314),2023,31,"$130,481 ","1,305", 
Michigan,Total,EQIP IRA,Brush Management (314),2024,85,"$241,699 ","1,306", 
Michigan,Total,EQIP IRA,Brush Management (314),Total,116,"$372,180 ","1,307", 
Michigan,Total,EQIP IRA,Conservation Cover (327),2023,15,"$10,687 ","1,308", 
Michigan,Total,EQIP IRA,Conservation Cover (327),2024,33,"$43,529 ","1,309", 
Michigan,Total,EQIP IRA,Conservation Cover (327),Total,48,"$54,216 ","1,310", 
Michigan,Total,EQIP IRA,Cover Crop (340),2023,28,"$577,312 ","1,311", 
Michigan,Total,EQIP IRA,Cover Crop (340),2024,493,"$13,730,847 ","1,312", 
Michigan,Total,EQIP IRA,Cover Crop (340),Total,521,"$14,308,159 ","1,313", 
Michigan,Total,EQIP IRA,Critical Area Planting (342),2023,,,"1,314",(supp)
Michigan,Total,EQIP IRA,Critical Area Planting (342),2024,,,"1,315",(supp)
Michigan,Total,EQIP IRA,Critical Area Planting (342),Total,,,"1,316",(supp)
Michigan,Total,EQIP IRA,Early Successional Habitat Development-Mgt (647),2023,,,"1,317",(supp)
Michigan,Total,EQIP IRA,Early Successional Habitat Development-Mgt (647),Total,,,"1,318",(supp)
Michigan,Total,EQIP IRA,Fence (382),2023,41,"$156,841 ","1,319", 
Michigan,Total,EQIP IRA,Fence (382),2024,33,"$165,334 ","1,320", 
Michigan,Total,EQIP IRA,Fence (382),Total,74,"$322,175 ","1,321", 
Michigan,Total,EQIP IRA,Filter Strip (393),2023,,,"1,322",(supp)
Michigan,Total,EQIP IRA,Filter Strip (393),Total,,,"1,323",(supp)
Michigan,Total,EQIP IRA,Forest Management Practice Design (165),2024,,,"1,324",(supp)
Michigan,Total,EQIP IRA,Forest Management Practice Design (165),Total,,,"1,325",(supp)
Michigan,Total,EQIP IRA,Forest Stand Improvement (666),2023,29,"$89,600 ","1,326", 
Michigan,Total,EQIP IRA,Forest Stand Improvement (666),2024,26,"$125,519 ","1,327", 
Michigan,Total,EQIP IRA,Forest Stand Improvement (666),Total,55,"$215,119 ","1,328", 
Michigan,Total,EQIP IRA,Heavy Use Area Protection (561),2023,18,"$107,370 ","1,329", 
Michigan,Total,EQIP IRA,Heavy Use Area Protection (561),2024,12,"$40,528 ","1,330", 
Michigan,Total,EQIP IRA,Heavy Use Area Protection (561),Total,30,"$147,898 ","1,331", 
Michigan,Total,EQIP IRA,Herbaceous Weed Treatment (315),2023,11,"$2,992 ","1,332", 
Michigan,Total,EQIP IRA,Herbaceous Weed Treatment (315),2024,12,"$2,368 ","1,333", 
Michigan,Total,EQIP IRA,Herbaceous Weed Treatment (315),Total,23,"$5,360 ","1,334", 
Michigan,Total,EQIP IRA,Livestock Pipeline (516),2023,23,"$55,863 ","1,335", 
Michigan,Total,EQIP IRA,Livestock Pipeline (516),2024,19,"$78,733 ","1,336", 
Michigan,Total,EQIP IRA,Livestock Pipeline (516),Total,42,"$134,596 ","1,337", 
Michigan,Total,EQIP IRA,Mulching (484),2023,10,"$3,996 ","1,338", 
Michigan,Total,EQIP IRA,Mulching (484),2024,16,"$9,631 ","1,339", 
Michigan,Total,EQIP IRA,Mulching (484),Total,26,"$13,627 ","1,340", 
Michigan,Total,EQIP IRA,Nutrient Management (590),2023,16,"$128,560 ","1,341", 
Michigan,Total,EQIP IRA,Nutrient Management (590),Total,16,"$128,560 ","1,342", 
Michigan,Total,EQIP IRA,Pasture and Hay Planting (512),2023,15,"$27,152 ","1,343", 
Michigan,Total,EQIP IRA,Pasture and Hay Planting (512),2024,16,"$19,142 ","1,344", 
Michigan,Total,EQIP IRA,Pasture and Hay Planting (512),Total,31,"$46,294 ","1,345", 
Michigan,Total,EQIP IRA,Prescribed Burning (338),2023,,,"1,346",(supp)
Michigan,Total,EQIP IRA,Prescribed Burning (338),Total,,,"1,347",(supp)
Michigan,Total,EQIP IRA,Prescribed Grazing (528),2023,60,"$37,073 ","1,348", 
Michigan,Total,EQIP IRA,Prescribed Grazing (528),2024,49,"$40,836 ","1,349", 
Michigan,Total,EQIP IRA,Prescribed Grazing (528),Total,109,"$77,909 ","1,350", 
Michigan,Total,EQIP IRA,Pumping Plant (533),2023,,,"1,351",(supp)
Michigan,Total,EQIP IRA,Pumping Plant (533),Total,,,"1,352",(supp)
Michigan,Total,EQIP IRA,"Residue and Tillage Management, No Till (329)",2023,,,"1,353",(supp)
Michigan,Total,EQIP IRA,"Residue and Tillage Management, No Till (329)",Total,,,"1,354",(supp)
Michigan,Total,EQIP IRA,"Residue and Tillage Management, Reduced Till (345)",2023,5,"$12,655 ","1,355", 
Michigan,Total,EQIP IRA,"Residue and Tillage Management, Reduced Till (345)",Total,5,"$12,655 ","1,356", 
Michigan,Total,EQIP IRA,Roofs and Covers (367),2023,,,"1,357",(supp)
Michigan,Total,EQIP IRA,Roofs and Covers (367),Total,,,"1,358",(supp)
Michigan,Total,EQIP IRA,Total,2023,431,"$2,717,941 ","1,359", 
Michigan,Total,EQIP IRA,Total,2024,891,"$14,789,076 ","1,360", 
Michigan,Total,EQIP IRA,Total,Total,"1,322","$17,507,017 ","1,361", 
Michigan,Total,EQIP IRA,Trails and Walkways (575),2024,,,"1,362",(supp)
Michigan,Total,EQIP IRA,Trails and Walkways (575),Total,,,"1,363",(supp)
Michigan,Total,EQIP IRA,Tree-Shrub Pruning (660),2024,,,"1,364",(supp)
Michigan,Total,EQIP IRA,Tree-Shrub Pruning (660),Total,,,"1,365",(supp)
Michigan,Total,EQIP IRA,Tree/Shrub Establishment (612),2023,38,"$177,310 ","1,366", 
Michigan,Total,EQIP IRA,Tree/Shrub Establishment (612),2024,51,"$192,582 ","1,367", 
Michigan,Total,EQIP IRA,Tree/Shrub Establishment (612),Total,89,"$369,892 ","1,368", 
Michigan,Total,EQIP IRA,Tree/Shrub Site Preparation (490),2023,26,"$11,470 ","1,369", 
Michigan,Total,EQIP IRA,Tree/Shrub Site Preparation (490),2024,16,"$7,805 ","1,370", 
Michigan,Total,EQIP IRA,Tree/Shrub Site Preparation (490),Total,42,"$19,275 ","1,371", 
Michigan,Total,EQIP IRA,Upland Wildlife Habitat Management (645),2023,,,"1,372",(supp)
Michigan,Total,EQIP IRA,Upland Wildlife Habitat Management (645),Total,,,"1,373",(supp)
Michigan,Total,EQIP IRA,Waste Separation Facility (632),2023,,,"1,374",(supp)
Michigan,Total,EQIP IRA,Waste Separation Facility (632),Total,,,"1,375",(supp)
Michigan,Total,EQIP IRA,Waste Transfer (634),2023,,,"1,376",(supp)
Michigan,Total,EQIP IRA,Waste Transfer (634),Total,,,"1,377",(supp)
Michigan,Total,EQIP IRA,Water Well (642),2023,4,"$24,128 ","1,378", 
Michigan,Total,EQIP IRA,Water Well (642),Total,4,"$24,128 ","1,379", 
Michigan,Total,EQIP IRA,Watering Facility (614),2023,30,"$17,565 ","1,380", 
Michigan,Total,EQIP IRA,Watering Facility (614),2024,20,"$18,565 ","1,381", 
Michigan,Total,EQIP IRA,Watering Facility (614),Total,50,"$36,130 ","1,382", 
Michigan,Total,EQIP IRA,Wildlife Habitat Planting (420),2023,,,"1,383",(supp)
Michigan,Total,EQIP IRA,Wildlife Habitat Planting (420),2024,,,"1,384",(supp)
Michigan,Total,EQIP IRA,Wildlife Habitat Planting (420),Total,11,"$23,889 ","1,385", 
Michigan,Total,EQIP IRA,Windbreak/Shelterbelt Establishment and Renovation (380),2023,,,"1,386",(supp)
Michigan,Total,EQIP IRA,Windbreak/Shelterbelt Establishment and Renovation (380),2024,,,"1,387",(supp)
Michigan,Total,EQIP IRA,Windbreak/Shelterbelt Establishment and Renovation (380),Total,,,"1,388",(supp)
Michigan,Total,EQIP IRA,Woody Residue Treatment (384),2024,,,"1,389",(supp)
Michigan,Total,EQIP IRA,Woody Residue Treatment (384),Total,,,"1,390",(supp)
Minnesota,Total,EQIP IRA,Alley Cropping (311),2023,,,"1,391",(supp)
Minnesota,Total,EQIP IRA,Alley Cropping (311),Total,,,"1,392",(supp)
Minnesota,Total,EQIP IRA,Brush Management (314),2024,16,"$26,032 ","1,393", 
Minnesota,Total,EQIP IRA,Brush Management (314),Total,16,"$26,032 ","1,394", 
Minnesota,Total,EQIP IRA,Conservation Cover (327),2023,35,"$103,205 ","1,395", 
Minnesota,Total,EQIP IRA,Conservation Cover (327),2024,5,"$2,562 ","1,396", 
Minnesota,Total,EQIP IRA,Conservation Cover (327),Total,40,"$105,767 ","1,397", 
Minnesota,Total,EQIP IRA,Conservation Crop Rotation (328),2023,4,"$6,584 ","1,398", 
Minnesota,Total,EQIP IRA,Conservation Crop Rotation (328),2024,48,"$192,720 ","1,399", 
Minnesota,Total,EQIP IRA,Conservation Crop Rotation (328),Total,52,"$199,304 ","1,400", 
Minnesota,Total,EQIP IRA,Cover Crop (340),2023,124,"$1,140,994 ","1,401", 
Minnesota,Total,EQIP IRA,Cover Crop (340),2024,85,"$860,806 ","1,402", 
Minnesota,Total,EQIP IRA,Cover Crop (340),Total,209,"$2,001,800 ","1,403", 
Minnesota,Total,EQIP IRA,Critical Area Planting (342),2023,,,"1,404",(supp)
Minnesota,Total,EQIP IRA,Critical Area Planting (342),Total,,,"1,405",(supp)
Minnesota,Total,EQIP IRA,Energy Efficient Agricultural Operation (374),2024,10,"$403,362 ","1,406", 
Minnesota,Total,EQIP IRA,Energy Efficient Agricultural Operation (374),Total,10,"$403,362 ","1,407", 
Minnesota,Total,EQIP IRA,Energy Efficient Lighting System (670),2024,,,"1,408",(supp)
Minnesota,Total,EQIP IRA,Energy Efficient Lighting System (670),Total,,,"1,409",(supp)
Minnesota,Total,EQIP IRA,Fence (382),2023,20,"$132,561 ","1,410", 
Minnesota,Total,EQIP IRA,Fence (382),2024,10,"$90,453 ","1,411", 
Minnesota,Total,EQIP IRA,Fence (382),Total,30,"$223,014 ","1,412", 
Minnesota,Total,EQIP IRA,Field Border (386),2023,5,"$1,954 ","1,413", 
Minnesota,Total,EQIP IRA,Field Border (386),Total,5,"$1,954 ","1,414", 
Minnesota,Total,EQIP IRA,Field Operations Emissions Reduction (376),2024,14,"$86,601 ","1,415", 
Minnesota,Total,EQIP IRA,Field Operations Emissions Reduction (376),Total,14,"$86,601 ","1,416", 
Minnesota,Total,EQIP IRA,Filter Strip (393),2024,,,"1,417",(supp)
Minnesota,Total,EQIP IRA,Filter Strip (393),Total,,,"1,418",(supp)
Minnesota,Total,EQIP IRA,Forage Harvest Management (511),2023,,,"1,419",(supp)
Minnesota,Total,EQIP IRA,Forage Harvest Management (511),Total,,,"1,420",(supp)
Minnesota,Total,EQIP IRA,Forest Stand Improvement (666),2023,,,"1,421",(supp)
Minnesota,Total,EQIP IRA,Forest Stand Improvement (666),2024,,,"1,422",(supp)
Minnesota,Total,EQIP IRA,Forest Stand Improvement (666),Total,7,"$13,982 ","1,423", 
Minnesota,Total,EQIP IRA,Fuel Break (383),2024,,,"1,424",(supp)
Minnesota,Total,EQIP IRA,Fuel Break (383),Total,,,"1,425",(supp)
Minnesota,Total,EQIP IRA,Grassed Waterway (412),2023,,,"1,426",(supp)
Minnesota,Total,EQIP IRA,Grassed Waterway (412),2024,,,"1,427",(supp)
Minnesota,Total,EQIP IRA,Grassed Waterway (412),Total,21,"$122,499 ","1,428", 
Minnesota,Total,EQIP IRA,Heavy Use Area Protection (561),2023,,,"1,429",(supp)
Minnesota,Total,EQIP IRA,Heavy Use Area Protection (561),2024,,,"1,430",(supp)
Minnesota,Total,EQIP IRA,Heavy Use Area Protection (561),Total,10,"$23,720 ","1,431", 
Minnesota,Total,EQIP IRA,Land Clearing (460),2023,,,"1,432",(supp)
Minnesota,Total,EQIP IRA,Land Clearing (460),2024,,,"1,433",(supp)
Minnesota,Total,EQIP IRA,Land Clearing (460),Total,,,"1,434",(supp)
Minnesota,Total,EQIP IRA,Lined Waterway or Outlet (468),2023,,,"1,435",(supp)
Minnesota,Total,EQIP IRA,Lined Waterway or Outlet (468),2024,,,"1,436",(supp)
Minnesota,Total,EQIP IRA,Lined Waterway or Outlet (468),Total,,,"1,437",(supp)
Minnesota,Total,EQIP IRA,Livestock Pipeline (516),2023,12,"$38,917 ","1,438", 
Minnesota,Total,EQIP IRA,Livestock Pipeline (516),2024,4,"$19,654 ","1,439", 
Minnesota,Total,EQIP IRA,Livestock Pipeline (516),Total,16,"$58,571 ","1,440", 
Minnesota,Total,EQIP IRA,Livestock Shelter Structure (576),2023,,,"1,441",(supp)
Minnesota,Total,EQIP IRA,Livestock Shelter Structure (576),Total,,,"1,442",(supp)
Minnesota,Total,EQIP IRA,Mulching (484),2023,,,"1,443",(supp)
Minnesota,Total,EQIP IRA,Mulching (484),2024,,,"1,444",(supp)
Minnesota,Total,EQIP IRA,Mulching (484),Total,30,"$22,624 ","1,445", 
Minnesota,Total,EQIP IRA,Nutrient Management (590),2023,57,"$563,901 ","1,446", 
Minnesota,Total,EQIP IRA,Nutrient Management (590),2024,45,"$1,290,054 ","1,447", 
Minnesota,Total,EQIP IRA,Nutrient Management (590),Total,102,"$1,853,955 ","1,448", 
Minnesota,Total,EQIP IRA,Obstruction Removal (500),2024,4,"$17,393 ","1,449", 
Minnesota,Total,EQIP IRA,Obstruction Removal (500),Total,4,"$17,393 ","1,450", 
Minnesota,Total,EQIP IRA,Pasture and Hay Planting (512),2023,29,"$229,323 ","1,451", 
Minnesota,Total,EQIP IRA,Pasture and Hay Planting (512),2024,6,"$76,985 ","1,452", 
Minnesota,Total,EQIP IRA,Pasture and Hay Planting (512),Total,35,"$306,308 ","1,453", 
Minnesota,Total,EQIP IRA,Pest Management Conservation System (595),2024,25,"$422,703 ","1,454", 
Minnesota,Total,EQIP IRA,Pest Management Conservation System (595),Total,25,"$422,703 ","1,455", 
Minnesota,Total,EQIP IRA,Prescribed Burning (338),2024,,,"1,456",(supp)
Minnesota,Total,EQIP IRA,Prescribed Burning (338),Total,,,"1,457",(supp)
Minnesota,Total,EQIP IRA,Prescribed Grazing (528),2023,26,"$35,086 ","1,458", 
Minnesota,Total,EQIP IRA,Prescribed Grazing (528),2024,14,"$21,857 ","1,459", 
Minnesota,Total,EQIP IRA,Prescribed Grazing (528),Total,40,"$56,943 ","1,460", 
Minnesota,Total,EQIP IRA,Pumping Plant (533),2023,,,"1,461",(supp)
Minnesota,Total,EQIP IRA,Pumping Plant (533),Total,,,"1,462",(supp)
Minnesota,Total,EQIP IRA,"Residue and Tillage Management, No Till (329)",2023,59,"$394,446 ","1,463", 
Minnesota,Total,EQIP IRA,"Residue and Tillage Management, No Till (329)",2024,76,"$584,287 ","1,464", 
Minnesota,Total,EQIP IRA,"Residue and Tillage Management, No Till (329)",Total,135,"$978,733 ","1,465", 
Minnesota,Total,EQIP IRA,"Residue and Tillage Management, Reduced Till (345)",2023,22,"$49,911 ","1,466", 
Minnesota,Total,EQIP IRA,"Residue and Tillage Management, Reduced Till (345)",2024,28,"$67,431 ","1,467", 
Minnesota,Total,EQIP IRA,"Residue and Tillage Management, Reduced Till (345)",Total,50,"$117,342 ","1,468", 
Minnesota,Total,EQIP IRA,Subsurface Drain (606),2023,,,"1,469",(supp)
Minnesota,Total,EQIP IRA,Subsurface Drain (606),2024,,,"1,470",(supp)
Minnesota,Total,EQIP IRA,Subsurface Drain (606),Total,,,"1,471",(supp)
Minnesota,Total,EQIP IRA,Total,2023,510,"$2,948,876 ","1,472", 
Minnesota,Total,EQIP IRA,Total,2024,463,"$4,425,922 ","1,473", 
Minnesota,Total,EQIP IRA,Total,Total,973,"$7,374,798 ","1,474", 
Minnesota,Total,EQIP IRA,Tree/Shrub Establishment (612),2023,11,"$13,943 ","1,475", 
Minnesota,Total,EQIP IRA,Tree/Shrub Establishment (612),2024,9,"$35,564 ","1,476", 
Minnesota,Total,EQIP IRA,Tree/Shrub Establishment (612),Total,20,"$49,507 ","1,477", 
Minnesota,Total,EQIP IRA,Tree/Shrub Site Preparation (490),2023,8,$695 ,"1,478", 
Minnesota,Total,EQIP IRA,Tree/Shrub Site Preparation (490),2024,10,"$2,571 ","1,479", 
Minnesota,Total,EQIP IRA,Tree/Shrub Site Preparation (490),Total,18,"$3,266 ","1,480", 
Minnesota,Total,EQIP IRA,Underground Outlet (620),2024,,,"1,481",(supp)
Minnesota,Total,EQIP IRA,Underground Outlet (620),Total,,,"1,482",(supp)
Minnesota,Total,EQIP IRA,Upland Wildlife Habitat Management (645),2023,10,"$43,962 ","1,483", 
Minnesota,Total,EQIP IRA,Upland Wildlife Habitat Management (645),Total,10,"$43,962 ","1,484", 
Minnesota,Total,EQIP IRA,Water Well (642),2023,,,"1,485",(supp)
Minnesota,Total,EQIP IRA,Water Well (642),Total,,,"1,486",(supp)
Minnesota,Total,EQIP IRA,Watering Facility (614),2023,13,"$13,198 ","1,487", 
Minnesota,Total,EQIP IRA,Watering Facility (614),2024,4,"$4,770 ","1,488", 
Minnesota,Total,EQIP IRA,Watering Facility (614),Total,17,"$17,968 ","1,489", 
Minnesota,Total,EQIP IRA,Wildlife Habitat Planting (420),2023,5,"$31,025 ","1,490", 
Minnesota,Total,EQIP IRA,Wildlife Habitat Planting (420),2024,5,"$2,014 ","1,491", 
Minnesota,Total,EQIP IRA,Wildlife Habitat Planting (420),Total,10,"$33,039 ","1,492", 
Minnesota,Total,EQIP IRA,Windbreak/Shelterbelt Establishment and Renovation (380),2023,15,"$12,972 ","1,493", 
Minnesota,Total,EQIP IRA,Windbreak/Shelterbelt Establishment and Renovation (380),2024,4,"$9,929 ","1,494", 
Minnesota,Total,EQIP IRA,Windbreak/Shelterbelt Establishment and Renovation (380),Total,19,"$22,901 ","1,495", 
Minnesota,Total,EQIP IRA,Woody Residue Treatment (384),2024,,,"1,496",(supp)
Minnesota,Total,EQIP IRA,Woody Residue Treatment (384),Total,,,"1,497",(supp)
Mississippi,Total,EQIP IRA,Brush Management (314),2024,9,"$2,091 ","1,498", 
Mississippi,Total,EQIP IRA,Brush Management (314),Total,9,"$2,091 ","1,499", 
Mississippi,Total,EQIP IRA,Conservation Cover (327),2023,,,"1,500",(supp)
Mississippi,Total,EQIP IRA,Conservation Cover (327),Total,,,"1,501",(supp)
Mississippi,Total,EQIP IRA,Conservation Crop Rotation (328),2023,160,"$277,154 ","1,502", 
Mississippi,Total,EQIP IRA,Conservation Crop Rotation (328),2024,23,"$68,445 ","1,503", 
Mississippi,Total,EQIP IRA,Conservation Crop Rotation (328),Total,183,"$345,599 ","1,504", 
Mississippi,Total,EQIP IRA,Cover Crop (340),2023,168,"$2,396,625 ","1,505", 
Mississippi,Total,EQIP IRA,Cover Crop (340),2024,39,"$1,013,598 ","1,506", 
Mississippi,Total,EQIP IRA,Cover Crop (340),Total,207,"$3,410,223 ","1,507", 
Mississippi,Total,EQIP IRA,Critical Area Planting (342),2023,,,"1,508",(supp)
Mississippi,Total,EQIP IRA,Critical Area Planting (342),2024,,,"1,509",(supp)
Mississippi,Total,EQIP IRA,Critical Area Planting (342),Total,,,"1,510",(supp)
Mississippi,Total,EQIP IRA,Energy Efficient Agricultural Operation (374),2024,71,"$3,375,897 ","1,511", 
Mississippi,Total,EQIP IRA,Energy Efficient Agricultural Operation (374),Total,71,"$3,375,897 ","1,512", 
Mississippi,Total,EQIP IRA,Energy Efficient Building Envelope (672),2024,115,"$3,275,603 ","1,513", 
Mississippi,Total,EQIP IRA,Energy Efficient Building Envelope (672),Total,115,"$3,275,603 ","1,514", 
Mississippi,Total,EQIP IRA,Energy Efficient Lighting System (670),2024,8,"$14,060 ","1,515", 
Mississippi,Total,EQIP IRA,Energy Efficient Lighting System (670),Total,8,"$14,060 ","1,516", 
Mississippi,Total,EQIP IRA,Fence (382),2023,89,"$509,495 ","1,517", 
Mississippi,Total,EQIP IRA,Fence (382),2024,99,"$542,167 ","1,518", 
Mississippi,Total,EQIP IRA,Fence (382),Total,188,"$1,051,662 ","1,519", 
Mississippi,Total,EQIP IRA,Firebreak (394),2024,19,"$40,335 ","1,520", 
Mississippi,Total,EQIP IRA,Firebreak (394),Total,19,"$40,335 ","1,521", 
Mississippi,Total,EQIP IRA,Forest Stand Improvement (666),2024,,,"1,522",(supp)
Mississippi,Total,EQIP IRA,Forest Stand Improvement (666),Total,,,"1,523",(supp)
Mississippi,Total,EQIP IRA,Heavy Use Area Protection (561),2023,99,"$269,216 ","1,524", 
Mississippi,Total,EQIP IRA,Heavy Use Area Protection (561),2024,98,"$318,744 ","1,525", 
Mississippi,Total,EQIP IRA,Heavy Use Area Protection (561),Total,197,"$587,960 ","1,526", 
Mississippi,Total,EQIP IRA,Herbaceous Weed Treatment (315),2023,5,"$3,032 ","1,527", 
Mississippi,Total,EQIP IRA,Herbaceous Weed Treatment (315),2024,43,"$41,235 ","1,528", 
Mississippi,Total,EQIP IRA,Herbaceous Weed Treatment (315),Total,48,"$44,267 ","1,529", 
Mississippi,Total,EQIP IRA,Irrigation Pipeline (430),2024,,,"1,530",(supp)
Mississippi,Total,EQIP IRA,Irrigation Pipeline (430),Total,,,"1,531",(supp)
Mississippi,Total,EQIP IRA,Irrigation Water Management (449),2023,,,"1,532",(supp)
Mississippi,Total,EQIP IRA,Irrigation Water Management (449),2024,,,"1,533",(supp)
Mississippi,Total,EQIP IRA,Irrigation Water Management (449),Total,9,"$33,664 ","1,534", 
Mississippi,Total,EQIP IRA,Land Clearing (460),2024,4,"$1,717 ","1,535", 
Mississippi,Total,EQIP IRA,Land Clearing (460),Total,4,"$1,717 ","1,536", 
Mississippi,Total,EQIP IRA,Livestock Pipeline (516),2023,67,"$99,639 ","1,537", 
Mississippi,Total,EQIP IRA,Livestock Pipeline (516),2024,77,"$138,438 ","1,538", 
Mississippi,Total,EQIP IRA,Livestock Pipeline (516),Total,144,"$238,077 ","1,539", 
Mississippi,Total,EQIP IRA,Mulching (484),2023,,,"1,540",(supp)
Mississippi,Total,EQIP IRA,Mulching (484),2024,,,"1,541",(supp)
Mississippi,Total,EQIP IRA,Mulching (484),Total,,,"1,542",(supp)
Mississippi,Total,EQIP IRA,Nutrient Management (590),2024,5,"$20,608 ","1,543", 
Mississippi,Total,EQIP IRA,Nutrient Management (590),Total,5,"$20,608 ","1,544", 
Mississippi,Total,EQIP IRA,Pasture and Hay Planting (512),2023,85,"$524,739 ","1,545", 
Mississippi,Total,EQIP IRA,Pasture and Hay Planting (512),2024,53,"$187,362 ","1,546", 
Mississippi,Total,EQIP IRA,Pasture and Hay Planting (512),Total,138,"$712,101 ","1,547", 
Mississippi,Total,EQIP IRA,Pest Management Conservation System (595),2024,,,"1,548",(supp)
Mississippi,Total,EQIP IRA,Pest Management Conservation System (595),Total,,,"1,549",(supp)
Mississippi,Total,EQIP IRA,Pond (378),2024,,,"1,550",(supp)
Mississippi,Total,EQIP IRA,Pond (378),Total,,,"1,551",(supp)
Mississippi,Total,EQIP IRA,Prescribed Burning (338),2024,19,"$87,496 ","1,552", 
Mississippi,Total,EQIP IRA,Prescribed Burning (338),Total,19,"$87,496 ","1,553", 
Mississippi,Total,EQIP IRA,Prescribed Grazing (528),2023,83,"$197,432 ","1,554", 
Mississippi,Total,EQIP IRA,Prescribed Grazing (528),2024,73,"$141,842 ","1,555", 
Mississippi,Total,EQIP IRA,Prescribed Grazing (528),Total,156,"$339,274 ","1,556", 
Mississippi,Total,EQIP IRA,Pumping Plant (533),2023,12,"$55,124 ","1,557", 
Mississippi,Total,EQIP IRA,Pumping Plant (533),2024,9,"$96,504 ","1,558", 
Mississippi,Total,EQIP IRA,Pumping Plant (533),Total,21,"$151,628 ","1,559", 
Mississippi,Total,EQIP IRA,"Residue and Tillage Management, No Till (329)",2023,37,"$94,833 ","1,560", 
Mississippi,Total,EQIP IRA,"Residue and Tillage Management, No Till (329)",Total,37,"$94,833 ","1,561", 
Mississippi,Total,EQIP IRA,"Residue and Tillage Management, Reduced Till (345)",2023,141,"$581,474 ","1,562", 
Mississippi,Total,EQIP IRA,"Residue and Tillage Management, Reduced Till (345)",2024,24,"$146,032 ","1,563", 
Mississippi,Total,EQIP IRA,"Residue and Tillage Management, Reduced Till (345)",Total,165,"$727,506 ","1,564", 
Mississippi,Total,EQIP IRA,Riparian Forest Buffer (391),2024,,,"1,565",(supp)
Mississippi,Total,EQIP IRA,Riparian Forest Buffer (391),Total,,,"1,566",(supp)
Mississippi,Total,EQIP IRA,Soil Health Testing (216),2024,,,"1,567",(supp)
Mississippi,Total,EQIP IRA,Soil Health Testing (216),Total,,,"1,568",(supp)
Mississippi,Total,EQIP IRA,Structure for Water Control (587),2024,,,"1,569",(supp)
Mississippi,Total,EQIP IRA,Structure for Water Control (587),Total,,,"1,570",(supp)
Mississippi,Total,EQIP IRA,Total,2023,"1,046","$5,231,554 ","1,571", 
Mississippi,Total,EQIP IRA,Total,2024,944,"$10,579,232 ","1,572", 
Mississippi,Total,EQIP IRA,Total,Total,"1,990","$15,810,786 ","1,573", 
Mississippi,Total,EQIP IRA,Tree/Shrub Establishment (612),2023,4,"$14,537 ","1,574", 
Mississippi,Total,EQIP IRA,Tree/Shrub Establishment (612),2024,23,"$309,354 ","1,575", 
Mississippi,Total,EQIP IRA,Tree/Shrub Establishment (612),Total,27,"$323,891 ","1,576", 
Mississippi,Total,EQIP IRA,Tree/Shrub Site Preparation (490),2023,4,"$3,545 ","1,577", 
Mississippi,Total,EQIP IRA,Tree/Shrub Site Preparation (490),2024,22,"$186,839 ","1,578", 
Mississippi,Total,EQIP IRA,Tree/Shrub Site Preparation (490),Total,26,"$190,384 ","1,579", 
Mississippi,Total,EQIP IRA,Water Well (642),2023,12,"$96,018 ","1,580", 
Mississippi,Total,EQIP IRA,Water Well (642),2024,6,"$34,735 ","1,581", 
Mississippi,Total,EQIP IRA,Water Well (642),Total,18,"$130,753 ","1,582", 
Mississippi,Total,EQIP IRA,Watering Facility (614),2023,74,"$86,607 ","1,583", 
Mississippi,Total,EQIP IRA,Watering Facility (614),2024,80,"$122,236 ","1,584", 
Mississippi,Total,EQIP IRA,Watering Facility (614),Total,154,"$208,843 ","1,585", 
Mississippi,Total,EQIP IRA,Wildlife Habitat Planting (420),2024,,,"1,586",(supp)
Mississippi,Total,EQIP IRA,Wildlife Habitat Planting (420),Total,,,"1,587",(supp)
Missouri,Total,EQIP IRA,Access Control (472),2024,6,"$8,748 ","1,588", 
Missouri,Total,EQIP IRA,Access Control (472),Total,6,"$8,748 ","1,589", 
Missouri,Total,EQIP IRA,Annual Forages for Grazing Systems (810),2024,27,"$17,225 ","1,590", 
Missouri,Total,EQIP IRA,Annual Forages for Grazing Systems (810),Total,27,"$17,225 ","1,591", 
Missouri,Total,EQIP IRA,Brush Management (314),2024,17,"$26,743 ","1,592", 
Missouri,Total,EQIP IRA,Brush Management (314),Total,17,"$26,743 ","1,593", 
Missouri,Total,EQIP IRA,Cover Crop (340),2023,504,"$3,131,145 ","1,594", 
Missouri,Total,EQIP IRA,Cover Crop (340),2024,23,"$334,580 ","1,595", 
Missouri,Total,EQIP IRA,Cover Crop (340),Total,527,"$3,465,725 ","1,596", 
Missouri,Total,EQIP IRA,Fence (382),2024,66,"$132,982 ","1,597", 
Missouri,Total,EQIP IRA,Fence (382),Total,66,"$132,982 ","1,598", 
Missouri,Total,EQIP IRA,Firebreak (394),2024,,,"1,599",(supp)
Missouri,Total,EQIP IRA,Firebreak (394),Total,,,"1,600",(supp)
Missouri,Total,EQIP IRA,Forest Stand Improvement (666),2024,,,"1,601",(supp)
Missouri,Total,EQIP IRA,Forest Stand Improvement (666),Total,,,"1,602",(supp)
Missouri,Total,EQIP IRA,Heavy Use Area Protection (561),2024,39,"$18,564 ","1,603", 
Missouri,Total,EQIP IRA,Heavy Use Area Protection (561),Total,39,"$18,564 ","1,604", 
Missouri,Total,EQIP IRA,Herbaceous Weed Treatment (315),2024,16,"$15,140 ","1,605", 
Missouri,Total,EQIP IRA,Herbaceous Weed Treatment (315),Total,16,"$15,140 ","1,606", 
Missouri,Total,EQIP IRA,Livestock Pipeline (516),2024,44,"$57,137 ","1,607", 
Missouri,Total,EQIP IRA,Livestock Pipeline (516),Total,44,"$57,137 ","1,608", 
Missouri,Total,EQIP IRA,Nutrient Management (590),2023,,,"1,609",(supp)
Missouri,Total,EQIP IRA,Nutrient Management (590),2024,,,"1,610",(supp)
Missouri,Total,EQIP IRA,Nutrient Management (590),Total,67,"$2,341,779 ","1,611", 
Missouri,Total,EQIP IRA,Nutrient Management Design and Implementation Activity  (157),2024,,,"1,612",(supp)
Missouri,Total,EQIP IRA,Nutrient Management Design and Implementation Activity  (157),Total,,,"1,613",(supp)
Missouri,Total,EQIP IRA,Pasture and Hay Planting (512),2024,81,"$378,874 ","1,614", 
Missouri,Total,EQIP IRA,Pasture and Hay Planting (512),Total,81,"$378,874 ","1,615", 
Missouri,Total,EQIP IRA,Prescribed Burning (338),2024,4,"$4,948 ","1,616", 
Missouri,Total,EQIP IRA,Prescribed Burning (338),Total,4,"$4,948 ","1,617", 
Missouri,Total,EQIP IRA,Prescribed Grazing (528),2024,5,"$27,219 ","1,618", 
Missouri,Total,EQIP IRA,Prescribed Grazing (528),Total,5,"$27,219 ","1,619", 
Missouri,Total,EQIP IRA,Pumping Plant (533),2024,7,"$31,370 ","1,620", 
Missouri,Total,EQIP IRA,Pumping Plant (533),Total,7,"$31,370 ","1,621", 
Missouri,Total,EQIP IRA,"Residue and Tillage Management, No Till (329)",2023,,,"1,622",(supp)
Missouri,Total,EQIP IRA,"Residue and Tillage Management, No Till (329)",Total,,,"1,623",(supp)
Missouri,Total,EQIP IRA,Soil and Source Testing for Nutrient Management (217),2024,15,"$34,101 ","1,624", 
Missouri,Total,EQIP IRA,Soil and Source Testing for Nutrient Management (217),Total,15,"$34,101 ","1,625", 
Missouri,Total,EQIP IRA,Structures for Wildlife (649),2024,,,"1,626",(supp)
Missouri,Total,EQIP IRA,Structures for Wildlife (649),Total,,,"1,627",(supp)
Missouri,Total,EQIP IRA,Total,2023,532,"$4,561,105 ","1,628", 
Missouri,Total,EQIP IRA,Total,2024,462,"$2,217,788 ","1,629", 
Missouri,Total,EQIP IRA,Total,Total,994,"$6,778,893 ","1,630", 
Missouri,Total,EQIP IRA,Upland Wildlife Habitat Management (645),2024,,,"1,631",(supp)
Missouri,Total,EQIP IRA,Upland Wildlife Habitat Management (645),Total,,,"1,632",(supp)
Missouri,Total,EQIP IRA,Water Well (642),2024,6,"$95,820 ","1,633", 
Missouri,Total,EQIP IRA,Water Well (642),Total,6,"$95,820 ","1,634", 
Missouri,Total,EQIP IRA,Watering Facility (614),2024,41,"$62,488 ","1,635", 
Missouri,Total,EQIP IRA,Watering Facility (614),Total,41,"$62,488 ","1,636", 
Missouri,Total,EQIP IRA,Wildlife Habitat Planting (420),2024,,,"1,637",(supp)
Missouri,Total,EQIP IRA,Wildlife Habitat Planting (420),Total,,,"1,638",(supp)
Montana,Total,EQIP IRA,Aquifer Flow Test (224),2023,,,"1,639",(supp)
Montana,Total,EQIP IRA,Aquifer Flow Test (224),Total,,,"1,640",(supp)
Montana,Total,EQIP IRA,Brush Management (314),2024,86,"$769,540 ","1,641", 
Montana,Total,EQIP IRA,Brush Management (314),Total,86,"$769,540 ","1,642", 
Montana,Total,EQIP IRA,Conservation Crop Rotation (328),2023,27,"$171,780 ","1,643", 
Montana,Total,EQIP IRA,Conservation Crop Rotation (328),2024,100,"$635,146 ","1,644", 
Montana,Total,EQIP IRA,Conservation Crop Rotation (328),Total,127,"$806,926 ","1,645", 
Montana,Total,EQIP IRA,Conservation Harvest Management (809),2023,30,"$660,507 ","1,646", 
Montana,Total,EQIP IRA,Conservation Harvest Management (809),2024,82,"$1,866,912 ","1,647", 
Montana,Total,EQIP IRA,Conservation Harvest Management (809),Total,112,"$2,527,419 ","1,648", 
Montana,Total,EQIP IRA,Cover Crop (340),2023,50,"$281,247 ","1,649", 
Montana,Total,EQIP IRA,Cover Crop (340),2024,48,"$647,072 ","1,650", 
Montana,Total,EQIP IRA,Cover Crop (340),Total,98,"$928,319 ","1,651", 
Montana,Total,EQIP IRA,Fence (382),2023,,,"1,652",(supp)
Montana,Total,EQIP IRA,Fence (382),2024,,,"1,653",(supp)
Montana,Total,EQIP IRA,Fence (382),Total,20,"$1,104,924 ","1,654", 
Montana,Total,EQIP IRA,Forest Stand Improvement (666),2023,30,"$332,161 ","1,655", 
Montana,Total,EQIP IRA,Forest Stand Improvement (666),2024,64,"$635,538 ","1,656", 
Montana,Total,EQIP IRA,Forest Stand Improvement (666),Total,94,"$967,699 ","1,657", 
Montana,Total,EQIP IRA,Forest Trails and Landings (655),2023,,,"1,658",(supp)
Montana,Total,EQIP IRA,Forest Trails and Landings (655),2024,,,"1,659",(supp)
Montana,Total,EQIP IRA,Forest Trails and Landings (655),Total,4,"$41,026 ","1,660", 
Montana,Total,EQIP IRA,Fuel Break (383),2024,,,"1,661",(supp)
Montana,Total,EQIP IRA,Fuel Break (383),Total,,,"1,662",(supp)
Montana,Total,EQIP IRA,Herbaceous Weed Treatment (315),2023,10,"$86,407 ","1,663", 
Montana,Total,EQIP IRA,Herbaceous Weed Treatment (315),2024,42,"$909,492 ","1,664", 
Montana,Total,EQIP IRA,Herbaceous Weed Treatment (315),Total,52,"$995,899 ","1,665", 
Montana,Total,EQIP IRA,Irrigation Pipeline (430),2024,,,"1,666",(supp)
Montana,Total,EQIP IRA,Irrigation Pipeline (430),Total,,,"1,667",(supp)
Montana,Total,EQIP IRA,Livestock Pipeline (516),2023,,,"1,668",(supp)
Montana,Total,EQIP IRA,Livestock Pipeline (516),2024,,,"1,669",(supp)
Montana,Total,EQIP IRA,Livestock Pipeline (516),Total,24,"$178,995 ","1,670", 
Montana,Total,EQIP IRA,Nutrient Management (590),2024,,,"1,671",(supp)
Montana,Total,EQIP IRA,Nutrient Management (590),Total,,,"1,672",(supp)
Montana,Total,EQIP IRA,Obstruction Removal (500),2023,,,"1,673",(supp)
Montana,Total,EQIP IRA,Obstruction Removal (500),2024,,,"1,674",(supp)
Montana,Total,EQIP IRA,Obstruction Removal (500),Total,,,"1,675",(supp)
Montana,Total,EQIP IRA,Pasture and Hay Planting (512),2023,4,"$51,577 ","1,676", 
Montana,Total,EQIP IRA,Pasture and Hay Planting (512),Total,4,"$51,577 ","1,677", 
Montana,Total,EQIP IRA,Prescribed Grazing (528),2023,26,"$151,520 ","1,678", 
Montana,Total,EQIP IRA,Prescribed Grazing (528),2024,34,"$381,347 ","1,679", 
Montana,Total,EQIP IRA,Prescribed Grazing (528),Total,60,"$532,867 ","1,680", 
Montana,Total,EQIP IRA,Pumping Plant (533),2023,,,"1,681",(supp)
Montana,Total,EQIP IRA,Pumping Plant (533),2024,,,"1,682",(supp)
Montana,Total,EQIP IRA,Pumping Plant (533),Total,7,"$75,855 ","1,683", 
Montana,Total,EQIP IRA,"Residue and Tillage Management, No Till (329)",2023,12,"$137,282 ","1,684", 
Montana,Total,EQIP IRA,"Residue and Tillage Management, No Till (329)",2024,82,"$834,982 ","1,685", 
Montana,Total,EQIP IRA,"Residue and Tillage Management, No Till (329)",Total,94,"$972,264 ","1,686", 
Montana,Total,EQIP IRA,"Residue and Tillage Management, Reduced Till (345)",2024,,,"1,687",(supp)
Montana,Total,EQIP IRA,"Residue and Tillage Management, Reduced Till (345)",Total,,,"1,688",(supp)
Montana,Total,EQIP IRA,Silvopasture (381),2023,,,"1,689",(supp)
Montana,Total,EQIP IRA,Silvopasture (381),2024,,,"1,690",(supp)
Montana,Total,EQIP IRA,Silvopasture (381),Total,25,"$290,128 ","1,691", 
Montana,Total,EQIP IRA,Soil and Source Testing for Nutrient Management (217),2024,18,"$27,922 ","1,692", 
Montana,Total,EQIP IRA,Soil and Source Testing for Nutrient Management (217),Total,18,"$27,922 ","1,693", 
Montana,Total,EQIP IRA,Soil Health Testing (216),2023,20,"$16,514 ","1,694", 
Montana,Total,EQIP IRA,Soil Health Testing (216),2024,65,"$69,646 ","1,695", 
Montana,Total,EQIP IRA,Soil Health Testing (216),Total,85,"$86,160 ","1,696", 
Montana,Total,EQIP IRA,Sprinkler System (442),2024,,,"1,697",(supp)
Montana,Total,EQIP IRA,Sprinkler System (442),Total,,,"1,698",(supp)
Montana,Total,EQIP IRA,Structure for Water Control (587),2024,,,"1,699",(supp)
Montana,Total,EQIP IRA,Structure for Water Control (587),Total,,,"1,700",(supp)
Montana,Total,EQIP IRA,Total,2023,324,"$2,813,722 ","1,701", 
Montana,Total,EQIP IRA,Total,2024,822,"$10,297,485 ","1,702", 
Montana,Total,EQIP IRA,Total,Total,"1,146","$13,111,206 ","1,703", 
Montana,Total,EQIP IRA,Tree-Shrub Pruning (660),2023,,,"1,704",(supp)
Montana,Total,EQIP IRA,Tree-Shrub Pruning (660),2024,,,"1,705",(supp)
Montana,Total,EQIP IRA,Tree-Shrub Pruning (660),Total,,,"1,706",(supp)
Montana,Total,EQIP IRA,Tree/Shrub Establishment (612),2023,,,"1,707",(supp)
Montana,Total,EQIP IRA,Tree/Shrub Establishment (612),2024,,,"1,708",(supp)
Montana,Total,EQIP IRA,Tree/Shrub Establishment (612),Total,,,"1,709",(supp)
Montana,Total,EQIP IRA,Upland Wildlife Habitat Management (645),2023,,,"1,710",(supp)
Montana,Total,EQIP IRA,Upland Wildlife Habitat Management (645),Total,,,"1,711",(supp)
Montana,Total,EQIP IRA,Water Well (642),2023,4,"$91,440 ","1,712", 
Montana,Total,EQIP IRA,Water Well (642),Total,4,"$91,440 ","1,713", 
Montana,Total,EQIP IRA,Watering Facility (614),2023,,,"1,714",(supp)
Montana,Total,EQIP IRA,Watering Facility (614),2024,,,"1,715",(supp)
Montana,Total,EQIP IRA,Watering Facility (614),Total,34,"$181,001 ","1,716", 
Montana,Total,EQIP IRA,Woody Residue Treatment (384),2023,22,"$166,449 ","1,717", 
Montana,Total,EQIP IRA,Woody Residue Treatment (384),2024,148,"$1,863,389 ","1,718", 
Montana,Total,EQIP IRA,Woody Residue Treatment (384),Total,170,"$2,029,838 ","1,719", 
Nebraska,Total,EQIP IRA,Access Control (472),2023,,,"1,720",(supp)
Nebraska,Total,EQIP IRA,Access Control (472),2024,,,"1,721",(supp)
Nebraska,Total,EQIP IRA,Access Control (472),Total,,,"1,722",(supp)
Nebraska,Total,EQIP IRA,Annual Forages for Grazing Systems (810),2024,5,"$90,656 ","1,723", 
Nebraska,Total,EQIP IRA,Annual Forages for Grazing Systems (810),Total,5,"$90,656 ","1,724", 
Nebraska,Total,EQIP IRA,Brush Management (314),2023,10,"$43,318 ","1,725", 
Nebraska,Total,EQIP IRA,Brush Management (314),2024,438,"$2,888,191 ","1,726", 
Nebraska,Total,EQIP IRA,Brush Management (314),Total,448,"$2,931,509 ","1,727", 
Nebraska,Total,EQIP IRA,Combustion System Improvement (372),2024,,,"1,728",(supp)
Nebraska,Total,EQIP IRA,Combustion System Improvement (372),Total,,,"1,729",(supp)
Nebraska,Total,EQIP IRA,Conservation Cover (327),2023,14,"$76,158 ","1,730", 
Nebraska,Total,EQIP IRA,Conservation Cover (327),2024,16,"$149,591 ","1,731", 
Nebraska,Total,EQIP IRA,Conservation Cover (327),Total,30,"$225,749 ","1,732", 
Nebraska,Total,EQIP IRA,Conservation Crop Rotation (328),2023,15,"$56,979 ","1,733", 
Nebraska,Total,EQIP IRA,Conservation Crop Rotation (328),2024,133,"$698,599 ","1,734", 
Nebraska,Total,EQIP IRA,Conservation Crop Rotation (328),Total,148,"$755,578 ","1,735", 
Nebraska,Total,EQIP IRA,Cover Crop (340),2023,82,"$360,326 ","1,736", 
Nebraska,Total,EQIP IRA,Cover Crop (340),2024,515,"$5,134,021 ","1,737", 
Nebraska,Total,EQIP IRA,Cover Crop (340),Total,597,"$5,494,347 ","1,738", 
Nebraska,Total,EQIP IRA,Critical Area Planting (342),2023,,,"1,739",(supp)
Nebraska,Total,EQIP IRA,Critical Area Planting (342),2024,,,"1,740",(supp)
Nebraska,Total,EQIP IRA,Critical Area Planting (342),Total,8,"$4,499 ","1,741", 
Nebraska,Total,EQIP IRA,Fence (382),2023,69,"$310,509 ","1,742", 
Nebraska,Total,EQIP IRA,Fence (382),2024,126,"$841,988 ","1,743", 
Nebraska,Total,EQIP IRA,Fence (382),Total,195,"$1,152,497 ","1,744", 
Nebraska,Total,EQIP IRA,Firebreak (394),2024,21,"$13,252 ","1,745", 
Nebraska,Total,EQIP IRA,Firebreak (394),Total,21,"$13,252 ","1,746", 
Nebraska,Total,EQIP IRA,Forest Stand Improvement (666),2024,12,"$226,333 ","1,747", 
Nebraska,Total,EQIP IRA,Forest Stand Improvement (666),Total,12,"$226,333 ","1,748", 
Nebraska,Total,EQIP IRA,Fuel Break (383),2024,,,"1,749",(supp)
Nebraska,Total,EQIP IRA,Fuel Break (383),Total,,,"1,750",(supp)
Nebraska,Total,EQIP IRA,Grassed Waterway (412),2023,,,"1,751",(supp)
Nebraska,Total,EQIP IRA,Grassed Waterway (412),2024,,,"1,752",(supp)
Nebraska,Total,EQIP IRA,Grassed Waterway (412),Total,7,"$45,877 ","1,753", 
Nebraska,Total,EQIP IRA,Heavy Use Area Protection (561),2023,8,"$21,750 ","1,754", 
Nebraska,Total,EQIP IRA,Heavy Use Area Protection (561),2024,40,"$149,376 ","1,755", 
Nebraska,Total,EQIP IRA,Heavy Use Area Protection (561),Total,48,"$171,126 ","1,756", 
Nebraska,Total,EQIP IRA,Herbaceous Weed Treatment (315),2023,12,"$12,054 ","1,757", 
Nebraska,Total,EQIP IRA,Herbaceous Weed Treatment (315),2024,23,"$36,699 ","1,758", 
Nebraska,Total,EQIP IRA,Herbaceous Weed Treatment (315),Total,35,"$48,753 ","1,759", 
Nebraska,Total,EQIP IRA,Irrigation Pipeline (430),2024,53,"$921,615 ","1,760", 
Nebraska,Total,EQIP IRA,Irrigation Pipeline (430),Total,53,"$921,615 ","1,761", 
Nebraska,Total,EQIP IRA,Irrigation Reservoir (436),2024,,,"1,762",(supp)
Nebraska,Total,EQIP IRA,Irrigation Reservoir (436),Total,,,"1,763",(supp)
Nebraska,Total,EQIP IRA,"Irrigation System, Microirrigation (441)",2023,,,"1,764",(supp)
Nebraska,Total,EQIP IRA,"Irrigation System, Microirrigation (441)",2024,,,"1,765",(supp)
Nebraska,Total,EQIP IRA,"Irrigation System, Microirrigation (441)",Total,29,"$2,420,652 ","1,766", 
Nebraska,Total,EQIP IRA,Irrigation Water Management (449),2024,236,"$427,262 ","1,767", 
Nebraska,Total,EQIP IRA,Irrigation Water Management (449),Total,236,"$427,262 ","1,768", 
Nebraska,Total,EQIP IRA,Livestock Pipeline (516),2023,17,"$105,035 ","1,769", 
Nebraska,Total,EQIP IRA,Livestock Pipeline (516),2024,109,"$724,372 ","1,770", 
Nebraska,Total,EQIP IRA,Livestock Pipeline (516),Total,126,"$829,407 ","1,771", 
Nebraska,Total,EQIP IRA,Livestock Shelter Structure (576),2024,10,"$239,320 ","1,772", 
Nebraska,Total,EQIP IRA,Livestock Shelter Structure (576),Total,10,"$239,320 ","1,773", 
Nebraska,Total,EQIP IRA,Mulching (484),2023,54,"$141,606 ","1,774", 
Nebraska,Total,EQIP IRA,Mulching (484),2024,36,"$100,601 ","1,775", 
Nebraska,Total,EQIP IRA,Mulching (484),Total,90,"$242,207 ","1,776", 
Nebraska,Total,EQIP IRA,Nutrient Management (590),2023,30,"$207,256 ","1,777", 
Nebraska,Total,EQIP IRA,Nutrient Management (590),2024,83,"$1,364,903 ","1,778", 
Nebraska,Total,EQIP IRA,Nutrient Management (590),Total,113,"$1,572,159 ","1,779", 
Nebraska,Total,EQIP IRA,Pasture and Hay Planting (512),2023,12,"$166,860 ","1,780", 
Nebraska,Total,EQIP IRA,Pasture and Hay Planting (512),2024,30,"$327,877 ","1,781", 
Nebraska,Total,EQIP IRA,Pasture and Hay Planting (512),Total,42,"$494,737 ","1,782", 
Nebraska,Total,EQIP IRA,Pest Management Conservation System (595),2024,56,"$407,600 ","1,783", 
Nebraska,Total,EQIP IRA,Pest Management Conservation System (595),Total,56,"$407,600 ","1,784", 
Nebraska,Total,EQIP IRA,Prescribed Burning (338),2023,,,"1,785",(supp)
Nebraska,Total,EQIP IRA,Prescribed Burning (338),2024,,,"1,786",(supp)
Nebraska,Total,EQIP IRA,Prescribed Burning (338),Total,58,"$200,836 ","1,787", 
Nebraska,Total,EQIP IRA,Prescribed Grazing (528),2023,113,"$288,853 ","1,788", 
Nebraska,Total,EQIP IRA,Prescribed Grazing (528),2024,550,"$1,965,597 ","1,789", 
Nebraska,Total,EQIP IRA,Prescribed Grazing (528),Total,663,"$2,254,450 ","1,790", 
Nebraska,Total,EQIP IRA,Pumping Plant (533),2023,26,"$172,486 ","1,791", 
Nebraska,Total,EQIP IRA,Pumping Plant (533),2024,249,"$2,596,322 ","1,792", 
Nebraska,Total,EQIP IRA,Pumping Plant (533),Total,275,"$2,768,808 ","1,793", 
Nebraska,Total,EQIP IRA,Range Planting (550),2023,4,"$14,952 ","1,794", 
Nebraska,Total,EQIP IRA,Range Planting (550),2024,10,"$79,052 ","1,795", 
Nebraska,Total,EQIP IRA,Range Planting (550),Total,14,"$94,004 ","1,796", 
Nebraska,Total,EQIP IRA,"Residue and Tillage Management, No Till (329)",2023,15,"$40,719 ","1,797", 
Nebraska,Total,EQIP IRA,"Residue and Tillage Management, No Till (329)",2024,48,"$119,188 ","1,798", 
Nebraska,Total,EQIP IRA,"Residue and Tillage Management, No Till (329)",Total,63,"$159,907 ","1,799", 
Nebraska,Total,EQIP IRA,Soil and Source Testing for Nutrient Management (217),2024,,,"1,800",(supp)
Nebraska,Total,EQIP IRA,Soil and Source Testing for Nutrient Management (217),Total,,,"1,801",(supp)
Nebraska,Total,EQIP IRA,Soil Carbon Amendment (336),2024,,,"1,802",(supp)
Nebraska,Total,EQIP IRA,Soil Carbon Amendment (336),Total,,,"1,803",(supp)
Nebraska,Total,EQIP IRA,Soil Health Testing (216),2024,,,"1,804",(supp)
Nebraska,Total,EQIP IRA,Soil Health Testing (216),Total,,,"1,805",(supp)
Nebraska,Total,EQIP IRA,Sprinkler System (442),2024,55,"$2,880,215 ","1,806", 
Nebraska,Total,EQIP IRA,Sprinkler System (442),Total,55,"$2,880,215 ","1,807", 
Nebraska,Total,EQIP IRA,Structure for Water Control (587),2024,60,"$70,810 ","1,808", 
Nebraska,Total,EQIP IRA,Structure for Water Control (587),Total,60,"$70,810 ","1,809", 
Nebraska,Total,EQIP IRA,Total,2023,651,"$2,433,371 ","1,810", 
Nebraska,Total,EQIP IRA,Total,2024,"3,559","$27,468,290 ","1,811", 
Nebraska,Total,EQIP IRA,Total,Total,"4,210","$29,901,660 ","1,812", 
Nebraska,Total,EQIP IRA,Tree/Shrub Establishment (612),2023,15,"$44,532 ","1,813", 
Nebraska,Total,EQIP IRA,Tree/Shrub Establishment (612),2024,5,"$15,542 ","1,814", 
Nebraska,Total,EQIP IRA,Tree/Shrub Establishment (612),Total,20,"$60,074 ","1,815", 
Nebraska,Total,EQIP IRA,Tree/Shrub Site Preparation (490),2023,16,"$5,639 ","1,816", 
Nebraska,Total,EQIP IRA,Tree/Shrub Site Preparation (490),2024,29,"$7,541 ","1,817", 
Nebraska,Total,EQIP IRA,Tree/Shrub Site Preparation (490),Total,45,"$13,180 ","1,818", 
Nebraska,Total,EQIP IRA,Upland Wildlife Habitat Management (645),2023,8,"$48,894 ","1,819", 
Nebraska,Total,EQIP IRA,Upland Wildlife Habitat Management (645),2024,24,"$30,706 ","1,820", 
Nebraska,Total,EQIP IRA,Upland Wildlife Habitat Management (645),Total,32,"$79,600 ","1,821", 
Nebraska,Total,EQIP IRA,Water Well (642),2023,23,"$106,262 ","1,822", 
Nebraska,Total,EQIP IRA,Water Well (642),2024,161,"$941,925 ","1,823", 
Nebraska,Total,EQIP IRA,Water Well (642),Total,184,"$1,048,187 ","1,824", 
Nebraska,Total,EQIP IRA,Watering Facility (614),2023,41,"$109,644 ","1,825", 
Nebraska,Total,EQIP IRA,Watering Facility (614),2024,259,"$1,141,116 ","1,826", 
Nebraska,Total,EQIP IRA,Watering Facility (614),Total,300,"$1,250,760 ","1,827", 
Nebraska,Total,EQIP IRA,Wetland Restoration (657),2024,,,"1,828",(supp)
Nebraska,Total,EQIP IRA,Wetland Restoration (657),Total,,,"1,829",(supp)
Nebraska,Total,EQIP IRA,Wildlife Habitat Planting (420),2023,,,"1,830",(supp)
Nebraska,Total,EQIP IRA,Wildlife Habitat Planting (420),2024,,,"1,831",(supp)
Nebraska,Total,EQIP IRA,Wildlife Habitat Planting (420),Total,,,"1,832",(supp)
Nebraska,Total,EQIP IRA,Windbreak/Shelterbelt Establishment and Renovation (380),2023,58,"$67,470 ","1,833", 
Nebraska,Total,EQIP IRA,Windbreak/Shelterbelt Establishment and Renovation (380),2024,52,"$109,242 ","1,834", 
Nebraska,Total,EQIP IRA,Windbreak/Shelterbelt Establishment and Renovation (380),Total,110,"$176,712 ","1,835", 
Nebraska,Total,EQIP IRA,Windbreak/Shelterbelt Renovation (650),2023,,,"1,836",(supp)
Nebraska,Total,EQIP IRA,Windbreak/Shelterbelt Renovation (650),Total,,,"1,837",(supp)
Nevada,Total,EQIP IRA,Cover Crop (340),2023,,,"1,838",(supp)
Nevada,Total,EQIP IRA,Cover Crop (340),Total,,,"1,839",(supp)
Nevada,Total,EQIP IRA,Fence (382),2023,5,"$15,075 ","1,840", 
Nevada,Total,EQIP IRA,Fence (382),Total,5,"$15,075 ","1,841", 
Nevada,Total,EQIP IRA,Herbaceous Weed Treatment (315),2023,13,"$23,071 ","1,842", 
Nevada,Total,EQIP IRA,Herbaceous Weed Treatment (315),Total,13,"$23,071 ","1,843", 
Nevada,Total,EQIP IRA,Irrigation Pipeline (430),2024,,,"1,844",(supp)
Nevada,Total,EQIP IRA,Irrigation Pipeline (430),Total,,,"1,845",(supp)
Nevada,Total,EQIP IRA,Livestock Pipeline (516),2023,7,"$58,891 ","1,846", 
Nevada,Total,EQIP IRA,Livestock Pipeline (516),Total,7,"$58,891 ","1,847", 
Nevada,Total,EQIP IRA,Prescribed Grazing (528),2023,4,"$1,396 ","1,848", 
Nevada,Total,EQIP IRA,Prescribed Grazing (528),Total,4,"$1,396 ","1,849", 
Nevada,Total,EQIP IRA,Pumping Plant (533),2023,,,"1,850",(supp)
Nevada,Total,EQIP IRA,Pumping Plant (533),Total,,,"1,851",(supp)
Nevada,Total,EQIP IRA,"Residue and Tillage Management, Reduced Till (345)",2024,,,"1,852",(supp)
Nevada,Total,EQIP IRA,"Residue and Tillage Management, Reduced Till (345)",Total,,,"1,853",(supp)
Nevada,Total,EQIP IRA,Restoration of Rare or Declining Natural Communities (643),2023,12,"$234,686 ","1,854", 
Nevada,Total,EQIP IRA,Restoration of Rare or Declining Natural Communities (643),Total,12,"$234,686 ","1,855", 
Nevada,Total,EQIP IRA,Total,2023,65,"$526,071 ","1,856", 
Nevada,Total,EQIP IRA,Total,2024,5,"$110,662 ","1,857", 
Nevada,Total,EQIP IRA,Total,Total,70,"$636,733 ","1,858", 
Nevada,Total,EQIP IRA,Upland Wildlife Habitat Management (645),2023,15,"$103,551 ","1,859", 
Nevada,Total,EQIP IRA,Upland Wildlife Habitat Management (645),Total,15,"$103,551 ","1,860", 
Nevada,Total,EQIP IRA,Water Well (642),2023,,,"1,861",(supp)
Nevada,Total,EQIP IRA,Water Well (642),Total,,,"1,862",(supp)
Nevada,Total,EQIP IRA,Watering Facility (614),2023,6,"$28,656 ","1,863", 
Nevada,Total,EQIP IRA,Watering Facility (614),Total,6,"$28,656 ","1,864", 
New Hampshire,Total,EQIP IRA,Access Control (472),2023,,,"1,865",(supp)
New Hampshire,Total,EQIP IRA,Access Control (472),2024,,,"1,866",(supp)
New Hampshire,Total,EQIP IRA,Access Control (472),Total,9,"$6,445 ","1,867", 
New Hampshire,Total,EQIP IRA,Access Road (560),2023,,,"1,868",(supp)
New Hampshire,Total,EQIP IRA,Access Road (560),2024,,,"1,869",(supp)
New Hampshire,Total,EQIP IRA,Access Road (560),Total,11,"$78,267 ","1,870", 
New Hampshire,Total,EQIP IRA,Amending Soil Properties with Lime (805),2024,,,"1,871",(supp)
New Hampshire,Total,EQIP IRA,Amending Soil Properties with Lime (805),Total,,,"1,872",(supp)
New Hampshire,Total,EQIP IRA,Aquatic Organism Passage (396),2024,,,"1,873",(supp)
New Hampshire,Total,EQIP IRA,Aquatic Organism Passage (396),Total,,,"1,874",(supp)
New Hampshire,Total,EQIP IRA,Brush Management (314),2023,17,"$82,790 ","1,875", 
New Hampshire,Total,EQIP IRA,Brush Management (314),2024,150,"$779,539 ","1,876", 
New Hampshire,Total,EQIP IRA,Brush Management (314),Total,167,"$862,329 ","1,877", 
New Hampshire,Total,EQIP IRA,Combustion System Improvement (372),2023,,,"1,878",(supp)
New Hampshire,Total,EQIP IRA,Combustion System Improvement (372),2024,,,"1,879",(supp)
New Hampshire,Total,EQIP IRA,Combustion System Improvement (372),Total,4,"$62,769 ","1,880", 
New Hampshire,Total,EQIP IRA,Conservation Crop Rotation (328),2023,,,"1,881",(supp)
New Hampshire,Total,EQIP IRA,Conservation Crop Rotation (328),2024,,,"1,882",(supp)
New Hampshire,Total,EQIP IRA,Conservation Crop Rotation (328),Total,19,"$14,668 ","1,883", 
New Hampshire,Total,EQIP IRA,Cover Crop (340),2023,12,"$61,228 ","1,884", 
New Hampshire,Total,EQIP IRA,Cover Crop (340),2024,11,"$73,372 ","1,885", 
New Hampshire,Total,EQIP IRA,Cover Crop (340),Total,23,"$134,600 ","1,886", 
New Hampshire,Total,EQIP IRA,Critical Area Planting (342),2023,4,"$3,104 ","1,887", 
New Hampshire,Total,EQIP IRA,Critical Area Planting (342),2024,24,"$16,423 ","1,888", 
New Hampshire,Total,EQIP IRA,Critical Area Planting (342),Total,28,"$19,527 ","1,889", 
New Hampshire,Total,EQIP IRA,Early Successional Habitat Development-Mgt (647),2024,8,"$56,900 ","1,890", 
New Hampshire,Total,EQIP IRA,Early Successional Habitat Development-Mgt (647),Total,8,"$56,900 ","1,891", 
New Hampshire,Total,EQIP IRA,Energy Efficient Agricultural Operation (374),2024,21,"$60,577 ","1,892", 
New Hampshire,Total,EQIP IRA,Energy Efficient Agricultural Operation (374),Total,21,"$60,577 ","1,893", 
New Hampshire,Total,EQIP IRA,Energy Efficient Building Envelope (672),2024,,,"1,894",(supp)
New Hampshire,Total,EQIP IRA,Energy Efficient Building Envelope (672),Total,,,"1,895",(supp)
New Hampshire,Total,EQIP IRA,Fence (382),2023,5,"$8,501 ","1,896", 
New Hampshire,Total,EQIP IRA,Fence (382),2024,20,"$138,527 ","1,897", 
New Hampshire,Total,EQIP IRA,Fence (382),Total,25,"$147,028 ","1,898", 
New Hampshire,Total,EQIP IRA,Forest Management Assessment (223),2024,,,"1,899",(supp)
New Hampshire,Total,EQIP IRA,Forest Management Assessment (223),Total,,,"1,900",(supp)
New Hampshire,Total,EQIP IRA,Forest Stand Improvement (666),2023,23,"$165,220 ","1,901", 
New Hampshire,Total,EQIP IRA,Forest Stand Improvement (666),2024,80,"$540,227 ","1,902", 
New Hampshire,Total,EQIP IRA,Forest Stand Improvement (666),Total,103,"$705,447 ","1,903", 
New Hampshire,Total,EQIP IRA,Forest Trails and Landings (655),2023,17,"$65,445 ","1,904", 
New Hampshire,Total,EQIP IRA,Forest Trails and Landings (655),2024,45,"$353,306 ","1,905", 
New Hampshire,Total,EQIP IRA,Forest Trails and Landings (655),Total,62,"$418,751 ","1,906", 
New Hampshire,Total,EQIP IRA,Grassed Waterway (412),2024,,,"1,907",(supp)
New Hampshire,Total,EQIP IRA,Grassed Waterway (412),Total,,,"1,908",(supp)
New Hampshire,Total,EQIP IRA,Herbaceous Weed Treatment (315),2024,5,"$7,600 ","1,909", 
New Hampshire,Total,EQIP IRA,Herbaceous Weed Treatment (315),Total,5,"$7,600 ","1,910", 
New Hampshire,Total,EQIP IRA,Irrigation Pipeline (430),2024,,,"1,911",(supp)
New Hampshire,Total,EQIP IRA,Irrigation Pipeline (430),Total,,,"1,912",(supp)
New Hampshire,Total,EQIP IRA,Irrigation Reservoir (436),2024,,,"1,913",(supp)
New Hampshire,Total,EQIP IRA,Irrigation Reservoir (436),Total,,,"1,914",(supp)
New Hampshire,Total,EQIP IRA,"Irrigation System, Microirrigation (441)",2024,6,"$8,604 ","1,915", 
New Hampshire,Total,EQIP IRA,"Irrigation System, Microirrigation (441)",Total,6,"$8,604 ","1,916", 
New Hampshire,Total,EQIP IRA,Irrigation Water Management (449),2024,,,"1,917",(supp)
New Hampshire,Total,EQIP IRA,Irrigation Water Management (449),Total,,,"1,918",(supp)
New Hampshire,Total,EQIP IRA,Lined Waterway or Outlet (468),2024,,,"1,919",(supp)
New Hampshire,Total,EQIP IRA,Lined Waterway or Outlet (468),Total,,,"1,920",(supp)
New Hampshire,Total,EQIP IRA,Livestock Pipeline (516),2024,11,"$13,792 ","1,921", 
New Hampshire,Total,EQIP IRA,Livestock Pipeline (516),Total,11,"$13,792 ","1,922", 
New Hampshire,Total,EQIP IRA,Livestock Shelter Structure (576),2024,,,"1,923",(supp)
New Hampshire,Total,EQIP IRA,Livestock Shelter Structure (576),Total,,,"1,924",(supp)
New Hampshire,Total,EQIP IRA,Low Tunnel Systems (821),2024,6,"$4,968 ","1,925", 
New Hampshire,Total,EQIP IRA,Low Tunnel Systems (821),Total,6,"$4,968 ","1,926", 
New Hampshire,Total,EQIP IRA,Mulching (484),2023,6,"$43,284 ","1,927", 
New Hampshire,Total,EQIP IRA,Mulching (484),2024,37,"$31,093 ","1,928", 
New Hampshire,Total,EQIP IRA,Mulching (484),Total,43,"$74,377 ","1,929", 
New Hampshire,Total,EQIP IRA,Nutrient Management (590),2023,4,"$31,837 ","1,930", 
New Hampshire,Total,EQIP IRA,Nutrient Management (590),2024,7,"$49,675 ","1,931", 
New Hampshire,Total,EQIP IRA,Nutrient Management (590),Total,11,"$81,512 ","1,932", 
New Hampshire,Total,EQIP IRA,Obstruction Removal (500),2024,,,"1,933",(supp)
New Hampshire,Total,EQIP IRA,Obstruction Removal (500),Total,,,"1,934",(supp)
New Hampshire,Total,EQIP IRA,Pasture and Hay Planting (512),2023,7,"$95,483 ","1,935", 
New Hampshire,Total,EQIP IRA,Pasture and Hay Planting (512),2024,11,"$42,365 ","1,936", 
New Hampshire,Total,EQIP IRA,Pasture and Hay Planting (512),Total,18,"$137,848 ","1,937", 
New Hampshire,Total,EQIP IRA,Prescribed Grazing (528),2023,,,"1,938",(supp)
New Hampshire,Total,EQIP IRA,Prescribed Grazing (528),2024,,,"1,939",(supp)
New Hampshire,Total,EQIP IRA,Prescribed Grazing (528),Total,15,"$25,035 ","1,940", 
New Hampshire,Total,EQIP IRA,Prescribed Grazing Conservation Evaluation and Monitoring Activity (219),2024,4,"$3,452 ","1,941", 
New Hampshire,Total,EQIP IRA,Prescribed Grazing Conservation Evaluation and Monitoring Activity (219),Total,4,"$3,452 ","1,942", 
New Hampshire,Total,EQIP IRA,Pumping Plant (533),2024,,,"1,943",(supp)
New Hampshire,Total,EQIP IRA,Pumping Plant (533),Total,,,"1,944",(supp)
New Hampshire,Total,EQIP IRA,"Residue and Tillage Management, No Till (329)",2023,,,"1,945",(supp)
New Hampshire,Total,EQIP IRA,"Residue and Tillage Management, No Till (329)",2024,,,"1,946",(supp)
New Hampshire,Total,EQIP IRA,"Residue and Tillage Management, No Till (329)",Total,7,"$18,063 ","1,947", 
New Hampshire,Total,EQIP IRA,"Residue and Tillage Management, Reduced Till (345)",2024,,,"1,948",(supp)
New Hampshire,Total,EQIP IRA,"Residue and Tillage Management, Reduced Till (345)",Total,,,"1,949",(supp)
New Hampshire,Total,EQIP IRA,Riparian Forest Buffer (391),2024,,,"1,950",(supp)
New Hampshire,Total,EQIP IRA,Riparian Forest Buffer (391),Total,,,"1,951",(supp)
New Hampshire,Total,EQIP IRA,Soil and Source Testing for Nutrient Management (217),2024,5,"$4,132 ","1,952", 
New Hampshire,Total,EQIP IRA,Soil and Source Testing for Nutrient Management (217),Total,5,"$4,132 ","1,953", 
New Hampshire,Total,EQIP IRA,Soil Carbon Amendment (336),2024,,,"1,954",(supp)
New Hampshire,Total,EQIP IRA,Soil Carbon Amendment (336),Total,,,"1,955",(supp)
New Hampshire,Total,EQIP IRA,Stormwater Runoff Control (570),2024,,,"1,956",(supp)
New Hampshire,Total,EQIP IRA,Stormwater Runoff Control (570),Total,,,"1,957",(supp)
New Hampshire,Total,EQIP IRA,Stream Crossing (578),2024,,,"1,958",(supp)
New Hampshire,Total,EQIP IRA,Stream Crossing (578),Total,,,"1,959",(supp)
New Hampshire,Total,EQIP IRA,Streambank and Shoreline Protection (580),2024,,,"1,960",(supp)
New Hampshire,Total,EQIP IRA,Streambank and Shoreline Protection (580),Total,,,"1,961",(supp)
New Hampshire,Total,EQIP IRA,Structure for Water Control (587),2024,6,"$21,939 ","1,962", 
New Hampshire,Total,EQIP IRA,Structure for Water Control (587),Total,6,"$21,939 ","1,963", 
New Hampshire,Total,EQIP IRA,Structures for Wildlife (649),2024,11,$420 ,"1,964", 
New Hampshire,Total,EQIP IRA,Structures for Wildlife (649),Total,11,$420 ,"1,965", 
New Hampshire,Total,EQIP IRA,Subsurface Drain (606),2024,,,"1,966",(supp)
New Hampshire,Total,EQIP IRA,Subsurface Drain (606),Total,,,"1,967",(supp)
New Hampshire,Total,EQIP IRA,Total,2023,117,"$650,112 ","1,968", 
New Hampshire,Total,EQIP IRA,Total,2024,572,"$2,579,857 ","1,969", 
New Hampshire,Total,EQIP IRA,Total,Total,689,"$3,229,969 ","1,970", 
New Hampshire,Total,EQIP IRA,Tree/Shrub Establishment (612),2023,,,"1,971",(supp)
New Hampshire,Total,EQIP IRA,Tree/Shrub Establishment (612),2024,,,"1,972",(supp)
New Hampshire,Total,EQIP IRA,Tree/Shrub Establishment (612),Total,8,"$25,033 ","1,973", 
New Hampshire,Total,EQIP IRA,Tree/Shrub Site Preparation (490),2024,7,"$8,038 ","1,974", 
New Hampshire,Total,EQIP IRA,Tree/Shrub Site Preparation (490),Total,7,"$8,038 ","1,975", 
New Hampshire,Total,EQIP IRA,Water Well (642),2024,,,"1,976",(supp)
New Hampshire,Total,EQIP IRA,Water Well (642),Total,,,"1,977",(supp)
New Hampshire,Total,EQIP IRA,Watering Facility (614),2024,5,"$7,679 ","1,978", 
New Hampshire,Total,EQIP IRA,Watering Facility (614),Total,5,"$7,679 ","1,979", 
New Hampshire,Total,EQIP IRA,Wetland Wildlife Habitat Management (644),2024,,,"1,980",(supp)
New Hampshire,Total,EQIP IRA,Wetland Wildlife Habitat Management (644),Total,,,"1,981",(supp)
New Hampshire,Total,EQIP IRA,Wildlife Habitat Planting (420),2024,6,"$6,624 ","1,982", 
New Hampshire,Total,EQIP IRA,Wildlife Habitat Planting (420),Total,6,"$6,624 ","1,983", 
New Jersey,Total,EQIP IRA,Brush Management (314),2023,8,"$3,448 ","1,984", 
New Jersey,Total,EQIP IRA,Brush Management (314),2024,25,"$40,876 ","1,985", 
New Jersey,Total,EQIP IRA,Brush Management (314),Total,33,"$44,324 ","1,986", 
New Jersey,Total,EQIP IRA,Combustion System Improvement (372),2023,,,"1,987",(supp)
New Jersey,Total,EQIP IRA,Combustion System Improvement (372),Total,,,"1,988",(supp)
New Jersey,Total,EQIP IRA,Conservation Cover (327),2023,,,"1,989",(supp)
New Jersey,Total,EQIP IRA,Conservation Cover (327),Total,,,"1,990",(supp)
New Jersey,Total,EQIP IRA,Conservation Crop Rotation (328),2024,15,"$3,715 ","1,991", 
New Jersey,Total,EQIP IRA,Conservation Crop Rotation (328),Total,15,"$3,715 ","1,992", 
New Jersey,Total,EQIP IRA,Cover Crop (340),2023,81,"$630,580 ","1,993", 
New Jersey,Total,EQIP IRA,Cover Crop (340),2024,273,"$4,500,875 ","1,994", 
New Jersey,Total,EQIP IRA,Cover Crop (340),Total,354,"$5,131,455 ","1,995", 
New Jersey,Total,EQIP IRA,Early Successional Habitat Development-Mgt (647),2023,4,$470 ,"1,996", 
New Jersey,Total,EQIP IRA,Early Successional Habitat Development-Mgt (647),Total,4,$470 ,"1,997", 
New Jersey,Total,EQIP IRA,Energy Efficient Lighting System (670),2023,,,"1,998",(supp)
New Jersey,Total,EQIP IRA,Energy Efficient Lighting System (670),Total,,,"1,999",(supp)
New Jersey,Total,EQIP IRA,Fence (382),2023,18,"$118,751 ","2,000", 
New Jersey,Total,EQIP IRA,Fence (382),Total,18,"$118,751 ","2,001", 
New Jersey,Total,EQIP IRA,Forest Stand Improvement (666),2023,6,"$4,437 ","2,002", 
New Jersey,Total,EQIP IRA,Forest Stand Improvement (666),2024,12,"$18,713 ","2,003", 
New Jersey,Total,EQIP IRA,Forest Stand Improvement (666),Total,18,"$23,150 ","2,004", 
New Jersey,Total,EQIP IRA,Hedgerow Planting (422),2024,,,"2,005",(supp)
New Jersey,Total,EQIP IRA,Hedgerow Planting (422),Total,,,"2,006",(supp)
New Jersey,Total,EQIP IRA,Herbaceous Weed Treatment (315),2023,,,"2,007",(supp)
New Jersey,Total,EQIP IRA,Herbaceous Weed Treatment (315),2024,,,"2,008",(supp)
New Jersey,Total,EQIP IRA,Herbaceous Weed Treatment (315),Total,11,"$2,477 ","2,009", 
New Jersey,Total,EQIP IRA,Livestock Pipeline (516),2023,5,"$8,528 ","2,010", 
New Jersey,Total,EQIP IRA,Livestock Pipeline (516),Total,5,"$8,528 ","2,011", 
New Jersey,Total,EQIP IRA,Mulching (484),2024,4,"$20,382 ","2,012", 
New Jersey,Total,EQIP IRA,Mulching (484),Total,4,"$20,382 ","2,013", 
New Jersey,Total,EQIP IRA,Obstruction Removal (500),2024,76,"$1,067,384 ","2,014", 
New Jersey,Total,EQIP IRA,Obstruction Removal (500),Total,76,"$1,067,384 ","2,015", 
New Jersey,Total,EQIP IRA,Pasture and Hay Planting (512),2023,11,"$26,566 ","2,016", 
New Jersey,Total,EQIP IRA,Pasture and Hay Planting (512),Total,11,"$26,566 ","2,017", 
New Jersey,Total,EQIP IRA,Prescribed Burning (338),2024,,,"2,018",(supp)
New Jersey,Total,EQIP IRA,Prescribed Burning (338),Total,,,"2,019",(supp)
New Jersey,Total,EQIP IRA,Prescribed Grazing (528),2023,8,"$5,484 ","2,020", 
New Jersey,Total,EQIP IRA,Prescribed Grazing (528),Total,8,"$5,484 ","2,021", 
New Jersey,Total,EQIP IRA,"Residue and Tillage Management, No Till (329)",2023,12,"$136,965 ","2,022", 
New Jersey,Total,EQIP IRA,"Residue and Tillage Management, No Till (329)",2024,34,"$130,020 ","2,023", 
New Jersey,Total,EQIP IRA,"Residue and Tillage Management, No Till (329)",Total,46,"$266,985 ","2,024", 
New Jersey,Total,EQIP IRA,"Residue and Tillage Management, Reduced Till (345)",2023,18,"$123,882 ","2,025", 
New Jersey,Total,EQIP IRA,"Residue and Tillage Management, Reduced Till (345)",2024,150,"$959,155 ","2,026", 
New Jersey,Total,EQIP IRA,"Residue and Tillage Management, Reduced Till (345)",Total,168,"$1,083,037 ","2,027", 
New Jersey,Total,EQIP IRA,Riparian Herbaceous Cover (390),2023,,,"2,028",(supp)
New Jersey,Total,EQIP IRA,Riparian Herbaceous Cover (390),Total,,,"2,029",(supp)
New Jersey,Total,EQIP IRA,Silvopasture (381),2023,,,"2,030",(supp)
New Jersey,Total,EQIP IRA,Silvopasture (381),Total,,,"2,031",(supp)
New Jersey,Total,EQIP IRA,Total,2023,224,"$1,191,381 ","2,032", 
New Jersey,Total,EQIP IRA,Total,2024,669,"$6,840,805 ","2,033", 
New Jersey,Total,EQIP IRA,Total,Total,893,"$8,032,186 ","2,034", 
New Jersey,Total,EQIP IRA,Tree-Shrub Pruning (660),2023,,,"2,035",(supp)
New Jersey,Total,EQIP IRA,Tree-Shrub Pruning (660),Total,,,"2,036",(supp)
New Jersey,Total,EQIP IRA,Tree/Shrub Establishment (612),2023,5,"$15,080 ","2,037", 
New Jersey,Total,EQIP IRA,Tree/Shrub Establishment (612),2024,54,"$71,740 ","2,038", 
New Jersey,Total,EQIP IRA,Tree/Shrub Establishment (612),Total,59,"$86,820 ","2,039", 
New Jersey,Total,EQIP IRA,Tree/Shrub Site Preparation (490),2023,,,"2,040",(supp)
New Jersey,Total,EQIP IRA,Tree/Shrub Site Preparation (490),2024,,,"2,041",(supp)
New Jersey,Total,EQIP IRA,Tree/Shrub Site Preparation (490),Total,5,"$1,848 ","2,042", 
New Jersey,Total,EQIP IRA,Upland Wildlife Habitat Management (645),2023,10,"$13,219 ","2,043", 
New Jersey,Total,EQIP IRA,Upland Wildlife Habitat Management (645),Total,10,"$13,219 ","2,044", 
New Jersey,Total,EQIP IRA,Watering Facility (614),2023,4,"$2,113 ","2,045", 
New Jersey,Total,EQIP IRA,Watering Facility (614),Total,4,"$2,113 ","2,046", 
New Jersey,Total,EQIP IRA,Wildlife Habitat Planting (420),2023,,,"2,047",(supp)
New Jersey,Total,EQIP IRA,Wildlife Habitat Planting (420),2024,,,"2,048",(supp)
New Jersey,Total,EQIP IRA,Wildlife Habitat Planting (420),Total,11,"$85,577 ","2,049", 
New Jersey,Total,EQIP IRA,Windbreak/Shelterbelt Establishment and Renovation (380),2023,,,"2,050",(supp)
New Jersey,Total,EQIP IRA,Windbreak/Shelterbelt Establishment and Renovation (380),2024,,,"2,051",(supp)
New Jersey,Total,EQIP IRA,Windbreak/Shelterbelt Establishment and Renovation (380),Total,7,"$7,288 ","2,052", 
New Jersey,Total,EQIP IRA,Woody Residue Treatment (384),2023,,,"2,053",(supp)
New Jersey,Total,EQIP IRA,Woody Residue Treatment (384),2024,,,"2,054",(supp)
New Jersey,Total,EQIP IRA,Woody Residue Treatment (384),Total,12,"$6,829 ","2,055", 
New Mexico,Total,EQIP IRA,Brush Management (314),2023,27,"$302,160 ","2,056", 
New Mexico,Total,EQIP IRA,Brush Management (314),2024,31,"$1,035,873 ","2,057", 
New Mexico,Total,EQIP IRA,Brush Management (314),Total,58,"$1,338,033 ","2,058", 
New Mexico,Total,EQIP IRA,Conservation Crop Rotation (328),2023,22,"$28,513 ","2,059", 
New Mexico,Total,EQIP IRA,Conservation Crop Rotation (328),Total,22,"$28,513 ","2,060", 
New Mexico,Total,EQIP IRA,Cover Crop (340),2023,55,"$422,043 ","2,061", 
New Mexico,Total,EQIP IRA,Cover Crop (340),2024,23,"$28,833 ","2,062", 
New Mexico,Total,EQIP IRA,Cover Crop (340),Total,78,"$450,876 ","2,063", 
New Mexico,Total,EQIP IRA,Diversion (362),2023,,,"2,064",(supp)
New Mexico,Total,EQIP IRA,Diversion (362),Total,,,"2,065",(supp)
New Mexico,Total,EQIP IRA,Fence (382),2023,12,"$214,734 ","2,066", 
New Mexico,Total,EQIP IRA,Fence (382),2024,10,"$107,905 ","2,067", 
New Mexico,Total,EQIP IRA,Fence (382),Total,22,"$322,639 ","2,068", 
New Mexico,Total,EQIP IRA,Forage Harvest Management (511),2023,,,"2,069",(supp)
New Mexico,Total,EQIP IRA,Forage Harvest Management (511),Total,,,"2,070",(supp)
New Mexico,Total,EQIP IRA,Forest Stand Improvement (666),2023,90,"$1,082,891 ","2,071", 
New Mexico,Total,EQIP IRA,Forest Stand Improvement (666),2024,17,"$92,288 ","2,072", 
New Mexico,Total,EQIP IRA,Forest Stand Improvement (666),Total,107,"$1,175,179 ","2,073", 
New Mexico,Total,EQIP IRA,Grade Stabilization Structure (410),2023,6,"$47,080 ","2,074", 
New Mexico,Total,EQIP IRA,Grade Stabilization Structure (410),Total,6,"$47,080 ","2,075", 
New Mexico,Total,EQIP IRA,Hedgerow Planting (422),2023,6,"$20,090 ","2,076", 
New Mexico,Total,EQIP IRA,Hedgerow Planting (422),Total,6,"$20,090 ","2,077", 
New Mexico,Total,EQIP IRA,Herbaceous Wind Barriers (603),2023,,,"2,078",(supp)
New Mexico,Total,EQIP IRA,Herbaceous Wind Barriers (603),Total,,,"2,079",(supp)
New Mexico,Total,EQIP IRA,High Tunnel System (325),2023,15,"$142,102 ","2,080", 
New Mexico,Total,EQIP IRA,High Tunnel System (325),Total,15,"$142,102 ","2,081", 
New Mexico,Total,EQIP IRA,Irrigation Ditch Lining (428),2023,,,"2,082",(supp)
New Mexico,Total,EQIP IRA,Irrigation Ditch Lining (428),2024,,,"2,083",(supp)
New Mexico,Total,EQIP IRA,Irrigation Ditch Lining (428),Total,,,"2,084",(supp)
New Mexico,Total,EQIP IRA,Irrigation Land Leveling (464),2023,5,"$59,141 ","2,085", 
New Mexico,Total,EQIP IRA,Irrigation Land Leveling (464),2024,9,"$69,475 ","2,086", 
New Mexico,Total,EQIP IRA,Irrigation Land Leveling (464),Total,14,"$128,616 ","2,087", 
New Mexico,Total,EQIP IRA,Irrigation Pipeline (430),2023,16,"$304,858 ","2,088", 
New Mexico,Total,EQIP IRA,Irrigation Pipeline (430),2024,10,"$230,051 ","2,089", 
New Mexico,Total,EQIP IRA,Irrigation Pipeline (430),Total,26,"$534,909 ","2,090", 
New Mexico,Total,EQIP IRA,Irrigation Reservoir (436),2023,,,"2,091",(supp)
New Mexico,Total,EQIP IRA,Irrigation Reservoir (436),Total,,,"2,092",(supp)
New Mexico,Total,EQIP IRA,"Irrigation System, Microirrigation (441)",2023,,,"2,093",(supp)
New Mexico,Total,EQIP IRA,"Irrigation System, Microirrigation (441)",2024,,,"2,094",(supp)
New Mexico,Total,EQIP IRA,"Irrigation System, Microirrigation (441)",Total,9,"$222,681 ","2,095", 
New Mexico,Total,EQIP IRA,"Irrigation System, Surface and Subsurface (443)",2023,,,"2,096",(supp)
New Mexico,Total,EQIP IRA,"Irrigation System, Surface and Subsurface (443)",Total,,,"2,097",(supp)
New Mexico,Total,EQIP IRA,Irrigation Water Management (449),2023,,,"2,098",(supp)
New Mexico,Total,EQIP IRA,Irrigation Water Management (449),Total,,,"2,099",(supp)
New Mexico,Total,EQIP IRA,Livestock Pipeline (516),2023,19,"$177,592 ","2,100", 
New Mexico,Total,EQIP IRA,Livestock Pipeline (516),2024,10,"$107,924 ","2,101", 
New Mexico,Total,EQIP IRA,Livestock Pipeline (516),Total,29,"$285,516 ","2,102", 
New Mexico,Total,EQIP IRA,Mulching (484),2023,7,"$2,235 ","2,103", 
New Mexico,Total,EQIP IRA,Mulching (484),Total,7,"$2,235 ","2,104", 
New Mexico,Total,EQIP IRA,Nutrient Management (590),2023,21,"$4,280 ","2,105", 
New Mexico,Total,EQIP IRA,Nutrient Management (590),2024,5,"$4,889 ","2,106", 
New Mexico,Total,EQIP IRA,Nutrient Management (590),Total,26,"$9,169 ","2,107", 
New Mexico,Total,EQIP IRA,Obstruction Removal (500),2024,7,"$39,604 ","2,108", 
New Mexico,Total,EQIP IRA,Obstruction Removal (500),Total,7,"$39,604 ","2,109", 
New Mexico,Total,EQIP IRA,Pasture and Hay Planting (512),2023,14,"$380,824 ","2,110", 
New Mexico,Total,EQIP IRA,Pasture and Hay Planting (512),2024,20,"$54,850 ","2,111", 
New Mexico,Total,EQIP IRA,Pasture and Hay Planting (512),Total,34,"$435,674 ","2,112", 
New Mexico,Total,EQIP IRA,Pest Management Conservation System (595),2023,,,"2,113",(supp)
New Mexico,Total,EQIP IRA,Pest Management Conservation System (595),Total,,,"2,114",(supp)
New Mexico,Total,EQIP IRA,Pond (378),2024,,,"2,115",(supp)
New Mexico,Total,EQIP IRA,Pond (378),Total,,,"2,116",(supp)
New Mexico,Total,EQIP IRA,Prescribed Grazing (528),2023,24,"$88,020 ","2,117", 
New Mexico,Total,EQIP IRA,Prescribed Grazing (528),2024,7,"$5,865 ","2,118", 
New Mexico,Total,EQIP IRA,Prescribed Grazing (528),Total,31,"$93,885 ","2,119", 
New Mexico,Total,EQIP IRA,Pumping Plant (533),2023,12,"$97,131 ","2,120", 
New Mexico,Total,EQIP IRA,Pumping Plant (533),2024,16,"$123,877 ","2,121", 
New Mexico,Total,EQIP IRA,Pumping Plant (533),Total,28,"$221,008 ","2,122", 
New Mexico,Total,EQIP IRA,Range Planting (550),2023,13,"$88,862 ","2,123", 
New Mexico,Total,EQIP IRA,Range Planting (550),Total,13,"$88,862 ","2,124", 
New Mexico,Total,EQIP IRA,"Residue and Tillage Management, Reduced Till (345)",2023,,,"2,125",(supp)
New Mexico,Total,EQIP IRA,"Residue and Tillage Management, Reduced Till (345)",2024,,,"2,126",(supp)
New Mexico,Total,EQIP IRA,"Residue and Tillage Management, Reduced Till (345)",Total,12,"$2,189 ","2,127", 
New Mexico,Total,EQIP IRA,Restoration of Rare or Declining Natural Communities (643),2024,,,"2,128",(supp)
New Mexico,Total,EQIP IRA,Restoration of Rare or Declining Natural Communities (643),Total,,,"2,129",(supp)
New Mexico,Total,EQIP IRA,Roof Runoff Structure (558),2023,,,"2,130",(supp)
New Mexico,Total,EQIP IRA,Roof Runoff Structure (558),Total,,,"2,131",(supp)
New Mexico,Total,EQIP IRA,Silvopasture (381),2023,,,"2,132",(supp)
New Mexico,Total,EQIP IRA,Silvopasture (381),Total,,,"2,133",(supp)
New Mexico,Total,EQIP IRA,Spring Development (574),2024,,,"2,134",(supp)
New Mexico,Total,EQIP IRA,Spring Development (574),Total,,,"2,135",(supp)
New Mexico,Total,EQIP IRA,Sprinkler System (442),2023,11,"$570,285 ","2,136", 
New Mexico,Total,EQIP IRA,Sprinkler System (442),Total,11,"$570,285 ","2,137", 
New Mexico,Total,EQIP IRA,Streambank and Shoreline Protection (580),2024,,,"2,138",(supp)
New Mexico,Total,EQIP IRA,Streambank and Shoreline Protection (580),Total,,,"2,139",(supp)
New Mexico,Total,EQIP IRA,Structure for Water Control (587),2023,20,"$82,118 ","2,140", 
New Mexico,Total,EQIP IRA,Structure for Water Control (587),2024,9,"$40,956 ","2,141", 
New Mexico,Total,EQIP IRA,Structure for Water Control (587),Total,29,"$123,074 ","2,142", 
New Mexico,Total,EQIP IRA,Structures for Wildlife (649),2023,,,"2,143",(supp)
New Mexico,Total,EQIP IRA,Structures for Wildlife (649),2024,,,"2,144",(supp)
New Mexico,Total,EQIP IRA,Structures for Wildlife (649),Total,6,"$1,157 ","2,145", 
New Mexico,Total,EQIP IRA,Total,2023,565,"$4,751,449 ","2,146", 
New Mexico,Total,EQIP IRA,Total,2024,231,"$2,371,415 ","2,147", 
New Mexico,Total,EQIP IRA,Total,Total,796,"$7,122,864 ","2,148", 
New Mexico,Total,EQIP IRA,Tree/Shrub Site Preparation (490),2023,,,"2,149",(supp)
New Mexico,Total,EQIP IRA,Tree/Shrub Site Preparation (490),Total,,,"2,150",(supp)
New Mexico,Total,EQIP IRA,Upland Wildlife Habitat Management (645),2023,,,"2,151",(supp)
New Mexico,Total,EQIP IRA,Upland Wildlife Habitat Management (645),Total,,,"2,152",(supp)
New Mexico,Total,EQIP IRA,Water Well (642),2023,,,"2,153",(supp)
New Mexico,Total,EQIP IRA,Water Well (642),2024,,,"2,154",(supp)
New Mexico,Total,EQIP IRA,Water Well (642),Total,10,"$182,938 ","2,155", 
New Mexico,Total,EQIP IRA,Watering Facility (614),2023,26,"$175,032 ","2,156", 
New Mexico,Total,EQIP IRA,Watering Facility (614),2024,25,"$138,330 ","2,157", 
New Mexico,Total,EQIP IRA,Watering Facility (614),Total,51,"$313,362 ","2,158", 
New Mexico,Total,EQIP IRA,Windbreak/Shelterbelt Establishment and Renovation (380),2023,,,"2,159",(supp)
New Mexico,Total,EQIP IRA,Windbreak/Shelterbelt Establishment and Renovation (380),Total,,,"2,160",(supp)
New Mexico,Total,EQIP IRA,Woody Residue Treatment (384),2023,94,"$99,270 ","2,161", 
New Mexico,Total,EQIP IRA,Woody Residue Treatment (384),2024,17,"$7,907 ","2,162", 
New Mexico,Total,EQIP IRA,Woody Residue Treatment (384),Total,111,"$107,177 ","2,163", 
New York,Total,EQIP IRA,Access Road (560),2023,4,"$59,346 ","2,164", 
New York,Total,EQIP IRA,Access Road (560),Total,4,"$59,346 ","2,165", 
New York,Total,EQIP IRA,Conservation Cover (327),2023,,,"2,166",(supp)
New York,Total,EQIP IRA,Conservation Cover (327),Total,,,"2,167",(supp)
New York,Total,EQIP IRA,Cover Crop (340),2023,11,"$40,903 ","2,168", 
New York,Total,EQIP IRA,Cover Crop (340),Total,11,"$40,903 ","2,169", 
New York,Total,EQIP IRA,Critical Area Planting (342),2023,6,"$1,508 ","2,170", 
New York,Total,EQIP IRA,Critical Area Planting (342),Total,6,"$1,508 ","2,171", 
New York,Total,EQIP IRA,Diversion (362),2023,,,"2,172",(supp)
New York,Total,EQIP IRA,Diversion (362),Total,,,"2,173",(supp)
New York,Total,EQIP IRA,Fence (382),2023,7,"$67,792 ","2,174", 
New York,Total,EQIP IRA,Fence (382),Total,7,"$67,792 ","2,175", 
New York,Total,EQIP IRA,Heavy Use Area Protection (561),2023,6,"$189,777 ","2,176", 
New York,Total,EQIP IRA,Heavy Use Area Protection (561),Total,6,"$189,777 ","2,177", 
New York,Total,EQIP IRA,Herbaceous Weed Treatment (315),2023,,,"2,178",(supp)
New York,Total,EQIP IRA,Herbaceous Weed Treatment (315),Total,,,"2,179",(supp)
New York,Total,EQIP IRA,Mulching (484),2023,6,"$1,902 ","2,180", 
New York,Total,EQIP IRA,Mulching (484),Total,6,"$1,902 ","2,181", 
New York,Total,EQIP IRA,Nutrient Management (590),2023,15,"$192,768 ","2,182", 
New York,Total,EQIP IRA,Nutrient Management (590),Total,15,"$192,768 ","2,183", 
New York,Total,EQIP IRA,Obstruction Removal (500),2023,,,"2,184",(supp)
New York,Total,EQIP IRA,Obstruction Removal (500),Total,,,"2,185",(supp)
New York,Total,EQIP IRA,Pond Sealing or Lining - Concrete (522),2023,,,"2,186",(supp)
New York,Total,EQIP IRA,Pond Sealing or Lining - Concrete (522),Total,,,"2,187",(supp)
New York,Total,EQIP IRA,Pumping Plant (533),2023,5,"$84,045 ","2,188", 
New York,Total,EQIP IRA,Pumping Plant (533),Total,5,"$84,045 ","2,189", 
New York,Total,EQIP IRA,"Residue and Tillage Management, Reduced Till (345)",2023,,,"2,190",(supp)
New York,Total,EQIP IRA,"Residue and Tillage Management, Reduced Till (345)",Total,,,"2,191",(supp)
New York,Total,EQIP IRA,Riparian Forest Buffer (391),2023,,,"2,192",(supp)
New York,Total,EQIP IRA,Riparian Forest Buffer (391),Total,,,"2,193",(supp)
New York,Total,EQIP IRA,Roof Runoff Structure (558),2023,,,"2,194",(supp)
New York,Total,EQIP IRA,Roof Runoff Structure (558),Total,,,"2,195",(supp)
New York,Total,EQIP IRA,Roofs and Covers (367),2023,,,"2,196",(supp)
New York,Total,EQIP IRA,Roofs and Covers (367),Total,,,"2,197",(supp)
New York,Total,EQIP IRA,Structure for Water Control (587),2023,,,"2,198",(supp)
New York,Total,EQIP IRA,Structure for Water Control (587),Total,,,"2,199",(supp)
New York,Total,EQIP IRA,Subsurface Drain (606),2023,,,"2,200",(supp)
New York,Total,EQIP IRA,Subsurface Drain (606),Total,,,"2,201",(supp)
New York,Total,EQIP IRA,Total,2023,107,"$2,054,193 ","2,202", 
New York,Total,EQIP IRA,Total,Total,107,"$2,054,193 ","2,203", 
New York,Total,EQIP IRA,Trails and Walkways (575),2023,,,"2,204",(supp)
New York,Total,EQIP IRA,Trails and Walkways (575),Total,,,"2,205",(supp)
New York,Total,EQIP IRA,Tree/Shrub Establishment (612),2023,,,"2,206",(supp)
New York,Total,EQIP IRA,Tree/Shrub Establishment (612),Total,,,"2,207",(supp)
New York,Total,EQIP IRA,Tree/Shrub Site Preparation (490),2023,,,"2,208",(supp)
New York,Total,EQIP IRA,Tree/Shrub Site Preparation (490),Total,,,"2,209",(supp)
New York,Total,EQIP IRA,Underground Outlet (620),2023,4,"$10,641 ","2,210", 
New York,Total,EQIP IRA,Underground Outlet (620),Total,4,"$10,641 ","2,211", 
New York,Total,EQIP IRA,Waste Facility Closure (360),2023,,,"2,212",(supp)
New York,Total,EQIP IRA,Waste Facility Closure (360),Total,,,"2,213",(supp)
New York,Total,EQIP IRA,Waste Storage Facility (313),2023,5,"$830,027 ","2,214", 
New York,Total,EQIP IRA,Waste Storage Facility (313),Total,5,"$830,027 ","2,215", 
New York,Total,EQIP IRA,Waste Transfer (634),2023,10,"$136,956 ","2,216", 
New York,Total,EQIP IRA,Waste Transfer (634),Total,10,"$136,956 ","2,217", 
New York,Total,EQIP IRA,Wildlife Habitat Planting (420),2023,,,"2,218",(supp)
New York,Total,EQIP IRA,Wildlife Habitat Planting (420),Total,,,"2,219",(supp)
North Carolina,Total,EQIP IRA,Access Control (472),2023,7,$401 ,"2,220", 
North Carolina,Total,EQIP IRA,Access Control (472),Total,7,$401 ,"2,221", 
North Carolina,Total,EQIP IRA,Brush Management (314),2023,15,"$57,546 ","2,222", 
North Carolina,Total,EQIP IRA,Brush Management (314),2024,30,"$206,171 ","2,223", 
North Carolina,Total,EQIP IRA,Brush Management (314),Total,45,"$263,717 ","2,224", 
North Carolina,Total,EQIP IRA,Conservation Crop Rotation (328),2023,18,"$91,980 ","2,225", 
North Carolina,Total,EQIP IRA,Conservation Crop Rotation (328),2024,21,"$81,494 ","2,226", 
North Carolina,Total,EQIP IRA,Conservation Crop Rotation (328),Total,39,"$173,474 ","2,227", 
North Carolina,Total,EQIP IRA,Cover Crop (340),2023,76,"$1,100,237 ","2,228", 
North Carolina,Total,EQIP IRA,Cover Crop (340),2024,152,"$3,871,623 ","2,229", 
North Carolina,Total,EQIP IRA,Cover Crop (340),Total,228,"$4,971,860 ","2,230", 
North Carolina,Total,EQIP IRA,Critical Area Planting (342),2024,,,"2,231",(supp)
North Carolina,Total,EQIP IRA,Critical Area Planting (342),Total,,,"2,232",(supp)
North Carolina,Total,EQIP IRA,Early Successional Habitat Development-Mgt (647),2023,4,"$1,339 ","2,233", 
North Carolina,Total,EQIP IRA,Early Successional Habitat Development-Mgt (647),Total,4,"$1,339 ","2,234", 
North Carolina,Total,EQIP IRA,Energy Efficient Agricultural Operation (374),2023,,,"2,235",(supp)
North Carolina,Total,EQIP IRA,Energy Efficient Agricultural Operation (374),Total,,,"2,236",(supp)
North Carolina,Total,EQIP IRA,Energy Efficient Building Envelope (672),2023,,,"2,237",(supp)
North Carolina,Total,EQIP IRA,Energy Efficient Building Envelope (672),Total,,,"2,238",(supp)
North Carolina,Total,EQIP IRA,Fence (382),2023,20,"$67,258 ","2,239", 
North Carolina,Total,EQIP IRA,Fence (382),Total,20,"$67,258 ","2,240", 
North Carolina,Total,EQIP IRA,Field Border (386),2024,,,"2,241",(supp)
North Carolina,Total,EQIP IRA,Field Border (386),Total,,,"2,242",(supp)
North Carolina,Total,EQIP IRA,Firebreak (394),2023,,,"2,243",(supp)
North Carolina,Total,EQIP IRA,Firebreak (394),2024,,,"2,244",(supp)
North Carolina,Total,EQIP IRA,Firebreak (394),Total,38,"$90,293 ","2,245", 
North Carolina,Total,EQIP IRA,Forage Harvest Management (511),2023,,,"2,246",(supp)
North Carolina,Total,EQIP IRA,Forage Harvest Management (511),Total,,,"2,247",(supp)
North Carolina,Total,EQIP IRA,Forest Stand Improvement (666),2023,20,"$250,809 ","2,248", 
North Carolina,Total,EQIP IRA,Forest Stand Improvement (666),2024,32,"$406,298 ","2,249", 
North Carolina,Total,EQIP IRA,Forest Stand Improvement (666),Total,52,"$657,107 ","2,250", 
North Carolina,Total,EQIP IRA,Grassed Waterway (412),2023,,,"2,251",(supp)
North Carolina,Total,EQIP IRA,Grassed Waterway (412),2024,,,"2,252",(supp)
North Carolina,Total,EQIP IRA,Grassed Waterway (412),Total,,,"2,253",(supp)
North Carolina,Total,EQIP IRA,Heavy Use Area Protection (561),2023,22,"$20,570 ","2,254", 
North Carolina,Total,EQIP IRA,Heavy Use Area Protection (561),Total,22,"$20,570 ","2,255", 
North Carolina,Total,EQIP IRA,Herbaceous Weed Treatment (315),2023,,,"2,256",(supp)
North Carolina,Total,EQIP IRA,Herbaceous Weed Treatment (315),2024,,,"2,257",(supp)
North Carolina,Total,EQIP IRA,Herbaceous Weed Treatment (315),Total,18,"$3,993 ","2,258", 
North Carolina,Total,EQIP IRA,"Irrigation System, Microirrigation (441)",2024,,,"2,259",(supp)
North Carolina,Total,EQIP IRA,"Irrigation System, Microirrigation (441)",Total,,,"2,260",(supp)
North Carolina,Total,EQIP IRA,Lined Waterway or Outlet (468),2023,,,"2,261",(supp)
North Carolina,Total,EQIP IRA,Lined Waterway or Outlet (468),Total,,,"2,262",(supp)
North Carolina,Total,EQIP IRA,Livestock Pipeline (516),2023,18,"$55,239 ","2,263", 
North Carolina,Total,EQIP IRA,Livestock Pipeline (516),Total,18,"$55,239 ","2,264", 
North Carolina,Total,EQIP IRA,Mulching (484),2023,,,"2,265",(supp)
North Carolina,Total,EQIP IRA,Mulching (484),2024,,,"2,266",(supp)
North Carolina,Total,EQIP IRA,Mulching (484),Total,5,"$23,404 ","2,267", 
North Carolina,Total,EQIP IRA,Nutrient Management (590),2023,,,"2,268",(supp)
North Carolina,Total,EQIP IRA,Nutrient Management (590),2024,,,"2,269",(supp)
North Carolina,Total,EQIP IRA,Nutrient Management (590),Total,,,"2,270",(supp)
North Carolina,Total,EQIP IRA,Pasture and Hay Planting (512),2023,6,"$14,438 ","2,271", 
North Carolina,Total,EQIP IRA,Pasture and Hay Planting (512),Total,6,"$14,438 ","2,272", 
North Carolina,Total,EQIP IRA,Prescribed Burning (338),2023,6,"$7,864 ","2,273", 
North Carolina,Total,EQIP IRA,Prescribed Burning (338),2024,74,"$214,499 ","2,274", 
North Carolina,Total,EQIP IRA,Prescribed Burning (338),Total,80,"$222,363 ","2,275", 
North Carolina,Total,EQIP IRA,Prescribed Grazing (528),2023,9,"$8,719 ","2,276", 
North Carolina,Total,EQIP IRA,Prescribed Grazing (528),Total,9,"$8,719 ","2,277", 
North Carolina,Total,EQIP IRA,Pumping Plant (533),2023,5,"$15,884 ","2,278", 
North Carolina,Total,EQIP IRA,Pumping Plant (533),Total,5,"$15,884 ","2,279", 
North Carolina,Total,EQIP IRA,"Residue and Tillage Management, No Till (329)",2023,18,"$139,761 ","2,280", 
North Carolina,Total,EQIP IRA,"Residue and Tillage Management, No Till (329)",2024,5,"$8,223 ","2,281", 
North Carolina,Total,EQIP IRA,"Residue and Tillage Management, No Till (329)",Total,23,"$147,984 ","2,282", 
North Carolina,Total,EQIP IRA,"Residue and Tillage Management, Reduced Till (345)",2023,,,"2,283",(supp)
North Carolina,Total,EQIP IRA,"Residue and Tillage Management, Reduced Till (345)",2024,,,"2,284",(supp)
North Carolina,Total,EQIP IRA,"Residue and Tillage Management, Reduced Till (345)",Total,28,"$136,020 ","2,285", 
North Carolina,Total,EQIP IRA,Riparian Forest Buffer (391),2023,,,"2,286",(supp)
North Carolina,Total,EQIP IRA,Riparian Forest Buffer (391),Total,,,"2,287",(supp)
North Carolina,Total,EQIP IRA,Spring Development (574),2023,,,"2,288",(supp)
North Carolina,Total,EQIP IRA,Spring Development (574),Total,,,"2,289",(supp)
North Carolina,Total,EQIP IRA,Structures for Wildlife (649),2023,4,$442 ,"2,290", 
North Carolina,Total,EQIP IRA,Structures for Wildlife (649),Total,4,$442 ,"2,291", 
North Carolina,Total,EQIP IRA,Terrace (600),2024,,,"2,292",(supp)
North Carolina,Total,EQIP IRA,Terrace (600),Total,,,"2,293",(supp)
North Carolina,Total,EQIP IRA,Total,2023,432,"$2,992,288 ","2,294", 
North Carolina,Total,EQIP IRA,Total,2024,421,"$5,530,078 ","2,295", 
North Carolina,Total,EQIP IRA,Total,Total,853,"$8,522,365 ","2,296", 
North Carolina,Total,EQIP IRA,Tree/Shrub Establishment (612),2023,57,"$477,639 ","2,297", 
North Carolina,Total,EQIP IRA,Tree/Shrub Establishment (612),2024,18,"$185,176 ","2,298", 
North Carolina,Total,EQIP IRA,Tree/Shrub Establishment (612),Total,75,"$662,815 ","2,299", 
North Carolina,Total,EQIP IRA,Tree/Shrub Site Preparation (490),2023,56,"$361,840 ","2,300", 
North Carolina,Total,EQIP IRA,Tree/Shrub Site Preparation (490),2024,11,"$42,580 ","2,301", 
North Carolina,Total,EQIP IRA,Tree/Shrub Site Preparation (490),Total,67,"$404,420 ","2,302", 
North Carolina,Total,EQIP IRA,Water Well (642),2023,5,"$111,216 ","2,303", 
North Carolina,Total,EQIP IRA,Water Well (642),Total,5,"$111,216 ","2,304", 
North Carolina,Total,EQIP IRA,Watering Facility (614),2023,26,"$59,207 ","2,305", 
North Carolina,Total,EQIP IRA,Watering Facility (614),Total,26,"$59,207 ","2,306", 
North Carolina,Total,EQIP IRA,Wildlife Habitat Planting (420),2023,,,"2,307",(supp)
North Carolina,Total,EQIP IRA,Wildlife Habitat Planting (420),2024,,,"2,308",(supp)
North Carolina,Total,EQIP IRA,Wildlife Habitat Planting (420),Total,12,"$42,378 ","2,309", 
North Dakota,Total,EQIP IRA,Conservation Cover (327),2023,,,"2,310",(supp)
North Dakota,Total,EQIP IRA,Conservation Cover (327),2024,,,"2,311",(supp)
North Dakota,Total,EQIP IRA,Conservation Cover (327),Total,4,"$4,306 ","2,312", 
North Dakota,Total,EQIP IRA,Conservation Crop Rotation (328),2023,5,"$58,500 ","2,313", 
North Dakota,Total,EQIP IRA,Conservation Crop Rotation (328),Total,5,"$58,500 ","2,314", 
North Dakota,Total,EQIP IRA,Cover Crop (340),2023,45,"$391,433 ","2,315", 
North Dakota,Total,EQIP IRA,Cover Crop (340),2024,8,"$31,585 ","2,316", 
North Dakota,Total,EQIP IRA,Cover Crop (340),Total,53,"$423,018 ","2,317", 
North Dakota,Total,EQIP IRA,Fence (382),2023,4,"$23,042 ","2,318", 
North Dakota,Total,EQIP IRA,Fence (382),Total,4,"$23,042 ","2,319", 
North Dakota,Total,EQIP IRA,Forage Harvest Management (511),2023,11,"$1,336 ","2,320", 
North Dakota,Total,EQIP IRA,Forage Harvest Management (511),Total,11,"$1,336 ","2,321", 
North Dakota,Total,EQIP IRA,Livestock Pipeline (516),2023,,,"2,322",(supp)
North Dakota,Total,EQIP IRA,Livestock Pipeline (516),Total,,,"2,323",(supp)
North Dakota,Total,EQIP IRA,Mulching (484),2023,,,"2,324",(supp)
North Dakota,Total,EQIP IRA,Mulching (484),2024,,,"2,325",(supp)
North Dakota,Total,EQIP IRA,Mulching (484),Total,4,"$19,535 ","2,326", 
North Dakota,Total,EQIP IRA,Nutrient Management (590),2023,48,"$1,195,285 ","2,327", 
North Dakota,Total,EQIP IRA,Nutrient Management (590),Total,48,"$1,195,285 ","2,328", 
North Dakota,Total,EQIP IRA,Pasture and Hay Planting (512),2023,45,"$190,008 ","2,329", 
North Dakota,Total,EQIP IRA,Pasture and Hay Planting (512),2024,11,"$44,716 ","2,330", 
North Dakota,Total,EQIP IRA,Pasture and Hay Planting (512),Total,56,"$234,724 ","2,331", 
North Dakota,Total,EQIP IRA,Prescribed Grazing (528),2023,12,"$21,104 ","2,332", 
North Dakota,Total,EQIP IRA,Prescribed Grazing (528),2024,5,"$20,995 ","2,333", 
North Dakota,Total,EQIP IRA,Prescribed Grazing (528),Total,17,"$42,099 ","2,334", 
North Dakota,Total,EQIP IRA,Pumping Plant (533),2023,,,"2,335",(supp)
North Dakota,Total,EQIP IRA,Pumping Plant (533),2024,,,"2,336",(supp)
North Dakota,Total,EQIP IRA,Pumping Plant (533),Total,6,"$34,045 ","2,337", 
North Dakota,Total,EQIP IRA,"Residue and Tillage Management, No Till (329)",2023,42,"$837,189 ","2,338", 
North Dakota,Total,EQIP IRA,"Residue and Tillage Management, No Till (329)",2024,5,"$142,660 ","2,339", 
North Dakota,Total,EQIP IRA,"Residue and Tillage Management, No Till (329)",Total,47,"$979,849 ","2,340", 
North Dakota,Total,EQIP IRA,"Residue and Tillage Management, Reduced Till (345)",2023,15,"$184,225 ","2,341", 
North Dakota,Total,EQIP IRA,"Residue and Tillage Management, Reduced Till (345)",Total,15,"$184,225 ","2,342", 
North Dakota,Total,EQIP IRA,Salinity and Sodic Soil Management (610),2023,6,"$3,412 ","2,343", 
North Dakota,Total,EQIP IRA,Salinity and Sodic Soil Management (610),2024,,,"2,344",(supp)
North Dakota,Total,EQIP IRA,Salinity and Sodic Soil Management (610),Total,,,"2,345",(supp)
North Dakota,Total,EQIP IRA,Spring Development (574),2023,,,"2,346",(supp)
North Dakota,Total,EQIP IRA,Spring Development (574),Total,,,"2,347",(supp)
North Dakota,Total,EQIP IRA,Total,2023,262,"$3,031,418 ","2,348", 
North Dakota,Total,EQIP IRA,Total,2024,39,"$269,420 ","2,349", 
North Dakota,Total,EQIP IRA,Total,Total,301,"$3,300,838 ","2,350", 
North Dakota,Total,EQIP IRA,Tree/Shrub Site Preparation (490),2023,,,"2,351",(supp)
North Dakota,Total,EQIP IRA,Tree/Shrub Site Preparation (490),Total,,,"2,352",(supp)
North Dakota,Total,EQIP IRA,Water Well (642),2023,,,"2,353",(supp)
North Dakota,Total,EQIP IRA,Water Well (642),2024,,,"2,354",(supp)
North Dakota,Total,EQIP IRA,Water Well (642),Total,,,"2,355",(supp)
North Dakota,Total,EQIP IRA,Watering Facility (614),2023,,,"2,356",(supp)
North Dakota,Total,EQIP IRA,Watering Facility (614),2024,,,"2,357",(supp)
North Dakota,Total,EQIP IRA,Watering Facility (614),Total,8,"$35,952 ","2,358", 
North Dakota,Total,EQIP IRA,Windbreak/Shelterbelt Establishment and Renovation (380),2023,,,"2,359",(supp)
North Dakota,Total,EQIP IRA,Windbreak/Shelterbelt Establishment and Renovation (380),2024,,,"2,360",(supp)
North Dakota,Total,EQIP IRA,Windbreak/Shelterbelt Establishment and Renovation (380),Total,4,"$22,611 ","2,361", 
Northern Mariana Islands,Total,EQIP IRA,Alley Cropping (311),2023,,,"2,362",(supp)
Northern Mariana Islands,Total,EQIP IRA,Alley Cropping (311),Total,,,"2,363",(supp)
Northern Mariana Islands,Total,EQIP IRA,Brush Management (314),2023,13,"$79,799 ","2,364", 
Northern Mariana Islands,Total,EQIP IRA,Brush Management (314),Total,13,"$79,799 ","2,365", 
Northern Mariana Islands,Total,EQIP IRA,Conservation Cover (327),2023,,,"2,366",(supp)
Northern Mariana Islands,Total,EQIP IRA,Conservation Cover (327),Total,,,"2,367",(supp)
Northern Mariana Islands,Total,EQIP IRA,Fence (382),2023,,,"2,368",(supp)
Northern Mariana Islands,Total,EQIP IRA,Fence (382),Total,,,"2,369",(supp)
Northern Mariana Islands,Total,EQIP IRA,Heavy Use Area Protection (561),2023,,,"2,370",(supp)
Northern Mariana Islands,Total,EQIP IRA,Heavy Use Area Protection (561),Total,,,"2,371",(supp)
Northern Mariana Islands,Total,EQIP IRA,Livestock Pipeline (516),2023,,,"2,372",(supp)
Northern Mariana Islands,Total,EQIP IRA,Livestock Pipeline (516),Total,,,"2,373",(supp)
Northern Mariana Islands,Total,EQIP IRA,Mulching (484),2023,24,"$130,095 ","2,374", 
Northern Mariana Islands,Total,EQIP IRA,Mulching (484),Total,24,"$130,095 ","2,375", 
Northern Mariana Islands,Total,EQIP IRA,Pasture and Hay Planting (512),2023,12,"$56,826 ","2,376", 
Northern Mariana Islands,Total,EQIP IRA,Pasture and Hay Planting (512),Total,12,"$56,826 ","2,377", 
Northern Mariana Islands,Total,EQIP IRA,Prescribed Grazing (528),2023,12,"$31,137 ","2,378", 
Northern Mariana Islands,Total,EQIP IRA,Prescribed Grazing (528),Total,12,"$31,137 ","2,379", 
Northern Mariana Islands,Total,EQIP IRA,Total,2023,86,"$337,205 ","2,380", 
Northern Mariana Islands,Total,EQIP IRA,Total,Total,86,"$337,205 ","2,381", 
Northern Mariana Islands,Total,EQIP IRA,Tree/Shrub Establishment (612),2023,6,"$6,823 ","2,382", 
Northern Mariana Islands,Total,EQIP IRA,Tree/Shrub Establishment (612),Total,6,"$6,823 ","2,383", 
Northern Mariana Islands,Total,EQIP IRA,Tree/Shrub Site Preparation (490),2023,6,"$2,496 ","2,384", 
Northern Mariana Islands,Total,EQIP IRA,Tree/Shrub Site Preparation (490),Total,6,"$2,496 ","2,385", 
Northern Mariana Islands,Total,EQIP IRA,Vegetative Barrier (601),2023,,,"2,386",(supp)
Northern Mariana Islands,Total,EQIP IRA,Vegetative Barrier (601),Total,,,"2,387",(supp)
Northern Mariana Islands,Total,EQIP IRA,Watering Facility (614),2023,,,"2,388",(supp)
Northern Mariana Islands,Total,EQIP IRA,Watering Facility (614),Total,,,"2,389",(supp)
Northern Mariana Islands,Total,EQIP IRA,Windbreak/Shelterbelt Establishment and Renovation (380),2023,,,"2,390",(supp)
Northern Mariana Islands,Total,EQIP IRA,Windbreak/Shelterbelt Establishment and Renovation (380),Total,,,"2,391",(supp)
Ohio,Total,EQIP IRA,Access Road (560),2023,32,"$158,938 ","2,392", 
Ohio,Total,EQIP IRA,Access Road (560),Total,32,"$158,938 ","2,393", 
Ohio,Total,EQIP IRA,Brush Management (314),2023,4,$968 ,"2,394", 
Ohio,Total,EQIP IRA,Brush Management (314),2024,25,"$35,792 ","2,395", 
Ohio,Total,EQIP IRA,Brush Management (314),Total,29,"$36,760 ","2,396", 
Ohio,Total,EQIP IRA,Conservation Cover (327),2023,,,"2,397",(supp)
Ohio,Total,EQIP IRA,Conservation Cover (327),Total,,,"2,398",(supp)
Ohio,Total,EQIP IRA,Conservation Crop Rotation (328),2023,6,"$1,418 ","2,399", 
Ohio,Total,EQIP IRA,Conservation Crop Rotation (328),Total,6,"$1,418 ","2,400", 
Ohio,Total,EQIP IRA,Cover Crop (340),2023,195,"$902,517 ","2,401", 
Ohio,Total,EQIP IRA,Cover Crop (340),2024,49,"$363,068 ","2,402", 
Ohio,Total,EQIP IRA,Cover Crop (340),Total,244,"$1,265,585 ","2,403", 
Ohio,Total,EQIP IRA,Critical Area Planting (342),2023,6,"$3,467 ","2,404", 
Ohio,Total,EQIP IRA,Critical Area Planting (342),Total,6,"$3,467 ","2,405", 
Ohio,Total,EQIP IRA,Fence (382),2023,177,"$517,375 ","2,406", 
Ohio,Total,EQIP IRA,Fence (382),2024,5,"$5,938 ","2,407", 
Ohio,Total,EQIP IRA,Fence (382),Total,182,"$523,313 ","2,408", 
Ohio,Total,EQIP IRA,Filter Strip (393),2023,,,"2,409",(supp)
Ohio,Total,EQIP IRA,Filter Strip (393),Total,,,"2,410",(supp)
Ohio,Total,EQIP IRA,Forest Stand Improvement (666),2024,12,"$14,322 ","2,411", 
Ohio,Total,EQIP IRA,Forest Stand Improvement (666),Total,12,"$14,322 ","2,412", 
Ohio,Total,EQIP IRA,Grade Stabilization Structure (410),2024,,,"2,413",(supp)
Ohio,Total,EQIP IRA,Grade Stabilization Structure (410),Total,,,"2,414",(supp)
Ohio,Total,EQIP IRA,Grassed Waterway (412),2023,6,"$29,578 ","2,415", 
Ohio,Total,EQIP IRA,Grassed Waterway (412),2024,4,"$12,115 ","2,416", 
Ohio,Total,EQIP IRA,Grassed Waterway (412),Total,10,"$41,693 ","2,417", 
Ohio,Total,EQIP IRA,Heavy Use Area Protection (561),2023,115,"$220,408 ","2,418", 
Ohio,Total,EQIP IRA,Heavy Use Area Protection (561),2024,5,"$1,675 ","2,419", 
Ohio,Total,EQIP IRA,Heavy Use Area Protection (561),Total,120,"$222,083 ","2,420", 
Ohio,Total,EQIP IRA,Herbaceous Weed Treatment (315),2023,4,"$2,357 ","2,421", 
Ohio,Total,EQIP IRA,Herbaceous Weed Treatment (315),2024,4,$474 ,"2,422", 
Ohio,Total,EQIP IRA,Herbaceous Weed Treatment (315),Total,8,"$2,831 ","2,423", 
Ohio,Total,EQIP IRA,Lined Waterway or Outlet (468),2023,5,"$38,931 ","2,424", 
Ohio,Total,EQIP IRA,Lined Waterway or Outlet (468),Total,5,"$38,931 ","2,425", 
Ohio,Total,EQIP IRA,Livestock Pipeline (516),2023,116,"$165,700 ","2,426", 
Ohio,Total,EQIP IRA,Livestock Pipeline (516),2024,7,"$5,123 ","2,427", 
Ohio,Total,EQIP IRA,Livestock Pipeline (516),Total,123,"$170,823 ","2,428", 
Ohio,Total,EQIP IRA,Mulching (484),2023,10,"$88,367 ","2,429", 
Ohio,Total,EQIP IRA,Mulching (484),2024,4,"$27,722 ","2,430", 
Ohio,Total,EQIP IRA,Mulching (484),Total,14,"$116,089 ","2,431", 
Ohio,Total,EQIP IRA,Nutrient Management (590),2023,80,"$463,469 ","2,432", 
Ohio,Total,EQIP IRA,Nutrient Management (590),2024,26,"$223,599 ","2,433", 
Ohio,Total,EQIP IRA,Nutrient Management (590),Total,106,"$687,068 ","2,434", 
Ohio,Total,EQIP IRA,Pasture and Hay Planting (512),2023,56,"$124,962 ","2,435", 
Ohio,Total,EQIP IRA,Pasture and Hay Planting (512),2024,7,"$8,228 ","2,436", 
Ohio,Total,EQIP IRA,Pasture and Hay Planting (512),Total,63,"$133,190 ","2,437", 
Ohio,Total,EQIP IRA,Prescribed Grazing (528),2023,,,"2,438",(supp)
Ohio,Total,EQIP IRA,Prescribed Grazing (528),2024,,,"2,439",(supp)
Ohio,Total,EQIP IRA,Prescribed Grazing (528),Total,125,"$105,627 ","2,440", 
Ohio,Total,EQIP IRA,Pumping Plant (533),2023,11,"$30,221 ","2,441", 
Ohio,Total,EQIP IRA,Pumping Plant (533),Total,11,"$30,221 ","2,442", 
Ohio,Total,EQIP IRA,"Residue and Tillage Management, No Till (329)",2023,23,"$70,805 ","2,443", 
Ohio,Total,EQIP IRA,"Residue and Tillage Management, No Till (329)",2024,31,"$32,028 ","2,444", 
Ohio,Total,EQIP IRA,"Residue and Tillage Management, No Till (329)",Total,54,"$102,833 ","2,445", 
Ohio,Total,EQIP IRA,"Residue and Tillage Management, Reduced Till (345)",2023,,,"2,446",(supp)
Ohio,Total,EQIP IRA,"Residue and Tillage Management, Reduced Till (345)",2024,,,"2,447",(supp)
Ohio,Total,EQIP IRA,"Residue and Tillage Management, Reduced Till (345)",Total,5,"$3,984 ","2,448", 
Ohio,Total,EQIP IRA,Roof Runoff Structure (558),2023,,,"2,449",(supp)
Ohio,Total,EQIP IRA,Roof Runoff Structure (558),Total,,,"2,450",(supp)
Ohio,Total,EQIP IRA,Spring Development (574),2023,6,"$19,565 ","2,451", 
Ohio,Total,EQIP IRA,Spring Development (574),Total,6,"$19,565 ","2,452", 
Ohio,Total,EQIP IRA,Stream Crossing (578),2023,,,"2,453",(supp)
Ohio,Total,EQIP IRA,Stream Crossing (578),2024,,,"2,454",(supp)
Ohio,Total,EQIP IRA,Stream Crossing (578),Total,8,"$30,208 ","2,455", 
Ohio,Total,EQIP IRA,Structures for Wildlife (649),2023,,,"2,456",(supp)
Ohio,Total,EQIP IRA,Structures for Wildlife (649),2024,,,"2,457",(supp)
Ohio,Total,EQIP IRA,Structures for Wildlife (649),Total,5,$683 ,"2,458", 
Ohio,Total,EQIP IRA,Subsurface Drain (606),2023,,,"2,459",(supp)
Ohio,Total,EQIP IRA,Subsurface Drain (606),2024,,,"2,460",(supp)
Ohio,Total,EQIP IRA,Subsurface Drain (606),Total,7,"$52,397 ","2,461", 
Ohio,Total,EQIP IRA,Total,2023,"1,151","$3,223,206 ","2,462", 
Ohio,Total,EQIP IRA,Total,2024,211,"$785,498 ","2,463", 
Ohio,Total,EQIP IRA,Total,Total,"1,362","$4,008,703 ","2,464", 
Ohio,Total,EQIP IRA,Trails and Walkways (575),2023,,,"2,465",(supp)
Ohio,Total,EQIP IRA,Trails and Walkways (575),Total,,,"2,466",(supp)
Ohio,Total,EQIP IRA,Tree/Shrub Establishment (612),2023,,,"2,467",(supp)
Ohio,Total,EQIP IRA,Tree/Shrub Establishment (612),2024,,,"2,468",(supp)
Ohio,Total,EQIP IRA,Tree/Shrub Establishment (612),Total,6,"$11,528 ","2,469", 
Ohio,Total,EQIP IRA,Tree/Shrub Site Preparation (490),2024,,,"2,470",(supp)
Ohio,Total,EQIP IRA,Tree/Shrub Site Preparation (490),Total,,,"2,471",(supp)
Ohio,Total,EQIP IRA,Underground Outlet (620),2023,,,"2,472",(supp)
Ohio,Total,EQIP IRA,Underground Outlet (620),2024,,,"2,473",(supp)
Ohio,Total,EQIP IRA,Underground Outlet (620),Total,14,"$7,252 ","2,474", 
Ohio,Total,EQIP IRA,Water Well (642),2023,4,"$37,320 ","2,475", 
Ohio,Total,EQIP IRA,Water Well (642),Total,4,"$37,320 ","2,476", 
Ohio,Total,EQIP IRA,Watering Facility (614),2023,120,"$155,008 ","2,477", 
Ohio,Total,EQIP IRA,Watering Facility (614),2024,5,"$8,005 ","2,478", 
Ohio,Total,EQIP IRA,Watering Facility (614),Total,125,"$163,013 ","2,479", 
Ohio,Total,EQIP IRA,Wildlife Habitat Planting (420),2023,,,"2,480",(supp)
Ohio,Total,EQIP IRA,Wildlife Habitat Planting (420),2024,,,"2,481",(supp)
Ohio,Total,EQIP IRA,Wildlife Habitat Planting (420),Total,19,"$9,660 ","2,482", 
Oklahoma,Total,EQIP IRA,Brush Management (314),2024,47,"$149,518 ","2,483", 
Oklahoma,Total,EQIP IRA,Brush Management (314),Total,47,"$149,518 ","2,484", 
Oklahoma,Total,EQIP IRA,Conservation Cover (327),2023,,,"2,485",(supp)
Oklahoma,Total,EQIP IRA,Conservation Cover (327),Total,,,"2,486",(supp)
Oklahoma,Total,EQIP IRA,Conservation Crop Rotation (328),2023,108,"$200,599 ","2,487", 
Oklahoma,Total,EQIP IRA,Conservation Crop Rotation (328),2024,120,"$1,213,008 ","2,488", 
Oklahoma,Total,EQIP IRA,Conservation Crop Rotation (328),Total,228,"$1,413,607 ","2,489", 
Oklahoma,Total,EQIP IRA,Cover Crop (340),2023,141,"$1,229,273 ","2,490", 
Oklahoma,Total,EQIP IRA,Cover Crop (340),2024,427,"$4,365,409 ","2,491", 
Oklahoma,Total,EQIP IRA,Cover Crop (340),Total,568,"$5,594,682 ","2,492", 
Oklahoma,Total,EQIP IRA,Critical Area Planting (342),2024,7,"$14,759 ","2,493", 
Oklahoma,Total,EQIP IRA,Critical Area Planting (342),Total,7,"$14,759 ","2,494", 
Oklahoma,Total,EQIP IRA,Deep Tillage (324),2023,7,"$16,666 ","2,495", 
Oklahoma,Total,EQIP IRA,Deep Tillage (324),2024,,,"2,496",(supp)
Oklahoma,Total,EQIP IRA,Deep Tillage (324),Total,,,"2,497",(supp)
Oklahoma,Total,EQIP IRA,Fence (382),2023,,,"2,498",(supp)
Oklahoma,Total,EQIP IRA,Fence (382),2024,,,"2,499",(supp)
Oklahoma,Total,EQIP IRA,Fence (382),Total,42,"$279,884 ","2,500", 
Oklahoma,Total,EQIP IRA,Field Border (386),2024,,,"2,501",(supp)
Oklahoma,Total,EQIP IRA,Field Border (386),Total,,,"2,502",(supp)
Oklahoma,Total,EQIP IRA,Firebreak (394),2024,,,"2,503",(supp)
Oklahoma,Total,EQIP IRA,Firebreak (394),Total,,,"2,504",(supp)
Oklahoma,Total,EQIP IRA,Forage Harvest Management (511),2024,5,"$3,969 ","2,505", 
Oklahoma,Total,EQIP IRA,Forage Harvest Management (511),Total,5,"$3,969 ","2,506", 
Oklahoma,Total,EQIP IRA,Forest Stand Improvement (666),2023,,,"2,507",(supp)
Oklahoma,Total,EQIP IRA,Forest Stand Improvement (666),2024,,,"2,508",(supp)
Oklahoma,Total,EQIP IRA,Forest Stand Improvement (666),Total,9,"$33,089 ","2,509", 
Oklahoma,Total,EQIP IRA,Grade Stabilization Structure (410),2024,,,"2,510",(supp)
Oklahoma,Total,EQIP IRA,Grade Stabilization Structure (410),Total,,,"2,511",(supp)
Oklahoma,Total,EQIP IRA,Grassed Waterway (412),2023,,,"2,512",(supp)
Oklahoma,Total,EQIP IRA,Grassed Waterway (412),2024,,,"2,513",(supp)
Oklahoma,Total,EQIP IRA,Grassed Waterway (412),Total,83,"$417,175 ","2,514", 
Oklahoma,Total,EQIP IRA,Groundwater Testing (355),2023,,,"2,515",(supp)
Oklahoma,Total,EQIP IRA,Groundwater Testing (355),2024,,,"2,516",(supp)
Oklahoma,Total,EQIP IRA,Groundwater Testing (355),Total,,,"2,517",(supp)
Oklahoma,Total,EQIP IRA,Heavy Use Area Protection (561),2023,4,"$1,660 ","2,518", 
Oklahoma,Total,EQIP IRA,Heavy Use Area Protection (561),2024,66,"$80,946 ","2,519", 
Oklahoma,Total,EQIP IRA,Heavy Use Area Protection (561),Total,70,"$82,606 ","2,520", 
Oklahoma,Total,EQIP IRA,Herbaceous Weed Treatment (315),2024,,,"2,521",(supp)
Oklahoma,Total,EQIP IRA,Herbaceous Weed Treatment (315),Total,,,"2,522",(supp)
Oklahoma,Total,EQIP IRA,Livestock Pipeline (516),2023,,,"2,523",(supp)
Oklahoma,Total,EQIP IRA,Livestock Pipeline (516),2024,,,"2,524",(supp)
Oklahoma,Total,EQIP IRA,Livestock Pipeline (516),Total,24,"$100,547 ","2,525", 
Oklahoma,Total,EQIP IRA,Nutrient Management (590),2023,188,"$833,970 ","2,526", 
Oklahoma,Total,EQIP IRA,Nutrient Management (590),2024,36,"$39,405 ","2,527", 
Oklahoma,Total,EQIP IRA,Nutrient Management (590),Total,224,"$873,375 ","2,528", 
Oklahoma,Total,EQIP IRA,Pasture and Hay Planting (512),2023,70,"$921,269 ","2,529", 
Oklahoma,Total,EQIP IRA,Pasture and Hay Planting (512),2024,909,"$14,257,278 ","2,530", 
Oklahoma,Total,EQIP IRA,Pasture and Hay Planting (512),Total,979,"$15,178,547 ","2,531", 
Oklahoma,Total,EQIP IRA,Pond (378),2024,10,"$84,368 ","2,532", 
Oklahoma,Total,EQIP IRA,Pond (378),Total,10,"$84,368 ","2,533", 
Oklahoma,Total,EQIP IRA,Prescribed Burning (338),2024,,,"2,534",(supp)
Oklahoma,Total,EQIP IRA,Prescribed Burning (338),Total,,,"2,535",(supp)
Oklahoma,Total,EQIP IRA,Prescribed Grazing (528),2023,70,"$29,267 ","2,536", 
Oklahoma,Total,EQIP IRA,Prescribed Grazing (528),2024,767,"$442,811 ","2,537", 
Oklahoma,Total,EQIP IRA,Prescribed Grazing (528),Total,837,"$472,078 ","2,538", 
Oklahoma,Total,EQIP IRA,Pumping Plant (533),2023,5,"$16,463 ","2,539", 
Oklahoma,Total,EQIP IRA,Pumping Plant (533),2024,83,"$382,029 ","2,540", 
Oklahoma,Total,EQIP IRA,Pumping Plant (533),Total,88,"$398,492 ","2,541", 
Oklahoma,Total,EQIP IRA,Range Planting (550),2023,,,"2,542",(supp)
Oklahoma,Total,EQIP IRA,Range Planting (550),2024,,,"2,543",(supp)
Oklahoma,Total,EQIP IRA,Range Planting (550),Total,50,"$1,064,937 ","2,544", 
Oklahoma,Total,EQIP IRA,"Residue and Tillage Management, No Till (329)",2023,62,"$104,074 ","2,545", 
Oklahoma,Total,EQIP IRA,"Residue and Tillage Management, No Till (329)",2024,128,"$316,705 ","2,546", 
Oklahoma,Total,EQIP IRA,"Residue and Tillage Management, No Till (329)",Total,190,"$420,779 ","2,547", 
Oklahoma,Total,EQIP IRA,"Residue and Tillage Management, Reduced Till (345)",2023,16,"$44,631 ","2,548", 
Oklahoma,Total,EQIP IRA,"Residue and Tillage Management, Reduced Till (345)",2024,12,"$130,266 ","2,549", 
Oklahoma,Total,EQIP IRA,"Residue and Tillage Management, Reduced Till (345)",Total,28,"$174,897 ","2,550", 
Oklahoma,Total,EQIP IRA,Total,2023,695,"$3,461,459 ","2,551", 
Oklahoma,Total,EQIP IRA,Total,2024,"3,058","$24,089,327 ","2,552", 
Oklahoma,Total,EQIP IRA,Total,Total,"3,753","$27,550,785 ","2,553", 
Oklahoma,Total,EQIP IRA,Tree/Shrub Establishment (612),2024,,,"2,554",(supp)
Oklahoma,Total,EQIP IRA,Tree/Shrub Establishment (612),Total,,,"2,555",(supp)
Oklahoma,Total,EQIP IRA,Tree/Shrub Site Preparation (490),2024,,,"2,556",(supp)
Oklahoma,Total,EQIP IRA,Tree/Shrub Site Preparation (490),Total,,,"2,557",(supp)
Oklahoma,Total,EQIP IRA,Upland Wildlife Habitat Management (645),2023,,,"2,558",(supp)
Oklahoma,Total,EQIP IRA,Upland Wildlife Habitat Management (645),Total,,,"2,559",(supp)
Oklahoma,Total,EQIP IRA,Water Well (642),2023,4,"$11,496 ","2,560", 
Oklahoma,Total,EQIP IRA,Water Well (642),2024,73,"$427,816 ","2,561", 
Oklahoma,Total,EQIP IRA,Water Well (642),Total,77,"$439,312 ","2,562", 
Oklahoma,Total,EQIP IRA,Watering Facility (614),2023,5,"$11,795 ","2,563", 
Oklahoma,Total,EQIP IRA,Watering Facility (614),2024,66,"$219,443 ","2,564", 
Oklahoma,Total,EQIP IRA,Watering Facility (614),Total,71,"$231,238 ","2,565", 
Oklahoma,Total,EQIP IRA,Wildlife Habitat Planting (420),2023,,,"2,566",(supp)
Oklahoma,Total,EQIP IRA,Wildlife Habitat Planting (420),2024,,,"2,567",(supp)
Oklahoma,Total,EQIP IRA,Wildlife Habitat Planting (420),Total,,,"2,568",(supp)
Oregon,Total,EQIP IRA,Brush Management (314),2023,58,"$139,628 ","2,569", 
Oregon,Total,EQIP IRA,Brush Management (314),2024,11,"$248,307 ","2,570", 
Oregon,Total,EQIP IRA,Brush Management (314),Total,69,"$387,935 ","2,571", 
Oregon,Total,EQIP IRA,Conservation Cover (327),2023,5,"$5,558 ","2,572", 
Oregon,Total,EQIP IRA,Conservation Cover (327),2024,5,"$2,575 ","2,573", 
Oregon,Total,EQIP IRA,Conservation Cover (327),Total,10,"$8,133 ","2,574", 
Oregon,Total,EQIP IRA,Conservation Crop Rotation (328),2024,4,"$19,298 ","2,575", 
Oregon,Total,EQIP IRA,Conservation Crop Rotation (328),Total,4,"$19,298 ","2,576", 
Oregon,Total,EQIP IRA,Cover Crop (340),2023,4,"$28,348 ","2,577", 
Oregon,Total,EQIP IRA,Cover Crop (340),2024,7,"$23,987 ","2,578", 
Oregon,Total,EQIP IRA,Cover Crop (340),Total,11,"$52,335 ","2,579", 
Oregon,Total,EQIP IRA,Forest Stand Improvement (666),2023,64,"$749,637 ","2,580", 
Oregon,Total,EQIP IRA,Forest Stand Improvement (666),2024,76,"$2,604,802 ","2,581", 
Oregon,Total,EQIP IRA,Forest Stand Improvement (666),Total,140,"$3,354,439 ","2,582", 
Oregon,Total,EQIP IRA,Fuel Break (383),2023,,,"2,583",(supp)
Oregon,Total,EQIP IRA,Fuel Break (383),Total,,,"2,584",(supp)
Oregon,Total,EQIP IRA,Heavy Use Area Protection (561),2024,,,"2,585",(supp)
Oregon,Total,EQIP IRA,Heavy Use Area Protection (561),Total,,,"2,586",(supp)
Oregon,Total,EQIP IRA,Herbaceous Weed Treatment (315),2023,,,"2,587",(supp)
Oregon,Total,EQIP IRA,Herbaceous Weed Treatment (315),2024,,,"2,588",(supp)
Oregon,Total,EQIP IRA,Herbaceous Weed Treatment (315),Total,19,"$243,892 ","2,589", 
Oregon,Total,EQIP IRA,Irrigation Pipeline (430),2024,14,"$144,432 ","2,590", 
Oregon,Total,EQIP IRA,Irrigation Pipeline (430),Total,14,"$144,432 ","2,591", 
Oregon,Total,EQIP IRA,"Irrigation System, Microirrigation (441)",2024,10,"$109,152 ","2,592", 
Oregon,Total,EQIP IRA,"Irrigation System, Microirrigation (441)",Total,10,"$109,152 ","2,593", 
Oregon,Total,EQIP IRA,Irrigation Water Management (449),2024,,,"2,594",(supp)
Oregon,Total,EQIP IRA,Irrigation Water Management (449),Total,,,"2,595",(supp)
Oregon,Total,EQIP IRA,Livestock Pipeline (516),2023,,,"2,596",(supp)
Oregon,Total,EQIP IRA,Livestock Pipeline (516),2024,,,"2,597",(supp)
Oregon,Total,EQIP IRA,Livestock Pipeline (516),Total,12,"$22,744 ","2,598", 
Oregon,Total,EQIP IRA,Mulching (484),2023,7,"$3,697 ","2,599", 
Oregon,Total,EQIP IRA,Mulching (484),Total,7,"$3,697 ","2,600", 
Oregon,Total,EQIP IRA,Nutrient Management (590),2024,7,"$174,814 ","2,601", 
Oregon,Total,EQIP IRA,Nutrient Management (590),Total,7,"$174,814 ","2,602", 
Oregon,Total,EQIP IRA,Obstruction Removal (500),2024,,,"2,603",(supp)
Oregon,Total,EQIP IRA,Obstruction Removal (500),Total,,,"2,604",(supp)
Oregon,Total,EQIP IRA,Prescribed Grazing (528),2023,4,"$7,902 ","2,605", 
Oregon,Total,EQIP IRA,Prescribed Grazing (528),2024,9,"$40,725 ","2,606", 
Oregon,Total,EQIP IRA,Prescribed Grazing (528),Total,13,"$48,627 ","2,607", 
Oregon,Total,EQIP IRA,Pumping Plant (533),2023,,,"2,608",(supp)
Oregon,Total,EQIP IRA,Pumping Plant (533),2024,,,"2,609",(supp)
Oregon,Total,EQIP IRA,Pumping Plant (533),Total,16,"$158,991 ","2,610", 
Oregon,Total,EQIP IRA,Range Planting (550),2023,,,"2,611",(supp)
Oregon,Total,EQIP IRA,Range Planting (550),2024,,,"2,612",(supp)
Oregon,Total,EQIP IRA,Range Planting (550),Total,5,"$45,097 ","2,613", 
Oregon,Total,EQIP IRA,"Residue and Tillage Management, Reduced Till (345)",2024,7,"$327,468 ","2,614", 
Oregon,Total,EQIP IRA,"Residue and Tillage Management, Reduced Till (345)",Total,7,"$327,468 ","2,615", 
Oregon,Total,EQIP IRA,Spring Development (574),2023,,,"2,616",(supp)
Oregon,Total,EQIP IRA,Spring Development (574),2024,,,"2,617",(supp)
Oregon,Total,EQIP IRA,Spring Development (574),Total,5,"$21,176 ","2,618", 
Oregon,Total,EQIP IRA,Sprinkler System (442),2024,12,"$484,369 ","2,619", 
Oregon,Total,EQIP IRA,Sprinkler System (442),Total,12,"$484,369 ","2,620", 
Oregon,Total,EQIP IRA,Total,2023,258,"$1,803,067 ","2,621", 
Oregon,Total,EQIP IRA,Total,2024,260,"$5,109,147 ","2,622", 
Oregon,Total,EQIP IRA,Total,Total,518,"$6,912,214 ","2,623", 
Oregon,Total,EQIP IRA,Tree-Shrub Pruning (660),2023,,,"2,624",(supp)
Oregon,Total,EQIP IRA,Tree-Shrub Pruning (660),Total,,,"2,625",(supp)
Oregon,Total,EQIP IRA,Tree/Shrub Establishment (612),2023,,,"2,626",(supp)
Oregon,Total,EQIP IRA,Tree/Shrub Establishment (612),2024,,,"2,627",(supp)
Oregon,Total,EQIP IRA,Tree/Shrub Establishment (612),Total,29,"$154,788 ","2,628", 
Oregon,Total,EQIP IRA,Tree/Shrub Site Preparation (490),2023,,,"2,629",(supp)
Oregon,Total,EQIP IRA,Tree/Shrub Site Preparation (490),2024,,,"2,630",(supp)
Oregon,Total,EQIP IRA,Tree/Shrub Site Preparation (490),Total,19,"$65,962 ","2,631", 
Oregon,Total,EQIP IRA,Upland Wildlife Habitat Management (645),2023,,,"2,632",(supp)
Oregon,Total,EQIP IRA,Upland Wildlife Habitat Management (645),Total,,,"2,633",(supp)
Oregon,Total,EQIP IRA,Water Well (642),2024,4,"$93,514 ","2,634", 
Oregon,Total,EQIP IRA,Water Well (642),Total,4,"$93,514 ","2,635", 
Oregon,Total,EQIP IRA,Watering Facility (614),2023,,,"2,636",(supp)
Oregon,Total,EQIP IRA,Watering Facility (614),2024,,,"2,637",(supp)
Oregon,Total,EQIP IRA,Watering Facility (614),Total,12,"$69,219 ","2,638", 
Oregon,Total,EQIP IRA,Wildlife Habitat Planting (420),2023,,,"2,639",(supp)
Oregon,Total,EQIP IRA,Wildlife Habitat Planting (420),Total,,,"2,640",(supp)
Oregon,Total,EQIP IRA,Woody Residue Treatment (384),2023,33,"$293,341 ","2,641", 
Oregon,Total,EQIP IRA,Woody Residue Treatment (384),2024,46,"$556,630 ","2,642", 
Oregon,Total,EQIP IRA,Woody Residue Treatment (384),Total,79,"$849,971 ","2,643", 
Pennsylvania,Total,EQIP IRA,Access Road (560),2023,6,"$28,930 ","2,644", 
Pennsylvania,Total,EQIP IRA,Access Road (560),Total,6,"$28,930 ","2,645", 
Pennsylvania,Total,EQIP IRA,Brush Management (314),2023,49,"$199,669 ","2,646", 
Pennsylvania,Total,EQIP IRA,Brush Management (314),Total,49,"$199,669 ","2,647", 
Pennsylvania,Total,EQIP IRA,Conservation Cover (327),2023,,,"2,648",(supp)
Pennsylvania,Total,EQIP IRA,Conservation Cover (327),Total,,,"2,649",(supp)
Pennsylvania,Total,EQIP IRA,Conservation Crop Rotation (328),2023,,,"2,650",(supp)
Pennsylvania,Total,EQIP IRA,Conservation Crop Rotation (328),Total,,,"2,651",(supp)
Pennsylvania,Total,EQIP IRA,Cover Crop (340),2023,93,"$929,667 ","2,652", 
Pennsylvania,Total,EQIP IRA,Cover Crop (340),2024,"1,674","$26,345,718 ","2,653", 
Pennsylvania,Total,EQIP IRA,Cover Crop (340),Total,"1,767","$27,275,385 ","2,654", 
Pennsylvania,Total,EQIP IRA,Critical Area Planting (342),2023,5,"$1,252 ","2,655", 
Pennsylvania,Total,EQIP IRA,Critical Area Planting (342),Total,5,"$1,252 ","2,656", 
Pennsylvania,Total,EQIP IRA,Diversion (362),2023,4,"$7,183 ","2,657", 
Pennsylvania,Total,EQIP IRA,Diversion (362),Total,4,"$7,183 ","2,658", 
Pennsylvania,Total,EQIP IRA,Early Successional Habitat Development-Mgt (647),2023,,,"2,659",(supp)
Pennsylvania,Total,EQIP IRA,Early Successional Habitat Development-Mgt (647),Total,,,"2,660",(supp)
Pennsylvania,Total,EQIP IRA,Energy Efficient Agricultural Operation (374),2023,,,"2,661",(supp)
Pennsylvania,Total,EQIP IRA,Energy Efficient Agricultural Operation (374),Total,,,"2,662",(supp)
Pennsylvania,Total,EQIP IRA,Fence (382),2023,61,"$390,314 ","2,663", 
Pennsylvania,Total,EQIP IRA,Fence (382),Total,61,"$390,314 ","2,664", 
Pennsylvania,Total,EQIP IRA,Forest Stand Improvement (666),2023,13,"$104,895 ","2,665", 
Pennsylvania,Total,EQIP IRA,Forest Stand Improvement (666),Total,13,"$104,895 ","2,666", 
Pennsylvania,Total,EQIP IRA,Forest Trails and Landings (655),2023,4,"$5,628 ","2,667", 
Pennsylvania,Total,EQIP IRA,Forest Trails and Landings (655),Total,4,"$5,628 ","2,668", 
Pennsylvania,Total,EQIP IRA,Grassed Waterway (412),2023,13,"$27,508 ","2,669", 
Pennsylvania,Total,EQIP IRA,Grassed Waterway (412),Total,13,"$27,508 ","2,670", 
Pennsylvania,Total,EQIP IRA,Heavy Use Area Protection (561),2023,22,"$38,655 ","2,671", 
Pennsylvania,Total,EQIP IRA,Heavy Use Area Protection (561),Total,22,"$38,655 ","2,672", 
Pennsylvania,Total,EQIP IRA,Herbaceous Weed Treatment (315),2023,46,"$198,961 ","2,673", 
Pennsylvania,Total,EQIP IRA,Herbaceous Weed Treatment (315),Total,46,"$198,961 ","2,674", 
Pennsylvania,Total,EQIP IRA,Lined Waterway or Outlet (468),2023,15,"$63,076 ","2,675", 
Pennsylvania,Total,EQIP IRA,Lined Waterway or Outlet (468),Total,15,"$63,076 ","2,676", 
Pennsylvania,Total,EQIP IRA,Livestock Pipeline (516),2023,44,"$144,685 ","2,677", 
Pennsylvania,Total,EQIP IRA,Livestock Pipeline (516),Total,44,"$144,685 ","2,678", 
Pennsylvania,Total,EQIP IRA,Mulching (484),2023,17,"$39,751 ","2,679", 
Pennsylvania,Total,EQIP IRA,Mulching (484),Total,17,"$39,751 ","2,680", 
Pennsylvania,Total,EQIP IRA,Nutrient Management (590),2023,,,"2,681",(supp)
Pennsylvania,Total,EQIP IRA,Nutrient Management (590),Total,,,"2,682",(supp)
Pennsylvania,Total,EQIP IRA,Pasture and Hay Planting (512),2023,6,"$16,967 ","2,683", 
Pennsylvania,Total,EQIP IRA,Pasture and Hay Planting (512),Total,6,"$16,967 ","2,684", 
Pennsylvania,Total,EQIP IRA,Prescribed Grazing (528),2023,20,"$30,437 ","2,685", 
Pennsylvania,Total,EQIP IRA,Prescribed Grazing (528),Total,20,"$30,437 ","2,686", 
Pennsylvania,Total,EQIP IRA,Pumping Plant (533),2023,9,"$56,248 ","2,687", 
Pennsylvania,Total,EQIP IRA,Pumping Plant (533),Total,9,"$56,248 ","2,688", 
Pennsylvania,Total,EQIP IRA,"Residue and Tillage Management, No Till (329)",2023,6,"$80,270 ","2,689", 
Pennsylvania,Total,EQIP IRA,"Residue and Tillage Management, No Till (329)",Total,6,"$80,270 ","2,690", 
Pennsylvania,Total,EQIP IRA,Riparian Forest Buffer (391),2023,,,"2,691",(supp)
Pennsylvania,Total,EQIP IRA,Riparian Forest Buffer (391),Total,,,"2,692",(supp)
Pennsylvania,Total,EQIP IRA,Spring Development (574),2023,,,"2,693",(supp)
Pennsylvania,Total,EQIP IRA,Spring Development (574),Total,,,"2,694",(supp)
Pennsylvania,Total,EQIP IRA,Stream Crossing (578),2023,9,"$51,622 ","2,695", 
Pennsylvania,Total,EQIP IRA,Stream Crossing (578),Total,9,"$51,622 ","2,696", 
Pennsylvania,Total,EQIP IRA,Structure for Water Control (587),2023,11,"$14,216 ","2,697", 
Pennsylvania,Total,EQIP IRA,Structure for Water Control (587),Total,11,"$14,216 ","2,698", 
Pennsylvania,Total,EQIP IRA,Structures for Wildlife (649),2023,,,"2,699",(supp)
Pennsylvania,Total,EQIP IRA,Structures for Wildlife (649),Total,,,"2,700",(supp)
Pennsylvania,Total,EQIP IRA,Subsurface Drain (606),2023,8,"$70,078 ","2,701", 
Pennsylvania,Total,EQIP IRA,Subsurface Drain (606),Total,8,"$70,078 ","2,702", 
Pennsylvania,Total,EQIP IRA,Total,2023,574,"$3,090,680 ","2,703", 
Pennsylvania,Total,EQIP IRA,Total,2024,"1,674","$26,345,718 ","2,704", 
Pennsylvania,Total,EQIP IRA,Total,Total,"2,248","$29,436,398 ","2,705", 
Pennsylvania,Total,EQIP IRA,Trails and Walkways (575),2023,11,"$116,164 ","2,706", 
Pennsylvania,Total,EQIP IRA,Trails and Walkways (575),Total,11,"$116,164 ","2,707", 
Pennsylvania,Total,EQIP IRA,Tree/Shrub Establishment (612),2023,22,"$190,797 ","2,708", 
Pennsylvania,Total,EQIP IRA,Tree/Shrub Establishment (612),Total,22,"$190,797 ","2,709", 
Pennsylvania,Total,EQIP IRA,Tree/Shrub Site Preparation (490),2023,,,"2,710",(supp)
Pennsylvania,Total,EQIP IRA,Tree/Shrub Site Preparation (490),Total,,,"2,711",(supp)
Pennsylvania,Total,EQIP IRA,Underground Outlet (620),2023,12,"$36,248 ","2,712", 
Pennsylvania,Total,EQIP IRA,Underground Outlet (620),Total,12,"$36,248 ","2,713", 
Pennsylvania,Total,EQIP IRA,Water and Sediment Control Basin (638),2023,,,"2,714",(supp)
Pennsylvania,Total,EQIP IRA,Water and Sediment Control Basin (638),Total,,,"2,715",(supp)
Pennsylvania,Total,EQIP IRA,Water Well (642),2023,6,"$62,821 ","2,716", 
Pennsylvania,Total,EQIP IRA,Water Well (642),Total,6,"$62,821 ","2,717", 
Pennsylvania,Total,EQIP IRA,Watering Facility (614),2023,39,"$54,772 ","2,718", 
Pennsylvania,Total,EQIP IRA,Watering Facility (614),Total,39,"$54,772 ","2,719", 
Pennsylvania,Total,EQIP IRA,Wildlife Habitat Planting (420),2023,,,"2,720",(supp)
Pennsylvania,Total,EQIP IRA,Wildlife Habitat Planting (420),Total,,,"2,721",(supp)
Pennsylvania,Total,EQIP IRA,Windbreak/Shelterbelt Establishment and Renovation (380),2023,,,"2,722",(supp)
Pennsylvania,Total,EQIP IRA,Windbreak/Shelterbelt Establishment and Renovation (380),Total,,,"2,723",(supp)
Puerto Rico,Total,EQIP IRA,Aquifer Flow Test (224),2024,,,"2,724",(supp)
Puerto Rico,Total,EQIP IRA,Aquifer Flow Test (224),Total,,,"2,725",(supp)
Puerto Rico,Total,EQIP IRA,Brush Management (314),2023,19,"$61,705 ","2,726", 
Puerto Rico,Total,EQIP IRA,Brush Management (314),2024,25,"$12,259 ","2,727", 
Puerto Rico,Total,EQIP IRA,Brush Management (314),Total,44,"$73,964 ","2,728", 
Puerto Rico,Total,EQIP IRA,Clearing and Snagging (326),2023,6,"$149,160 ","2,729", 
Puerto Rico,Total,EQIP IRA,Clearing and Snagging (326),2024,5,"$101,180 ","2,730", 
Puerto Rico,Total,EQIP IRA,Clearing and Snagging (326),Total,11,"$250,340 ","2,731", 
Puerto Rico,Total,EQIP IRA,Combustion System Improvement (372),2023,20,"$1,141,541 ","2,732", 
Puerto Rico,Total,EQIP IRA,Combustion System Improvement (372),2024,125,"$8,896,314 ","2,733", 
Puerto Rico,Total,EQIP IRA,Combustion System Improvement (372),Total,145,"$10,037,855 ","2,734", 
Puerto Rico,Total,EQIP IRA,Conservation Crop Rotation (328),2024,33,$464 ,"2,735", 
Puerto Rico,Total,EQIP IRA,Conservation Crop Rotation (328),Total,33,$464 ,"2,736", 
Puerto Rico,Total,EQIP IRA,Fence (382),2023,29,"$63,996 ","2,737", 
Puerto Rico,Total,EQIP IRA,Fence (382),2024,11,"$26,558 ","2,738", 
Puerto Rico,Total,EQIP IRA,Fence (382),Total,40,"$90,554 ","2,739", 
Puerto Rico,Total,EQIP IRA,Field Border (386),2023,,,"2,740",(supp)
Puerto Rico,Total,EQIP IRA,Field Border (386),Total,,,"2,741",(supp)
Puerto Rico,Total,EQIP IRA,Grazing Land Mechanical Treatment (548),2024,25,"$37,566 ","2,742", 
Puerto Rico,Total,EQIP IRA,Grazing Land Mechanical Treatment (548),Total,25,"$37,566 ","2,743", 
Puerto Rico,Total,EQIP IRA,Heavy Use Area Protection (561),2023,13,"$128,765 ","2,744", 
Puerto Rico,Total,EQIP IRA,Heavy Use Area Protection (561),Total,13,"$128,765 ","2,745", 
Puerto Rico,Total,EQIP IRA,Hedgerow Planting (422),2023,,,"2,746",(supp)
Puerto Rico,Total,EQIP IRA,Hedgerow Planting (422),Total,,,"2,747",(supp)
Puerto Rico,Total,EQIP IRA,Herbaceous Wind Barriers (603),2023,,,"2,748",(supp)
Puerto Rico,Total,EQIP IRA,Herbaceous Wind Barriers (603),Total,,,"2,749",(supp)
Puerto Rico,Total,EQIP IRA,High Tunnel System (325),2023,4,"$59,963 ","2,750", 
Puerto Rico,Total,EQIP IRA,High Tunnel System (325),Total,4,"$59,963 ","2,751", 
Puerto Rico,Total,EQIP IRA,Irrigation Pipeline (430),2023,,,"2,752",(supp)
Puerto Rico,Total,EQIP IRA,Irrigation Pipeline (430),2024,,,"2,753",(supp)
Puerto Rico,Total,EQIP IRA,Irrigation Pipeline (430),Total,10,"$40,326 ","2,754", 
Puerto Rico,Total,EQIP IRA,Irrigation Reservoir (436),2023,12,"$55,897 ","2,755", 
Puerto Rico,Total,EQIP IRA,Irrigation Reservoir (436),2024,4,"$12,380 ","2,756", 
Puerto Rico,Total,EQIP IRA,Irrigation Reservoir (436),Total,16,"$68,277 ","2,757", 
Puerto Rico,Total,EQIP IRA,"Irrigation System, Microirrigation (441)",2023,9,"$24,958 ","2,758", 
Puerto Rico,Total,EQIP IRA,"Irrigation System, Microirrigation (441)",2024,4,"$43,913 ","2,759", 
Puerto Rico,Total,EQIP IRA,"Irrigation System, Microirrigation (441)",Total,13,"$68,871 ","2,760", 
Puerto Rico,Total,EQIP IRA,Irrigation Water Management (449),2023,,,"2,761",(supp)
Puerto Rico,Total,EQIP IRA,Irrigation Water Management (449),2024,,,"2,762",(supp)
Puerto Rico,Total,EQIP IRA,Irrigation Water Management (449),Total,4,"$1,206 ","2,763", 
Puerto Rico,Total,EQIP IRA,Land Clearing (460),2024,,,"2,764",(supp)
Puerto Rico,Total,EQIP IRA,Land Clearing (460),Total,,,"2,765",(supp)
Puerto Rico,Total,EQIP IRA,Lined Waterway or Outlet (468),2023,,,"2,766",(supp)
Puerto Rico,Total,EQIP IRA,Lined Waterway or Outlet (468),Total,,,"2,767",(supp)
Puerto Rico,Total,EQIP IRA,Livestock Pipeline (516),2023,7,"$20,431 ","2,768", 
Puerto Rico,Total,EQIP IRA,Livestock Pipeline (516),Total,7,"$20,431 ","2,769", 
Puerto Rico,Total,EQIP IRA,Livestock Shelter Structure (576),2023,,,"2,770",(supp)
Puerto Rico,Total,EQIP IRA,Livestock Shelter Structure (576),2024,,,"2,771",(supp)
Puerto Rico,Total,EQIP IRA,Livestock Shelter Structure (576),Total,8,"$36,704 ","2,772", 
Puerto Rico,Total,EQIP IRA,Mulching (484),2023,4,"$86,205 ","2,773", 
Puerto Rico,Total,EQIP IRA,Mulching (484),2024,49,"$819,591 ","2,774", 
Puerto Rico,Total,EQIP IRA,Mulching (484),Total,53,"$905,796 ","2,775", 
Puerto Rico,Total,EQIP IRA,Nutrient Management (590),2024,25,"$12,770 ","2,776", 
Puerto Rico,Total,EQIP IRA,Nutrient Management (590),Total,25,"$12,770 ","2,777", 
Puerto Rico,Total,EQIP IRA,Obstruction Removal (500),2023,,,"2,778",(supp)
Puerto Rico,Total,EQIP IRA,Obstruction Removal (500),2024,,,"2,779",(supp)
Puerto Rico,Total,EQIP IRA,Obstruction Removal (500),Total,7,"$54,992 ","2,780", 
Puerto Rico,Total,EQIP IRA,Pasture and Hay Planting (512),2023,22,"$169,258 ","2,781", 
Puerto Rico,Total,EQIP IRA,Pasture and Hay Planting (512),2024,7,"$13,285 ","2,782", 
Puerto Rico,Total,EQIP IRA,Pasture and Hay Planting (512),Total,29,"$182,543 ","2,783", 
Puerto Rico,Total,EQIP IRA,Pest Management Conservation System (595),2024,9,"$4,092 ","2,784", 
Puerto Rico,Total,EQIP IRA,Pest Management Conservation System (595),Total,9,"$4,092 ","2,785", 
Puerto Rico,Total,EQIP IRA,Prescribed Grazing (528),2023,,,"2,786",(supp)
Puerto Rico,Total,EQIP IRA,Prescribed Grazing (528),2024,,,"2,787",(supp)
Puerto Rico,Total,EQIP IRA,Prescribed Grazing (528),Total,10,"$5,217 ","2,788", 
Puerto Rico,Total,EQIP IRA,Pumping Plant (533),2023,4,"$19,248 ","2,789", 
Puerto Rico,Total,EQIP IRA,Pumping Plant (533),2024,4,"$87,190 ","2,790", 
Puerto Rico,Total,EQIP IRA,Pumping Plant (533),Total,8,"$106,438 ","2,791", 
Puerto Rico,Total,EQIP IRA,"Residue and Tillage Management, No Till (329)",2023,,,"2,792",(supp)
Puerto Rico,Total,EQIP IRA,"Residue and Tillage Management, No Till (329)",2024,,,"2,793",(supp)
Puerto Rico,Total,EQIP IRA,"Residue and Tillage Management, No Till (329)",Total,,,"2,794",(supp)
Puerto Rico,Total,EQIP IRA,"Residue and Tillage Management, Reduced Till (345)",2024,8,$540 ,"2,795", 
Puerto Rico,Total,EQIP IRA,"Residue and Tillage Management, Reduced Till (345)",Total,8,$540 ,"2,796", 
Puerto Rico,Total,EQIP IRA,Roof Runoff Structure (558),2023,14,"$56,135 ","2,797", 
Puerto Rico,Total,EQIP IRA,Roof Runoff Structure (558),2024,4,"$28,590 ","2,798", 
Puerto Rico,Total,EQIP IRA,Roof Runoff Structure (558),Total,18,"$84,725 ","2,799", 
Puerto Rico,Total,EQIP IRA,Roofs and Covers (367),2023,,,"2,800",(supp)
Puerto Rico,Total,EQIP IRA,Roofs and Covers (367),2024,,,"2,801",(supp)
Puerto Rico,Total,EQIP IRA,Roofs and Covers (367),Total,6,"$438,366 ","2,802", 
Puerto Rico,Total,EQIP IRA,Silvopasture (381),2024,5,"$2,877 ","2,803", 
Puerto Rico,Total,EQIP IRA,Silvopasture (381),Total,5,"$2,877 ","2,804", 
Puerto Rico,Total,EQIP IRA,Structures for Wildlife (649),2024,,,"2,805",(supp)
Puerto Rico,Total,EQIP IRA,Structures for Wildlife (649),Total,,,"2,806",(supp)
Puerto Rico,Total,EQIP IRA,Total,2023,228,"$2,508,245 ","2,807", 
Puerto Rico,Total,EQIP IRA,Total,2024,370,"$10,404,575 ","2,808", 
Puerto Rico,Total,EQIP IRA,Total,Total,598,"$12,912,820 ","2,809", 
Puerto Rico,Total,EQIP IRA,Tree/Shrub Establishment (612),2023,,,"2,810",(supp)
Puerto Rico,Total,EQIP IRA,Tree/Shrub Establishment (612),2024,,,"2,811",(supp)
Puerto Rico,Total,EQIP IRA,Tree/Shrub Establishment (612),Total,4,"$19,010 ","2,812", 
Puerto Rico,Total,EQIP IRA,Tree/Shrub Site Preparation (490),2023,,,"2,813",(supp)
Puerto Rico,Total,EQIP IRA,Tree/Shrub Site Preparation (490),2024,,,"2,814",(supp)
Puerto Rico,Total,EQIP IRA,Tree/Shrub Site Preparation (490),Total,7,$119 ,"2,815", 
Puerto Rico,Total,EQIP IRA,Vegetative Barrier (601),2023,,,"2,816",(supp)
Puerto Rico,Total,EQIP IRA,Vegetative Barrier (601),Total,,,"2,817",(supp)
Puerto Rico,Total,EQIP IRA,Water Well (642),2023,,,"2,818",(supp)
Puerto Rico,Total,EQIP IRA,Water Well (642),2024,,,"2,819",(supp)
Puerto Rico,Total,EQIP IRA,Water Well (642),Total,4,"$112,210 ","2,820", 
Puerto Rico,Total,EQIP IRA,Watering Facility (614),2023,14,"$36,582 ","2,821", 
Puerto Rico,Total,EQIP IRA,Watering Facility (614),Total,14,"$36,582 ","2,822", 
Puerto Rico,Total,EQIP IRA,Wildlife Habitat Planting (420),2024,,,"2,823",(supp)
Puerto Rico,Total,EQIP IRA,Wildlife Habitat Planting (420),Total,,,"2,824",(supp)
Rhode Island,Total,EQIP IRA,Access Control (472),2023,,,"2,825",(supp)
Rhode Island,Total,EQIP IRA,Access Control (472),Total,,,"2,826",(supp)
Rhode Island,Total,EQIP IRA,Brush Management (314),2023,28,"$39,632 ","2,827", 
Rhode Island,Total,EQIP IRA,Brush Management (314),Total,28,"$39,632 ","2,828", 
Rhode Island,Total,EQIP IRA,Conservation Crop Rotation (328),2023,,,"2,829",(supp)
Rhode Island,Total,EQIP IRA,Conservation Crop Rotation (328),Total,,,"2,830",(supp)
Rhode Island,Total,EQIP IRA,Cover Crop (340),2023,36,"$12,304 ","2,831", 
Rhode Island,Total,EQIP IRA,Cover Crop (340),Total,36,"$12,304 ","2,832", 
Rhode Island,Total,EQIP IRA,Critical Area Planting (342),2023,,,"2,833",(supp)
Rhode Island,Total,EQIP IRA,Critical Area Planting (342),Total,,,"2,834",(supp)
Rhode Island,Total,EQIP IRA,Fence (382),2023,4,"$12,866 ","2,835", 
Rhode Island,Total,EQIP IRA,Fence (382),Total,4,"$12,866 ","2,836", 
Rhode Island,Total,EQIP IRA,Forest Stand Improvement (666),2023,38,"$117,614 ","2,837", 
Rhode Island,Total,EQIP IRA,Forest Stand Improvement (666),Total,38,"$117,614 ","2,838", 
Rhode Island,Total,EQIP IRA,Forest Trails and Landings (655),2023,27,"$113,809 ","2,839", 
Rhode Island,Total,EQIP IRA,Forest Trails and Landings (655),Total,27,"$113,809 ","2,840", 
Rhode Island,Total,EQIP IRA,Herbaceous Weed Treatment (315),2023,,,"2,841",(supp)
Rhode Island,Total,EQIP IRA,Herbaceous Weed Treatment (315),Total,,,"2,842",(supp)
Rhode Island,Total,EQIP IRA,Livestock Pipeline (516),2023,,,"2,843",(supp)
Rhode Island,Total,EQIP IRA,Livestock Pipeline (516),Total,,,"2,844",(supp)
Rhode Island,Total,EQIP IRA,Mulching (484),2023,35,"$5,641 ","2,845", 
Rhode Island,Total,EQIP IRA,Mulching (484),Total,35,"$5,641 ","2,846", 
Rhode Island,Total,EQIP IRA,Obstruction Removal (500),2023,,,"2,847",(supp)
Rhode Island,Total,EQIP IRA,Obstruction Removal (500),Total,,,"2,848",(supp)
Rhode Island,Total,EQIP IRA,Pasture and Hay Planting (512),2023,12,"$31,968 ","2,849", 
Rhode Island,Total,EQIP IRA,Pasture and Hay Planting (512),Total,12,"$31,968 ","2,850", 
Rhode Island,Total,EQIP IRA,Prescribed Grazing (528),2023,,,"2,851",(supp)
Rhode Island,Total,EQIP IRA,Prescribed Grazing (528),Total,,,"2,852",(supp)
Rhode Island,Total,EQIP IRA,Pumping Plant (533),2023,,,"2,853",(supp)
Rhode Island,Total,EQIP IRA,Pumping Plant (533),Total,,,"2,854",(supp)
Rhode Island,Total,EQIP IRA,Soil Health Testing (216),2023,,,"2,855",(supp)
Rhode Island,Total,EQIP IRA,Soil Health Testing (216),Total,,,"2,856",(supp)
Rhode Island,Total,EQIP IRA,Structures for Wildlife (649),2023,,,"2,857",(supp)
Rhode Island,Total,EQIP IRA,Structures for Wildlife (649),Total,,,"2,858",(supp)
Rhode Island,Total,EQIP IRA,Total,2023,226,"$391,248 ","2,859", 
Rhode Island,Total,EQIP IRA,Total,Total,226,"$391,248 ","2,860", 
Rhode Island,Total,EQIP IRA,Tree/Shrub Establishment (612),2023,17,"$18,841 ","2,861", 
Rhode Island,Total,EQIP IRA,Tree/Shrub Establishment (612),Total,17,"$18,841 ","2,862", 
Rhode Island,Total,EQIP IRA,Tree/Shrub Site Preparation (490),2023,,,"2,863",(supp)
Rhode Island,Total,EQIP IRA,Tree/Shrub Site Preparation (490),Total,,,"2,864",(supp)
Rhode Island,Total,EQIP IRA,Water Well (642),2023,,,"2,865",(supp)
Rhode Island,Total,EQIP IRA,Water Well (642),Total,,,"2,866",(supp)
Rhode Island,Total,EQIP IRA,Watering Facility (614),2023,,,"2,867",(supp)
Rhode Island,Total,EQIP IRA,Watering Facility (614),Total,,,"2,868",(supp)
Rhode Island,Total,EQIP IRA,Wildlife Habitat Planting (420),2023,,,"2,869",(supp)
Rhode Island,Total,EQIP IRA,Wildlife Habitat Planting (420),Total,,,"2,870",(supp)
Rhode Island,Total,EQIP IRA,Windbreak/Shelterbelt Establishment and Renovation (380),2023,,,"2,871",(supp)
Rhode Island,Total,EQIP IRA,Windbreak/Shelterbelt Establishment and Renovation (380),Total,,,"2,872",(supp)
South Carolina,Total,EQIP IRA,Access Road (560),2024,,,"2,873",(supp)
South Carolina,Total,EQIP IRA,Access Road (560),Total,,,"2,874",(supp)
South Carolina,Total,EQIP IRA,Agricultural Energy Design (120),2024,17,"$120,308 ","2,875", 
South Carolina,Total,EQIP IRA,Agricultural Energy Design (120),Total,17,"$120,308 ","2,876", 
South Carolina,Total,EQIP IRA,Amending Soil Properties with Lime (805),2024,,,"2,877",(supp)
South Carolina,Total,EQIP IRA,Amending Soil Properties with Lime (805),Total,,,"2,878",(supp)
South Carolina,Total,EQIP IRA,Brush Management (314),2024,13,"$72,181 ","2,879", 
South Carolina,Total,EQIP IRA,Brush Management (314),Total,13,"$72,181 ","2,880", 
South Carolina,Total,EQIP IRA,Cover Crop (340),2023,132,"$748,376 ","2,881", 
South Carolina,Total,EQIP IRA,Cover Crop (340),2024,55,"$1,204,790 ","2,882", 
South Carolina,Total,EQIP IRA,Cover Crop (340),Total,187,"$1,953,166 ","2,883", 
South Carolina,Total,EQIP IRA,Critical Area Planting (342),2024,16,"$8,143 ","2,884", 
South Carolina,Total,EQIP IRA,Critical Area Planting (342),Total,16,"$8,143 ","2,885", 
South Carolina,Total,EQIP IRA,Dike and Levee (356),2024,,,"2,886",(supp)
South Carolina,Total,EQIP IRA,Dike and Levee (356),Total,,,"2,887",(supp)
South Carolina,Total,EQIP IRA,Diversion (362),2024,,,"2,888",(supp)
South Carolina,Total,EQIP IRA,Diversion (362),Total,,,"2,889",(supp)
South Carolina,Total,EQIP IRA,Energy Efficient Agricultural Operation (374),2024,46,"$3,099,260 ","2,890", 
South Carolina,Total,EQIP IRA,Energy Efficient Agricultural Operation (374),Total,46,"$3,099,260 ","2,891", 
South Carolina,Total,EQIP IRA,Energy Efficient Building Envelope (672),2024,25,"$1,225,542 ","2,892", 
South Carolina,Total,EQIP IRA,Energy Efficient Building Envelope (672),Total,25,"$1,225,542 ","2,893", 
South Carolina,Total,EQIP IRA,Energy Efficient Lighting System (670),2024,11,"$56,486 ","2,894", 
South Carolina,Total,EQIP IRA,Energy Efficient Lighting System (670),Total,11,"$56,486 ","2,895", 
South Carolina,Total,EQIP IRA,Fence (382),2024,5,"$65,083 ","2,896", 
South Carolina,Total,EQIP IRA,Fence (382),Total,5,"$65,083 ","2,897", 
South Carolina,Total,EQIP IRA,Firebreak (394),2024,5,"$30,139 ","2,898", 
South Carolina,Total,EQIP IRA,Firebreak (394),Total,5,"$30,139 ","2,899", 
South Carolina,Total,EQIP IRA,Forest Stand Improvement (666),2024,13,"$233,408 ","2,900", 
South Carolina,Total,EQIP IRA,Forest Stand Improvement (666),Total,13,"$233,408 ","2,901", 
South Carolina,Total,EQIP IRA,Forest Trails and Landings (655),2024,4,"$25,736 ","2,902", 
South Carolina,Total,EQIP IRA,Forest Trails and Landings (655),Total,4,"$25,736 ","2,903", 
South Carolina,Total,EQIP IRA,Heavy Use Area Protection (561),2024,13,"$97,627 ","2,904", 
South Carolina,Total,EQIP IRA,Heavy Use Area Protection (561),Total,13,"$97,627 ","2,905", 
South Carolina,Total,EQIP IRA,Herbaceous Weed Treatment (315),2024,20,"$58,138 ","2,906", 
South Carolina,Total,EQIP IRA,Herbaceous Weed Treatment (315),Total,20,"$58,138 ","2,907", 
South Carolina,Total,EQIP IRA,Irrigation Pipeline (430),2024,,,"2,908",(supp)
South Carolina,Total,EQIP IRA,Irrigation Pipeline (430),Total,,,"2,909",(supp)
South Carolina,Total,EQIP IRA,"Irrigation System, Microirrigation (441)",2024,,,"2,910",(supp)
South Carolina,Total,EQIP IRA,"Irrigation System, Microirrigation (441)",Total,,,"2,911",(supp)
South Carolina,Total,EQIP IRA,Irrigation Water Management (449),2024,10,"$23,903 ","2,912", 
South Carolina,Total,EQIP IRA,Irrigation Water Management (449),Total,10,"$23,903 ","2,913", 
South Carolina,Total,EQIP IRA,Irrigation Water Management Design  (163),2024,4,"$46,585 ","2,914", 
South Carolina,Total,EQIP IRA,Irrigation Water Management Design  (163),Total,4,"$46,585 ","2,915", 
South Carolina,Total,EQIP IRA,Lined Waterway or Outlet (468),2024,,,"2,916",(supp)
South Carolina,Total,EQIP IRA,Lined Waterway or Outlet (468),Total,,,"2,917",(supp)
South Carolina,Total,EQIP IRA,Livestock Pipeline (516),2024,6,"$23,110 ","2,918", 
South Carolina,Total,EQIP IRA,Livestock Pipeline (516),Total,6,"$23,110 ","2,919", 
South Carolina,Total,EQIP IRA,Livestock Shelter Structure (576),2024,,,"2,920",(supp)
South Carolina,Total,EQIP IRA,Livestock Shelter Structure (576),Total,,,"2,921",(supp)
South Carolina,Total,EQIP IRA,Mulching (484),2024,,,"2,922",(supp)
South Carolina,Total,EQIP IRA,Mulching (484),Total,,,"2,923",(supp)
South Carolina,Total,EQIP IRA,Nutrient Management (590),2024,16,"$143,143 ","2,924", 
South Carolina,Total,EQIP IRA,Nutrient Management (590),Total,16,"$143,143 ","2,925", 
South Carolina,Total,EQIP IRA,Pasture and Hay Planting (512),2024,12,"$120,459 ","2,926", 
South Carolina,Total,EQIP IRA,Pasture and Hay Planting (512),Total,12,"$120,459 ","2,927", 
South Carolina,Total,EQIP IRA,Prescribed Burning (338),2024,20,"$26,660 ","2,928", 
South Carolina,Total,EQIP IRA,Prescribed Burning (338),Total,20,"$26,660 ","2,929", 
South Carolina,Total,EQIP IRA,Prescribed Grazing (528),2024,,,"2,930",(supp)
South Carolina,Total,EQIP IRA,Prescribed Grazing (528),Total,,,"2,931",(supp)
South Carolina,Total,EQIP IRA,Pumping Plant (533),2024,,,"2,932",(supp)
South Carolina,Total,EQIP IRA,Pumping Plant (533),Total,,,"2,933",(supp)
South Carolina,Total,EQIP IRA,"Residue and Tillage Management, No Till (329)",2024,21,"$125,360 ","2,934", 
South Carolina,Total,EQIP IRA,"Residue and Tillage Management, No Till (329)",Total,21,"$125,360 ","2,935", 
South Carolina,Total,EQIP IRA,"Residue and Tillage Management, Reduced Till (345)",2024,12,"$69,956 ","2,936", 
South Carolina,Total,EQIP IRA,"Residue and Tillage Management, Reduced Till (345)",Total,12,"$69,956 ","2,937", 
South Carolina,Total,EQIP IRA,Roofs and Covers (367),2024,,,"2,938",(supp)
South Carolina,Total,EQIP IRA,Roofs and Covers (367),Total,,,"2,939",(supp)
South Carolina,Total,EQIP IRA,Sprinkler System (442),2024,6,"$381,408 ","2,940", 
South Carolina,Total,EQIP IRA,Sprinkler System (442),Total,6,"$381,408 ","2,941", 
South Carolina,Total,EQIP IRA,Structure for Water Control (587),2024,5,"$193,165 ","2,942", 
South Carolina,Total,EQIP IRA,Structure for Water Control (587),Total,5,"$193,165 ","2,943", 
South Carolina,Total,EQIP IRA,Subsurface Drain (606),2024,,,"2,944",(supp)
South Carolina,Total,EQIP IRA,Subsurface Drain (606),Total,,,"2,945",(supp)
South Carolina,Total,EQIP IRA,Total,2023,253,"$1,918,129 ","2,946", 
South Carolina,Total,EQIP IRA,Total,2024,435,"$7,922,770 ","2,947", 
South Carolina,Total,EQIP IRA,Total,Total,688,"$9,840,899 ","2,948", 
South Carolina,Total,EQIP IRA,Tree/Shrub Establishment (612),2023,,,"2,949",(supp)
South Carolina,Total,EQIP IRA,Tree/Shrub Establishment (612),2024,,,"2,950",(supp)
South Carolina,Total,EQIP IRA,Tree/Shrub Establishment (612),Total,83,"$892,145 ","2,951", 
South Carolina,Total,EQIP IRA,Tree/Shrub Site Preparation (490),2023,,,"2,952",(supp)
South Carolina,Total,EQIP IRA,Tree/Shrub Site Preparation (490),2024,,,"2,953",(supp)
South Carolina,Total,EQIP IRA,Tree/Shrub Site Preparation (490),Total,75,"$464,090 ","2,954", 
South Carolina,Total,EQIP IRA,Waste Storage Facility (313),2024,,,"2,955",(supp)
South Carolina,Total,EQIP IRA,Waste Storage Facility (313),Total,,,"2,956",(supp)
South Carolina,Total,EQIP IRA,Water Well (642),2024,,,"2,957",(supp)
South Carolina,Total,EQIP IRA,Water Well (642),Total,,,"2,958",(supp)
South Carolina,Total,EQIP IRA,Watering Facility (614),2024,11,"$10,914 ","2,959", 
South Carolina,Total,EQIP IRA,Watering Facility (614),Total,11,"$10,914 ","2,960", 
South Carolina,Total,EQIP IRA,Wildlife Habitat Planting (420),2024,8,"$4,439 ","2,961", 
South Carolina,Total,EQIP IRA,Wildlife Habitat Planting (420),Total,8,"$4,439 ","2,962", 
South Dakota,Total,EQIP IRA,Annual Forages for Grazing Systems (810),2024,5,"$47,759 ","2,963", 
South Dakota,Total,EQIP IRA,Annual Forages for Grazing Systems (810),Total,5,"$47,759 ","2,964", 
South Dakota,Total,EQIP IRA,Brush Management (314),2023,,,"2,965",(supp)
South Dakota,Total,EQIP IRA,Brush Management (314),2024,,,"2,966",(supp)
South Dakota,Total,EQIP IRA,Brush Management (314),Total,16,"$54,424 ","2,967", 
South Dakota,Total,EQIP IRA,Conservation Cover (327),2023,,,"2,968",(supp)
South Dakota,Total,EQIP IRA,Conservation Cover (327),2024,,,"2,969",(supp)
South Dakota,Total,EQIP IRA,Conservation Cover (327),Total,7,"$5,569 ","2,970", 
South Dakota,Total,EQIP IRA,Conservation Crop Rotation (328),2023,6,"$7,337 ","2,971", 
South Dakota,Total,EQIP IRA,Conservation Crop Rotation (328),2024,56,"$53,776 ","2,972", 
South Dakota,Total,EQIP IRA,Conservation Crop Rotation (328),Total,62,"$61,113 ","2,973", 
South Dakota,Total,EQIP IRA,Cover Crop (340),2023,84,"$723,222 ","2,974", 
South Dakota,Total,EQIP IRA,Cover Crop (340),2024,71,"$643,279 ","2,975", 
South Dakota,Total,EQIP IRA,Cover Crop (340),Total,155,"$1,366,501 ","2,976", 
South Dakota,Total,EQIP IRA,Critical Area Planting (342),2023,6,"$2,076 ","2,977", 
South Dakota,Total,EQIP IRA,Critical Area Planting (342),Total,6,"$2,076 ","2,978", 
South Dakota,Total,EQIP IRA,Fence (382),2023,62,"$502,340 ","2,979", 
South Dakota,Total,EQIP IRA,Fence (382),2024,67,"$567,570 ","2,980", 
South Dakota,Total,EQIP IRA,Fence (382),Total,129,"$1,069,910 ","2,981", 
South Dakota,Total,EQIP IRA,Forage Harvest Management (511),2023,5,"$1,215 ","2,982", 
South Dakota,Total,EQIP IRA,Forage Harvest Management (511),Total,5,"$1,215 ","2,983", 
South Dakota,Total,EQIP IRA,Forest Stand Improvement (666),2023,,,"2,984",(supp)
South Dakota,Total,EQIP IRA,Forest Stand Improvement (666),Total,,,"2,985",(supp)
South Dakota,Total,EQIP IRA,Heavy Use Area Protection (561),2023,16,"$13,886 ","2,986", 
South Dakota,Total,EQIP IRA,Heavy Use Area Protection (561),2024,53,"$118,726 ","2,987", 
South Dakota,Total,EQIP IRA,Heavy Use Area Protection (561),Total,69,"$132,612 ","2,988", 
South Dakota,Total,EQIP IRA,Herbaceous Weed Treatment (315),2023,36,"$11,868 ","2,989", 
South Dakota,Total,EQIP IRA,Herbaceous Weed Treatment (315),2024,25,"$14,196 ","2,990", 
South Dakota,Total,EQIP IRA,Herbaceous Weed Treatment (315),Total,61,"$26,064 ","2,991", 
South Dakota,Total,EQIP IRA,Livestock Pipeline (516),2023,38,"$361,905 ","2,992", 
South Dakota,Total,EQIP IRA,Livestock Pipeline (516),2024,64,"$541,321 ","2,993", 
South Dakota,Total,EQIP IRA,Livestock Pipeline (516),Total,102,"$903,226 ","2,994", 
South Dakota,Total,EQIP IRA,Livestock Shelter Structure (576),2023,11,"$191,885 ","2,995", 
South Dakota,Total,EQIP IRA,Livestock Shelter Structure (576),2024,4,"$92,773 ","2,996", 
South Dakota,Total,EQIP IRA,Livestock Shelter Structure (576),Total,15,"$284,658 ","2,997", 
South Dakota,Total,EQIP IRA,Mulching (484),2023,63,"$183,754 ","2,998", 
South Dakota,Total,EQIP IRA,Mulching (484),2024,36,"$87,963 ","2,999", 
South Dakota,Total,EQIP IRA,Mulching (484),Total,99,"$271,717 ","3,000", 
South Dakota,Total,EQIP IRA,Nutrient Management (590),2023,5,"$31,549 ","3,001", 
South Dakota,Total,EQIP IRA,Nutrient Management (590),2024,27,"$255,637 ","3,002", 
South Dakota,Total,EQIP IRA,Nutrient Management (590),Total,32,"$287,186 ","3,003", 
South Dakota,Total,EQIP IRA,Pasture and Hay Planting (512),2023,20,"$69,046 ","3,004", 
South Dakota,Total,EQIP IRA,Pasture and Hay Planting (512),2024,10,"$18,961 ","3,005", 
South Dakota,Total,EQIP IRA,Pasture and Hay Planting (512),Total,30,"$88,007 ","3,006", 
South Dakota,Total,EQIP IRA,Pest Management Conservation System (595),2024,19,"$65,591 ","3,007", 
South Dakota,Total,EQIP IRA,Pest Management Conservation System (595),Total,19,"$65,591 ","3,008", 
South Dakota,Total,EQIP IRA,Prescribed Burning (338),2024,,,"3,009",(supp)
South Dakota,Total,EQIP IRA,Prescribed Burning (338),Total,,,"3,010",(supp)
South Dakota,Total,EQIP IRA,Prescribed Grazing (528),2023,56,"$104,501 ","3,011", 
South Dakota,Total,EQIP IRA,Prescribed Grazing (528),2024,150,"$173,085 ","3,012", 
South Dakota,Total,EQIP IRA,Prescribed Grazing (528),Total,206,"$277,586 ","3,013", 
South Dakota,Total,EQIP IRA,Pumping Plant (533),2023,4,"$18,803 ","3,014", 
South Dakota,Total,EQIP IRA,Pumping Plant (533),2024,12,"$71,855 ","3,015", 
South Dakota,Total,EQIP IRA,Pumping Plant (533),Total,16,"$90,658 ","3,016", 
South Dakota,Total,EQIP IRA,Range Planting (550),2023,,,"3,017",(supp)
South Dakota,Total,EQIP IRA,Range Planting (550),2024,,,"3,018",(supp)
South Dakota,Total,EQIP IRA,Range Planting (550),Total,8,"$35,835 ","3,019", 
South Dakota,Total,EQIP IRA,"Residue and Tillage Management, No Till (329)",2023,18,"$186,806 ","3,020", 
South Dakota,Total,EQIP IRA,"Residue and Tillage Management, No Till (329)",2024,30,"$135,724 ","3,021", 
South Dakota,Total,EQIP IRA,"Residue and Tillage Management, No Till (329)",Total,48,"$322,530 ","3,022", 
South Dakota,Total,EQIP IRA,"Residue and Tillage Management, Reduced Till (345)",2023,22,"$133,241 ","3,023", 
South Dakota,Total,EQIP IRA,"Residue and Tillage Management, Reduced Till (345)",2024,10,"$36,459 ","3,024", 
South Dakota,Total,EQIP IRA,"Residue and Tillage Management, Reduced Till (345)",Total,32,"$169,700 ","3,025", 
South Dakota,Total,EQIP IRA,Riparian Forest Buffer (391),2024,,,"3,026",(supp)
South Dakota,Total,EQIP IRA,Riparian Forest Buffer (391),Total,,,"3,027",(supp)
South Dakota,Total,EQIP IRA,Salinity and Sodic Soil Management (610),2024,,,"3,028",(supp)
South Dakota,Total,EQIP IRA,Salinity and Sodic Soil Management (610),Total,,,"3,029",(supp)
South Dakota,Total,EQIP IRA,Stream Crossing (578),2024,5,"$42,188 ","3,030", 
South Dakota,Total,EQIP IRA,Stream Crossing (578),Total,5,"$42,188 ","3,031", 
South Dakota,Total,EQIP IRA,Terrace (600),2024,,,"3,032",(supp)
South Dakota,Total,EQIP IRA,Terrace (600),Total,,,"3,033",(supp)
South Dakota,Total,EQIP IRA,Total,2023,611,"$3,190,859 ","3,034", 
South Dakota,Total,EQIP IRA,Total,2024,841,"$4,141,287 ","3,035", 
South Dakota,Total,EQIP IRA,Total,Total,"1,452","$7,332,146 ","3,036", 
South Dakota,Total,EQIP IRA,Tree/Shrub Establishment (612),2024,,,"3,037",(supp)
South Dakota,Total,EQIP IRA,Tree/Shrub Establishment (612),Total,,,"3,038",(supp)
South Dakota,Total,EQIP IRA,Tree/Shrub Site Preparation (490),2023,48,"$15,632 ","3,039", 
South Dakota,Total,EQIP IRA,Tree/Shrub Site Preparation (490),2024,39,"$219,157 ","3,040", 
South Dakota,Total,EQIP IRA,Tree/Shrub Site Preparation (490),Total,87,"$234,789 ","3,041", 
South Dakota,Total,EQIP IRA,Underground Outlet (620),2024,,,"3,042",(supp)
South Dakota,Total,EQIP IRA,Underground Outlet (620),Total,,,"3,043",(supp)
South Dakota,Total,EQIP IRA,Upland Wildlife Habitat Management (645),2024,,,"3,044",(supp)
South Dakota,Total,EQIP IRA,Upland Wildlife Habitat Management (645),Total,,,"3,045",(supp)
South Dakota,Total,EQIP IRA,Water Well (642),2023,,,"3,046",(supp)
South Dakota,Total,EQIP IRA,Water Well (642),2024,,,"3,047",(supp)
South Dakota,Total,EQIP IRA,Water Well (642),Total,14,"$767,927 ","3,048", 
South Dakota,Total,EQIP IRA,Watering Facility (614),2023,37,"$86,560 ","3,049", 
South Dakota,Total,EQIP IRA,Watering Facility (614),2024,70,"$187,874 ","3,050", 
South Dakota,Total,EQIP IRA,Watering Facility (614),Total,107,"$274,434 ","3,051", 
South Dakota,Total,EQIP IRA,Windbreak/Shelterbelt Establishment and Renovation (380),2023,66,"$280,108 ","3,052", 
South Dakota,Total,EQIP IRA,Windbreak/Shelterbelt Establishment and Renovation (380),2024,36,"$52,597 ","3,053", 
South Dakota,Total,EQIP IRA,Windbreak/Shelterbelt Establishment and Renovation (380),Total,102,"$332,705 ","3,054", 
South Dakota,Total,EQIP IRA,Woody Residue Treatment (384),2024,,,"3,055",(supp)
South Dakota,Total,EQIP IRA,Woody Residue Treatment (384),Total,,,"3,056",(supp)
Tennessee,Total,EQIP IRA,Access Control (472),2023,12,$383 ,"3,057", 
Tennessee,Total,EQIP IRA,Access Control (472),2024,9,$694 ,"3,058", 
Tennessee,Total,EQIP IRA,Access Control (472),Total,21,"$1,077 ","3,059", 
Tennessee,Total,EQIP IRA,Access Road (560),2023,,,"3,060",(supp)
Tennessee,Total,EQIP IRA,Access Road (560),2024,,,"3,061",(supp)
Tennessee,Total,EQIP IRA,Access Road (560),Total,5,"$105,277 ","3,062", 
Tennessee,Total,EQIP IRA,Brush Management (314),2023,,,"3,063",(supp)
Tennessee,Total,EQIP IRA,Brush Management (314),2024,,,"3,064",(supp)
Tennessee,Total,EQIP IRA,Brush Management (314),Total,6,"$67,101 ","3,065", 
Tennessee,Total,EQIP IRA,Conservation Cover (327),2023,,,"3,066",(supp)
Tennessee,Total,EQIP IRA,Conservation Cover (327),2024,,,"3,067",(supp)
Tennessee,Total,EQIP IRA,Conservation Cover (327),Total,13,"$12,426 ","3,068", 
Tennessee,Total,EQIP IRA,Conservation Crop Rotation (328),2023,6,"$14,070 ","3,069", 
Tennessee,Total,EQIP IRA,Conservation Crop Rotation (328),2024,20,"$85,471 ","3,070", 
Tennessee,Total,EQIP IRA,Conservation Crop Rotation (328),Total,26,"$99,541 ","3,071", 
Tennessee,Total,EQIP IRA,Cover Crop (340),2023,21,"$369,121 ","3,072", 
Tennessee,Total,EQIP IRA,Cover Crop (340),2024,304,"$8,951,684 ","3,073", 
Tennessee,Total,EQIP IRA,Cover Crop (340),Total,325,"$9,320,805 ","3,074", 
Tennessee,Total,EQIP IRA,Critical Area Planting (342),2023,10,"$2,021 ","3,075", 
Tennessee,Total,EQIP IRA,Critical Area Planting (342),2024,7,"$3,778 ","3,076", 
Tennessee,Total,EQIP IRA,Critical Area Planting (342),Total,17,"$5,799 ","3,077", 
Tennessee,Total,EQIP IRA,Early Successional Habitat Development-Mgt (647),2023,5,"$3,666 ","3,078", 
Tennessee,Total,EQIP IRA,Early Successional Habitat Development-Mgt (647),Total,5,"$3,666 ","3,079", 
Tennessee,Total,EQIP IRA,Energy Efficient Agricultural Operation (374),2023,,,"3,080",(supp)
Tennessee,Total,EQIP IRA,Energy Efficient Agricultural Operation (374),Total,,,"3,081",(supp)
Tennessee,Total,EQIP IRA,Energy Efficient Building Envelope (672),2023,,,"3,082",(supp)
Tennessee,Total,EQIP IRA,Energy Efficient Building Envelope (672),Total,,,"3,083",(supp)
Tennessee,Total,EQIP IRA,Energy Efficient Lighting System (670),2023,,,"3,084",(supp)
Tennessee,Total,EQIP IRA,Energy Efficient Lighting System (670),Total,,,"3,085",(supp)
Tennessee,Total,EQIP IRA,Fence (382),2023,108,"$418,924 ","3,086", 
Tennessee,Total,EQIP IRA,Fence (382),2024,51,"$278,197 ","3,087", 
Tennessee,Total,EQIP IRA,Fence (382),Total,159,"$697,121 ","3,088", 
Tennessee,Total,EQIP IRA,Field Border (386),2023,,,"3,089",(supp)
Tennessee,Total,EQIP IRA,Field Border (386),Total,,,"3,090",(supp)
Tennessee,Total,EQIP IRA,Filter Strip (393),2023,,,"3,091",(supp)
Tennessee,Total,EQIP IRA,Filter Strip (393),Total,,,"3,092",(supp)
Tennessee,Total,EQIP IRA,Firebreak (394),2023,,,"3,093",(supp)
Tennessee,Total,EQIP IRA,Firebreak (394),Total,,,"3,094",(supp)
Tennessee,Total,EQIP IRA,Forage Harvest Management (511),2023,,,"3,095",(supp)
Tennessee,Total,EQIP IRA,Forage Harvest Management (511),2024,,,"3,096",(supp)
Tennessee,Total,EQIP IRA,Forage Harvest Management (511),Total,6,$318 ,"3,097", 
Tennessee,Total,EQIP IRA,Forest Stand Improvement (666),2023,,,"3,098",(supp)
Tennessee,Total,EQIP IRA,Forest Stand Improvement (666),2024,,,"3,099",(supp)
Tennessee,Total,EQIP IRA,Forest Stand Improvement (666),Total,34,"$810,360 ","3,100", 
Tennessee,Total,EQIP IRA,Grassed Waterway (412),2024,,,"3,101",(supp)
Tennessee,Total,EQIP IRA,Grassed Waterway (412),Total,,,"3,102",(supp)
Tennessee,Total,EQIP IRA,Heavy Use Area Protection (561),2023,78,"$147,673 ","3,103", 
Tennessee,Total,EQIP IRA,Heavy Use Area Protection (561),2024,42,"$110,002 ","3,104", 
Tennessee,Total,EQIP IRA,Heavy Use Area Protection (561),Total,120,"$257,675 ","3,105", 
Tennessee,Total,EQIP IRA,Hedgerow Planting (422),2023,,,"3,106",(supp)
Tennessee,Total,EQIP IRA,Hedgerow Planting (422),2024,,,"3,107",(supp)
Tennessee,Total,EQIP IRA,Hedgerow Planting (422),Total,,,"3,108",(supp)
Tennessee,Total,EQIP IRA,Herbaceous Weed Treatment (315),2023,25,"$7,209 ","3,109", 
Tennessee,Total,EQIP IRA,Herbaceous Weed Treatment (315),Total,25,"$7,209 ","3,110", 
Tennessee,Total,EQIP IRA,Lined Waterway or Outlet (468),2024,,,"3,111",(supp)
Tennessee,Total,EQIP IRA,Lined Waterway or Outlet (468),Total,,,"3,112",(supp)
Tennessee,Total,EQIP IRA,Livestock Pipeline (516),2023,90,"$255,031 ","3,113", 
Tennessee,Total,EQIP IRA,Livestock Pipeline (516),2024,40,"$130,471 ","3,114", 
Tennessee,Total,EQIP IRA,Livestock Pipeline (516),Total,130,"$385,502 ","3,115", 
Tennessee,Total,EQIP IRA,Mulching (484),2023,10,"$2,726 ","3,116", 
Tennessee,Total,EQIP IRA,Mulching (484),2024,5,"$1,173 ","3,117", 
Tennessee,Total,EQIP IRA,Mulching (484),Total,15,"$3,899 ","3,118", 
Tennessee,Total,EQIP IRA,Nutrient Management (590),2023,,,"3,119",(supp)
Tennessee,Total,EQIP IRA,Nutrient Management (590),2024,,,"3,120",(supp)
Tennessee,Total,EQIP IRA,Nutrient Management (590),Total,7,"$7,913 ","3,121", 
Tennessee,Total,EQIP IRA,Pasture and Hay Planting (512),2023,42,"$157,314 ","3,122", 
Tennessee,Total,EQIP IRA,Pasture and Hay Planting (512),2024,17,"$67,085 ","3,123", 
Tennessee,Total,EQIP IRA,Pasture and Hay Planting (512),Total,59,"$224,399 ","3,124", 
Tennessee,Total,EQIP IRA,Prescribed Burning (338),2023,,,"3,125",(supp)
Tennessee,Total,EQIP IRA,Prescribed Burning (338),2024,,,"3,126",(supp)
Tennessee,Total,EQIP IRA,Prescribed Burning (338),Total,,,"3,127",(supp)
Tennessee,Total,EQIP IRA,Prescribed Grazing (528),2023,41,"$69,936 ","3,128", 
Tennessee,Total,EQIP IRA,Prescribed Grazing (528),2024,20,"$29,984 ","3,129", 
Tennessee,Total,EQIP IRA,Prescribed Grazing (528),Total,61,"$99,920 ","3,130", 
Tennessee,Total,EQIP IRA,Pumping Plant (533),2023,16,"$60,154 ","3,131", 
Tennessee,Total,EQIP IRA,Pumping Plant (533),2024,6,"$24,276 ","3,132", 
Tennessee,Total,EQIP IRA,Pumping Plant (533),Total,22,"$84,430 ","3,133", 
Tennessee,Total,EQIP IRA,"Residue and Tillage Management, No Till (329)",2024,94,"$440,504 ","3,134", 
Tennessee,Total,EQIP IRA,"Residue and Tillage Management, No Till (329)",Total,94,"$440,504 ","3,135", 
Tennessee,Total,EQIP IRA,Riparian Forest Buffer (391),2023,,,"3,136",(supp)
Tennessee,Total,EQIP IRA,Riparian Forest Buffer (391),2024,,,"3,137",(supp)
Tennessee,Total,EQIP IRA,Riparian Forest Buffer (391),Total,7,"$7,521 ","3,138", 
Tennessee,Total,EQIP IRA,Roof Runoff Structure (558),2023,,,"3,139",(supp)
Tennessee,Total,EQIP IRA,Roof Runoff Structure (558),2024,,,"3,140",(supp)
Tennessee,Total,EQIP IRA,Roof Runoff Structure (558),Total,,,"3,141",(supp)
Tennessee,Total,EQIP IRA,Sinkhole Treatment (527),2023,,,"3,142",(supp)
Tennessee,Total,EQIP IRA,Sinkhole Treatment (527),Total,,,"3,143",(supp)
Tennessee,Total,EQIP IRA,Spring Development (574),2023,,,"3,144",(supp)
Tennessee,Total,EQIP IRA,Spring Development (574),2024,,,"3,145",(supp)
Tennessee,Total,EQIP IRA,Spring Development (574),Total,,,"3,146",(supp)
Tennessee,Total,EQIP IRA,Stream Crossing (578),2023,,,"3,147",(supp)
Tennessee,Total,EQIP IRA,Stream Crossing (578),2024,,,"3,148",(supp)
Tennessee,Total,EQIP IRA,Stream Crossing (578),Total,10,"$83,598 ","3,149", 
Tennessee,Total,EQIP IRA,Streambank and Shoreline Protection (580),2023,,,"3,150",(supp)
Tennessee,Total,EQIP IRA,Streambank and Shoreline Protection (580),Total,,,"3,151",(supp)
Tennessee,Total,EQIP IRA,Structure for Water Control (587),2023,,,"3,152",(supp)
Tennessee,Total,EQIP IRA,Structure for Water Control (587),2024,,,"3,153",(supp)
Tennessee,Total,EQIP IRA,Structure for Water Control (587),Total,7,"$46,514 ","3,154", 
Tennessee,Total,EQIP IRA,Total,2023,670,"$3,300,319 ","3,155", 
Tennessee,Total,EQIP IRA,Total,2024,690,"$10,843,002 ","3,156", 
Tennessee,Total,EQIP IRA,Total,Total,"1,360","$14,143,321 ","3,157", 
Tennessee,Total,EQIP IRA,Trails and Walkways (575),2023,,,"3,158",(supp)
Tennessee,Total,EQIP IRA,Trails and Walkways (575),2024,,,"3,159",(supp)
Tennessee,Total,EQIP IRA,Trails and Walkways (575),Total,,,"3,160",(supp)
Tennessee,Total,EQIP IRA,Tree/Shrub Establishment (612),2023,,,"3,161",(supp)
Tennessee,Total,EQIP IRA,Tree/Shrub Establishment (612),2024,,,"3,162",(supp)
Tennessee,Total,EQIP IRA,Tree/Shrub Establishment (612),Total,13,"$176,545 ","3,163", 
Tennessee,Total,EQIP IRA,Tree/Shrub Site Preparation (490),2023,,,"3,164",(supp)
Tennessee,Total,EQIP IRA,Tree/Shrub Site Preparation (490),2024,,,"3,165",(supp)
Tennessee,Total,EQIP IRA,Tree/Shrub Site Preparation (490),Total,13,"$8,872 ","3,166", 
Tennessee,Total,EQIP IRA,Underground Outlet (620),2023,,,"3,167",(supp)
Tennessee,Total,EQIP IRA,Underground Outlet (620),2024,,,"3,168",(supp)
Tennessee,Total,EQIP IRA,Underground Outlet (620),Total,4,"$3,263 ","3,169", 
Tennessee,Total,EQIP IRA,Upland Wildlife Habitat Management (645),2023,,,"3,170",(supp)
Tennessee,Total,EQIP IRA,Upland Wildlife Habitat Management (645),Total,,,"3,171",(supp)
Tennessee,Total,EQIP IRA,Water Well (642),2023,10,"$105,643 ","3,172", 
Tennessee,Total,EQIP IRA,Water Well (642),2024,5,"$78,388 ","3,173", 
Tennessee,Total,EQIP IRA,Water Well (642),Total,15,"$184,031 ","3,174", 
Tennessee,Total,EQIP IRA,Watering Facility (614),2023,74,"$122,555 ","3,175", 
Tennessee,Total,EQIP IRA,Watering Facility (614),2024,30,"$90,210 ","3,176", 
Tennessee,Total,EQIP IRA,Watering Facility (614),Total,104,"$212,765 ","3,177", 
Tennessee,Total,EQIP IRA,Wildlife Habitat Planting (420),2023,8,"$14,283 ","3,178", 
Tennessee,Total,EQIP IRA,Wildlife Habitat Planting (420),Total,8,"$14,283 ","3,179", 
Texas,Total,EQIP IRA,Agricultural Energy Assessment (228),2024,,,"3,180",(supp)
Texas,Total,EQIP IRA,Agricultural Energy Assessment (228),Total,,,"3,181",(supp)
Texas,Total,EQIP IRA,Annual Forages for Grazing Systems (810),2024,11,"$115,900 ","3,182", 
Texas,Total,EQIP IRA,Annual Forages for Grazing Systems (810),Total,11,"$115,900 ","3,183", 
Texas,Total,EQIP IRA,Brush Management (314),2023,90,"$1,557,189 ","3,184", 
Texas,Total,EQIP IRA,Brush Management (314),2024,"1,074","$17,147,132 ","3,185", 
Texas,Total,EQIP IRA,Brush Management (314),Total,"1,164","$18,704,321 ","3,186", 
Texas,Total,EQIP IRA,CNMP Design and Implementation Activity (101),2024,,,"3,187",(supp)
Texas,Total,EQIP IRA,CNMP Design and Implementation Activity (101),Total,,,"3,188",(supp)
Texas,Total,EQIP IRA,Combustion System Improvement (372),2024,,,"3,189",(supp)
Texas,Total,EQIP IRA,Combustion System Improvement (372),Total,,,"3,190",(supp)
Texas,Total,EQIP IRA,Conservation Cover (327),2024,47,"$437,652 ","3,191", 
Texas,Total,EQIP IRA,Conservation Cover (327),Total,47,"$437,652 ","3,192", 
Texas,Total,EQIP IRA,Conservation Crop Rotation (328),2024,61,"$287,840 ","3,193", 
Texas,Total,EQIP IRA,Conservation Crop Rotation (328),Total,61,"$287,840 ","3,194", 
Texas,Total,EQIP IRA,Cover Crop (340),2023,57,"$771,122 ","3,195", 
Texas,Total,EQIP IRA,Cover Crop (340),2024,332,"$4,034,690 ","3,196", 
Texas,Total,EQIP IRA,Cover Crop (340),Total,389,"$4,805,812 ","3,197", 
Texas,Total,EQIP IRA,Critical Area Planting (342),2024,74,"$244,521 ","3,198", 
Texas,Total,EQIP IRA,Critical Area Planting (342),Total,74,"$244,521 ","3,199", 
Texas,Total,EQIP IRA,Early Successional Habitat Development-Mgt (647),2024,,,"3,200",(supp)
Texas,Total,EQIP IRA,Early Successional Habitat Development-Mgt (647),Total,,,"3,201",(supp)
Texas,Total,EQIP IRA,Energy Efficient Agricultural Operation (374),2024,38,"$2,207,258 ","3,202", 
Texas,Total,EQIP IRA,Energy Efficient Agricultural Operation (374),Total,38,"$2,207,258 ","3,203", 
Texas,Total,EQIP IRA,Energy Efficient Building Envelope (672),2024,33,"$1,769,110 ","3,204", 
Texas,Total,EQIP IRA,Energy Efficient Building Envelope (672),Total,33,"$1,769,110 ","3,205", 
Texas,Total,EQIP IRA,Energy Efficient Lighting System (670),2024,11,"$39,350 ","3,206", 
Texas,Total,EQIP IRA,Energy Efficient Lighting System (670),Total,11,"$39,350 ","3,207", 
Texas,Total,EQIP IRA,Fence (382),2023,53,"$506,064 ","3,208", 
Texas,Total,EQIP IRA,Fence (382),2024,282,"$2,565,567 ","3,209", 
Texas,Total,EQIP IRA,Fence (382),Total,335,"$3,071,631 ","3,210", 
Texas,Total,EQIP IRA,Firebreak (394),2023,,,"3,211",(supp)
Texas,Total,EQIP IRA,Firebreak (394),2024,,,"3,212",(supp)
Texas,Total,EQIP IRA,Firebreak (394),Total,53,"$169,895 ","3,213", 
Texas,Total,EQIP IRA,Forest Stand Improvement (666),2024,7,"$72,472 ","3,214", 
Texas,Total,EQIP IRA,Forest Stand Improvement (666),Total,7,"$72,472 ","3,215", 
Texas,Total,EQIP IRA,Grade Stabilization Structure (410),2024,,,"3,216",(supp)
Texas,Total,EQIP IRA,Grade Stabilization Structure (410),Total,,,"3,217",(supp)
Texas,Total,EQIP IRA,Grassed Waterway (412),2024,55,"$702,546 ","3,218", 
Texas,Total,EQIP IRA,Grassed Waterway (412),Total,55,"$702,546 ","3,219", 
Texas,Total,EQIP IRA,Grazing Land Mechanical Treatment (548),2024,7,"$26,612 ","3,220", 
Texas,Total,EQIP IRA,Grazing Land Mechanical Treatment (548),Total,7,"$26,612 ","3,221", 
Texas,Total,EQIP IRA,Groundwater Testing (355),2024,,,"3,222",(supp)
Texas,Total,EQIP IRA,Groundwater Testing (355),Total,,,"3,223",(supp)
Texas,Total,EQIP IRA,Heavy Use Area Protection (561),2023,,,"3,224",(supp)
Texas,Total,EQIP IRA,Heavy Use Area Protection (561),2024,,,"3,225",(supp)
Texas,Total,EQIP IRA,Heavy Use Area Protection (561),Total,78,"$62,921 ","3,226", 
Texas,Total,EQIP IRA,Herbaceous Weed Treatment (315),2023,,,"3,227",(supp)
Texas,Total,EQIP IRA,Herbaceous Weed Treatment (315),2024,,,"3,228",(supp)
Texas,Total,EQIP IRA,Herbaceous Weed Treatment (315),Total,424,"$672,826 ","3,229", 
Texas,Total,EQIP IRA,High Tunnel System (325),2024,,,"3,230",(supp)
Texas,Total,EQIP IRA,High Tunnel System (325),Total,,,"3,231",(supp)
Texas,Total,EQIP IRA,Irrigation Pipeline (430),2024,34,"$777,791 ","3,232", 
Texas,Total,EQIP IRA,Irrigation Pipeline (430),Total,34,"$777,791 ","3,233", 
Texas,Total,EQIP IRA,"Irrigation System, Microirrigation (441)",2024,135,"$21,112,688 ","3,234", 
Texas,Total,EQIP IRA,"Irrigation System, Microirrigation (441)",Total,135,"$21,112,688 ","3,235", 
Texas,Total,EQIP IRA,"Irrigation System, Surface and Subsurface (443)",2024,,,"3,236",(supp)
Texas,Total,EQIP IRA,"Irrigation System, Surface and Subsurface (443)",Total,,,"3,237",(supp)
Texas,Total,EQIP IRA,Irrigation Water Management (449),2024,5,"$8,419 ","3,238", 
Texas,Total,EQIP IRA,Irrigation Water Management (449),Total,5,"$8,419 ","3,239", 
Texas,Total,EQIP IRA,Livestock Pipeline (516),2023,13,"$92,708 ","3,240", 
Texas,Total,EQIP IRA,Livestock Pipeline (516),2024,107,"$657,465 ","3,241", 
Texas,Total,EQIP IRA,Livestock Pipeline (516),Total,120,"$750,173 ","3,242", 
Texas,Total,EQIP IRA,Livestock Shelter Structure (576),2024,,,"3,243",(supp)
Texas,Total,EQIP IRA,Livestock Shelter Structure (576),Total,,,"3,244",(supp)
Texas,Total,EQIP IRA,Mulching (484),2024,,,"3,245",(supp)
Texas,Total,EQIP IRA,Mulching (484),Total,,,"3,246",(supp)
Texas,Total,EQIP IRA,Nutrient Management (590),2023,5,"$79,243 ","3,247", 
Texas,Total,EQIP IRA,Nutrient Management (590),2024,38,"$731,309 ","3,248", 
Texas,Total,EQIP IRA,Nutrient Management (590),Total,43,"$810,552 ","3,249", 
Texas,Total,EQIP IRA,Pasture and Hay Planting (512),2023,15,"$132,443 ","3,250", 
Texas,Total,EQIP IRA,Pasture and Hay Planting (512),2024,213,"$2,503,965 ","3,251", 
Texas,Total,EQIP IRA,Pasture and Hay Planting (512),Total,228,"$2,636,408 ","3,252", 
Texas,Total,EQIP IRA,Pest Management Conservation System (595),2024,,,"3,253",(supp)
Texas,Total,EQIP IRA,Pest Management Conservation System (595),Total,,,"3,254",(supp)
Texas,Total,EQIP IRA,Pond (378),2023,,,"3,255",(supp)
Texas,Total,EQIP IRA,Pond (378),2024,,,"3,256",(supp)
Texas,Total,EQIP IRA,Pond (378),Total,21,"$314,778 ","3,257", 
Texas,Total,EQIP IRA,Precision Land Forming and Smoothing (462),2024,,,"3,258",(supp)
Texas,Total,EQIP IRA,Precision Land Forming and Smoothing (462),Total,,,"3,259",(supp)
Texas,Total,EQIP IRA,Prescribed Burning (338),2024,75,"$302,430 ","3,260", 
Texas,Total,EQIP IRA,Prescribed Burning (338),Total,75,"$302,430 ","3,261", 
Texas,Total,EQIP IRA,Prescribed Grazing (528),2023,147,"$2,711,886 ","3,262", 
Texas,Total,EQIP IRA,Prescribed Grazing (528),2024,556,"$2,938,764 ","3,263", 
Texas,Total,EQIP IRA,Prescribed Grazing (528),Total,703,"$5,650,650 ","3,264", 
Texas,Total,EQIP IRA,Pumping Plant (533),2023,12,"$77,382 ","3,265", 
Texas,Total,EQIP IRA,Pumping Plant (533),2024,72,"$409,531 ","3,266", 
Texas,Total,EQIP IRA,Pumping Plant (533),Total,84,"$486,913 ","3,267", 
Texas,Total,EQIP IRA,Range Planting (550),2023,35,"$353,218 ","3,268", 
Texas,Total,EQIP IRA,Range Planting (550),2024,452,"$4,206,987 ","3,269", 
Texas,Total,EQIP IRA,Range Planting (550),Total,487,"$4,560,204 ","3,270", 
Texas,Total,EQIP IRA,"Residue and Tillage Management, No Till (329)",2023,8,"$86,169 ","3,271", 
Texas,Total,EQIP IRA,"Residue and Tillage Management, No Till (329)",2024,47,"$547,214 ","3,272", 
Texas,Total,EQIP IRA,"Residue and Tillage Management, No Till (329)",Total,55,"$633,383 ","3,273", 
Texas,Total,EQIP IRA,"Residue and Tillage Management, Reduced Till (345)",2023,10,"$21,238 ","3,274", 
Texas,Total,EQIP IRA,"Residue and Tillage Management, Reduced Till (345)",2024,91,"$583,091 ","3,275", 
Texas,Total,EQIP IRA,"Residue and Tillage Management, Reduced Till (345)",Total,101,"$604,329 ","3,276", 
Texas,Total,EQIP IRA,Riparian Forest Buffer (391),2024,8,"$34,611 ","3,277", 
Texas,Total,EQIP IRA,Riparian Forest Buffer (391),Total,8,"$34,611 ","3,278", 
Texas,Total,EQIP IRA,Riparian Herbaceous Cover (390),2024,,,"3,279",(supp)
Texas,Total,EQIP IRA,Riparian Herbaceous Cover (390),Total,,,"3,280",(supp)
Texas,Total,EQIP IRA,Roof Runoff Structure (558),2023,,,"3,281",(supp)
Texas,Total,EQIP IRA,Roof Runoff Structure (558),2024,,,"3,282",(supp)
Texas,Total,EQIP IRA,Roof Runoff Structure (558),Total,,,"3,283",(supp)
Texas,Total,EQIP IRA,Roofs and Covers (367),2024,,,"3,284",(supp)
Texas,Total,EQIP IRA,Roofs and Covers (367),Total,,,"3,285",(supp)
Texas,Total,EQIP IRA,Soil and Source Testing for Nutrient Management (217),2024,,,"3,286",(supp)
Texas,Total,EQIP IRA,Soil and Source Testing for Nutrient Management (217),Total,,,"3,287",(supp)
Texas,Total,EQIP IRA,Soil Carbon Amendment (336),2024,,,"3,288",(supp)
Texas,Total,EQIP IRA,Soil Carbon Amendment (336),Total,,,"3,289",(supp)
Texas,Total,EQIP IRA,Sprinkler System (442),2024,374,"$22,579,919 ","3,290", 
Texas,Total,EQIP IRA,Sprinkler System (442),Total,374,"$22,579,919 ","3,291", 
Texas,Total,EQIP IRA,Structure for Water Control (587),2024,184,"$195,777 ","3,292", 
Texas,Total,EQIP IRA,Structure for Water Control (587),Total,184,"$195,777 ","3,293", 
Texas,Total,EQIP IRA,Structures for Wildlife (649),2024,,,"3,294",(supp)
Texas,Total,EQIP IRA,Structures for Wildlife (649),Total,,,"3,295",(supp)
Texas,Total,EQIP IRA,Terrace (600),2024,5,"$77,622 ","3,296", 
Texas,Total,EQIP IRA,Terrace (600),Total,5,"$77,622 ","3,297", 
Texas,Total,EQIP IRA,Total,2023,753,"$12,398,767 ","3,298", 
Texas,Total,EQIP IRA,Total,2024,"6,198","$102,507,871 ","3,299", 
Texas,Total,EQIP IRA,Total,Total,"6,951","$114,906,638 ","3,300", 
Texas,Total,EQIP IRA,Tree/Shrub Establishment (612),2024,167,"$5,769,543 ","3,301", 
Texas,Total,EQIP IRA,Tree/Shrub Establishment (612),Total,167,"$5,769,543 ","3,302", 
Texas,Total,EQIP IRA,Tree/Shrub Site Preparation (490),2024,165,"$1,884,752 ","3,303", 
Texas,Total,EQIP IRA,Tree/Shrub Site Preparation (490),Total,165,"$1,884,752 ","3,304", 
Texas,Total,EQIP IRA,Underground Outlet (620),2023,,,"3,305",(supp)
Texas,Total,EQIP IRA,Underground Outlet (620),2024,,,"3,306",(supp)
Texas,Total,EQIP IRA,Underground Outlet (620),Total,,,"3,307",(supp)
Texas,Total,EQIP IRA,Upland Wildlife Habitat Management (645),2023,246,"$5,591,401 ","3,308", 
Texas,Total,EQIP IRA,Upland Wildlife Habitat Management (645),2024,42,"$449,827 ","3,309", 
Texas,Total,EQIP IRA,Upland Wildlife Habitat Management (645),Total,288,"$6,041,229 ","3,310", 
Texas,Total,EQIP IRA,Waste Storage Facility (313),2024,,,"3,311",(supp)
Texas,Total,EQIP IRA,Waste Storage Facility (313),Total,,,"3,312",(supp)
Texas,Total,EQIP IRA,Waste Transfer (634),2024,,,"3,313",(supp)
Texas,Total,EQIP IRA,Waste Transfer (634),Total,,,"3,314",(supp)
Texas,Total,EQIP IRA,Water Well (642),2023,6,"$74,041 ","3,315", 
Texas,Total,EQIP IRA,Water Well (642),2024,52,"$840,619 ","3,316", 
Texas,Total,EQIP IRA,Water Well (642),Total,58,"$914,660 ","3,317", 
Texas,Total,EQIP IRA,Watering Facility (614),2023,43,"$174,129 ","3,318", 
Texas,Total,EQIP IRA,Watering Facility (614),2024,162,"$543,323 ","3,319", 
Texas,Total,EQIP IRA,Watering Facility (614),Total,205,"$717,452 ","3,320", 
Texas,Total,EQIP IRA,Well Decommissioning (351),2023,,,"3,321",(supp)
Texas,Total,EQIP IRA,Well Decommissioning (351),2024,5,"$14,339 ","3,322", 
Texas,Total,EQIP IRA,Well Decommissioning (351),Total,,,"3,323",(supp)
Texas,Total,EQIP IRA,Wildlife Habitat Planting (420),2023,5,"$103,288 ","3,324", 
Texas,Total,EQIP IRA,Wildlife Habitat Planting (420),2024,43,"$419,170 ","3,325", 
Texas,Total,EQIP IRA,Wildlife Habitat Planting (420),Total,48,"$522,458 ","3,326", 
Texas,Total,EQIP IRA,Windbreak/Shelterbelt Establishment and Renovation (380),2024,,,"3,327",(supp)
Texas,Total,EQIP IRA,Windbreak/Shelterbelt Establishment and Renovation (380),Total,,,"3,328",(supp)
Texas,Total,EQIP IRA,Woody Residue Treatment (384),2024,520,"$3,329,091 ","3,329", 
Texas,Total,EQIP IRA,Woody Residue Treatment (384),Total,520,"$3,329,091 ","3,330", 
U.S. Virgin Islands,Total,EQIP IRA,Conservation Crop Rotation (328),2023,,,"3,331",(supp)
U.S. Virgin Islands,Total,EQIP IRA,Conservation Crop Rotation (328),Total,,,"3,332",(supp)
U.S. Virgin Islands,Total,EQIP IRA,Cover Crop (340),2023,,,"3,333",(supp)
U.S. Virgin Islands,Total,EQIP IRA,Cover Crop (340),Total,,,"3,334",(supp)
U.S. Virgin Islands,Total,EQIP IRA,Irrigation Pipeline (430),2023,,,"3,335",(supp)
U.S. Virgin Islands,Total,EQIP IRA,Irrigation Pipeline (430),Total,,,"3,336",(supp)
U.S. Virgin Islands,Total,EQIP IRA,"Irrigation System, Microirrigation (441)",2023,,,"3,337",(supp)
U.S. Virgin Islands,Total,EQIP IRA,"Irrigation System, Microirrigation (441)",Total,,,"3,338",(supp)
U.S. Virgin Islands,Total,EQIP IRA,Irrigation Water Management (449),2023,,,"3,339",(supp)
U.S. Virgin Islands,Total,EQIP IRA,Irrigation Water Management (449),Total,,,"3,340",(supp)
U.S. Virgin Islands,Total,EQIP IRA,Mulching (484),2023,,,"3,341",(supp)
U.S. Virgin Islands,Total,EQIP IRA,Mulching (484),Total,,,"3,342",(supp)
U.S. Virgin Islands,Total,EQIP IRA,Nutrient Management (590),2023,,,"3,343",(supp)
U.S. Virgin Islands,Total,EQIP IRA,Nutrient Management (590),Total,,,"3,344",(supp)
U.S. Virgin Islands,Total,EQIP IRA,Pumping Plant (533),2023,,,"3,345",(supp)
U.S. Virgin Islands,Total,EQIP IRA,Pumping Plant (533),Total,,,"3,346",(supp)
U.S. Virgin Islands,Total,EQIP IRA,"Residue and Tillage Management, Reduced Till (345)",2023,,,"3,347",(supp)
U.S. Virgin Islands,Total,EQIP IRA,"Residue and Tillage Management, Reduced Till (345)",Total,,,"3,348",(supp)
U.S. Virgin Islands,Total,EQIP IRA,Total,2023,,,"3,349",(supp)
U.S. Virgin Islands,Total,EQIP IRA,Total,Total,,,"3,350",(supp)
U.S. Virgin Islands,Total,EQIP IRA,Tree-Shrub Pruning (660),2023,,,"3,351",(supp)
U.S. Virgin Islands,Total,EQIP IRA,Tree-Shrub Pruning (660),Total,,,"3,352",(supp)
U.S. Virgin Islands,Total,EQIP IRA,Water Well (642),2023,,,"3,353",(supp)
U.S. Virgin Islands,Total,EQIP IRA,Water Well (642),Total,,,"3,354",(supp)
Utah,Total,EQIP IRA,Brush Management (314),2023,10,"$210,177 ","3,355", 
Utah,Total,EQIP IRA,Brush Management (314),Total,10,"$210,177 ","3,356", 
Utah,Total,EQIP IRA,Conservation Cover (327),2023,,,"3,357",(supp)
Utah,Total,EQIP IRA,Conservation Cover (327),Total,,,"3,358",(supp)
Utah,Total,EQIP IRA,Conservation Crop Rotation (328),2023,4,"$28,087 ","3,359", 
Utah,Total,EQIP IRA,Conservation Crop Rotation (328),Total,4,"$28,087 ","3,360", 
Utah,Total,EQIP IRA,Cover Crop (340),2023,50,"$155,267 ","3,361", 
Utah,Total,EQIP IRA,Cover Crop (340),Total,50,"$155,267 ","3,362", 
Utah,Total,EQIP IRA,Fence (382),2023,33,"$160,557 ","3,363", 
Utah,Total,EQIP IRA,Fence (382),Total,33,"$160,557 ","3,364", 
Utah,Total,EQIP IRA,Hedgerow Planting (422),2023,,,"3,365",(supp)
Utah,Total,EQIP IRA,Hedgerow Planting (422),Total,,,"3,366",(supp)
Utah,Total,EQIP IRA,Herbaceous Weed Treatment (315),2023,6,"$6,854 ","3,367", 
Utah,Total,EQIP IRA,Herbaceous Weed Treatment (315),Total,6,"$6,854 ","3,368", 
Utah,Total,EQIP IRA,"Irrigation System, Microirrigation (441)",2023,,,"3,369",(supp)
Utah,Total,EQIP IRA,"Irrigation System, Microirrigation (441)",Total,,,"3,370",(supp)
Utah,Total,EQIP IRA,Livestock Pipeline (516),2023,23,"$195,640 ","3,371", 
Utah,Total,EQIP IRA,Livestock Pipeline (516),Total,23,"$195,640 ","3,372", 
Utah,Total,EQIP IRA,Livestock Shelter Structure (576),2023,,,"3,373",(supp)
Utah,Total,EQIP IRA,Livestock Shelter Structure (576),Total,,,"3,374",(supp)
Utah,Total,EQIP IRA,Mulching (484),2023,,,"3,375",(supp)
Utah,Total,EQIP IRA,Mulching (484),Total,,,"3,376",(supp)
Utah,Total,EQIP IRA,Nutrient Management (590),2023,8,"$19,815 ","3,377", 
Utah,Total,EQIP IRA,Nutrient Management (590),Total,8,"$19,815 ","3,378", 
Utah,Total,EQIP IRA,Pasture and Hay Planting (512),2023,19,"$70,209 ","3,379", 
Utah,Total,EQIP IRA,Pasture and Hay Planting (512),Total,19,"$70,209 ","3,380", 
Utah,Total,EQIP IRA,Pond (378),2023,,,"3,381",(supp)
Utah,Total,EQIP IRA,Pond (378),Total,,,"3,382",(supp)
Utah,Total,EQIP IRA,"Pond Sealing or Lining, Geomembrane or Geosynthetic Clay Liner (521)",2023,,,"3,383",(supp)
Utah,Total,EQIP IRA,"Pond Sealing or Lining, Geomembrane or Geosynthetic Clay Liner (521)",Total,,,"3,384",(supp)
Utah,Total,EQIP IRA,Prescribed Grazing (528),2023,36,"$58,996 ","3,385", 
Utah,Total,EQIP IRA,Prescribed Grazing (528),Total,36,"$58,996 ","3,386", 
Utah,Total,EQIP IRA,Pumping Plant (533),2023,6,"$45,391 ","3,387", 
Utah,Total,EQIP IRA,Pumping Plant (533),Total,6,"$45,391 ","3,388", 
Utah,Total,EQIP IRA,Range Planting (550),2023,19,"$324,798 ","3,389", 
Utah,Total,EQIP IRA,Range Planting (550),Total,19,"$324,798 ","3,390", 
Utah,Total,EQIP IRA,"Residue and Tillage Management, No Till (329)",2023,14,"$49,519 ","3,391", 
Utah,Total,EQIP IRA,"Residue and Tillage Management, No Till (329)",Total,14,"$49,519 ","3,392", 
Utah,Total,EQIP IRA,Soil Health Testing (216),2023,5,"$3,589 ","3,393", 
Utah,Total,EQIP IRA,Soil Health Testing (216),Total,5,"$3,589 ","3,394", 
Utah,Total,EQIP IRA,Spring Development (574),2023,,,"3,395",(supp)
Utah,Total,EQIP IRA,Spring Development (574),Total,,,"3,396",(supp)
Utah,Total,EQIP IRA,Structure for Water Control (587),2023,,,"3,397",(supp)
Utah,Total,EQIP IRA,Structure for Water Control (587),Total,,,"3,398",(supp)
Utah,Total,EQIP IRA,Structures for Wildlife (649),2023,,,"3,399",(supp)
Utah,Total,EQIP IRA,Structures for Wildlife (649),Total,,,"3,400",(supp)
Utah,Total,EQIP IRA,Total,2023,290,"$1,613,195 ","3,401", 
Utah,Total,EQIP IRA,Total,Total,290,"$1,613,195 ","3,402", 
Utah,Total,EQIP IRA,Tree/Shrub Establishment (612),2023,4,"$3,831 ","3,403", 
Utah,Total,EQIP IRA,Tree/Shrub Establishment (612),Total,4,"$3,831 ","3,404", 
Utah,Total,EQIP IRA,Upland Wildlife Habitat Management (645),2023,5,"$27,302 ","3,405", 
Utah,Total,EQIP IRA,Upland Wildlife Habitat Management (645),Total,5,"$27,302 ","3,406", 
Utah,Total,EQIP IRA,Water Well (642),2023,,,"3,407",(supp)
Utah,Total,EQIP IRA,Water Well (642),Total,,,"3,408",(supp)
Utah,Total,EQIP IRA,Watering Facility (614),2023,32,"$86,319 ","3,409", 
Utah,Total,EQIP IRA,Watering Facility (614),Total,32,"$86,319 ","3,410", 
Utah,Total,EQIP IRA,Wildlife Habitat Planting (420),2023,,,"3,411",(supp)
Utah,Total,EQIP IRA,Wildlife Habitat Planting (420),Total,,,"3,412",(supp)
Utah,Total,EQIP IRA,Windbreak/Shelterbelt Establishment and Renovation (380),2023,,,"3,413",(supp)
Utah,Total,EQIP IRA,Windbreak/Shelterbelt Establishment and Renovation (380),Total,,,"3,414",(supp)
Vermont,Total,EQIP IRA,Anaerobic Digester (366),2023,,,"3,415",(supp)
Vermont,Total,EQIP IRA,Anaerobic Digester (366),Total,,,"3,416",(supp)
Vermont,Total,EQIP IRA,Total,2023,,,"3,417",(supp)
Vermont,Total,EQIP IRA,Total,Total,,,"3,418",(supp)
Virginia,Total,EQIP IRA,Access Control (472),2023,48,"$23,675 ","3,419", 
Virginia,Total,EQIP IRA,Access Control (472),2024,11,$177 ,"3,420", 
Virginia,Total,EQIP IRA,Access Control (472),Total,59,"$23,852 ","3,421", 
Virginia,Total,EQIP IRA,Brush Management (314),2023,50,"$112,837 ","3,422", 
Virginia,Total,EQIP IRA,Brush Management (314),2024,11,"$41,393 ","3,423", 
Virginia,Total,EQIP IRA,Brush Management (314),Total,61,"$154,230 ","3,424", 
Virginia,Total,EQIP IRA,Conservation Cover (327),2023,,,"3,425",(supp)
Virginia,Total,EQIP IRA,Conservation Cover (327),Total,,,"3,426",(supp)
Virginia,Total,EQIP IRA,Conservation Crop Rotation (328),2023,,,"3,427",(supp)
Virginia,Total,EQIP IRA,Conservation Crop Rotation (328),2024,,,"3,428",(supp)
Virginia,Total,EQIP IRA,Conservation Crop Rotation (328),Total,15,"$37,167 ","3,429", 
Virginia,Total,EQIP IRA,Cover Crop (340),2023,9,"$26,548 ","3,430", 
Virginia,Total,EQIP IRA,Cover Crop (340),2024,9,"$49,305 ","3,431", 
Virginia,Total,EQIP IRA,Cover Crop (340),Total,18,"$75,853 ","3,432", 
Virginia,Total,EQIP IRA,Critical Area Planting (342),2023,,,"3,433",(supp)
Virginia,Total,EQIP IRA,Critical Area Planting (342),2024,,,"3,434",(supp)
Virginia,Total,EQIP IRA,Critical Area Planting (342),Total,8,"$4,942 ","3,435", 
Virginia,Total,EQIP IRA,Early Successional Habitat Development-Mgt (647),2023,,,"3,436",(supp)
Virginia,Total,EQIP IRA,Early Successional Habitat Development-Mgt (647),2024,,,"3,437",(supp)
Virginia,Total,EQIP IRA,Early Successional Habitat Development-Mgt (647),Total,10,"$3,908 ","3,438", 
Virginia,Total,EQIP IRA,Fence (382),2023,106,"$618,740 ","3,439", 
Virginia,Total,EQIP IRA,Fence (382),2024,28,"$107,850 ","3,440", 
Virginia,Total,EQIP IRA,Fence (382),Total,134,"$726,590 ","3,441", 
Virginia,Total,EQIP IRA,Firebreak (394),2023,6,"$13,740 ","3,442", 
Virginia,Total,EQIP IRA,Firebreak (394),Total,6,"$13,740 ","3,443", 
Virginia,Total,EQIP IRA,Forest Stand Improvement (666),2023,30,"$420,112 ","3,444", 
Virginia,Total,EQIP IRA,Forest Stand Improvement (666),Total,30,"$420,112 ","3,445", 
Virginia,Total,EQIP IRA,Heavy Use Area Protection (561),2023,28,"$82,016 ","3,446", 
Virginia,Total,EQIP IRA,Heavy Use Area Protection (561),2024,18,"$33,594 ","3,447", 
Virginia,Total,EQIP IRA,Heavy Use Area Protection (561),Total,46,"$115,610 ","3,448", 
Virginia,Total,EQIP IRA,Herbaceous Weed Treatment (315),2023,44,"$47,441 ","3,449", 
Virginia,Total,EQIP IRA,Herbaceous Weed Treatment (315),2024,29,"$37,215 ","3,450", 
Virginia,Total,EQIP IRA,Herbaceous Weed Treatment (315),Total,73,"$84,656 ","3,451", 
Virginia,Total,EQIP IRA,Livestock Pipeline (516),2023,32,"$247,568 ","3,452", 
Virginia,Total,EQIP IRA,Livestock Pipeline (516),2024,22,"$76,971 ","3,453", 
Virginia,Total,EQIP IRA,Livestock Pipeline (516),Total,54,"$324,539 ","3,454", 
Virginia,Total,EQIP IRA,Mulching (484),2023,,,"3,455",(supp)
Virginia,Total,EQIP IRA,Mulching (484),Total,,,"3,456",(supp)
Virginia,Total,EQIP IRA,Nutrient Management (590),2023,7,"$1,708 ","3,457", 
Virginia,Total,EQIP IRA,Nutrient Management (590),2024,10,"$51,176 ","3,458", 
Virginia,Total,EQIP IRA,Nutrient Management (590),Total,17,"$52,884 ","3,459", 
Virginia,Total,EQIP IRA,Pasture and Hay Planting (512),2023,33,"$307,915 ","3,460", 
Virginia,Total,EQIP IRA,Pasture and Hay Planting (512),2024,41,"$160,837 ","3,461", 
Virginia,Total,EQIP IRA,Pasture and Hay Planting (512),Total,74,"$468,752 ","3,462", 
Virginia,Total,EQIP IRA,Prescribed Burning (338),2023,6,"$3,137 ","3,463", 
Virginia,Total,EQIP IRA,Prescribed Burning (338),Total,6,"$3,137 ","3,464", 
Virginia,Total,EQIP IRA,Prescribed Grazing (528),2023,46,"$116,205 ","3,465", 
Virginia,Total,EQIP IRA,Prescribed Grazing (528),2024,41,"$55,327 ","3,466", 
Virginia,Total,EQIP IRA,Prescribed Grazing (528),Total,87,"$171,532 ","3,467", 
Virginia,Total,EQIP IRA,Pumping Plant (533),2023,17,"$73,863 ","3,468", 
Virginia,Total,EQIP IRA,Pumping Plant (533),2024,7,"$32,826 ","3,469", 
Virginia,Total,EQIP IRA,Pumping Plant (533),Total,24,"$106,689 ","3,470", 
Virginia,Total,EQIP IRA,"Residue and Tillage Management, No Till (329)",2023,,,"3,471",(supp)
Virginia,Total,EQIP IRA,"Residue and Tillage Management, No Till (329)",2024,,,"3,472",(supp)
Virginia,Total,EQIP IRA,"Residue and Tillage Management, No Till (329)",Total,9,"$25,281 ","3,473", 
Virginia,Total,EQIP IRA,"Residue and Tillage Management, Reduced Till (345)",2023,,,"3,474",(supp)
Virginia,Total,EQIP IRA,"Residue and Tillage Management, Reduced Till (345)",2024,,,"3,475",(supp)
Virginia,Total,EQIP IRA,"Residue and Tillage Management, Reduced Till (345)",Total,9,"$41,112 ","3,476", 
Virginia,Total,EQIP IRA,Riparian Forest Buffer (391),2023,15,"$40,323 ","3,477", 
Virginia,Total,EQIP IRA,Riparian Forest Buffer (391),Total,15,"$40,323 ","3,478", 
Virginia,Total,EQIP IRA,Roof Runoff Structure (558),2023,,,"3,479",(supp)
Virginia,Total,EQIP IRA,Roof Runoff Structure (558),Total,,,"3,480",(supp)
Virginia,Total,EQIP IRA,Soil Carbon Amendment (336),2024,,,"3,481",(supp)
Virginia,Total,EQIP IRA,Soil Carbon Amendment (336),Total,,,"3,482",(supp)
Virginia,Total,EQIP IRA,Stream Crossing (578),2023,6,"$25,324 ","3,483", 
Virginia,Total,EQIP IRA,Stream Crossing (578),Total,6,"$25,324 ","3,484", 
Virginia,Total,EQIP IRA,Structures for Wildlife (649),2023,,,"3,485",(supp)
Virginia,Total,EQIP IRA,Structures for Wildlife (649),Total,,,"3,486",(supp)
Virginia,Total,EQIP IRA,Total,2023,603,"$2,639,043 ","3,487", 
Virginia,Total,EQIP IRA,Total,2024,299,"$932,264 ","3,488", 
Virginia,Total,EQIP IRA,Total,Total,902,"$3,571,308 ","3,489", 
Virginia,Total,EQIP IRA,Trails and Walkways (575),2023,4,"$38,082 ","3,490", 
Virginia,Total,EQIP IRA,Trails and Walkways (575),2024,4,"$19,257 ","3,491", 
Virginia,Total,EQIP IRA,Trails and Walkways (575),Total,8,"$57,339 ","3,492", 
Virginia,Total,EQIP IRA,Tree/Shrub Establishment (612),2023,15,"$53,475 ","3,493", 
Virginia,Total,EQIP IRA,Tree/Shrub Establishment (612),Total,15,"$53,475 ","3,494", 
Virginia,Total,EQIP IRA,Tree/Shrub Site Preparation (490),2023,16,"$4,792 ","3,495", 
Virginia,Total,EQIP IRA,Tree/Shrub Site Preparation (490),2024,4,$207 ,"3,496", 
Virginia,Total,EQIP IRA,Tree/Shrub Site Preparation (490),Total,20,"$4,999 ","3,497", 
Virginia,Total,EQIP IRA,Underground Outlet (620),2023,,,"3,498",(supp)
Virginia,Total,EQIP IRA,Underground Outlet (620),Total,,,"3,499",(supp)
Virginia,Total,EQIP IRA,Upland Wildlife Habitat Management (645),2023,,,"3,500",(supp)
Virginia,Total,EQIP IRA,Upland Wildlife Habitat Management (645),Total,,,"3,501",(supp)
Virginia,Total,EQIP IRA,Water Well (642),2023,12,"$145,974 ","3,502", 
Virginia,Total,EQIP IRA,Water Well (642),2024,5,"$74,998 ","3,503", 
Virginia,Total,EQIP IRA,Water Well (642),Total,17,"$220,972 ","3,504", 
Virginia,Total,EQIP IRA,Watering Facility (614),2023,29,"$184,122 ","3,505", 
Virginia,Total,EQIP IRA,Watering Facility (614),2024,24,"$94,445 ","3,506", 
Virginia,Total,EQIP IRA,Watering Facility (614),Total,53,"$278,567 ","3,507", 
Virginia,Total,EQIP IRA,Wildlife Habitat Planting (420),2023,,,"3,508",(supp)
Virginia,Total,EQIP IRA,Wildlife Habitat Planting (420),2024,,,"3,509",(supp)
Virginia,Total,EQIP IRA,Wildlife Habitat Planting (420),Total,9,"$18,535 ","3,510", 
Virginia,Total,EQIP IRA,Windbreak/Shelterbelt Establishment and Renovation (380),2024,4,"$6,330 ","3,511", 
Virginia,Total,EQIP IRA,Windbreak/Shelterbelt Establishment and Renovation (380),Total,4,"$6,330 ","3,512", 
Washington,Total,EQIP IRA,Amending Soil Properties with Lime (805),2024,,,"3,513",(supp)
Washington,Total,EQIP IRA,Amending Soil Properties with Lime (805),Total,,,"3,514",(supp)
Washington,Total,EQIP IRA,Brush Management (314),2023,13,"$14,035 ","3,515", 
Washington,Total,EQIP IRA,Brush Management (314),Total,13,"$14,035 ","3,516", 
Washington,Total,EQIP IRA,Conservation Cover (327),2024,,,"3,517",(supp)
Washington,Total,EQIP IRA,Conservation Cover (327),Total,,,"3,518",(supp)
Washington,Total,EQIP IRA,Conservation Crop Rotation (328),2023,,,"3,519",(supp)
Washington,Total,EQIP IRA,Conservation Crop Rotation (328),2024,,,"3,520",(supp)
Washington,Total,EQIP IRA,Conservation Crop Rotation (328),Total,15,"$283,607 ","3,521", 
Washington,Total,EQIP IRA,Cover Crop (340),2023,,,"3,522",(supp)
Washington,Total,EQIP IRA,Cover Crop (340),2024,,,"3,523",(supp)
Washington,Total,EQIP IRA,Cover Crop (340),Total,14,"$319,133 ","3,524", 
Washington,Total,EQIP IRA,Energy Efficient Agricultural Operation (374),2023,5,"$87,308 ","3,525", 
Washington,Total,EQIP IRA,Energy Efficient Agricultural Operation (374),Total,5,"$87,308 ","3,526", 
Washington,Total,EQIP IRA,Energy Efficient Building Envelope (672),2023,,,"3,527",(supp)
Washington,Total,EQIP IRA,Energy Efficient Building Envelope (672),Total,,,"3,528",(supp)
Washington,Total,EQIP IRA,Energy Efficient Lighting System (670),2023,,,"3,529",(supp)
Washington,Total,EQIP IRA,Energy Efficient Lighting System (670),Total,,,"3,530",(supp)
Washington,Total,EQIP IRA,Fence (382),2023,13,"$96,576 ","3,531", 
Washington,Total,EQIP IRA,Fence (382),Total,13,"$96,576 ","3,532", 
Washington,Total,EQIP IRA,Field Border (386),2023,,,"3,533",(supp)
Washington,Total,EQIP IRA,Field Border (386),2024,,,"3,534",(supp)
Washington,Total,EQIP IRA,Field Border (386),Total,,,"3,535",(supp)
Washington,Total,EQIP IRA,Forest Stand Improvement (666),2023,96,"$1,217,221 ","3,536", 
Washington,Total,EQIP IRA,Forest Stand Improvement (666),2024,11,"$459,410 ","3,537", 
Washington,Total,EQIP IRA,Forest Stand Improvement (666),Total,107,"$1,676,631 ","3,538", 
Washington,Total,EQIP IRA,Heavy Use Area Protection (561),2023,5,"$21,594 ","3,539", 
Washington,Total,EQIP IRA,Heavy Use Area Protection (561),Total,5,"$21,594 ","3,540", 
Washington,Total,EQIP IRA,Herbaceous Weed Treatment (315),2023,11,"$85,886 ","3,541", 
Washington,Total,EQIP IRA,Herbaceous Weed Treatment (315),Total,11,"$85,886 ","3,542", 
Washington,Total,EQIP IRA,Livestock Pipeline (516),2023,,,"3,543",(supp)
Washington,Total,EQIP IRA,Livestock Pipeline (516),Total,,,"3,544",(supp)
Washington,Total,EQIP IRA,Nutrient Management (590),2023,17,"$216,406 ","3,545", 
Washington,Total,EQIP IRA,Nutrient Management (590),2024,18,"$684,411 ","3,546", 
Washington,Total,EQIP IRA,Nutrient Management (590),Total,35,"$900,817 ","3,547", 
Washington,Total,EQIP IRA,Pasture and Hay Planting (512),2023,,,"3,548",(supp)
Washington,Total,EQIP IRA,Pasture and Hay Planting (512),2024,,,"3,549",(supp)
Washington,Total,EQIP IRA,Pasture and Hay Planting (512),Total,4,"$9,113 ","3,550", 
Washington,Total,EQIP IRA,Pest Management Conservation System (595),2023,4,"$76,368 ","3,551", 
Washington,Total,EQIP IRA,Pest Management Conservation System (595),2024,9,"$288,285 ","3,552", 
Washington,Total,EQIP IRA,Pest Management Conservation System (595),Total,13,"$364,653 ","3,553", 
Washington,Total,EQIP IRA,Prescribed Grazing (528),2023,27,"$184,139 ","3,554", 
Washington,Total,EQIP IRA,Prescribed Grazing (528),Total,27,"$184,139 ","3,555", 
Washington,Total,EQIP IRA,Pumping Plant (533),2023,6,"$59,760 ","3,556", 
Washington,Total,EQIP IRA,Pumping Plant (533),Total,6,"$59,760 ","3,557", 
Washington,Total,EQIP IRA,Range Planting (550),2023,,,"3,558",(supp)
Washington,Total,EQIP IRA,Range Planting (550),2024,,,"3,559",(supp)
Washington,Total,EQIP IRA,Range Planting (550),Total,,,"3,560",(supp)
Washington,Total,EQIP IRA,"Residue and Tillage Management, No Till (329)",2024,6,"$171,437 ","3,561", 
Washington,Total,EQIP IRA,"Residue and Tillage Management, No Till (329)",Total,6,"$171,437 ","3,562", 
Washington,Total,EQIP IRA,"Residue and Tillage Management, Reduced Till (345)",2023,19,"$1,193,223 ","3,563", 
Washington,Total,EQIP IRA,"Residue and Tillage Management, Reduced Till (345)",2024,12,"$440,097 ","3,564", 
Washington,Total,EQIP IRA,"Residue and Tillage Management, Reduced Till (345)",Total,31,"$1,633,320 ","3,565", 
Washington,Total,EQIP IRA,Riparian Forest Buffer (391),2023,,,"3,566",(supp)
Washington,Total,EQIP IRA,Riparian Forest Buffer (391),Total,,,"3,567",(supp)
Washington,Total,EQIP IRA,Roofs and Covers (367),2023,,,"3,568",(supp)
Washington,Total,EQIP IRA,Roofs and Covers (367),Total,,,"3,569",(supp)
Washington,Total,EQIP IRA,Structures for Wildlife (649),2023,6,"$31,204 ","3,570", 
Washington,Total,EQIP IRA,Structures for Wildlife (649),2024,7,"$8,391 ","3,571", 
Washington,Total,EQIP IRA,Structures for Wildlife (649),Total,13,"$39,595 ","3,572", 
Washington,Total,EQIP IRA,Total,2023,416,"$4,224,399 ","3,573", 
Washington,Total,EQIP IRA,Total,2024,117,"$2,730,912 ","3,574", 
Washington,Total,EQIP IRA,Total,Total,533,"$6,955,311 ","3,575", 
Washington,Total,EQIP IRA,Tree-Shrub Pruning (660),2023,55,"$189,426 ","3,576", 
Washington,Total,EQIP IRA,Tree-Shrub Pruning (660),2024,9,"$52,973 ","3,577", 
Washington,Total,EQIP IRA,Tree-Shrub Pruning (660),Total,64,"$242,399 ","3,578", 
Washington,Total,EQIP IRA,Tree/Shrub Establishment (612),2023,,,"3,579",(supp)
Washington,Total,EQIP IRA,Tree/Shrub Establishment (612),2024,,,"3,580",(supp)
Washington,Total,EQIP IRA,Tree/Shrub Establishment (612),Total,13,"$57,771 ","3,581", 
Washington,Total,EQIP IRA,Tree/Shrub Site Preparation (490),2023,,,"3,582",(supp)
Washington,Total,EQIP IRA,Tree/Shrub Site Preparation (490),2024,,,"3,583",(supp)
Washington,Total,EQIP IRA,Tree/Shrub Site Preparation (490),Total,19,"$132,488 ","3,584", 
Washington,Total,EQIP IRA,Upland Wildlife Habitat Management (645),2023,12,"$2,722 ","3,585", 
Washington,Total,EQIP IRA,Upland Wildlife Habitat Management (645),2024,4,$656 ,"3,586", 
Washington,Total,EQIP IRA,Upland Wildlife Habitat Management (645),Total,16,"$3,378 ","3,587", 
Washington,Total,EQIP IRA,Waste Separation Facility (632),2023,,,"3,588",(supp)
Washington,Total,EQIP IRA,Waste Separation Facility (632),Total,,,"3,589",(supp)
Washington,Total,EQIP IRA,Waste Storage Facility (313),2023,,,"3,590",(supp)
Washington,Total,EQIP IRA,Waste Storage Facility (313),Total,,,"3,591",(supp)
Washington,Total,EQIP IRA,Waste Transfer (634),2023,,,"3,592",(supp)
Washington,Total,EQIP IRA,Waste Transfer (634),Total,,,"3,593",(supp)
Washington,Total,EQIP IRA,Watering Facility (614),2023,4,"$11,955 ","3,594", 
Washington,Total,EQIP IRA,Watering Facility (614),Total,4,"$11,955 ","3,595", 
Washington,Total,EQIP IRA,Wildlife Habitat Planting (420),2023,,,"3,596",(supp)
Washington,Total,EQIP IRA,Wildlife Habitat Planting (420),2024,,,"3,597",(supp)
Washington,Total,EQIP IRA,Wildlife Habitat Planting (420),Total,,,"3,598",(supp)
Washington,Total,EQIP IRA,Woody Residue Treatment (384),2023,66,"$129,724 ","3,599", 
Washington,Total,EQIP IRA,Woody Residue Treatment (384),2024,5,"$20,320 ","3,600", 
Washington,Total,EQIP IRA,Woody Residue Treatment (384),Total,71,"$150,044 ","3,601", 
West Virginia,Total,EQIP IRA,Access Control (472),2023,5,$894 ,"3,602", 
West Virginia,Total,EQIP IRA,Access Control (472),2024,9,$211 ,"3,603", 
West Virginia,Total,EQIP IRA,Access Control (472),Total,14,"$1,105 ","3,604", 
West Virginia,Total,EQIP IRA,Access Road (560),2024,,,"3,605",(supp)
West Virginia,Total,EQIP IRA,Access Road (560),Total,,,"3,606",(supp)
West Virginia,Total,EQIP IRA,Agricultural Energy Assessment (228),2023,,,"3,607",(supp)
West Virginia,Total,EQIP IRA,Agricultural Energy Assessment (228),2024,,,"3,608",(supp)
West Virginia,Total,EQIP IRA,Agricultural Energy Assessment (228),Total,,,"3,609",(supp)
West Virginia,Total,EQIP IRA,Agricultural Energy Design (120),2023,6,"$25,371 ","3,610", 
West Virginia,Total,EQIP IRA,Agricultural Energy Design (120),2024,,,"3,611",(supp)
West Virginia,Total,EQIP IRA,Agricultural Energy Design (120),Total,,,"3,612",(supp)
West Virginia,Total,EQIP IRA,Amending Soil Properties with Lime (805),2024,92,"$29,461 ","3,613", 
West Virginia,Total,EQIP IRA,Amending Soil Properties with Lime (805),Total,92,"$29,461 ","3,614", 
West Virginia,Total,EQIP IRA,Animal Mortality Facility (316),2024,,,"3,615",(supp)
West Virginia,Total,EQIP IRA,Animal Mortality Facility (316),Total,,,"3,616",(supp)
West Virginia,Total,EQIP IRA,Annual Forages for Grazing Systems (810),2024,,,"3,617",(supp)
West Virginia,Total,EQIP IRA,Annual Forages for Grazing Systems (810),Total,,,"3,618",(supp)
West Virginia,Total,EQIP IRA,Brush Management (314),2023,40,"$35,777 ","3,619", 
West Virginia,Total,EQIP IRA,Brush Management (314),2024,20,"$32,755 ","3,620", 
West Virginia,Total,EQIP IRA,Brush Management (314),Total,60,"$68,532 ","3,621", 
West Virginia,Total,EQIP IRA,Conservation Crop Rotation (328),2024,5,"$2,515 ","3,622", 
West Virginia,Total,EQIP IRA,Conservation Crop Rotation (328),Total,5,"$2,515 ","3,623", 
West Virginia,Total,EQIP IRA,Cover Crop (340),2023,49,"$269,903 ","3,624", 
West Virginia,Total,EQIP IRA,Cover Crop (340),2024,73,"$88,580 ","3,625", 
West Virginia,Total,EQIP IRA,Cover Crop (340),Total,122,"$358,483 ","3,626", 
West Virginia,Total,EQIP IRA,Critical Area Planting (342),2023,,,"3,627",(supp)
West Virginia,Total,EQIP IRA,Critical Area Planting (342),2024,,,"3,628",(supp)
West Virginia,Total,EQIP IRA,Critical Area Planting (342),Total,5,"$3,504 ","3,629", 
West Virginia,Total,EQIP IRA,Early Successional Habitat Development-Mgt (647),2023,,,"3,630",(supp)
West Virginia,Total,EQIP IRA,Early Successional Habitat Development-Mgt (647),2024,,,"3,631",(supp)
West Virginia,Total,EQIP IRA,Early Successional Habitat Development-Mgt (647),Total,9,"$13,764 ","3,632", 
West Virginia,Total,EQIP IRA,Energy Efficient Agricultural Operation (374),2023,17,"$234,277 ","3,633", 
West Virginia,Total,EQIP IRA,Energy Efficient Agricultural Operation (374),2024,5,"$49,915 ","3,634", 
West Virginia,Total,EQIP IRA,Energy Efficient Agricultural Operation (374),Total,22,"$284,192 ","3,635", 
West Virginia,Total,EQIP IRA,Energy Efficient Building Envelope (672),2023,,,"3,636",(supp)
West Virginia,Total,EQIP IRA,Energy Efficient Building Envelope (672),2024,,,"3,637",(supp)
West Virginia,Total,EQIP IRA,Energy Efficient Building Envelope (672),Total,12,"$45,876 ","3,638", 
West Virginia,Total,EQIP IRA,Energy Efficient Lighting System (670),2024,,,"3,639",(supp)
West Virginia,Total,EQIP IRA,Energy Efficient Lighting System (670),Total,,,"3,640",(supp)
West Virginia,Total,EQIP IRA,Fence (382),2023,37,"$123,297 ","3,641", 
West Virginia,Total,EQIP IRA,Fence (382),2024,55,"$147,436 ","3,642", 
West Virginia,Total,EQIP IRA,Fence (382),Total,92,"$270,733 ","3,643", 
West Virginia,Total,EQIP IRA,Forage Harvest Management (511),2023,,,"3,644",(supp)
West Virginia,Total,EQIP IRA,Forage Harvest Management (511),2024,,,"3,645",(supp)
West Virginia,Total,EQIP IRA,Forage Harvest Management (511),Total,79,"$24,684 ","3,646", 
West Virginia,Total,EQIP IRA,Forest Stand Improvement (666),2023,17,"$58,826 ","3,647", 
West Virginia,Total,EQIP IRA,Forest Stand Improvement (666),2024,12,"$64,527 ","3,648", 
West Virginia,Total,EQIP IRA,Forest Stand Improvement (666),Total,29,"$123,353 ","3,649", 
West Virginia,Total,EQIP IRA,Heavy Use Area Protection (561),2023,34,"$24,637 ","3,650", 
West Virginia,Total,EQIP IRA,Heavy Use Area Protection (561),2024,43,"$118,733 ","3,651", 
West Virginia,Total,EQIP IRA,Heavy Use Area Protection (561),Total,77,"$143,370 ","3,652", 
West Virginia,Total,EQIP IRA,Herbaceous Weed Treatment (315),2023,,,"3,653",(supp)
West Virginia,Total,EQIP IRA,Herbaceous Weed Treatment (315),2024,,,"3,654",(supp)
West Virginia,Total,EQIP IRA,Herbaceous Weed Treatment (315),Total,4,"$1,114 ","3,655", 
West Virginia,Total,EQIP IRA,Livestock Pipeline (516),2023,34,"$46,579 ","3,656", 
West Virginia,Total,EQIP IRA,Livestock Pipeline (516),2024,39,"$103,205 ","3,657", 
West Virginia,Total,EQIP IRA,Livestock Pipeline (516),Total,73,"$149,784 ","3,658", 
West Virginia,Total,EQIP IRA,Mulching (484),2024,4,"$1,632 ","3,659", 
West Virginia,Total,EQIP IRA,Mulching (484),Total,4,"$1,632 ","3,660", 
West Virginia,Total,EQIP IRA,Nutrient Management (590),2023,,,"3,661",(supp)
West Virginia,Total,EQIP IRA,Nutrient Management (590),2024,,,"3,662",(supp)
West Virginia,Total,EQIP IRA,Nutrient Management (590),Total,96,"$134,061 ","3,663", 
West Virginia,Total,EQIP IRA,Pasture and Hay Planting (512),2023,,,"3,664",(supp)
West Virginia,Total,EQIP IRA,Pasture and Hay Planting (512),2024,,,"3,665",(supp)
West Virginia,Total,EQIP IRA,Pasture and Hay Planting (512),Total,106,"$478,865 ","3,666", 
West Virginia,Total,EQIP IRA,Pond (378),2023,,,"3,667",(supp)
West Virginia,Total,EQIP IRA,Pond (378),2024,,,"3,668",(supp)
West Virginia,Total,EQIP IRA,Pond (378),Total,,,"3,669",(supp)
West Virginia,Total,EQIP IRA,Prescribed Grazing (528),2023,25,"$63,041 ","3,670", 
West Virginia,Total,EQIP IRA,Prescribed Grazing (528),2024,20,"$37,828 ","3,671", 
West Virginia,Total,EQIP IRA,Prescribed Grazing (528),Total,45,"$100,869 ","3,672", 
West Virginia,Total,EQIP IRA,Pumping Plant (533),2023,4,"$12,969 ","3,673", 
West Virginia,Total,EQIP IRA,Pumping Plant (533),2024,7,"$36,333 ","3,674", 
West Virginia,Total,EQIP IRA,Pumping Plant (533),Total,11,"$49,302 ","3,675", 
West Virginia,Total,EQIP IRA,"Residue and Tillage Management, No Till (329)",2024,10,"$5,580 ","3,676", 
West Virginia,Total,EQIP IRA,"Residue and Tillage Management, No Till (329)",Total,10,"$5,580 ","3,677", 
West Virginia,Total,EQIP IRA,Roof Runoff Structure (558),2024,5,"$4,007 ","3,678", 
West Virginia,Total,EQIP IRA,Roof Runoff Structure (558),Total,5,"$4,007 ","3,679", 
West Virginia,Total,EQIP IRA,Roofs and Covers (367),2024,4,"$122,485 ","3,680", 
West Virginia,Total,EQIP IRA,Roofs and Covers (367),Total,4,"$122,485 ","3,681", 
West Virginia,Total,EQIP IRA,Spring Development (574),2023,,,"3,682",(supp)
West Virginia,Total,EQIP IRA,Spring Development (574),2024,,,"3,683",(supp)
West Virginia,Total,EQIP IRA,Spring Development (574),Total,11,"$21,230 ","3,684", 
West Virginia,Total,EQIP IRA,Strategic Harvested Forage Management (827),2024,,,"3,685",(supp)
West Virginia,Total,EQIP IRA,Strategic Harvested Forage Management (827),Total,,,"3,686",(supp)
West Virginia,Total,EQIP IRA,Stream Crossing (578),2023,,,"3,687",(supp)
West Virginia,Total,EQIP IRA,Stream Crossing (578),Total,,,"3,688",(supp)
West Virginia,Total,EQIP IRA,Structures for Wildlife (649),2023,,,"3,689",(supp)
West Virginia,Total,EQIP IRA,Structures for Wildlife (649),2024,,,"3,690",(supp)
West Virginia,Total,EQIP IRA,Structures for Wildlife (649),Total,19,"$22,448 ","3,691", 
West Virginia,Total,EQIP IRA,Total,2023,457,"$1,182,480 ","3,692", 
West Virginia,Total,EQIP IRA,Total,2024,811,"$2,113,301 ","3,693", 
West Virginia,Total,EQIP IRA,Total,Total,"1,268","$3,295,781 ","3,694", 
West Virginia,Total,EQIP IRA,Trails and Walkways (575),2024,,,"3,695",(supp)
West Virginia,Total,EQIP IRA,Trails and Walkways (575),Total,,,"3,696",(supp)
West Virginia,Total,EQIP IRA,Tree/Shrub Establishment (612),2023,12,"$14,024 ","3,697", 
West Virginia,Total,EQIP IRA,Tree/Shrub Establishment (612),2024,24,"$131,756 ","3,698", 
West Virginia,Total,EQIP IRA,Tree/Shrub Establishment (612),Total,36,"$145,780 ","3,699", 
West Virginia,Total,EQIP IRA,Tree/Shrub Site Preparation (490),2023,9,"$1,364 ","3,700", 
West Virginia,Total,EQIP IRA,Tree/Shrub Site Preparation (490),2024,17,"$3,421 ","3,701", 
West Virginia,Total,EQIP IRA,Tree/Shrub Site Preparation (490),Total,26,"$4,785 ","3,702", 
West Virginia,Total,EQIP IRA,Underground Outlet (620),2024,5,"$10,232 ","3,703", 
West Virginia,Total,EQIP IRA,Underground Outlet (620),Total,5,"$10,232 ","3,704", 
West Virginia,Total,EQIP IRA,Upland Wildlife Habitat Management (645),2023,68,"$79,281 ","3,705", 
West Virginia,Total,EQIP IRA,Upland Wildlife Habitat Management (645),Total,68,"$79,281 ","3,706", 
West Virginia,Total,EQIP IRA,Waste Storage Facility (313),2024,,,"3,707",(supp)
West Virginia,Total,EQIP IRA,Waste Storage Facility (313),Total,,,"3,708",(supp)
West Virginia,Total,EQIP IRA,Water Well (642),2023,,,"3,709",(supp)
West Virginia,Total,EQIP IRA,Water Well (642),2024,,,"3,710",(supp)
West Virginia,Total,EQIP IRA,Water Well (642),Total,8,"$107,646 ","3,711", 
West Virginia,Total,EQIP IRA,Watering Facility (614),2023,36,"$54,282 ","3,712", 
West Virginia,Total,EQIP IRA,Watering Facility (614),2024,38,"$102,854 ","3,713", 
West Virginia,Total,EQIP IRA,Watering Facility (614),Total,74,"$157,136 ","3,714", 
West Virginia,Total,EQIP IRA,Wildlife Habitat Planting (420),2023,11,"$6,966 ","3,715", 
West Virginia,Total,EQIP IRA,Wildlife Habitat Planting (420),2024,6,"$7,162 ","3,716", 
West Virginia,Total,EQIP IRA,Wildlife Habitat Planting (420),Total,17,"$14,128 ","3,717", 
Wisconsin,Total,EQIP IRA,Access Control (472),2023,,,"3,718",(supp)
Wisconsin,Total,EQIP IRA,Access Control (472),Total,,,"3,719",(supp)
Wisconsin,Total,EQIP IRA,Access Road (560),2023,,,"3,720",(supp)
Wisconsin,Total,EQIP IRA,Access Road (560),2024,,,"3,721",(supp)
Wisconsin,Total,EQIP IRA,Access Road (560),Total,,,"3,722",(supp)
Wisconsin,Total,EQIP IRA,Brush Management (314),2023,10,"$73,183 ","3,723", 
Wisconsin,Total,EQIP IRA,Brush Management (314),2024,139,"$271,403 ","3,724", 
Wisconsin,Total,EQIP IRA,Brush Management (314),Total,149,"$344,586 ","3,725", 
Wisconsin,Total,EQIP IRA,Conservation Cover (327),2023,,,"3,726",(supp)
Wisconsin,Total,EQIP IRA,Conservation Cover (327),2024,,,"3,727",(supp)
Wisconsin,Total,EQIP IRA,Conservation Cover (327),Total,11,"$5,580 ","3,728", 
Wisconsin,Total,EQIP IRA,Conservation Crop Rotation (328),2023,,,"3,729",(supp)
Wisconsin,Total,EQIP IRA,Conservation Crop Rotation (328),2024,,,"3,730",(supp)
Wisconsin,Total,EQIP IRA,Conservation Crop Rotation (328),Total,12,"$28,150 ","3,731", 
Wisconsin,Total,EQIP IRA,Cover Crop (340),2023,64,"$511,499 ","3,732", 
Wisconsin,Total,EQIP IRA,Cover Crop (340),2024,325,"$3,792,153 ","3,733", 
Wisconsin,Total,EQIP IRA,Cover Crop (340),Total,389,"$4,303,652 ","3,734", 
Wisconsin,Total,EQIP IRA,Critical Area Planting (342),2023,12,"$3,000 ","3,735", 
Wisconsin,Total,EQIP IRA,Critical Area Planting (342),2024,23,"$3,687 ","3,736", 
Wisconsin,Total,EQIP IRA,Critical Area Planting (342),Total,35,"$6,687 ","3,737", 
Wisconsin,Total,EQIP IRA,Diversion (362),2024,5,"$10,318 ","3,738", 
Wisconsin,Total,EQIP IRA,Diversion (362),Total,5,"$10,318 ","3,739", 
Wisconsin,Total,EQIP IRA,Early Successional Habitat Development-Mgt (647),2023,,,"3,740",(supp)
Wisconsin,Total,EQIP IRA,Early Successional Habitat Development-Mgt (647),Total,,,"3,741",(supp)
Wisconsin,Total,EQIP IRA,Energy Efficient Agricultural Operation (374),2024,8,"$43,672 ","3,742", 
Wisconsin,Total,EQIP IRA,Energy Efficient Agricultural Operation (374),Total,8,"$43,672 ","3,743", 
Wisconsin,Total,EQIP IRA,Energy Efficient Lighting System (670),2024,8,"$43,093 ","3,744", 
Wisconsin,Total,EQIP IRA,Energy Efficient Lighting System (670),Total,8,"$43,093 ","3,745", 
Wisconsin,Total,EQIP IRA,Fence (382),2023,17,"$80,442 ","3,746", 
Wisconsin,Total,EQIP IRA,Fence (382),2024,95,"$828,645 ","3,747", 
Wisconsin,Total,EQIP IRA,Fence (382),Total,112,"$909,087 ","3,748", 
Wisconsin,Total,EQIP IRA,Field Border (386),2023,7,"$3,728 ","3,749", 
Wisconsin,Total,EQIP IRA,Field Border (386),2024,9,"$10,826 ","3,750", 
Wisconsin,Total,EQIP IRA,Field Border (386),Total,16,"$14,554 ","3,751", 
Wisconsin,Total,EQIP IRA,Filter Strip (393),2023,4,$690 ,"3,752", 
Wisconsin,Total,EQIP IRA,Filter Strip (393),Total,4,$690 ,"3,753", 
Wisconsin,Total,EQIP IRA,Forest Stand Improvement (666),2023,6,"$52,197 ","3,754", 
Wisconsin,Total,EQIP IRA,Forest Stand Improvement (666),2024,15,"$70,666 ","3,755", 
Wisconsin,Total,EQIP IRA,Forest Stand Improvement (666),Total,21,"$122,863 ","3,756", 
Wisconsin,Total,EQIP IRA,Forest Trails and Landings (655),2024,,,"3,757",(supp)
Wisconsin,Total,EQIP IRA,Forest Trails and Landings (655),Total,,,"3,758",(supp)
Wisconsin,Total,EQIP IRA,Grade Stabilization Structure (410),2024,,,"3,759",(supp)
Wisconsin,Total,EQIP IRA,Grade Stabilization Structure (410),Total,,,"3,760",(supp)
Wisconsin,Total,EQIP IRA,Grassed Waterway (412),2023,22,"$56,945 ","3,761", 
Wisconsin,Total,EQIP IRA,Grassed Waterway (412),2024,43,"$244,505 ","3,762", 
Wisconsin,Total,EQIP IRA,Grassed Waterway (412),Total,65,"$301,450 ","3,763", 
Wisconsin,Total,EQIP IRA,Heavy Use Area Protection (561),2023,4,"$293,943 ","3,764", 
Wisconsin,Total,EQIP IRA,Heavy Use Area Protection (561),2024,30,"$83,774 ","3,765", 
Wisconsin,Total,EQIP IRA,Heavy Use Area Protection (561),Total,34,"$377,717 ","3,766", 
Wisconsin,Total,EQIP IRA,Herbaceous Weed Treatment (315),2024,6,"$25,833 ","3,767", 
Wisconsin,Total,EQIP IRA,Herbaceous Weed Treatment (315),Total,6,"$25,833 ","3,768", 
Wisconsin,Total,EQIP IRA,High Tunnel System (325),2024,,,"3,769",(supp)
Wisconsin,Total,EQIP IRA,High Tunnel System (325),Total,,,"3,770",(supp)
Wisconsin,Total,EQIP IRA,Irrigation Pipeline (430),2024,4,"$44,965 ","3,771", 
Wisconsin,Total,EQIP IRA,Irrigation Pipeline (430),Total,4,"$44,965 ","3,772", 
Wisconsin,Total,EQIP IRA,Irrigation Water Management (449),2024,7,"$20,619 ","3,773", 
Wisconsin,Total,EQIP IRA,Irrigation Water Management (449),Total,7,"$20,619 ","3,774", 
Wisconsin,Total,EQIP IRA,Lined Waterway or Outlet (468),2024,,,"3,775",(supp)
Wisconsin,Total,EQIP IRA,Lined Waterway or Outlet (468),Total,,,"3,776",(supp)
Wisconsin,Total,EQIP IRA,Livestock Pipeline (516),2023,8,"$57,357 ","3,777", 
Wisconsin,Total,EQIP IRA,Livestock Pipeline (516),2024,75,"$417,335 ","3,778", 
Wisconsin,Total,EQIP IRA,Livestock Pipeline (516),Total,83,"$474,692 ","3,779", 
Wisconsin,Total,EQIP IRA,Mulching (484),2023,25,"$71,937 ","3,780", 
Wisconsin,Total,EQIP IRA,Mulching (484),2024,65,"$326,910 ","3,781", 
Wisconsin,Total,EQIP IRA,Mulching (484),Total,90,"$398,847 ","3,782", 
Wisconsin,Total,EQIP IRA,Nutrient Management (590),2023,12,"$492,487 ","3,783", 
Wisconsin,Total,EQIP IRA,Nutrient Management (590),2024,52,"$1,042,430 ","3,784", 
Wisconsin,Total,EQIP IRA,Nutrient Management (590),Total,64,"$1,534,917 ","3,785", 
Wisconsin,Total,EQIP IRA,Obstruction Removal (500),2023,,,"3,786",(supp)
Wisconsin,Total,EQIP IRA,Obstruction Removal (500),2024,,,"3,787",(supp)
Wisconsin,Total,EQIP IRA,Obstruction Removal (500),Total,10,"$14,150 ","3,788", 
Wisconsin,Total,EQIP IRA,Open Channel (582),2024,,,"3,789",(supp)
Wisconsin,Total,EQIP IRA,Open Channel (582),Total,,,"3,790",(supp)
Wisconsin,Total,EQIP IRA,Pasture and Hay Planting (512),2023,8,"$29,999 ","3,791", 
Wisconsin,Total,EQIP IRA,Pasture and Hay Planting (512),2024,51,"$374,809 ","3,792", 
Wisconsin,Total,EQIP IRA,Pasture and Hay Planting (512),Total,59,"$404,808 ","3,793", 
Wisconsin,Total,EQIP IRA,Pest Management Conservation System (595),2024,,,"3,794",(supp)
Wisconsin,Total,EQIP IRA,Pest Management Conservation System (595),Total,,,"3,795",(supp)
Wisconsin,Total,EQIP IRA,Pond Sealing or Lining - Concrete (522),2023,,,"3,796",(supp)
Wisconsin,Total,EQIP IRA,Pond Sealing or Lining - Concrete (522),2024,,,"3,797",(supp)
Wisconsin,Total,EQIP IRA,Pond Sealing or Lining - Concrete (522),Total,,,"3,798",(supp)
Wisconsin,Total,EQIP IRA,Prescribed Burning (338),2024,5,"$11,227 ","3,799", 
Wisconsin,Total,EQIP IRA,Prescribed Burning (338),Total,5,"$11,227 ","3,800", 
Wisconsin,Total,EQIP IRA,Prescribed Grazing (528),2023,24,"$45,183 ","3,801", 
Wisconsin,Total,EQIP IRA,Prescribed Grazing (528),2024,183,"$633,826 ","3,802", 
Wisconsin,Total,EQIP IRA,Prescribed Grazing (528),Total,207,"$679,009 ","3,803", 
Wisconsin,Total,EQIP IRA,Pumping Plant (533),2023,,,"3,804",(supp)
Wisconsin,Total,EQIP IRA,Pumping Plant (533),2024,,,"3,805",(supp)
Wisconsin,Total,EQIP IRA,Pumping Plant (533),Total,7,"$52,061 ","3,806", 
Wisconsin,Total,EQIP IRA,"Residue and Tillage Management, No Till (329)",2023,47,"$176,314 ","3,807", 
Wisconsin,Total,EQIP IRA,"Residue and Tillage Management, No Till (329)",2024,120,"$394,887 ","3,808", 
Wisconsin,Total,EQIP IRA,"Residue and Tillage Management, No Till (329)",Total,167,"$571,201 ","3,809", 
Wisconsin,Total,EQIP IRA,Silvopasture (381),2023,,,"3,810",(supp)
Wisconsin,Total,EQIP IRA,Silvopasture (381),2024,,,"3,811",(supp)
Wisconsin,Total,EQIP IRA,Silvopasture (381),Total,,,"3,812",(supp)
Wisconsin,Total,EQIP IRA,Spoil Disposal (572),2023,7,"$8,092 ","3,813", 
Wisconsin,Total,EQIP IRA,Spoil Disposal (572),2024,11,"$24,251 ","3,814", 
Wisconsin,Total,EQIP IRA,Spoil Disposal (572),Total,18,"$32,343 ","3,815", 
Wisconsin,Total,EQIP IRA,Sprinkler System (442),2024,,,"3,816",(supp)
Wisconsin,Total,EQIP IRA,Sprinkler System (442),Total,,,"3,817",(supp)
Wisconsin,Total,EQIP IRA,Stormwater Runoff Control (570),2024,,,"3,818",(supp)
Wisconsin,Total,EQIP IRA,Stormwater Runoff Control (570),Total,,,"3,819",(supp)
Wisconsin,Total,EQIP IRA,Stream Crossing (578),2023,,,"3,820",(supp)
Wisconsin,Total,EQIP IRA,Stream Crossing (578),2024,,,"3,821",(supp)
Wisconsin,Total,EQIP IRA,Stream Crossing (578),Total,12,"$33,564 ","3,822", 
Wisconsin,Total,EQIP IRA,Subsurface Drain (606),2023,,,"3,823",(supp)
Wisconsin,Total,EQIP IRA,Subsurface Drain (606),2024,,,"3,824",(supp)
Wisconsin,Total,EQIP IRA,Subsurface Drain (606),Total,9,"$93,450 ","3,825", 
Wisconsin,Total,EQIP IRA,Total,2023,391,"$2,811,552 ","3,826", 
Wisconsin,Total,EQIP IRA,Total,2024,"1,466","$12,415,029 ","3,827", 
Wisconsin,Total,EQIP IRA,Total,Total,"1,857","$15,226,581 ","3,828", 
Wisconsin,Total,EQIP IRA,Trails and Walkways (575),2024,,,"3,829",(supp)
Wisconsin,Total,EQIP IRA,Trails and Walkways (575),Total,,,"3,830",(supp)
Wisconsin,Total,EQIP IRA,Tree/Shrub Establishment (612),2023,27,"$160,800 ","3,831", 
Wisconsin,Total,EQIP IRA,Tree/Shrub Establishment (612),2024,7,"$21,498 ","3,832", 
Wisconsin,Total,EQIP IRA,Tree/Shrub Establishment (612),Total,34,"$182,298 ","3,833", 
Wisconsin,Total,EQIP IRA,Tree/Shrub Site Preparation (490),2023,,,"3,834",(supp)
Wisconsin,Total,EQIP IRA,Tree/Shrub Site Preparation (490),2024,,,"3,835",(supp)
Wisconsin,Total,EQIP IRA,Tree/Shrub Site Preparation (490),Total,17,"$11,577 ","3,836", 
Wisconsin,Total,EQIP IRA,Underground Outlet (620),2024,7,"$85,928 ","3,837", 
Wisconsin,Total,EQIP IRA,Underground Outlet (620),Total,7,"$85,928 ","3,838", 
Wisconsin,Total,EQIP IRA,Upland Wildlife Habitat Management (645),2023,14,"$1,178 ","3,839", 
Wisconsin,Total,EQIP IRA,Upland Wildlife Habitat Management (645),Total,14,"$1,178 ","3,840", 
Wisconsin,Total,EQIP IRA,Waste Storage Facility (313),2023,,,"3,841",(supp)
Wisconsin,Total,EQIP IRA,Waste Storage Facility (313),2024,,,"3,842",(supp)
Wisconsin,Total,EQIP IRA,Waste Storage Facility (313),Total,9,"$2,240,318 ","3,843", 
Wisconsin,Total,EQIP IRA,Waste Transfer (634),2023,,,"3,844",(supp)
Wisconsin,Total,EQIP IRA,Waste Transfer (634),2024,,,"3,845",(supp)
Wisconsin,Total,EQIP IRA,Waste Transfer (634),Total,6,"$92,739 ","3,846", 
Wisconsin,Total,EQIP IRA,Water and Sediment Control Basin (638),2024,,,"3,847",(supp)
Wisconsin,Total,EQIP IRA,Water and Sediment Control Basin (638),Total,,,"3,848",(supp)
Wisconsin,Total,EQIP IRA,Water Well (642),2023,,,"3,849",(supp)
Wisconsin,Total,EQIP IRA,Water Well (642),2024,,,"3,850",(supp)
Wisconsin,Total,EQIP IRA,Water Well (642),Total,,,"3,851",(supp)
Wisconsin,Total,EQIP IRA,Watering Facility (614),2023,8,"$2,726 ","3,852", 
Wisconsin,Total,EQIP IRA,Watering Facility (614),2024,52,"$66,862 ","3,853", 
Wisconsin,Total,EQIP IRA,Watering Facility (614),Total,60,"$69,588 ","3,854", 
Wisconsin,Total,EQIP IRA,Well Decommissioning (351),2024,,,"3,855",(supp)
Wisconsin,Total,EQIP IRA,Well Decommissioning (351),Total,,,"3,856",(supp)
Wisconsin,Total,EQIP IRA,Wetland Restoration (657),2024,10,"$59,453 ","3,857", 
Wisconsin,Total,EQIP IRA,Wetland Restoration (657),Total,10,"$59,453 ","3,858", 
Wisconsin,Total,EQIP IRA,Wildlife Habitat Planting (420),2023,22,"$32,467 ","3,859", 
Wisconsin,Total,EQIP IRA,Wildlife Habitat Planting (420),2024,15,"$86,948 ","3,860", 
Wisconsin,Total,EQIP IRA,Wildlife Habitat Planting (420),Total,37,"$119,415 ","3,861", 
Wisconsin,Total,EQIP IRA,Windbreak/Shelterbelt Establishment and Renovation (380),2023,,,"3,862",(supp)
Wisconsin,Total,EQIP IRA,Windbreak/Shelterbelt Establishment and Renovation (380),Total,,,"3,863",(supp)
Wyoming,Total,EQIP IRA,Aquatic Organism Passage (396),2023,4,"$133,610 ","3,864", 
Wyoming,Total,EQIP IRA,Aquatic Organism Passage (396),Total,4,"$133,610 ","3,865", 
Wyoming,Total,EQIP IRA,Brush Management (314),2024,,,"3,866",(supp)
Wyoming,Total,EQIP IRA,Brush Management (314),Total,,,"3,867",(supp)
Wyoming,Total,EQIP IRA,Channel Bed Stabilization (584),2023,,,"3,868",(supp)
Wyoming,Total,EQIP IRA,Channel Bed Stabilization (584),Total,,,"3,869",(supp)
Wyoming,Total,EQIP IRA,Conservation Cover (327),2023,,,"3,870",(supp)
Wyoming,Total,EQIP IRA,Conservation Cover (327),Total,,,"3,871",(supp)
Wyoming,Total,EQIP IRA,Conservation Crop Rotation (328),2023,10,"$9,743 ","3,872", 
Wyoming,Total,EQIP IRA,Conservation Crop Rotation (328),2024,106,"$92,941 ","3,873", 
Wyoming,Total,EQIP IRA,Conservation Crop Rotation (328),Total,116,"$102,684 ","3,874", 
Wyoming,Total,EQIP IRA,Cover Crop (340),2023,5,"$16,640 ","3,875", 
Wyoming,Total,EQIP IRA,Cover Crop (340),2024,75,"$428,815 ","3,876", 
Wyoming,Total,EQIP IRA,Cover Crop (340),Total,80,"$445,455 ","3,877", 
Wyoming,Total,EQIP IRA,Critical Area Planting (342),2023,4,$160 ,"3,878", 
Wyoming,Total,EQIP IRA,Critical Area Planting (342),Total,4,$160 ,"3,879", 
Wyoming,Total,EQIP IRA,Fence (382),2023,8,"$31,108 ","3,880", 
Wyoming,Total,EQIP IRA,Fence (382),2024,5,"$31,665 ","3,881", 
Wyoming,Total,EQIP IRA,Fence (382),Total,13,"$62,773 ","3,882", 
Wyoming,Total,EQIP IRA,Forest Stand Improvement (666),2024,50,"$392,286 ","3,883", 
Wyoming,Total,EQIP IRA,Forest Stand Improvement (666),Total,50,"$392,286 ","3,884", 
Wyoming,Total,EQIP IRA,Herbaceous Weed Treatment (315),2024,33,"$1,177,454 ","3,885", 
Wyoming,Total,EQIP IRA,Herbaceous Weed Treatment (315),Total,33,"$1,177,454 ","3,886", 
Wyoming,Total,EQIP IRA,High Tunnel System (325),2023,,,"3,887",(supp)
Wyoming,Total,EQIP IRA,High Tunnel System (325),Total,,,"3,888",(supp)
Wyoming,Total,EQIP IRA,Irrigation Pipeline (430),2023,,,"3,889",(supp)
Wyoming,Total,EQIP IRA,Irrigation Pipeline (430),2024,,,"3,890",(supp)
Wyoming,Total,EQIP IRA,Irrigation Pipeline (430),Total,15,"$287,451 ","3,891", 
Wyoming,Total,EQIP IRA,Irrigation Reservoir (436),2023,,,"3,892",(supp)
Wyoming,Total,EQIP IRA,Irrigation Reservoir (436),Total,,,"3,893",(supp)
Wyoming,Total,EQIP IRA,"Irrigation System, Surface and Subsurface (443)",2023,,,"3,894",(supp)
Wyoming,Total,EQIP IRA,"Irrigation System, Surface and Subsurface (443)",Total,,,"3,895",(supp)
Wyoming,Total,EQIP IRA,Irrigation Water Management (449),2024,,,"3,896",(supp)
Wyoming,Total,EQIP IRA,Irrigation Water Management (449),Total,,,"3,897",(supp)
Wyoming,Total,EQIP IRA,Livestock Pipeline (516),2024,11,"$127,392 ","3,898", 
Wyoming,Total,EQIP IRA,Livestock Pipeline (516),Total,11,"$127,392 ","3,899", 
Wyoming,Total,EQIP IRA,Mulching (484),2023,,,"3,900",(supp)
Wyoming,Total,EQIP IRA,Mulching (484),2024,,,"3,901",(supp)
Wyoming,Total,EQIP IRA,Mulching (484),Total,14,"$27,856 ","3,902", 
Wyoming,Total,EQIP IRA,Nutrient Management (590),2023,6,"$4,461 ","3,903", 
Wyoming,Total,EQIP IRA,Nutrient Management (590),2024,5,"$11,228 ","3,904", 
Wyoming,Total,EQIP IRA,Nutrient Management (590),Total,11,"$15,689 ","3,905", 
Wyoming,Total,EQIP IRA,Obstruction Removal (500),2024,,,"3,906",(supp)
Wyoming,Total,EQIP IRA,Obstruction Removal (500),Total,,,"3,907",(supp)
Wyoming,Total,EQIP IRA,Open Channel (582),2023,,,"3,908",(supp)
Wyoming,Total,EQIP IRA,Open Channel (582),Total,,,"3,909",(supp)
Wyoming,Total,EQIP IRA,Pasture and Hay Planting (512),2023,,,"3,910",(supp)
Wyoming,Total,EQIP IRA,Pasture and Hay Planting (512),2024,,,"3,911",(supp)
Wyoming,Total,EQIP IRA,Pasture and Hay Planting (512),Total,31,"$332,940 ","3,912", 
Wyoming,Total,EQIP IRA,Prescribed Grazing (528),2024,29,"$491,550 ","3,913", 
Wyoming,Total,EQIP IRA,Prescribed Grazing (528),Total,29,"$491,550 ","3,914", 
Wyoming,Total,EQIP IRA,Pumping Plant (533),2023,10,"$95,419 ","3,915", 
Wyoming,Total,EQIP IRA,Pumping Plant (533),2024,9,"$97,062 ","3,916", 
Wyoming,Total,EQIP IRA,Pumping Plant (533),Total,19,"$192,481 ","3,917", 
Wyoming,Total,EQIP IRA,"Residue and Tillage Management, No Till (329)",2023,,,"3,918",(supp)
Wyoming,Total,EQIP IRA,"Residue and Tillage Management, No Till (329)",Total,,,"3,919",(supp)
Wyoming,Total,EQIP IRA,"Residue and Tillage Management, Reduced Till (345)",2023,,,"3,920",(supp)
Wyoming,Total,EQIP IRA,"Residue and Tillage Management, Reduced Till (345)",2024,,,"3,921",(supp)
Wyoming,Total,EQIP IRA,"Residue and Tillage Management, Reduced Till (345)",Total,26,"$37,466 ","3,922", 
Wyoming,Total,EQIP IRA,Riparian Herbaceous Cover (390),2023,4,$729 ,"3,923", 
Wyoming,Total,EQIP IRA,Riparian Herbaceous Cover (390),Total,4,$729 ,"3,924", 
Wyoming,Total,EQIP IRA,Sprinkler System (442),2023,,,"3,925",(supp)
Wyoming,Total,EQIP IRA,Sprinkler System (442),2024,,,"3,926",(supp)
Wyoming,Total,EQIP IRA,Sprinkler System (442),Total,13,"$970,244 ","3,927", 
Wyoming,Total,EQIP IRA,Stream Crossing (578),2023,,,"3,928",(supp)
Wyoming,Total,EQIP IRA,Stream Crossing (578),Total,,,"3,929",(supp)
Wyoming,Total,EQIP IRA,Streambank and Shoreline Protection (580),2023,4,"$86,966 ","3,930", 
Wyoming,Total,EQIP IRA,Streambank and Shoreline Protection (580),Total,4,"$86,966 ","3,931", 
Wyoming,Total,EQIP IRA,Structure for Water Control (587),2023,,,"3,932",(supp)
Wyoming,Total,EQIP IRA,Structure for Water Control (587),2024,,,"3,933",(supp)
Wyoming,Total,EQIP IRA,Structure for Water Control (587),Total,14,"$77,081 ","3,934", 
Wyoming,Total,EQIP IRA,Total,2023,156,"$2,166,075 ","3,935", 
Wyoming,Total,EQIP IRA,Total,2024,443,"$3,599,249 ","3,936", 
Wyoming,Total,EQIP IRA,Total,Total,599,"$5,765,324 ","3,937", 
Wyoming,Total,EQIP IRA,Tree/Shrub Establishment (612),2023,,,"3,938",(supp)
Wyoming,Total,EQIP IRA,Tree/Shrub Establishment (612),2024,,,"3,939",(supp)
Wyoming,Total,EQIP IRA,Tree/Shrub Establishment (612),Total,5,"$8,651 ","3,940", 
Wyoming,Total,EQIP IRA,Tree/Shrub Site Preparation (490),2023,,,"3,941",(supp)
Wyoming,Total,EQIP IRA,Tree/Shrub Site Preparation (490),2024,,,"3,942",(supp)
Wyoming,Total,EQIP IRA,Tree/Shrub Site Preparation (490),Total,11,"$1,637 ","3,943", 
Wyoming,Total,EQIP IRA,Upland Wildlife Habitat Management (645),2023,8,"$1,268 ","3,944", 
Wyoming,Total,EQIP IRA,Upland Wildlife Habitat Management (645),Total,8,"$1,268 ","3,945", 
Wyoming,Total,EQIP IRA,Water Well (642),2024,4,"$112,960 ","3,946", 
Wyoming,Total,EQIP IRA,Water Well (642),Total,4,"$112,960 ","3,947", 
Wyoming,Total,EQIP IRA,Watering Facility (614),2024,16,"$85,496 ","3,948", 
Wyoming,Total,EQIP IRA,Watering Facility (614),Total,16,"$85,496 ","3,949", 
Wyoming,Total,EQIP IRA,Windbreak/Shelterbelt Establishment and Renovation (380),2023,,,"3,950",(supp)
Wyoming,Total,EQIP IRA,Windbreak/Shelterbelt Establishment and Renovation (380),2024,,,"3,951",(supp)
Wyoming,Total,EQIP IRA,Windbreak/Shelterbelt Establishment and Renovation (380),Total,13,"$26,149 ","3,952", 
Wyoming,Total,EQIP IRA,Woody Residue Treatment (384),2024,31,"$92,129 ","3,953", 
Wyoming,Total,EQIP IRA,Woody Residue Treatment (384),Total,31,"$92,129 ","3,954", 
