state,year,p_101,p_102,p_104,p_106,p_110,p_112,p_114,p_118,p_120,p_122,p_124,p_128,p_130,p_136,p_138,p_140,p_142,p_146,p_154,p_157,p_159,p_160,p_161,p_163,p_165,p_199,p_201,p_202,p_206,p_216,p_217,p_223,p_224,p_226,p_227,p_228,p_297,p_309,p_311,p_313,p_314,p_315,p_316,p_317,p_319,p_324,p_325,p_326,p_327,p_328,p_329,p_330,p_332,p_333,p_336,p_338,p_340,p_342,p_344,p_345,p_348,p_350,p_351,p_353,p_355,p_356,p_359,p_360,p_362,p_366,p_367,p_368,p_372,p_373,p_374,p_376,p_378,p_379,p_380,p_381,p_382,p_383,p_384,p_386,p_388,p_390,p_391,p_393,p_394,p_395,p_396,p_400,p_402,p_410,p_412,p_420,p_422,p_428,p_430,p_436,p_441,p_442,p_443,p_447,p_449,p_460,p_462,p_464,p_466,p_468,p_472,p_484,p_490,p_500,p_511,p_512,p_516,p_520,p_521,p_522,p_527,p_528,p_533,p_548,p_550,p_554,p_558,p_560,p_561,p_568,p_570,p_572,p_574,p_575,p_576,p_578,p_580,p_582,p_584,p_585,p_587,p_590,p_591,p_592,p_595,p_600,p_601,p_603,p_605,p_606,p_607,p_608,p_610,p_612,p_614,p_620,p_629,p_632,p_633,p_634,p_635,p_636,p_638,p_642,p_643,p_644,p_645,p_646,p_647,p_649,p_650,p_654,p_655,p_656,p_657,p_658,p_659,p_660,p_666,p_670,p_672,p_710,p_713,p_717,p_734,p_747,p_755,p_756,p_770,p_775,p_798,p_800,p_801,p_805,p_808,p_809,p_810,p_812,p_815,p_817,p_821,p_823,p_911,p_912,p_913
Alabama,2024,0.0,0.0,0.0,0.0,0.0,0.0,0.0,0.0,0.0,0.0,0.0,0.0,0.0,0.0,0.0,0.0,0.0,0.0,0.0,0.0,0.0,0.0,0.0,0.0,0.0,0.0,0.0,0.0,0.0,0.0,0.0,0.0,0.0,0.0,0.0,0.0,0.0,0.0,0.0,0.0,0.0,0.0,0.0,0.0,0.0,0.0,0.0,0.0,0.0,0.0,0.0,0.0,0.0,0.0,0.0,0.0,0.0,0.0,0.0,0.0,0.0,0.0,0.0,0.0,0.0,0.0,0.0,0.0,0.0,0.0,0.0,0.0,0.0,0.0,0.0,0.0,0.0,0.0,0.0,0.0,0.0,0.0,0.0,0.0,0.0,0.0,0.0,0.0,0.0,0.0,0.0,0.0,0.0,0.0,0.0,0.0,0.0,0.0,0.0,0.0,0.0,0.0,0.0,0.0,0.0,0.0,0.0,0.0,0.0,0.0,0.0,0.0,0.0,0.0,0.0,0.0,0.0,0.0,0.0,0.0,0.0,0.0,0.0,0.0,0.0,0.0,0.0,0.0,0.0,0.0,0.0,0.0,0.0,0.0,0.0,0.0,0.0,0.0,0.0,0.0,0.0,0.0,0.0,0.0,0.0,0.0,0.0,0.0,0.0,0.0,0.0,0.0,0.0,0.0,0.0,0.0,0.0,0.0,0.0,0.0,0.0,0.0,0.0,0.0,0.0,0.0,0.0,0.0,0.0,0.0,0.0,0.0,0.0,0.0,0.0,0.0,0.0,0.0,0.0,0.0,0.0,0.0,0.0,0.0,0.0,0.0,0.0,0.0,0.0,0.0,0.0,0.0,0.0,0.0,0.0,0.0,0.0,0.0,0.0,0.0,0.0,0.0,0.0,0.0,0.0
Alabama,2025,0.0,12446.889153724333,0.0,6486.491281984418,0.0,0.0,0.0,0.0,0.0,0.0,0.0,4708.664755711929,0.0,0.0,2561.025067083174,0.0,0.0,0.0,0.0,0.0,0.0,0.0,0.0,0.0,1833.6096681017298,0.0,0.0,0.0,0.0,0.0,0.0,0.0,0.0,0.0,0.0,9363.055094565396,0.0,0.0,0.0,70011.47878961277,21735.341035591322,211550.7818569988,324241.6325404481,0.0,0.0,0.0,110122.31837483728,0.0,-421.74365972982196,-16883.561720376507,2225.4727308034344,0.0,0.0,0.0,0.0,136377.27684606705,-1580947.029536998,6873.624500959297,0.0,-395781.968223921,0.0,0.0,3660.2494477746295,0.0,0.0,0.0,0.0,0.0,0.0,0.0,271987.24327952275,0.0,0.0,0.0,-158956.0178765207,0.0,3462.721445684285,0.0,0.0,0.0,-1353.9336318848655,0.0,0.0,0.0,0.0,0.0,0.0,0.0,57753.24526576325,0.0,0.0,0.0,0.0,25037.19861755951,1756.4618619296198,1121.5115039794018,0.0,0.0,8277.437589144494,0.0,4954.192905613432,-543247.3779677481,0.0,0.0,1853.9367556107609,9561.967009245593,9158.834664858456,0.0,85978.12075640843,38144.72297240858,0.0,3580.999899344395,24420.213801293634,0.0,0.0,-165516.06413194374,13103.84881614591,0.0,0.0,0.0,0.0,-5456.357807227061,-3907.501348487247,0.0,0.0,0.0,0.0,6256.5940775303025,-12409.439013037598,0.0,0.0,0.0,0.0,0.0,9150.623619436577,6109.848956711285,0.0,0.0,0.0,0.0,0.0,-1583582.2283562785,0.0,0.0,-26548.256566098018,43924.0585006451,0.0,0.0,0.0,0.0,0.0,0.0,0.0,225157.46625638474,1291.499719622021,103048.59448991553,0.0,0.0,0.0,0.0,0.0,0.0,2794.027100394236,-13567.239513899549,0.0,0.0,1182.302268156649,0.0,224.7480432616394,315.656046146697,0.0,0.0,5384.001248575907,0.0,0.0,0.0,0.0,0.0,155290.81003797567,-4490.08990610925,-606566.4088640609,0.0,0.0,0.0,0.0,0.0,0.0,0.0,0.0,0.0,0.0,0.0,0.0,0.0,0.0,0.0,-34049.9990561202,0.0,0.0,0.0,0.0,0.0,0.0,0.0,0.0
Alabama,2026,0.0,14355.921232516412,0.0,7481.351908055643,0.0,0.0,0.0,0.0,0.0,0.0,0.0,5430.852601680017,0.0,0.0,2953.820322770782,0.0,0.0,0.0,0.0,0.0,0.0,0.0,0.0,0.0,2114.8381448044456,0.0,0.0,0.0,0.0,0.0,0.0,0.0,0.0,0.0,0.0,10799.1064894374,0.0,0.0,0.0,80749.43565918528,25068.982298718765,243997.22079212125,373971.9442797797,0.0,0.0,0.0,127012.24450594722,0.0,-2066.146551833983,-37008.58848043996,-1522.3506586950098,0.0,0.0,0.0,0.0,75620.30015868647,-3727413.9287643423,7000.145931701438,0.0,-820751.397231317,0.0,0.0,4221.637399887302,0.0,0.0,0.0,0.0,0.0,0.0,0.0,313703.0781383449,0.0,0.0,0.0,-360072.8251655323,0.0,3993.8136919548924,0.0,0.0,0.0,-169610.9421398011,0.0,0.0,0.0,0.0,0.0,0.0,0.0,-51156.9679907104,0.0,0.0,0.0,0.0,28877.25975522201,2025.857853023117,1293.522470847407,0.0,0.0,9546.983231651306,0.0,5714.038443284211,-1280726.5166077078,0.0,0.0,2138.282883771917,11028.52636649186,10563.56390793492,0.0,99164.94909328118,43995.140606213594,0.0,4130.2330127407695,-223371.59062453127,0.0,0.0,-451066.10261305096,-32580.640340740443,0.0,0.0,0.0,0.0,-52433.05562782439,-24286.315362017398,0.0,0.0,0.0,0.0,7216.194396169914,-144606.45997749106,0.0,0.0,0.0,0.0,0.0,10554.093499718263,7046.942354979881,0.0,0.0,0.0,0.0,0.0,-3313092.679885465,0.0,0.0,-77397.14962589019,50660.87728908751,0.0,0.0,0.0,0.0,0.0,0.0,0.0,-75480.66490414366,-28194.309774961497,118853.59364481061,0.0,0.0,0.0,0.0,0.0,0.0,3222.5588642583825,-76365.17959277029,0.0,0.0,1363.636971861657,0.0,259.21860204409995,364.0695501569262,0.0,0.0,6209.768311240914,0.0,0.0,0.0,0.0,0.0,179108.41893950547,-11972.993732623509,-1412613.4454692383,0.0,0.0,0.0,0.0,0.0,0.0,0.0,0.0,0.0,0.0,0.0,0.0,0.0,0.0,0.0,-70611.05998953541,0.0,0.0,0.0,0.0,0.0,0.0,0.0,0.0
Alabama,2027,0.0,16723.121010218572,0.0,8714.979084383973,0.0,0.0,0.0,0.0,0.0,0.0,0.0,6326.36553068045,0.0,0.0,3440.8864398234145,0.0,0.0,0.0,0.0,0.0,0.0,0.0,0.0,0.0,2463.5614559158166,0.0,0.0,0.0,0.0,0.0,0.0,0.0,0.0,0.0,0.0,12579.810219078674,0.0,0.0,0.0,94064.50217745511,29202.69746499689,284230.80507167336,435637.5308365524,0.0,0.0,0.0,147955.75290852366,0.0,-4371.727725375753,-64922.12103145966,-6859.551697049086,0.0,0.0,0.0,0.0,-13497.905341902282,-6710263.915402837,7000.5133348002855,0.0,-1409170.606626173,0.0,0.0,4917.758460507022,0.0,0.0,0.0,0.0,0.0,0.0,0.0,365430.7133632852,0.0,0.0,0.0,-639275.7924086091,0.0,4652.368077330437,0.0,0.0,0.0,-406602.0167976264,0.0,0.0,0.0,0.0,0.0,0.0,0.0,-206074.82942774612,0.0,0.0,0.0,0.0,33638.935565923515,2359.9088819790522,1506.8160697637359,0.0,0.0,11121.219828359783,0.0,6656.2469099959635,-2305566.841050301,0.0,0.0,2490.872082691749,12847.059969477195,12305.428169349674,0.0,115516.61623100331,51249.65847213182,0.0,4811.282073352275,-573071.4401210002,0.0,0.0,-849041.647110451,-97276.13008077326,0.0,0.0,0.0,0.0,-118468.62585585087,-52893.13646032699,0.0,0.0,0.0,0.0,8406.098791283046,-330513.22504847986,0.0,0.0,0.0,0.0,0.0,12294.39615126756,8208.938168832945,0.0,0.0,0.0,0.0,0.0,-5708501.82840757,0.0,0.0,-148341.75390537397,59014.53258675628,0.0,0.0,0.0,0.0,0.0,0.0,0.0,-504820.281010624,-69764.82048639684,138451.7925968801,0.0,0.0,0.0,0.0,0.0,0.0,3753.9382514499157,-164478.48422871483,0.0,0.0,1588.4920044558676,0.0,301.9620949343498,424.10229512961087,0.0,0.0,7233.71946894555,0.0,0.0,0.0,0.0,0.0,208642.25397740235,-22398.08212805621,-2532407.8975493787,0.0,0.0,0.0,0.0,0.0,0.0,0.0,0.0,0.0,0.0,0.0,0.0,0.0,0.0,0.0,-121234.0674358026,0.0,0.0,0.0,0.0,0.0,0.0,0.0,0.0
Alabama,2028,0.0,16570.398443915212,0.0,8635.390234298262,0.0,0.0,0.0,0.0,0.0,0.0,0.0,6268.590503003004,0.0,0.0,3409.462819368404,0.0,0.0,0.0,0.0,0.0,0.0,0.0,0.0,0.0,2441.0631777796007,0.0,0.0,0.0,0.0,0.0,0.0,0.0,0.0,0.0,0.0,12464.926107488922,0.0,0.0,0.0,93205.46562788927,28936.006163946702,281635.0899568638,431659.1058974061,0.0,0.0,0.0,146604.55881803506,0.0,-6407.7898931114905,-87373.53130820386,-12170.668134878288,0.0,0.0,0.0,0.0,-120706.1700270921,-9151111.708736904,5717.424532618679,0.0,-1875002.480730434,0.0,0.0,4872.8474243380115,0.0,0.0,0.0,0.0,0.0,0.0,0.0,362093.4465745799,0.0,0.0,0.0,-865696.6338201157,0.0,4609.880697628789,0.0,0.0,0.0,-623730.7928252253,0.0,0.0,0.0,0.0,0.0,0.0,0.0,-358957.7688112841,0.0,0.0,0.0,0.0,33331.730674910475,2338.357202691568,1493.0551924142947,0.0,0.0,11019.656176959237,0.0,6595.459266982296,-3144174.4055809677,0.0,0.0,2468.124392438858,12729.735220897492,12193.049829903583,0.0,114461.66996405367,50781.62506142736,0.0,4767.343424280574,-898395.5444951919,0.0,0.0,-1183182.5194462498,-159065.19940896798,0.0,0.0,0.0,0.0,-178021.37768293102,-78403.3273085145,0.0,0.0,0.0,0.0,8329.330765791863,-498720.33531693043,0.0,0.0,0.0,0.0,0.0,12182.118560845018,8133.970696971446,0.0,0.0,0.0,0.0,0.0,-7610023.717865135,0.0,0.0,-208459.12255467102,58475.587083680904,0.0,0.0,0.0,0.0,0.0,0.0,0.0,-940675.6234523011,-108136.7828993519,137187.3926644884,0.0,0.0,0.0,0.0,0.0,0.0,3719.6557103407904,-242767.73581189336,0.0,0.0,1573.985228159465,0.0,299.20445023175307,420.22921480879313,0.0,0.0,7167.65810393235,0.0,0.0,0.0,0.0,0.0,206736.84526528092,-31122.18289480017,-3446289.9734963924,0.0,0.0,0.0,0.0,0.0,0.0,0.0,0.0,0.0,0.0,0.0,0.0,0.0,0.0,0.0,-161310.61499743082,0.0,0.0,0.0,0.0,0.0,0.0,0.0,0.0
Alabama,2029,0.0,21228.436716167867,0.0,11062.850161912065,0.0,0.0,0.0,0.0,0.0,0.0,0.0,8030.728847165141,0.0,0.0,4367.88324324616,0.0,0.0,0.0,0.0,0.0,0.0,0.0,0.0,0.0,3127.260660934233,0.0,0.0,0.0,0.0,0.0,0.0,0.0,0.0,0.0,0.0,15968.89151097658,0.0,0.0,0.0,119406.08038964611,37070.09084597783,360804.40095856227,553001.0665413775,0.0,0.0,0.0,187815.9785779433,0.0,-7194.1281135073405,-100668.61450436176,-12964.735880402863,0.0,0.0,0.0,0.0,-102164.04256010568,-10500277.339278638,7920.661044906403,0.0,-2168044.586996523,0.0,0.0,6242.634027492932,0.0,0.0,0.0,0.0,0.0,0.0,0.0,463880.0836301064,0.0,0.0,0.0,-995499.9625151026,0.0,5905.745778529046,0.0,0.0,0.0,-691097.7063075672,0.0,0.0,0.0,0.0,0.0,0.0,0.0,-384199.87532942696,0.0,0.0,0.0,0.0,42701.479850806994,2995.6834209597073,1912.7619515722308,0.0,0.0,14117.347544675882,0.0,8449.482378898989,-3607739.703866143,0.0,0.0,3161.9289451520854,16308.140052578368,15620.589183010117,0.0,146637.53110602242,65056.64408791158,0.0,6107.472220967735,-989333.4642527737,0.0,0.0,-1348633.1921989573,-173136.9839382962,0.0,0.0,0.0,0.0,-198420.55237300892,-87735.13043748049,0.0,0.0,0.0,0.0,10670.755543272535,-555203.1100821232,0.0,0.0,0.0,0.0,0.0,15606.58506873231,10420.478588746832,0.0,0.0,0.0,0.0,0.0,-8794124.152254278,0.0,0.0,-237005.11781615345,74913.42492748052,0.0,0.0,0.0,0.0,0.0,0.0,0.0,-989765.7912935857,-119463.51413162169,175751.5906024326,0.0,0.0,0.0,0.0,0.0,0.0,4765.273214169312,-272001.9823811519,0.0,0.0,2016.4419051996847,0.0,383.3126136609553,538.3581645937529,0.0,0.0,9182.529736834986,0.0,0.0,0.0,0.0,0.0,264851.8109850141,-35505.68404783915,-3956967.9935421036,0.0,0.0,0.0,0.0,0.0,0.0,0.0,0.0,0.0,0.0,0.0,0.0,0.0,0.0,0.0,-186521.6762454726,0.0,0.0,0.0,0.0,0.0,0.0,0.0,0.0
Alabama,2030,0.0,22908.38494550489,0.0,11938.32751285474,0.0,0.0,0.0,0.0,0.0,0.0,0.0,8666.25415161706,0.0,0.0,4713.543068251256,0.0,0.0,0.0,0.0,0.0,0.0,0.0,0.0,0.0,3374.7417204326266,0.0,0.0,0.0,0.0,0.0,0.0,0.0,0.0,0.0,0.0,17232.61673846394,0.0,0.0,0.0,128855.48243486986,40003.69515753002,389357.2672214699,596763.7408719901,0.0,0.0,0.0,202679.11357331998,0.0,-3591.6717034191497,-62326.76513845012,-3191.9408415578073,0.0,0.0,0.0,0.0,105437.92590375757,-6303109.4637919115,10997.419730006164,0.0,-1377648.14898002,0.0,0.0,6736.655425352081,0.0,0.0,0.0,0.0,0.0,0.0,0.0,500590.01830587024,0.0,0.0,0.0,-607547.0837335018,0.0,6373.1069552471745,0.0,0.0,0.0,-301998.22564482177,0.0,0.0,0.0,0.0,0.0,0.0,0.0,-103598.09036878776,0.0,0.0,0.0,0.0,46080.733651949966,3232.7518931219893,2064.131602416077,0.0,0.0,15234.547710081883,0.0,9118.146452049274,-2165718.094861188,0.0,0.0,3412.1535379339075,17598.71228695508,16856.7509169174,0.0,158241.94004246988,70205.01160565997,0.0,6590.797360756544,-403357.61278081033,0.0,0.0,-768308.9014146223,-60885.72559398599,0.0,0.0,0.0,0.0,-92275.19530634803,-42443.784723062796,0.0,0.0,0.0,0.0,11515.203823675387,-255055.74983890587,0.0,0.0,0.0,0.0,0.0,16841.638563380213,11245.120779223202,0.0,0.0,0.0,0.0,0.0,-5564117.642145642,0.0,0.0,-132230.365834744,80841.82546130999,0.0,0.0,0.0,0.0,0.0,0.0,0.0,-182959.87077012844,-50527.18888127827,189659.98985874,0.0,0.0,0.0,0.0,0.0,0.0,5142.381166369756,-133183.52002687205,0.0,0.0,2176.0164444600887,0.0,413.6467053895203,580.9620481227557,0.0,0.0,9909.2047519802,0.0,0.0,0.0,0.0,0.0,285811.30681835976,-20373.017841244262,-2387153.119223686,0.0,0.0,0.0,0.0,0.0,0.0,0.0,0.0,0.0,0.0,0.0,0.0,0.0,0.0,0.0,-118522.120608324,0.0,0.0,0.0,0.0,0.0,0.0,0.0,0.0
Alabama,2031,0.0,27566.423217757547,0.0,14365.787440468543,0.0,0.0,0.0,0.0,0.0,0.0,0.0,10428.39249577919,0.0,0.0,5671.963492129009,0.0,0.0,0.0,0.0,0.0,0.0,0.0,0.0,0.0,4060.939203587259,0.0,0.0,0.0,0.0,0.0,0.0,0.0,0.0,0.0,0.0,20736.582141951585,0.0,0.0,0.0,155056.0971966267,48137.77983956109,468526.57822316885,718105.7015159614,0.0,0.0,0.0,243890.53333322844,0.0,37.01333139090275,-26613.27216880643,7442.426649389818,0.0,0.0,0.0,0.0,352243.18870475795,-2330970.7715330217,15793.451020612454,0.0,-652631.623118501,0.0,0.0,8106.442028507008,0.0,0.0,0.0,0.0,0.0,0.0,0.0,602376.6553613977,0.0,0.0,0.0,-243402.72909831232,0.0,7668.972036147432,0.0,0.0,0.0,100302.01402984513,0.0,0.0,0.0,0.0,0.0,0.0,0.0,200299.9965616772,0.0,0.0,0.0,0.0,55450.482827846485,3890.0781113901176,2483.838361574013,0.0,0.0,18332.23907779857,0.0,10972.169563965945,-801028.8360542762,0.0,0.0,4105.958090647135,21177.117118635928,20284.290270023936,0.0,190417.80118443863,84480.03063214419,0.0,7930.926157443719,208704.97033706773,0.0,0.0,-206648.4572812724,58339.272128788056,0.0,0.0,0.0,0.0,16278.012590649421,3504.502975784533,0.0,0.0,0.0,0.0,13856.628601156059,52608.59381262725,0.0,0.0,0.0,0.0,0.0,20266.105071267535,13531.628670998587,0.0,0.0,0.0,0.0,0.0,-2593360.240634406,0.0,0.0,-30043.005396800814,97279.66330510972,0.0,0.0,0.0,0.0,0.0,0.0,0.0,704692.8714112416,21107.121871033683,228224.18779668398,0.0,0.0,0.0,0.0,0.0,0.0,6187.998670198278,7275.337394418428,0.0,0.0,2618.4731215003085,0.0,497.75486881872257,699.090997907716,0.0,0.0,11924.07638488285,0.0,0.0,0.0,0.0,0.0,343926.27253809315,-5767.863384785094,-905083.7518561203,0.0,0.0,0.0,0.0,0.0,0.0,0.0,0.0,0.0,0.0,0.0,0.0,0.0,0.0,0.0,-56147.343576316205,0.0,0.0,0.0,0.0,0.0,0.0,0.0,0.0
Alabama,2032,0.0,32224.46149001023,0.0,16793.247368082346,0.0,0.0,0.0,0.0,0.0,0.0,0.0,12190.530839941319,0.0,0.0,6630.383916006769,0.0,0.0,0.0,0.0,0.0,0.0,0.0,0.0,0.0,4747.136686741895,0.0,0.0,0.0,0.0,0.0,0.0,0.0,0.0,0.0,0.0,24240.547545439258,0.0,0.0,0.0,181256.7119583838,56271.864521592215,547695.8892248678,839447.6621599328,0.0,0.0,0.0,285101.9530931369,0.0,3351.7861622757555,5615.666073452303,17264.22191022124,0.0,0.0,0.0,0.0,582818.7331677885,1262818.3014441738,20405.1322237695,0.0,0.0,0.0,0.0,9476.228631661928,0.0,0.0,0.0,0.0,0.0,0.0,0.0,704163.2924169241,0.0,0.0,0.0,85621.49208908965,0.0,8964.83711704769,0.0,0.0,0.0,469208.48822775204,0.0,0.0,0.0,0.0,0.0,0.0,0.0,480795.91377446614,0.0,0.0,0.0,0.0,64820.232003743,4547.40432965826,2903.5451207319493,0.0,0.0,21429.9304455152,0.0,12826.19267588263,433669.84644562774,0.0,0.0,4799.7626433603655,24755.521950316834,23711.829623130456,0.0,222593.66232640762,98755.04965862841,0.0,9271.054954130872,770783.5727459118,0.0,0.0,303313.7193670587,168086.74634281185,0.0,0.0,0.0,0.0,115662.58778076759,45522.3255010946,0.0,0.0,0.0,0.0,16198.053378636716,334381.7432648055,0.0,0.0,0.0,0.0,0.0,23690.57157915483,15818.136562773958,0.0,0.0,0.0,0.0,0.0,81982.95694813342,0.0,0.0,62849.093512054766,113717.50114890933,0.0,0.0,0.0,0.0,0.0,0.0,0.0,1525742.3332928373,86842.82642719429,266788.3857346277,0.0,0.0,0.0,0.0,0.0,0.0,7233.616174026793,135668.85944023402,0.0,0.0,3060.9297985405283,0.0,581.8630322479253,817.2199476926762,0.0,0.0,13938.948017785486,0.0,0.0,0.0,0.0,0.0,402041.23825782654,7487.180237053821,435299.4480577493,0.0,0.0,0.0,0.0,0.0,0.0,0.0,0.0,0.0,0.0,0.0,0.0,0.0,0.0,0.0,0.0,0.0,0.0,0.0,0.0,0.0,0.0,0.0,0.0
Alabama,2033,0.0,34515.2999845607,0.0,17987.08011936782,0.0,0.0,0.0,0.0,0.0,0.0,0.0,13057.156255103037,0.0,0.0,7101.738222831886,0.0,0.0,0.0,0.0,0.0,0.0,0.0,0.0,0.0,5084.610858785156,0.0,0.0,0.0,0.0,0.0,0.0,0.0,0.0,0.0,0.0,25963.809219285657,0.0,0.0,0.0,194142.26020187058,60272.234037345275,586631.6159470147,899124.0362471314,0.0,0.0,0.0,305369.8644504689,0.0,3590.064799404361,6014.884040759338,18491.536264028444,0.0,0.0,0.0,0.0,624251.3445304274,1352592.114343049,21855.73404062516,0.0,0.0,0.0,0.0,10149.894174197136,0.0,0.0,0.0,0.0,0.0,0.0,0.0,754222.2942475108,0.0,0.0,0.0,91708.32801959361,0.0,9602.14781257241,0.0,0.0,0.0,502564.54189323215,0.0,0.0,0.0,0.0,0.0,0.0,0.0,514975.7180712293,0.0,0.0,0.0,0.0,69428.30536893802,4870.679518970457,3109.958280973555,0.0,0.0,22953.385216523384,0.0,13738.007321087556,464499.4563825212,0.0,0.0,5140.977997153757,26515.39317901233,25397.504714822207,0.0,238417.85633065482,105775.55081919441,0.0,9930.134690206527,825578.6134624453,0.0,0.0,324876.3060519211,180036.04110651882,0.0,0.0,0.0,0.0,123885.04662774154,48758.50977842361,0.0,0.0,0.0,0.0,17349.573761004256,358152.9572409764,0.0,0.0,0.0,0.0,0.0,25374.73543549284,16942.64864069628,0.0,0.0,0.0,0.0,0.0,87811.12924302439,0.0,0.0,67317.0385484568,121801.68369504041,0.0,0.0,0.0,0.0,0.0,0.0,0.0,1634207.4280766891,93016.48707367718,285754.3847205017,0.0,0.0,0.0,0.0,0.0,0.0,7747.8542906637595,145313.56508764403,0.0,0.0,3278.5314429865357,0.0,623.2277027868772,875.3161525049518,0.0,0.0,14929.8684929835,0.0,0.0,0.0,0.0,0.0,430622.3689396621,8019.444234948642,466244.9064504802,0.0,0.0,0.0,0.0,0.0,0.0,0.0,0.0,0.0,0.0,0.0,0.0,0.0,0.0,0.0,0.0,0.0,0.0,0.0,0.0,0.0,0.0,0.0,0.0
Alaska,2024,0.0,0.0,0.0,0.0,0.0,0.0,0.0,0.0,0.0,0.0,0.0,0.0,0.0,0.0,0.0,0.0,0.0,0.0,0.0,0.0,0.0,0.0,0.0,0.0,0.0,0.0,0.0,0.0,0.0,0.0,0.0,0.0,0.0,0.0,0.0,0.0,0.0,0.0,0.0,0.0,0.0,0.0,0.0,0.0,0.0,0.0,0.0,0.0,0.0,0.0,0.0,0.0,0.0,0.0,0.0,0.0,0.0,0.0,0.0,0.0,0.0,0.0,0.0,0.0,0.0,0.0,0.0,0.0,0.0,0.0,0.0,0.0,0.0,0.0,0.0,0.0,0.0,0.0,0.0,0.0,0.0,0.0,0.0,0.0,0.0,0.0,0.0,0.0,0.0,0.0,0.0,0.0,0.0,0.0,0.0,0.0,0.0,0.0,0.0,0.0,0.0,0.0,0.0,0.0,0.0,0.0,0.0,0.0,0.0,0.0,0.0,0.0,0.0,0.0,0.0,0.0,0.0,0.0,0.0,0.0,0.0,0.0,0.0,0.0,0.0,0.0,0.0,0.0,0.0,0.0,0.0,0.0,0.0,0.0,0.0,0.0,0.0,0.0,0.0,0.0,0.0,0.0,0.0,0.0,0.0,0.0,0.0,0.0,0.0,0.0,0.0,0.0,0.0,0.0,0.0,0.0,0.0,0.0,0.0,0.0,0.0,0.0,0.0,0.0,0.0,0.0,0.0,0.0,0.0,0.0,0.0,0.0,0.0,0.0,0.0,0.0,0.0,0.0,0.0,0.0,0.0,0.0,0.0,0.0,0.0,0.0,0.0,0.0,0.0,0.0,0.0,0.0,0.0,0.0,0.0,0.0,0.0,0.0,0.0,0.0,0.0,0.0,0.0,0.0,0.0
Alaska,2025,0.0,0.0,0.0,0.0,0.0,0.0,0.0,0.0,0.0,0.0,0.0,0.0,0.0,0.0,0.0,0.0,0.0,0.0,0.0,0.0,0.0,0.0,0.0,0.0,0.0,0.0,0.0,0.0,0.0,0.0,0.0,0.0,0.0,0.0,0.0,0.0,0.0,0.0,0.0,0.0,0.0,12792.157958282536,0.0,0.0,0.0,0.0,47241.42504243972,0.0,0.0,1529.2386274824712,0.0,0.0,0.0,0.0,0.0,0.0,15550.19428182146,130.98932889950856,0.0,35687.903012380004,0.0,0.0,0.0,0.0,254.25523038748952,0.0,0.0,0.0,0.0,0.0,0.0,0.0,0.0,0.0,0.0,0.0,0.0,0.0,0.0,0.0,44123.477396398026,5806.009322341779,-251195.17433375958,0.0,0.0,0.0,0.0,0.0,0.0,0.0,105620.95922358986,0.0,0.0,0.0,0.0,439.4630197159222,0.0,0.0,1774.3802135243568,4537.204667176018,2127.3408462311745,0.0,0.0,0.0,3754.049127647122,0.0,0.0,0.0,0.0,0.0,0.0,12157.66391455126,20732.881294906954,6561.360523189171,0.0,32968.98957791348,5669.492262507731,0.0,0.0,0.0,0.0,4346.692845043486,3668.0101462826933,0.0,0.0,0.0,0.0,0.0,11285.472133724179,0.0,0.0,0.0,0.0,313159.8444334632,0.0,0.0,53026.34483122977,0.0,0.0,0.0,185.51672642489393,2931.0407026747343,0.0,0.0,0.0,0.0,0.0,0.0,0.0,0.0,0.0,0.0,0.0,-893771.0055980608,4584.461260331234,0.0,0.0,0.0,0.0,0.0,0.0,0.0,0.0,0.0,0.0,201.51623413536208,955.2129892288522,0.0,0.0,3412.5191675093665,0.0,17495.571178233455,0.0,0.0,0.0,0.0,0.0,-20128.040764765115,-864404.8050841736,0.0,0.0,0.0,0.0,0.0,0.0,0.0,0.0,0.0,0.0,0.0,0.0,0.0,0.0,0.0,0.0,0.0,0.0,0.0,0.0,0.0,0.0,0.0,0.0,0.0,0.0
Alaska,2026,0.0,0.0,0.0,0.0,0.0,0.0,0.0,0.0,0.0,0.0,0.0,0.0,0.0,0.0,0.0,0.0,0.0,0.0,0.0,0.0,0.0,0.0,0.0,0.0,0.0,0.0,0.0,0.0,0.0,0.0,0.0,0.0,0.0,0.0,0.0,0.0,0.0,0.0,0.0,0.0,0.0,14754.145375197026,0.0,0.0,0.0,0.0,54487.04238023714,0.0,0.0,1763.7844292435802,0.0,0.0,0.0,0.0,0.0,0.0,17935.19340480023,151.0797167675314,0.0,41161.507768879994,0.0,0.0,0.0,0.0,293.2514313671654,0.0,0.0,0.0,0.0,0.0,0.0,0.0,0.0,0.0,0.0,0.0,0.0,0.0,0.0,0.0,50890.88190504804,6696.501549694818,-590283.0848058712,0.0,0.0,0.0,0.0,0.0,0.0,0.0,121820.49284684006,0.0,0.0,0.0,0.0,506.8653233533332,0.0,0.0,2046.5244180526315,5233.094953552711,2453.6201171255198,0.0,0.0,0.0,4329.823533727962,0.0,0.0,0.0,0.0,0.0,0.0,14022.336294083681,23912.771064064378,7567.704161715126,0.0,38025.583071458386,6539.046290499726,0.0,0.0,0.0,0.0,5013.363526798617,4230.588389577599,0.0,0.0,0.0,0.0,0.0,13016.372767730965,0.0,0.0,0.0,0.0,361190.495420191,0.0,0.0,61159.21980534482,0.0,0.0,0.0,213.9702120728839,3380.5868227168685,0.0,0.0,0.0,0.0,0.0,0.0,0.0,0.0,0.0,0.0,0.0,-2233610.5174643015,5287.59949044339,0.0,0.0,0.0,0.0,0.0,0.0,0.0,0.0,0.0,0.0,232.42363200888303,1101.7180489265284,0.0,0.0,3935.911677863558,0.0,20178.940990846022,0.0,0.0,0.0,0.0,0.0,-41740.45031749226,-2075660.8581684954,0.0,0.0,0.0,0.0,0.0,0.0,0.0,0.0,0.0,0.0,0.0,0.0,0.0,0.0,0.0,0.0,0.0,0.0,0.0,0.0,0.0,0.0,0.0,0.0,0.0,0.0
Alaska,2027,0.0,0.0,0.0,0.0,0.0,0.0,0.0,0.0,0.0,0.0,0.0,0.0,0.0,0.0,0.0,0.0,0.0,0.0,0.0,0.0,0.0,0.0,0.0,0.0,0.0,0.0,0.0,0.0,0.0,0.0,0.0,0.0,0.0,0.0,0.0,0.0,0.0,0.0,0.0,0.0,0.0,17187.009772171034,0.0,0.0,0.0,0.0,63471.60787910607,0.0,0.0,2054.62122342737,0.0,0.0,0.0,0.0,0.0,0.0,20892.592317293893,175.9917977238797,0.0,47948.777666940005,0.0,0.0,0.0,0.0,341.6067205819645,0.0,0.0,0.0,0.0,0.0,0.0,0.0,0.0,0.0,0.0,0.0,0.0,0.0,0.0,0.0,59282.46349577408,7800.711911612569,-1061461.139361395,0.0,0.0,0.0,0.0,0.0,0.0,0.0,141907.9145396701,0.0,0.0,0.0,0.0,590.4441798637235,0.0,0.0,2383.983231667695,6095.998908659807,2858.206413034517,0.0,0.0,0.0,5043.78379726821,0.0,0.0,0.0,0.0,0.0,0.0,16334.530044703803,27855.8343778197,8815.57027348729,0.0,44295.75900345406,7617.293285209773,0.0,0.0,0.0,0.0,5840.035172174976,4928.1854112632645,0.0,0.0,0.0,0.0,0.0,15162.689553899341,0.0,0.0,0.0,0.0,420748.5026437333,0.0,0.0,71243.98477324739,0.0,0.0,0.0,249.2525342763911,3938.024011569134,0.0,0.0,0.0,0.0,0.0,0.0,0.0,0.0,0.0,0.0,0.0,-4097934.3962866087,6159.490895782466,0.0,0.0,0.0,0.0,0.0,0.0,0.0,0.0,0.0,0.0,270.7488053720499,1283.384322951646,0.0,0.0,4584.918390702769,0.0,23506.31955848547,0.0,0.0,0.0,0.0,0.0,-71665.32508280677,-3759607.2310892204,0.0,0.0,0.0,0.0,0.0,0.0,0.0,0.0,0.0,0.0,0.0,0.0,0.0,0.0,0.0,0.0,0.0,0.0,0.0,0.0,0.0,0.0,0.0,0.0,0.0,0.0
Alaska,2028,0.0,0.0,0.0,0.0,0.0,0.0,0.0,0.0,0.0,0.0,0.0,0.0,0.0,0.0,0.0,0.0,0.0,0.0,0.0,0.0,0.0,0.0,0.0,0.0,0.0,0.0,0.0,0.0,0.0,0.0,0.0,0.0,0.0,0.0,0.0,0.0,0.0,0.0,0.0,0.0,0.0,17030.05077881788,0.0,0.0,0.0,0.0,62891.95849208231,0.0,0.0,2035.85755928648,0.0,0.0,0.0,0.0,0.0,0.0,20701.792387455644,174.3845666944378,0.0,47510.88928642002,0.0,0.0,0.0,0.0,338.48702450358996,0.0,0.0,0.0,0.0,0.0,0.0,0.0,0.0,0.0,0.0,0.0,0.0,0.0,0.0,0.0,58741.07113508205,7729.472533424341,-1446749.6952294284,0.0,0.0,0.0,0.0,0.0,0.0,0.0,140611.95184980985,0.0,0.0,0.0,0.0,585.0519955727304,0.0,0.0,2362.2116953054356,6040.327685749675,2832.1040713629736,0.0,0.0,0.0,4997.721844781743,0.0,0.0,0.0,0.0,0.0,0.0,16185.356254341226,27601.443196287088,8735.06278240522,0.0,43891.23152397061,7547.728962970417,0.0,0.0,0.0,0.0,5786.701517634574,4883.1791517996535,0.0,0.0,0.0,0.0,0.0,15024.217503178807,0.0,0.0,0.0,0.0,416906.05056479527,0.0,0.0,70593.35477531818,0.0,0.0,0.0,246.9762554245517,3902.0603219657423,0.0,0.0,0.0,0.0,0.0,0.0,0.0,0.0,0.0,0.0,0.0,-5641114.734280864,6103.23983737349,0.0,0.0,0.0,0.0,0.0,0.0,0.0,0.0,0.0,0.0,268.2762135421681,1271.6639181758346,0.0,0.0,4543.046989874434,0.0,23291.64997347651,0.0,0.0,0.0,0.0,0.0,-95355.85093868076,-5142818.330832033,0.0,0.0,0.0,0.0,0.0,0.0,0.0,0.0,0.0,0.0,0.0,0.0,0.0,0.0,0.0,0.0,0.0,0.0,0.0,0.0,0.0,0.0,0.0,0.0,0.0,0.0
Alaska,2029,0.0,0.0,0.0,0.0,0.0,0.0,0.0,0.0,0.0,0.0,0.0,0.0,0.0,0.0,0.0,0.0,0.0,0.0,0.0,0.0,0.0,0.0,0.0,0.0,0.0,0.0,0.0,0.0,0.0,0.0,0.0,0.0,0.0,0.0,0.0,0.0,0.0,0.0,0.0,0.0,0.0,21817.300076089276,0.0,0.0,0.0,0.0,80571.26479630813,0.0,0.0,2608.149315583596,0.0,0.0,0.0,0.0,0.0,0.0,26521.190247523773,223.40511309241333,0.0,60866.484892280016,0.0,0.0,0.0,0.0,433.6377548940004,0.0,0.0,0.0,0.0,0.0,0.0,0.0,0.0,0.0,0.0,0.0,0.0,0.0,0.0,0.0,75253.53813618794,9902.273568165721,-1660336.6687523483,0.0,0.0,0.0,0.0,0.0,0.0,0.0,180138.81389054004,0.0,0.0,0.0,0.0,749.5136164480136,0.0,0.0,3026.2435543544234,7738.299984508791,3628.2254923451874,0.0,0.0,0.0,6402.611395619009,0.0,0.0,0.0,0.0,0.0,0.0,20735.15686040031,35360.37423303138,11190.541260408543,0.0,56229.31964822038,9669.440791270856,0.0,0.0,0.0,0.0,7413.377981117104,6255.870065439209,0.0,0.0,0.0,0.0,0.0,19247.61505015532,0.0,0.0,0.0,0.0,534100.8389724088,0.0,0.0,90437.56971215876,0.0,0.0,0.0,316.4027604056464,4998.95285486857,0.0,0.0,0.0,0.0,0.0,0.0,0.0,0.0,0.0,0.0,0.0,-6454123.583235245,7818.897118847133,0.0,0.0,0.0,0.0,0.0,0.0,0.0,0.0,0.0,0.0,343.6902643535609,1629.1362638381615,0.0,0.0,5820.124715138678,0.0,29839.072316250997,0.0,0.0,0.0,0.0,0.0,-110258.91356981952,-5895471.045665666,0.0,0.0,0.0,0.0,0.0,0.0,0.0,0.0,0.0,0.0,0.0,0.0,0.0,0.0,0.0,0.0,0.0,0.0,0.0,0.0,0.0,0.0,0.0,0.0,0.0,0.0
Alaska,2030,0.0,0.0,0.0,0.0,0.0,0.0,0.0,0.0,0.0,0.0,0.0,0.0,0.0,0.0,0.0,0.0,0.0,0.0,0.0,0.0,0.0,0.0,0.0,0.0,0.0,0.0,0.0,0.0,0.0,0.0,0.0,0.0,0.0,0.0,0.0,0.0,0.0,0.0,0.0,0.0,0.0,23543.84900297405,0.0,0.0,0.0,0.0,86947.40805356996,0.0,0.0,2814.549621133381,0.0,0.0,0.0,0.0,0.0,0.0,28619.989475745097,241.08465441627345,0.0,65683.257078,0.0,0.0,0.0,0.0,467.9544117561154,0.0,0.0,0.0,0.0,0.0,0.0,0.0,0.0,0.0,0.0,0.0,0.0,0.0,0.0,0.0,81208.85410380003,10685.906728236398,-997997.9865031915,0.0,0.0,0.0,0.0,0.0,0.0,0.0,194394.4034790001,0.0,0.0,0.0,0.0,808.8276436489359,0.0,0.0,3265.730454339311,8350.683436520281,3915.3512507322157,0.0,0.0,0.0,6909.29287297016,0.0,0.0,0.0,0.0,0.0,0.0,22376.068554388825,38158.67722988999,12076.12366231138,0.0,60679.121922539955,10434.64833590381,0.0,0.0,0.0,0.0,8000.048181061626,6750.938919538719,0.0,0.0,0.0,0.0,0.0,20770.80760808129,0.0,0.0,0.0,0.0,576367.8118407293,0.0,0.0,97594.49968938006,0.0,0.0,0.0,341.44182777587685,5394.553440505646,0.0,0.0,0.0,0.0,0.0,0.0,0.0,0.0,0.0,0.0,0.0,-3788595.5227740835,8437.658761345825,0.0,0.0,0.0,0.0,0.0,0.0,0.0,0.0,0.0,0.0,370.88877448226003,1758.0607163721197,0.0,0.0,6280.71012425037,0.0,32200.437751349993,0.0,0.0,0.0,0.0,0.0,-70062.20679180778,-3513406.4458535025,0.0,0.0,0.0,0.0,0.0,0.0,0.0,0.0,0.0,0.0,0.0,0.0,0.0,0.0,0.0,0.0,0.0,0.0,0.0,0.0,0.0,0.0,0.0,0.0,0.0,0.0
Alaska,2031,0.0,0.0,0.0,0.0,0.0,0.0,0.0,0.0,0.0,0.0,0.0,0.0,0.0,0.0,0.0,0.0,0.0,0.0,0.0,0.0,0.0,0.0,0.0,0.0,0.0,0.0,0.0,0.0,0.0,0.0,0.0,0.0,0.0,0.0,0.0,0.0,0.0,0.0,0.0,0.0,0.0,28331.098300245416,0.0,0.0,0.0,0.0,104626.71435779589,0.0,0.0,3386.8413774305045,0.0,0.0,0.0,0.0,0.0,0.0,34439.387335813255,290.10520081424875,0.0,79038.85268386,0.0,0.0,0.0,0.0,563.1051421465249,0.0,0.0,0.0,0.0,0.0,0.0,0.0,0.0,0.0,0.0,0.0,0.0,0.0,0.0,0.0,97721.32110490603,12858.707762977807,-371571.89511099574,0.0,0.0,0.0,0.0,0.0,0.0,0.0,233921.26551973005,0.0,0.0,0.0,0.0,973.2892645242191,0.0,0.0,3929.762313388299,10048.655735279404,4711.472671714437,0.0,0.0,0.0,8314.182423807419,0.0,0.0,0.0,0.0,0.0,0.0,26925.86916044788,45917.60826663431,14531.602140314702,0.0,73017.21004678978,12556.360164204249,0.0,0.0,0.0,0.0,9626.724644544156,8123.629833178253,0.0,0.0,0.0,0.0,0.0,24994.205155057833,0.0,0.0,0.0,0.0,693562.6002483447,0.0,0.0,117438.71462622064,0.0,0.0,0.0,410.86833275697245,6491.445973408459,0.0,0.0,0.0,0.0,0.0,0.0,0.0,0.0,0.0,0.0,0.0,-1240115.8659852594,10153.316042819482,0.0,0.0,0.0,0.0,0.0,0.0,0.0,0.0,0.0,0.0,446.30282529365286,2115.5330620344466,0.0,0.0,7557.787849514614,0.0,38747.86009412448,0.0,0.0,0.0,0.0,0.0,-33190.486098830974,-1251349.9641093127,0.0,0.0,0.0,0.0,0.0,0.0,0.0,0.0,0.0,0.0,0.0,0.0,0.0,0.0,0.0,0.0,0.0,0.0,0.0,0.0,0.0,0.0,0.0,0.0,0.0,0.0
Alaska,2032,0.0,0.0,0.0,0.0,0.0,0.0,0.0,0.0,0.0,0.0,0.0,0.0,0.0,0.0,0.0,0.0,0.0,0.0,0.0,0.0,0.0,0.0,0.0,0.0,0.0,0.0,0.0,0.0,0.0,0.0,0.0,0.0,0.0,0.0,0.0,0.0,0.0,0.0,0.0,0.0,0.0,33118.34759751681,0.0,0.0,0.0,0.0,122306.02066202182,0.0,0.0,3959.133133727624,0.0,0.0,0.0,0.0,0.0,0.0,40258.78519588141,339.12574721222427,0.0,92394.44828971999,0.0,0.0,0.0,0.0,658.2558725369363,0.0,0.0,0.0,0.0,0.0,0.0,0.0,0.0,0.0,0.0,0.0,0.0,0.0,0.0,0.0,114233.78810601193,15031.508797719202,195128.49671154807,0.0,0.0,0.0,0.0,0.0,0.0,0.0,273448.12756046,0.0,0.0,0.0,0.0,1137.750885399504,0.0,0.0,4593.79417243729,11746.628034038527,5507.5940926966505,0.0,0.0,0.0,9719.071974644685,0.0,0.0,0.0,0.0,0.0,0.0,31475.669766506937,53676.53930337864,16987.080618318025,0.0,85355.29817103961,14678.071992504687,0.0,0.0,0.0,0.0,11253.401108026672,9496.320746817793,0.0,0.0,0.0,0.0,0.0,29217.602702034346,0.0,0.0,0.0,0.0,810757.3886559592,0.0,0.0,137282.92956306122,0.0,0.0,0.0,480.2948377380676,7588.33850631128,0.0,0.0,0.0,0.0,0.0,0.0,0.0,0.0,0.0,0.0,0.0,1069358.8741108114,11868.973324293125,0.0,0.0,0.0,0.0,0.0,0.0,0.0,0.0,0.0,0.0,521.7168761050461,2473.005407696781,0.0,0.0,8834.86557477885,0.0,45295.28243689897,0.0,0.0,0.0,0.0,0.0,0.0,796357.9279699409,0.0,0.0,0.0,0.0,0.0,0.0,0.0,0.0,0.0,0.0,0.0,0.0,0.0,0.0,0.0,0.0,0.0,0.0,0.0,0.0,0.0,0.0,0.0,0.0,0.0,0.0
Alaska,2033,0.0,0.0,0.0,0.0,0.0,0.0,0.0,0.0,0.0,0.0,0.0,0.0,0.0,0.0,0.0,0.0,0.0,0.0,0.0,0.0,0.0,0.0,0.0,0.0,0.0,0.0,0.0,0.0,0.0,0.0,0.0,0.0,0.0,0.0,0.0,0.0,0.0,0.0,0.0,0.0,0.0,35472.7324978142,0.0,0.0,0.0,0.0,131000.76146737882,0.0,0.0,4240.588095840962,0.0,0.0,0.0,0.0,0.0,0.0,43120.78414345594,363.23421265385196,0.0,98962.77399751998,0.0,0.0,0.0,0.0,705.0513137125472,0.0,0.0,0.0,0.0,0.0,0.0,0.0,0.0,0.0,0.0,0.0,0.0,0.0,0.0,0.0,122354.67351639201,16100.099470542846,209000.1907905679,0.0,0.0,0.0,0.0,0.0,0.0,0.0,292887.5679083599,0.0,0.0,0.0,0.0,1218.633649764397,0.0,0.0,4920.367217871222,12581.696377690561,5899.129217769874,0.0,0.0,0.0,10410.001261941703,0.0,0.0,0.0,0.0,0.0,0.0,33713.27662194581,57492.40702636758,18194.69298454914,0.0,91423.21036329359,15721.536826095064,0.0,0.0,0.0,0.0,12053.405926132851,10171.414638771668,0.0,0.0,0.0,0.0,0.0,31294.683462842484,0.0,0.0,0.0,0.0,868394.1698400327,0.0,0.0,147042.37953199924,0.0,0.0,0.0,514.439020515656,8127.79385036185,0.0,0.0,0.0,0.0,0.0,0.0,0.0,0.0,0.0,0.0,0.0,1145379.647151865,12712.73920042772,0.0,0.0,0.0,0.0,0.0,0.0,0.0,0.0,0.0,0.0,558.8057535532721,2648.811479333992,0.0,0.0,9462.93658720389,0.0,48515.32621203398,0.0,0.0,0.0,0.0,0.0,0.0,852971.0508114062,0.0,0.0,0.0,0.0,0.0,0.0,0.0,0.0,0.0,0.0,0.0,0.0,0.0,0.0,0.0,0.0,0.0,0.0,0.0,0.0,0.0,0.0,0.0,0.0,0.0,0.0
Arizona,2024,0.0,0.0,0.0,0.0,0.0,0.0,0.0,0.0,0.0,0.0,0.0,0.0,0.0,0.0,0.0,0.0,0.0,0.0,0.0,0.0,0.0,0.0,0.0,0.0,0.0,0.0,0.0,0.0,0.0,0.0,0.0,0.0,0.0,0.0,0.0,0.0,0.0,0.0,0.0,0.0,0.0,0.0,0.0,0.0,0.0,0.0,0.0,0.0,0.0,0.0,0.0,0.0,0.0,0.0,0.0,0.0,0.0,0.0,0.0,0.0,0.0,0.0,0.0,0.0,0.0,0.0,0.0,0.0,0.0,0.0,0.0,0.0,0.0,0.0,0.0,0.0,0.0,0.0,0.0,0.0,0.0,0.0,0.0,0.0,0.0,0.0,0.0,0.0,0.0,0.0,0.0,0.0,0.0,0.0,0.0,0.0,0.0,0.0,0.0,0.0,0.0,0.0,0.0,0.0,0.0,0.0,0.0,0.0,0.0,0.0,0.0,0.0,0.0,0.0,0.0,0.0,0.0,0.0,0.0,0.0,0.0,0.0,0.0,0.0,0.0,0.0,0.0,0.0,0.0,0.0,0.0,0.0,0.0,0.0,0.0,0.0,0.0,0.0,0.0,0.0,0.0,0.0,0.0,0.0,0.0,0.0,0.0,0.0,0.0,0.0,0.0,0.0,0.0,0.0,0.0,0.0,0.0,0.0,0.0,0.0,0.0,0.0,0.0,0.0,0.0,0.0,0.0,0.0,0.0,0.0,0.0,0.0,0.0,0.0,0.0,0.0,0.0,0.0,0.0,0.0,0.0,0.0,0.0,0.0,0.0,0.0,0.0,0.0,0.0,0.0,0.0,0.0,0.0,0.0,0.0,0.0,0.0,0.0,0.0,0.0,0.0,0.0,0.0,0.0,0.0
Arizona,2025,0.0,0.0,0.0,0.0,0.0,0.0,0.0,0.0,0.0,0.0,0.0,0.0,0.0,0.0,0.0,0.0,0.0,0.0,0.0,0.0,0.0,0.0,0.0,0.0,0.0,0.0,0.0,0.0,0.0,0.0,0.0,0.0,0.0,0.0,0.0,0.0,0.0,0.0,0.0,0.0,-825615.9377190666,0.0,0.0,0.0,0.0,0.0,35185.15073727834,0.0,0.0,0.0,0.0,0.0,0.0,0.0,0.0,23650.039527324378,-229471.15480617742,0.0,0.0,1724.7887411895244,0.0,2263.9835349737295,0.0,0.0,0.0,0.0,0.0,0.0,0.0,0.0,0.0,0.0,0.0,0.0,0.0,0.0,4606.664005604056,0.0,0.0,0.0,-26592.067096990068,0.0,-2098.048233125126,0.0,0.0,0.0,0.0,0.0,0.0,0.0,0.0,0.0,0.0,4383.353993138386,0.0,0.0,0.0,103800.67947710212,206333.37139007635,6640.053946025189,57652.095919967396,427431.4825662542,3491.7425293074193,0.0,6448.133969799368,0.0,0.0,98631.12985267816,0.0,0.0,0.0,81.17204902769038,257.96247554502315,3903.7441336272313,0.0,1721.3870223718986,-88946.11916018394,0.0,3492.031856276728,0.0,0.0,-8509.657585444744,41966.80668701092,0.0,11903.924162452604,0.0,0.0,0.0,0.0,0.0,0.0,0.0,0.0,0.0,0.0,0.0,0.0,0.0,0.0,0.0,76710.16694542882,0.0,0.0,0.0,0.0,0.0,0.0,0.0,0.0,0.0,0.0,0.0,0.0,1042.044826363308,-85945.9853363845,0.0,0.0,0.0,0.0,0.0,0.0,50141.521092007984,0.0,73359.28706297965,0.0,0.0,2281.487816617937,0.0,0.0,6658.0578343815,0.0,0.0,0.0,0.0,0.0,0.0,0.0,-2600.954757134577,293834.0064055277,0.0,0.0,0.0,0.0,0.0,0.0,0.0,0.0,0.0,0.0,0.0,0.0,0.0,0.0,0.0,0.0,0.0,0.0,0.0,0.0,0.0,1459.3373727651706,0.0,0.0,0.0,0.0
Arizona,2026,0.0,0.0,0.0,0.0,0.0,0.0,0.0,0.0,0.0,0.0,0.0,0.0,0.0,0.0,0.0,0.0,0.0,0.0,0.0,0.0,0.0,0.0,0.0,0.0,0.0,0.0,0.0,0.0,0.0,0.0,0.0,0.0,0.0,0.0,0.0,0.0,0.0,0.0,0.0,0.0,-2103829.00343576,0.0,0.0,0.0,0.0,0.0,40581.646249130776,0.0,0.0,0.0,0.0,0.0,0.0,0.0,0.0,27277.346203294408,-486978.064592571,0.0,0.0,1989.3268916787274,0.0,2611.2202734666316,0.0,0.0,0.0,0.0,0.0,0.0,0.0,0.0,0.0,0.0,0.0,0.0,0.0,0.0,5313.207564745775,0.0,0.0,0.0,-233421.46684205253,0.0,-32394.701445620216,0.0,0.0,0.0,0.0,0.0,0.0,0.0,0.0,0.0,0.0,5055.647550368209,0.0,0.0,0.0,119721.02909015492,237979.59399591712,7658.467127930897,66494.44191996241,492988.45841997396,4027.2858620232655,0.0,7437.111572529335,0.0,0.0,113758.60375646316,0.0,0.0,0.0,93.6217497988082,297.5272724077563,4502.477896453485,0.0,1985.4034368461107,-330354.0654702028,0.0,4027.619564294626,0.0,0.0,-56824.8239956178,-24989.417225272395,0.0,13729.679402092588,0.0,0.0,0.0,0.0,0.0,0.0,0.0,0.0,0.0,0.0,0.0,0.0,0.0,0.0,0.0,88475.52997386875,0.0,0.0,0.0,0.0,0.0,0.0,0.0,0.0,0.0,0.0,0.0,0.0,1201.8676524926468,-330835.82853063615,0.0,0.0,0.0,0.0,0.0,0.0,57831.93843740795,0.0,84610.71145914204,0.0,0.0,2631.4092608844876,0.0,0.0,7679.232348857186,0.0,0.0,0.0,0.0,0.0,0.0,0.0,-5393.720337066689,176808.31595195178,0.0,0.0,0.0,0.0,0.0,0.0,0.0,0.0,0.0,0.0,0.0,0.0,0.0,0.0,0.0,0.0,0.0,0.0,0.0,0.0,0.0,1683.162123189264,0.0,0.0,0.0,0.0
Arizona,2027,0.0,0.0,0.0,0.0,0.0,0.0,0.0,0.0,0.0,0.0,0.0,0.0,0.0,0.0,0.0,0.0,0.0,0.0,0.0,0.0,0.0,0.0,0.0,0.0,0.0,0.0,0.0,0.0,0.0,0.0,0.0,0.0,0.0,0.0,0.0,0.0,0.0,0.0,0.0,0.0,-3883102.418955801,0.0,0.0,0.0,0.0,0.0,47273.300683827896,0.0,0.0,0.0,0.0,0.0,0.0,0.0,0.0,31775.20648149721,-843793.9109480713,0.0,0.0,2317.354198285324,0.0,3041.7938291978353,0.0,0.0,0.0,0.0,0.0,0.0,0.0,0.0,0.0,0.0,0.0,0.0,0.0,0.0,6189.321578081515,0.0,0.0,0.0,-524096.9594121203,0.0,-75019.75000585773,0.0,0.0,0.0,0.0,0.0,0.0,0.0,0.0,0.0,0.0,5889.291561333172,0.0,0.0,0.0,139462.2626103398,277220.91002715845,8921.299473493971,77458.95095995627,574279.1084785871,4691.359594590933,0.0,8663.443799914472,0.0,0.0,132516.67139715655,0.0,0.0,0.0,109.05937875499478,346.58762051754593,5244.907762358052,0.0,2312.7837907941466,-668127.3593073138,0.0,4691.748322236832,0.0,0.0,-124666.90586717101,-120397.58261740697,0.0,15993.615899246157,0.0,0.0,0.0,0.0,0.0,0.0,0.0,0.0,0.0,0.0,0.0,0.0,0.0,0.0,0.0,103064.58012913435,0.0,0.0,0.0,0.0,0.0,0.0,0.0,0.0,0.0,0.0,0.0,0.0,1400.0479568930314,-673591.754347398,0.0,0.0,0.0,0.0,0.0,0.0,67368.05594570399,0.0,98562.47771038336,0.0,0.0,3065.3118517750154,0.0,0.0,8945.488746807052,0.0,0.0,0.0,0.0,0.0,0.0,0.0,-9260.626524664998,4349.124619486742,0.0,0.0,0.0,0.0,0.0,0.0,0.0,0.0,0.0,0.0,0.0,0.0,0.0,0.0,0.0,0.0,0.0,0.0,0.0,0.0,0.0,1960.7048137151614,0.0,0.0,0.0,0.0
Arizona,2028,0.0,0.0,0.0,0.0,0.0,0.0,0.0,0.0,0.0,0.0,0.0,0.0,0.0,0.0,0.0,0.0,0.0,0.0,0.0,0.0,0.0,0.0,0.0,0.0,0.0,0.0,0.0,0.0,0.0,0.0,0.0,0.0,0.0,0.0,0.0,0.0,0.0,0.0,0.0,0.0,-5360995.417602307,0.0,0.0,0.0,0.0,0.0,46841.58104287973,0.0,0.0,0.0,0.0,0.0,0.0,0.0,0.0,31485.021947419562,-1128239.2539042493,0.0,0.0,2296.1911462461903,0.0,3014.014890118404,0.0,0.0,0.0,0.0,0.0,0.0,0.0,0.0,0.0,0.0,0.0,0.0,0.0,0.0,6132.798093350175,0.0,0.0,0.0,-785755.7106185956,0.0,-113726.1061735432,0.0,0.0,0.0,0.0,0.0,0.0,0.0,0.0,0.0,0.0,5835.508076754784,0.0,0.0,0.0,138188.63464129576,274689.21221869113,8839.826418941506,76751.56327995658,569034.5504102893,4648.516127973664,0.0,8584.325591696077,0.0,0.0,131306.47348485375,0.0,0.0,0.0,108.0634026933053,343.42243676852695,5197.009061331955,0.0,2291.662477636204,-961344.2788737733,0.0,4648.901305595398,0.0,0.0,-185306.58763187425,-215747.26872486062,0.0,15847.555480074952,0.0,0.0,0.0,0.0,0.0,0.0,0.0,0.0,0.0,0.0,0.0,0.0,0.0,0.0,0.0,102123.35108685913,0.0,0.0,0.0,0.0,0.0,0.0,0.0,0.0,0.0,0.0,0.0,0.0,1387.2621308026864,-971939.2023772649,0.0,0.0,0.0,0.0,0.0,0.0,66752.82255807205,0.0,97662.36375869042,0.0,0.0,3037.318136233691,0.0,0.0,8863.794785649021,0.0,0.0,0.0,0.0,0.0,0.0,0.0,-12321.92725651366,-208704.11522390042,0.0,0.0,0.0,0.0,0.0,0.0,0.0,0.0,0.0,0.0,0.0,0.0,0.0,0.0,0.0,0.0,0.0,0.0,0.0,0.0,0.0,1942.7988336812305,0.0,0.0,0.0,0.0
Arizona,2029,0.0,0.0,0.0,0.0,0.0,0.0,0.0,0.0,0.0,0.0,0.0,0.0,0.0,0.0,0.0,0.0,0.0,0.0,0.0,0.0,0.0,0.0,0.0,0.0,0.0,0.0,0.0,0.0,0.0,0.0,0.0,0.0,0.0,0.0,0.0,0.0,0.0,0.0,0.0,0.0,-6128138.572795072,0.0,0.0,0.0,0.0,0.0,60009.030091799796,0.0,0.0,0.0,0.0,0.0,0.0,0.0,0.0,40335.6502367864,-1302564.1420715712,0.0,0.0,2941.6642334398166,0.0,3861.2725320410827,0.0,0.0,0.0,0.0,0.0,0.0,0.0,0.0,0.0,0.0,0.0,0.0,0.0,0.0,7856.764377655993,0.0,0.0,0.0,-876373.9364523953,0.0,-126437.08581070363,0.0,0.0,0.0,0.0,0.0,0.0,0.0,0.0,0.0,0.0,7475.904356395535,0.0,0.0,0.0,177034.28769714385,351905.9953769408,11324.754582791415,98326.88751994446,728993.5714933667,5955.2418598003715,0.0,10997.430942357198,0.0,0.0,168217.50981008913,0.0,0.0,0.0,138.44067257483357,439.9605411135967,6657.91944262803,0.0,2935.8625289532974,-1085249.9578902223,0.0,5955.735313159086,0.0,0.0,-207194.6150975523,-229242.0279698756,0.0,20302.398264796473,0.0,0.0,0.0,0.0,0.0,0.0,0.0,0.0,0.0,0.0,0.0,0.0,0.0,0.0,0.0,130830.83687625278,0.0,0.0,0.0,0.0,0.0,0.0,0.0,0.0,0.0,0.0,0.0,0.0,1777.2298265582795,-1096290.5146374414,0.0,0.0,0.0,0.0,0.0,0.0,85517.4408808481,0.0,125115.83928532712,0.0,0.0,3891.126460244086,0.0,0.0,11355.460600969673,0.0,0.0,0.0,0.0,0.0,0.0,0.0,-14247.707917400914,-163231.82886418514,0.0,0.0,0.0,0.0,0.0,0.0,0.0,0.0,0.0,0.0,0.0,0.0,0.0,0.0,0.0,0.0,0.0,0.0,0.0,0.0,0.0,2488.931224716045,0.0,0.0,0.0,0.0
Arizona,2030,0.0,0.0,0.0,0.0,0.0,0.0,0.0,0.0,0.0,0.0,0.0,0.0,0.0,0.0,0.0,0.0,0.0,0.0,0.0,0.0,0.0,0.0,0.0,0.0,0.0,0.0,0.0,0.0,0.0,0.0,0.0,0.0,0.0,0.0,0.0,0.0,0.0,0.0,0.0,0.0,-3571953.1728723813,0.0,0.0,0.0,0.0,0.0,64757.94614223001,0.0,0.0,0.0,0.0,0.0,0.0,0.0,0.0,43527.68011163996,-818555.5054582667,0.0,0.0,3174.4578058703046,0.0,4166.8408619148395,0.0,0.0,0.0,0.0,0.0,0.0,0.0,0.0,0.0,0.0,0.0,0.0,0.0,0.0,8478.522709700708,0.0,0.0,0.0,-410295.62381820846,0.0,-57284.21045992937,0.0,0.0,0.0,0.0,0.0,0.0,0.0,0.0,0.0,0.0,8067.522686757773,0.0,0.0,0.0,191044.19535663002,379754.67127007945,12220.95818286846,106108.15199994005,786683.7102446398,6426.519992590322,0.0,11867.731232759572,0.0,0.0,181529.68684541993,0.0,0.0,0.0,149.39640925341746,474.7775623528023,7184.805153915142,0.0,3168.1969736906103,-569640.7957725949,0.0,6427.052496214841,0.0,0.0,-99445.62976538192,-53565.04792761174,0.0,21909.062875679636,0.0,0.0,0.0,0.0,0.0,0.0,0.0,0.0,0.0,0.0,0.0,0.0,0.0,0.0,0.0,141184.35634128016,0.0,0.0,0.0,0.0,0.0,0.0,0.0,0.0,0.0,0.0,0.0,0.0,1917.873913552101,-571144.786724282,0.0,0.0,0.0,0.0,0.0,0.0,92285.00814480009,0.0,135017.09275395016,0.0,0.0,4199.057331198655,0.0,0.0,12254.09417370829,0.0,0.0,0.0,0.0,0.0,0.0,0.0,-9053.470836043662,251909.5056296764,0.0,0.0,0.0,0.0,0.0,0.0,0.0,0.0,0.0,0.0,0.0,0.0,0.0,0.0,0.0,0.0,0.0,0.0,0.0,0.0,0.0,2685.897005089253,0.0,0.0,0.0,0.0
Arizona,2031,0.0,0.0,0.0,0.0,0.0,0.0,0.0,0.0,0.0,0.0,0.0,0.0,0.0,0.0,0.0,0.0,0.0,0.0,0.0,0.0,0.0,0.0,0.0,0.0,0.0,0.0,0.0,0.0,0.0,0.0,0.0,0.0,0.0,0.0,0.0,0.0,0.0,0.0,0.0,0.0,-1120627.5849927627,0.0,0.0,0.0,0.0,0.0,77925.39519115008,0.0,0.0,0.0,0.0,0.0,0.0,0.0,0.0,52378.3084010068,-371559.21945833165,0.0,0.0,3819.9308930639345,0.0,5014.098503837522,0.0,0.0,0.0,0.0,0.0,0.0,0.0,0.0,0.0,0.0,0.0,0.0,0.0,0.0,10202.488994006526,0.0,0.0,0.0,65737.67323471094,0.0,13779.072040454077,0.0,0.0,0.0,0.0,0.0,0.0,0.0,0.0,0.0,0.0,9707.918966398523,0.0,0.0,0.0,229889.8484124781,456971.4544283296,14705.88634671837,127683.47623992781,946642.7313277172,7733.245724417015,0.0,14280.836583420678,0.0,0.0,218440.7231706553,0.0,0.0,0.0,179.77367913494572,571.3156666978721,8645.715535211217,0.0,3812.3970250077,-56982.49226886127,0.0,7733.886503778529,0.0,0.0,10050.694136768696,138059.767866662,0.0,26363.905660401157,0.0,0.0,0.0,0.0,0.0,0.0,0.0,0.0,0.0,0.0,0.0,0.0,0.0,0.0,0.0,169891.8421306737,0.0,0.0,0.0,0.0,0.0,0.0,0.0,0.0,0.0,0.0,0.0,0.0,2307.841609307694,-47914.8363868813,0.0,0.0,0.0,0.0,0.0,0.0,111049.62646757602,0.0,162470.5682805865,0.0,0.0,5052.865655209047,0.0,0.0,14745.759989028971,0.0,0.0,0.0,0.0,0.0,0.0,0.0,-4288.889997752887,750399.9581798846,0.0,0.0,0.0,0.0,0.0,0.0,0.0,0.0,0.0,0.0,0.0,0.0,0.0,0.0,0.0,0.0,0.0,0.0,0.0,0.0,0.0,3232.029396124075,0.0,0.0,0.0,0.0
Arizona,2032,0.0,0.0,0.0,0.0,0.0,0.0,0.0,0.0,0.0,0.0,0.0,0.0,0.0,0.0,0.0,0.0,0.0,0.0,0.0,0.0,0.0,0.0,0.0,0.0,0.0,0.0,0.0,0.0,0.0,0.0,0.0,0.0,0.0,0.0,0.0,0.0,0.0,0.0,0.0,0.0,1101861.9225307899,0.0,0.0,0.0,0.0,0.0,91092.84424007015,0.0,0.0,0.0,0.0,0.0,0.0,0.0,0.0,61228.93669037358,31260.5610388855,0.0,0.0,4465.403980257564,0.0,5861.3561457602045,0.0,0.0,0.0,0.0,0.0,0.0,0.0,0.0,0.0,0.0,0.0,0.0,0.0,0.0,11926.455278312344,0.0,0.0,0.0,501481.5271466025,0.0,78885.92764573701,0.0,0.0,0.0,0.0,0.0,0.0,0.0,0.0,0.0,0.0,11348.315246039267,0.0,0.0,0.0,268735.50146832643,534188.2375865798,17190.814510568278,149258.8004799157,1106601.7524107937,9039.971456243715,0.0,16693.9419340818,0.0,0.0,255351.75949589093,0.0,0.0,0.0,210.150949016474,667.8537710429423,10106.625916507299,0.0,4456.597076324793,410415.528074034,0.0,9040.720511342217,0.0,0.0,110205.47012056457,315100.3936925456,0.0,30818.748445122677,0.0,0.0,0.0,0.0,0.0,0.0,0.0,0.0,0.0,0.0,0.0,0.0,0.0,0.0,0.0,198599.32792006724,0.0,0.0,0.0,0.0,0.0,0.0,0.0,0.0,0.0,0.0,0.0,0.0,2697.809305063289,429271.4920685822,0.0,0.0,0.0,0.0,0.0,0.0,129814.24479035207,0.0,189924.0438072232,0.0,0.0,5906.673979219442,0.0,0.0,17237.425804349667,0.0,0.0,0.0,0.0,0.0,0.0,0.0,0.0,1216680.4035009518,0.0,0.0,0.0,0.0,0.0,0.0,0.0,0.0,0.0,0.0,0.0,0.0,0.0,0.0,0.0,0.0,0.0,0.0,0.0,0.0,0.0,3778.1617871588896,0.0,0.0,0.0,0.0
Arizona,2033,0.0,0.0,0.0,0.0,0.0,0.0,0.0,0.0,0.0,0.0,0.0,0.0,0.0,0.0,0.0,0.0,0.0,0.0,0.0,0.0,0.0,0.0,0.0,0.0,0.0,0.0,0.0,0.0,0.0,0.0,0.0,0.0,0.0,0.0,0.0,0.0,0.0,0.0,0.0,0.0,1180193.3388244472,0.0,0.0,0.0,0.0,0.0,97568.63885429321,0.0,0.0,0.0,0.0,0.0,0.0,0.0,0.0,65581.70470153756,33482.87580468308,0.0,0.0,4782.849760844594,0.0,6278.040231951694,0.0,0.0,0.0,0.0,0.0,0.0,0.0,0.0,0.0,0.0,0.0,0.0,0.0,0.0,12774.307549282406,0.0,0.0,0.0,537131.8726783516,0.0,84493.93198074197,0.0,0.0,0.0,0.0,0.0,0.0,0.0,0.0,0.0,0.0,12155.06751471504,0.0,0.0,0.0,287839.9210039892,572163.7047135872,18412.91032885514,159869.6156799097,1185270.123435258,9682.623455502748,0.0,17880.71505735774,0.0,0.0,273504.7281804329,0.0,0.0,0.0,225.09058994181578,715.3315272782224,10825.106431898814,0.0,4773.416773693854,439591.9874157901,0.0,9683.425760963699,0.0,0.0,118039.98221444362,337500.89561381657,0.0,33009.65473269066,0.0,0.0,0.0,0.0,0.0,0.0,0.0,0.0,0.0,0.0,0.0,0.0,0.0,0.0,0.0,212717.7635541953,0.0,0.0,0.0,0.0,0.0,0.0,0.0,0.0,0.0,0.0,0.0,0.0,2889.5966964184954,459788.42278435826,0.0,0.0,0.0,0.0,0.0,0.0,139042.74560483207,0.0,203425.75308261788,0.0,0.0,6326.579712339306,0.0,0.0,18462.835221720496,0.0,0.0,0.0,0.0,0.0,0.0,0.0,0.0,1303174.2710484127,0.0,0.0,0.0,0.0,0.0,0.0,0.0,0.0,0.0,0.0,0.0,0.0,0.0,0.0,0.0,0.0,0.0,0.0,0.0,0.0,0.0,4046.751487667818,0.0,0.0,0.0,0.0
Arkansas,2024,0.0,0.0,0.0,0.0,0.0,0.0,0.0,0.0,0.0,0.0,0.0,0.0,0.0,0.0,0.0,0.0,0.0,0.0,0.0,0.0,0.0,0.0,0.0,0.0,0.0,0.0,0.0,0.0,0.0,0.0,0.0,0.0,0.0,0.0,0.0,0.0,0.0,0.0,0.0,0.0,0.0,0.0,0.0,0.0,0.0,0.0,0.0,0.0,0.0,0.0,0.0,0.0,0.0,0.0,0.0,0.0,0.0,0.0,0.0,0.0,0.0,0.0,0.0,0.0,0.0,0.0,0.0,0.0,0.0,0.0,0.0,0.0,0.0,0.0,0.0,0.0,0.0,0.0,0.0,0.0,0.0,0.0,0.0,0.0,0.0,0.0,0.0,0.0,0.0,0.0,0.0,0.0,0.0,0.0,0.0,0.0,0.0,0.0,0.0,0.0,0.0,0.0,0.0,0.0,0.0,0.0,0.0,0.0,0.0,0.0,0.0,0.0,0.0,0.0,0.0,0.0,0.0,0.0,0.0,0.0,0.0,0.0,0.0,0.0,0.0,0.0,0.0,0.0,0.0,0.0,0.0,0.0,0.0,0.0,0.0,0.0,0.0,0.0,0.0,0.0,0.0,0.0,0.0,0.0,0.0,0.0,0.0,0.0,0.0,0.0,0.0,0.0,0.0,0.0,0.0,0.0,0.0,0.0,0.0,0.0,0.0,0.0,0.0,0.0,0.0,0.0,0.0,0.0,0.0,0.0,0.0,0.0,0.0,0.0,0.0,0.0,0.0,0.0,0.0,0.0,0.0,0.0,0.0,0.0,0.0,0.0,0.0,0.0,0.0,0.0,0.0,0.0,0.0,0.0,0.0,0.0,0.0,0.0,0.0,0.0,0.0,0.0,0.0,0.0,0.0
Arkansas,2025,0.0,0.0,0.0,4988.252828009223,0.0,0.0,2868.635409189592,0.0,0.0,0.0,0.0,21665.44963770898,0.0,0.0,0.0,0.0,0.0,0.0,0.0,0.0,0.0,0.0,2607.8486380173526,0.0,0.0,0.0,0.0,0.0,0.0,757.51376052263,0.0,0.0,0.0,0.0,0.0,31182.50069540768,0.0,0.0,0.0,116192.6269545739,22591.659470598504,8106.030978207127,127607.39450454013,0.0,0.0,2894.122719647632,310457.8678913899,0.0,20189.598937666568,-445369.15519889997,-172322.6591539097,0.0,0.0,0.0,-340957.7672975046,-60293.969775021076,-2333647.004411742,10239.288013961748,0.0,-687622.4098018722,0.0,0.0,0.0,0.0,316.1252487422321,16873.54885107142,0.0,0.0,0.0,0.0,457817.43602231983,0.0,0.0,0.0,-580114.1657519275,0.0,86144.12516093417,0.0,0.0,6255.261428809143,38877.52466606209,0.0,0.0,1063.5649834307296,0.0,0.0,0.0,1291.2025946591875,-77828.17119762767,0.0,0.0,0.0,0.0,58409.62351045525,0.0,-49169.06535992131,0.0,0.0,671519.3271628767,264855.78897835454,66138.98787996895,3763.4740187925054,15185.155501271161,168903.19843902322,82916.62655015243,0.0,0.0,618800.9948540609,0.0,0.0,0.0,85321.29672335461,-15548.134130849969,0.0,0.0,7297.42172904918,-42099.71188899269,0.0,0.0,0.0,0.0,-585912.7944837585,312972.51949106343,0.0,0.0,0.0,3230.811772210509,0.0,118090.27831096575,0.0,0.0,0.0,2875.123088215274,0.0,0.0,-4653.772343100398,60131.36198663514,0.0,0.0,0.0,289721.22861075867,-1846519.9174116189,30750.053896248923,0.0,98808.00264980039,0.0,0.0,0.0,0.0,0.0,5109.616265384655,0.0,0.0,-105885.0260718083,19582.82160278363,0.0,0.0,0.0,0.0,0.0,0.0,0.0,0.0,7936.531217085256,-6517.172638766628,0.0,944.0356222179926,828396.8889274355,0.0,1046.4956480511155,0.0,0.0,0.0,0.0,0.0,0.0,0.0,816.9841515913922,-164856.64015383506,-15342.470661272324,471509.78199867066,0.0,0.0,0.0,0.0,0.0,0.0,0.0,0.0,0.0,0.0,0.0,0.0,-11112.23124604382,0.0,0.0,-165296.7351552312,4051.4471118025904,0.0,0.0,2553.0486229590715,0.0,0.0,0.0,0.0
Arkansas,2026,0.0,0.0,0.0,5753.322280157889,0.0,0.0,3308.6101652002617,0.0,0.0,0.0,0.0,24988.371361283993,0.0,0.0,0.0,0.0,0.0,0.0,0.0,0.0,0.0,0.0,3007.825422989332,0.0,0.0,0.0,0.0,0.0,0.0,873.6968526273249,0.0,0.0,0.0,0.0,0.0,35965.09282660519,0.0,0.0,0.0,134013.582008956,7802.310145027586,-40346.037865179474,147179.08077824302,0.0,0.0,3338.006572354323,358074.10529804556,0.0,19345.624240844045,-955972.9070364404,-363455.2839382647,0.0,0.0,0.0,-707059.9127142942,-300912.94523755973,-5729922.008194327,10663.597060264117,0.0,-1507184.9340546813,0.0,0.0,0.0,0.0,364.6107163407346,19461.51646626639,0.0,0.0,0.0,0.0,528034.8341852529,0.0,0.0,0.0,-1398155.7389017958,0.0,61887.017826889874,0.0,0.0,-28768.09261110716,-194910.81133839907,0.0,0.0,1226.688447147104,0.0,0.0,0.0,1489.2398024290032,-439677.86072291946,0.0,0.0,0.0,0.0,67368.15472371515,0.0,-139463.40237616654,0.0,0.0,697940.5361005776,305477.8425026424,76283.00442597643,4340.693960325094,17514.16708122063,194808.59697261546,6720.080054976977,0.0,0.0,654597.7861248441,0.0,0.0,0.0,85928.5114469165,-132616.7617538646,0.0,0.0,-140937.0236503454,-220450.78794182185,0.0,0.0,0.0,0.0,-1416208.242203455,256704.0261189686,0.0,0.0,0.0,3726.3350501569003,0.0,136202.2841868808,0.0,0.0,0.0,3316.0928870212956,0.0,0.0,-37211.599305059004,69353.96351832757,0.0,0.0,0.0,284187.7134622382,-3942971.370025367,35466.319831256405,0.0,79708.68759811437,0.0,0.0,0.0,0.0,0.0,5893.299741670657,0.0,0.0,-362289.0256477529,-54717.04465330811,0.0,0.0,0.0,0.0,0.0,0.0,0.0,0.0,-4860.016868527513,-18862.98924398239,0.0,1088.826361821979,955451.626492992,0.0,1207.0011155436187,0.0,0.0,0.0,0.0,0.0,0.0,0.0,942.288469320134,-508517.68330262695,-40198.964962748854,543827.2332254602,0.0,0.0,0.0,0.0,0.0,0.0,0.0,0.0,0.0,0.0,0.0,0.0,-23043.948572179364,0.0,0.0,-391749.83449465863,4672.834705637339,0.0,0.0,2944.620497646043,0.0,0.0,0.0,0.0
Arkansas,2027,0.0,0.0,0.0,6702.008400822226,0.0,0.0,3854.178862653498,0.0,0.0,0.0,0.0,29108.794298516994,0.0,0.0,0.0,0.0,0.0,0.0,0.0,0.0,0.0,0.0,3503.796636354593,0.0,0.0,0.0,0.0,0.0,0.0,1017.7638868371523,0.0,0.0,0.0,0.0,0.0,41895.50706929009,0.0,0.0,0.0,156111.56627639034,-13616.255196915125,-108810.93168341636,171447.97175763384,0.0,0.0,3888.422549710631,417118.2396822977,0.0,17634.269040843705,-1663743.2982245788,-628247.5056182499,0.0,0.0,0.0,-1213970.5755990795,-638316.2209879723,-10453917.734214135,10996.370719305502,0.0,-2643921.4075734634,0.0,0.0,0.0,0.0,424.73269616287735,22670.596309108194,0.0,0.0,0.0,0.0,615104.4079072885,0.0,0.0,0.0,-2535531.560972437,0.0,25486.569325313438,0.0,0.0,-78267.86801119032,-525257.8742565429,0.0,0.0,1428.9615421554026,0.0,0.0,0.0,1734.805940063572,-947406.8937638849,0.0,0.0,0.0,0.0,78476.73342815752,0.0,-265390.0338495369,0.0,0.0,717783.9251596518,355849.18887275876,88861.58494302549,5056.446687825504,20402.141440358188,226931.2911542689,-102764.70003613876,0.0,0.0,689012.859915765,0.0,0.0,0.0,84576.08912456594,-297130.71940530767,0.0,0.0,-349945.8872740632,-470607.16603740235,0.0,0.0,0.0,0.0,-2570696.228585697,169339.1499700183,0.0,0.0,0.0,4340.783914810432,0.0,158661.17147301557,0.0,0.0,0.0,3862.89543754077,0.0,0.0,-82955.86327328521,80789.98941762629,0.0,0.0,0.0,268895.6049494026,-6848491.7744592335,41314.489590665675,0.0,50246.40001262748,0.0,0.0,0.0,0.0,0.0,6865.067252265282,0.0,0.0,-720749.1598929679,-159891.08778236457,0.0,0.0,0.0,0.0,0.0,0.0,0.0,0.0,-23092.070854787773,-36086.080261047,0.0,1268.366878930925,1112999.5010742787,0.0,1406.0278952343197,0.0,0.0,0.0,0.0,0.0,0.0,0.0,1097.6658233037724,-988372.1138798622,-74817.66307412884,633500.8727466799,0.0,0.0,0.0,0.0,0.0,0.0,0.0,0.0,0.0,0.0,0.0,0.0,-39564.78794682858,0.0,0.0,-706480.3316240668,5443.355321992436,0.0,0.0,3430.1696222578976,0.0,0.0,0.0,0.0
Arkansas,2028,0.0,0.0,0.0,6640.80284465033,0.0,0.0,3818.9808821726474,0.0,0.0,0.0,0.0,28842.960560631007,0.0,0.0,0.0,0.0,0.0,0.0,0.0,0.0,0.0,0.0,3471.7984935568384,0.0,0.0,0.0,0.0,0.0,0.0,1008.4692394687772,0.0,0.0,0.0,0.0,0.0,41512.899698794354,0.0,0.0,0.0,154685.88987204013,-37480.828849385725,-173124.33108965168,169882.23685573786,0.0,0.0,3852.9118414940967,413308.9406897649,0.0,12294.766619711241,-2229792.0129326847,-838954.2129894986,0.0,0.0,0.0,-1615274.8503828684,-936543.596059619,-14351300.355787449,9389.755491595017,0.0,-3558209.089292084,0.0,0.0,0.0,0.0,420.85385875499696,22463.55889989261,0.0,0.0,0.0,0.0,609487.016054254,0.0,0.0,0.0,-3470479.3570182263,0.0,-23986.588353161467,0.0,0.0,-124839.82022633567,-835529.9439231385,0.0,0.0,1415.9116650580927,0.0,0.0,0.0,1718.962963441989,-1398592.7173639075,0.0,0.0,0.0,0.0,77760.05093109678,0.0,-371716.3183428281,0.0,0.0,610601.0080925152,352599.4245908167,88050.06361934508,5010.269092502902,20215.820513962186,224858.8592715829,-218672.29794590035,0.0,0.0,605039.3477234729,0.0,0.0,0.0,67404.59408413526,-445129.09100889973,0.0,0.0,-543023.1604689616,-692203.9520543478,0.0,0.0,0.0,0.0,-3520257.561490513,30765.720195157453,0.0,0.0,0.0,4301.1420525747235,0.0,157212.21100294217,0.0,0.0,0.0,3827.617853636293,0.0,0.0,-124046.14137496054,80052.18129509082,0.0,0.0,0.0,200772.8045914173,-9168821.415068313,40937.18831586512,0.0,4772.7475954114925,0.0,0.0,0.0,0.0,0.0,6802.3725741624,0.0,0.0,-1029778.4262296893,-260019.10655330354,0.0,0.0,0.0,0.0,0.0,0.0,0.0,0.0,-41297.42805364949,-50667.20064681563,0.0,1256.7836197626038,1102835.1220690403,0.0,1393.1874578349198,0.0,0.0,0.0,0.0,0.0,0.0,0.0,1087.6414778854705,-1397740.044173753,-103707.17797933228,627715.4766485365,0.0,0.0,0.0,0.0,0.0,0.0,0.0,0.0,0.0,0.0,0.0,0.0,-52643.78578509255,0.0,0.0,-964305.104353957,5393.64431448566,0.0,0.0,3398.8438722829305,0.0,0.0,0.0,0.0
Arkansas,2029,0.0,0.0,0.0,8507.572307893046,0.0,0.0,4892.519286838688,0.0,0.0,0.0,0.0,36950.88956615399,0.0,0.0,0.0,0.0,0.0,0.0,0.0,0.0,0.0,0.0,4447.741848888483,0.0,0.0,0.0,0.0,0.0,0.0,1291.95598420424,0.0,0.0,0.0,0.0,0.0,53182.424498916196,0.0,0.0,0.0,198169.0202047336,-36288.9604840955,-189862.60101365834,217637.1513635721,0.0,0.0,4935.988442098416,529492.559962003,0.0,18282.597940131032,-2572435.92798556,-968971.8146480563,0.0,0.0,0.0,-1867724.4067004896,-1051161.1903741732,-16433469.802664202,12765.634682606673,0.0,-4099652.066295554,0.0,0.0,0.0,0.0,539.1583996953432,28778.1998809684,0.0,0.0,0.0,0.0,780817.4675718099,0.0,0.0,0.0,-3977644.383216722,0.0,-6656.201977804769,0.0,0.0,-136815.01511286385,-916368.2375760982,0.0,0.0,1813.932916526037,0.0,0.0,0.0,2202.1737504003377,-1566935.1590506323,0.0,0.0,0.0,0.0,99618.86709145119,0.0,-423041.2029664769,0.0,0.0,831440.5799119864,451717.2351900763,112801.46399160335,6418.685749842429,25898.60876903907,288068.03169354796,-223017.46139372466,0.0,0.0,813097.1042093709,0.0,0.0,0.0,94369.7968727951,-496575.948666536,0.0,0.0,-599714.1791504538,-776348.9465198626,0.0,0.0,0.0,0.0,-4034114.1199287255,106405.30900460854,0.0,0.0,0.0,5510.218850763929,0.0,201405.505340175,0.0,0.0,0.0,4903.584162722975,0.0,0.0,-138457.2354308726,102555.32903242065,0.0,0.0,0.0,289315.27278705593,-10581268.363504834,52444.87719728338,0.0,28121.68940190575,0.0,0.0,0.0,0.0,0.0,8714.560256300225,0.0,0.0,-1164955.90637436,-283446.5350000267,0.0,0.0,0.0,0.0,0.0,0.0,0.0,0.0,-43902.857949383324,-57620.369259845276,0.0,1610.0730243963299,1412848.681729,0.0,1784.8207985166264,0.0,0.0,0.0,0.0,0.0,0.0,0.0,1393.384013143601,-1586104.2608613889,-118402.03848741339,804170.0576419048,0.0,0.0,0.0,0.0,0.0,0.0,0.0,0.0,0.0,0.0,0.0,0.0,-60871.426029213486,0.0,0.0,-1106174.7330446322,6909.830043442453,0.0,0.0,4354.279246519149,0.0,0.0,0.0,0.0
Arkansas,2030,0.0,0.0,0.0,9180.833425783858,0.0,0.0,5279.697072128089,0.0,0.0,0.0,0.0,39875.06068290002,0.0,0.0,0.0,0.0,0.0,0.0,0.0,0.0,0.0,0.0,4799.72141966382,0.0,0.0,0.0,0.0,0.0,0.0,1394.197105256375,0.0,0.0,0.0,0.0,0.0,57391.105574369954,0.0,0.0,0.0,213851.46065259003,9045.92557439406,-73650.52698746382,234860.23528442997,0.0,0.0,5326.606232480306,571394.8488798602,0.0,30135.736846688553,-1607980.135200798,-610700.1404923717,0.0,0.0,0.0,-1186814.647230252,-523332.74331937963,-9710168.366094528,16802.615700289025,0.0,-2538267.165965036,0.0,0.0,0.0,0.0,581.8256111820247,31055.611382339994,0.0,0.0,0.0,0.0,842608.7779551903,0.0,0.0,0.0,-2367076.06034042,0.0,91767.55543128215,0.0,0.0,-52617.58409465593,-355743.2813488636,0.0,0.0,1957.4815645964409,0.0,0.0,0.0,2376.4464932377723,-766874.9848206416,0.0,0.0,0.0,0.0,107502.37455912004,0.0,-237982.05195623403,0.0,0.0,1099453.5413609631,487464.642291449,121728.19855209021,6926.639298391121,27948.13895939471,310864.7824031096,-5859.5638412721455,0.0,0.0,1033546.2266876232,0.0,0.0,0.0,134792.56132675963,-233011.9098251718,0.0,0.0,-252755.0901032919,-383842.7074145379,0.0,0.0,0.0,0.0,-2398002.813804764,390186.8683601301,0.0,0.0,0.0,5946.279335356769,0.0,217344.0705109802,0.0,0.0,0.0,5291.637585672281,0.0,0.0,-65319.36786631198,110671.2183803101,0.0,0.0,0.0,444171.3846120592,-6630159.016116094,56595.191220090026,0.0,120806.101321436,0.0,0.0,0.0,0.0,0.0,9404.201715431896,0.0,0.0,-622913.1702516219,-101732.09185972996,0.0,0.0,0.0,0.0,0.0,0.0,0.0,0.0,-10369.026495433238,-32216.67570651938,0.0,1737.4888752478382,1524656.8507866897,0.0,1926.0656099100306,0.0,0.0,0.0,0.0,0.0,0.0,0.0,1503.6518127448944,-870843.9579854733,-68344.3292995898,867809.4147214806,0.0,0.0,0.0,0.0,0.0,0.0,0.0,0.0,0.0,0.0,0.0,0.0,-38679.74298032952,0.0,0.0,-662639.5327289781,7456.651126017037,0.0,0.0,4698.862496243692,0.0,0.0,0.0,0.0
Arkansas,2031,0.0,0.0,0.0,11047.602889026588,0.0,0.0,6353.2354767941215,0.0,0.0,0.0,0.0,47982.989688423,0.0,0.0,0.0,0.0,0.0,0.0,0.0,0.0,0.0,0.0,5775.664774995468,0.0,0.0,0.0,0.0,0.0,0.0,1677.683849991834,0.0,0.0,0.0,0.0,0.0,69060.63037449186,0.0,0.0,0.0,257334.5909852835,61255.296588255325,48500.53459547076,282615.149792264,0.0,0.0,6409.682833084633,687578.4681520979,0.0,47136.65278375265,-714488.8616297941,-280403.6696182621,0.0,0.0,0.0,-562228.2947472126,8690.442499537021,-3300695.772712024,23381.729216941807,0.0,-1083934.3320965215,0.0,0.0,0.0,0.0,700.1301521223695,37370.25236341581,0.0,0.0,0.0,0.0,1013939.2294727461,0.0,0.0,0.0,-836632.3359669638,0.0,213818.04201978538,0.0,0.0,35972.41654677817,233478.9665961899,0.0,0.0,2355.5028160643833,0.0,0.0,0.0,2859.6572801961174,42724.90863348916,0.0,0.0,0.0,0.0,129361.19071947446,0.0,-58027.26492613298,0.0,0.0,1534299.3734510336,586582.4528907114,146479.59892434836,8335.05595573064,33630.92721447168,374073.95482507534,238293.1155138919,0.0,0.0,1406809.3425882403,0.0,0.0,0.0,196633.93055506237,36061.85173917306,0.0,0.0,107970.07624655683,12424.72564545786,0.0,0.0,0.0,0.0,-842488.88563659,757243.164777996,0.0,0.0,0.0,7155.356133545967,0.0,261537.3648482128,0.0,0.0,0.0,6367.603894758977,0.0,0.0,9267.848162628827,133174.3661176397,0.0,0.0,0.0,672368.8559117904,-2974924.2399299596,68102.88010150829,0.0,239888.46629390772,0.0,0.0,0.0,0.0,0.0,11316.389397569706,0.0,0.0,-86876.35707657086,90889.2301333386,0.0,0.0,0.0,0.0,0.0,0.0,0.0,0.0,26191.568722959142,-7459.1530582903215,0.0,2090.778279881566,1834670.4104466513,0.0,2317.6989505917336,0.0,0.0,0.0,0.0,0.0,0.0,0.0,1809.394348003023,-169404.77939530788,-20146.435346752405,1044263.9957148479,0.0,0.0,0.0,0.0,0.0,0.0,0.0,0.0,0.0,0.0,0.0,0.0,-18323.708750851016,0.0,0.0,-242469.14920255763,8972.83685497383,0.0,0.0,5654.297870479906,0.0,0.0,0.0,0.0
Arkansas,2032,0.0,0.0,0.0,12914.372352269304,0.0,0.0,7426.773881460169,0.0,0.0,0.0,0.0,56090.918693946034,0.0,0.0,0.0,0.0,0.0,0.0,0.0,0.0,0.0,0.0,6751.608130327109,0.0,0.0,0.0,0.0,0.0,0.0,1961.1705947272985,0.0,0.0,0.0,0.0,0.0,80730.15517461376,0.0,0.0,0.0,300817.7213179767,109837.27635875484,160776.4372868567,330370.06430009846,0.0,0.0,7492.75943368896,803762.0874243365,0.0,63354.52830082603,91112.06596107199,17164.048392286262,0.0,0.0,0.0,0.0,494736.87560254196,2505013.2811107524,29733.089834294427,0.0,228497.01063201274,0.0,0.0,0.0,0.0,818.4346930627144,43684.893344491604,0.0,0.0,0.0,0.0,1185269.680990301,0.0,0.0,0.0,548935.5368750007,0.0,328422.833409647,0.0,0.0,117412.13952452701,775059.295299184,0.0,0.0,2753.5240675323257,0.0,0.0,0.0,3342.8680671544626,782792.204864304,0.0,0.0,0.0,0.0,151220.00687982887,0.0,105483.32526620151,0.0,0.0,1953929.164099848,685700.2634899723,171230.99929660663,9743.47261307016,39313.715469548595,437283.1272470411,464777.370266092,0.0,0.0,1768326.2058699206,0.0,0.0,0.0,255995.57235302334,282346.3032212213,0.0,0.0,439016.5688900491,374534.3943630436,0.0,0.0,0.0,0.0,565890.9024288361,1103579.4659301266,0.0,0.0,0.0,8364.432931735173,0.0,305730.6591854454,0.0,0.0,0.0,7443.57020384568,0.0,0.0,77527.20269471081,155677.5138549694,0.0,0.0,0.0,890636.7283669645,319993.71638621483,79610.5689829266,0.0,352164.09705044935,0.0,0.0,0.0,0.0,0.0,13228.577079707531,0.0,0.0,401436.50405051745,268149.2877602752,0.0,0.0,0.0,0.0,0.0,0.0,0.0,0.0,59967.423623604,15043.710348885943,0.0,2444.067684515294,2144683.970106611,0.0,2709.33229127344,0.0,0.0,0.0,0.0,0.0,0.0,0.0,2115.1368832611533,468768.56145721534,23579.72606413893,1220718.5767082153,0.0,0.0,0.0,0.0,0.0,0.0,0.0,0.0,0.0,0.0,0.0,0.0,0.0,0.0,0.0,137739.6738221884,10489.02258393063,0.0,0.0,6609.733244716121,0.0,0.0,0.0,0.0
Arkansas,2033,0.0,0.0,0.0,13832.455694847682,0.0,0.0,7954.743588672973,0.0,0.0,0.0,0.0,60078.42476223601,0.0,0.0,0.0,0.0,0.0,0.0,0.0,0.0,0.0,0.0,7231.580272293493,0.0,0.0,0.0,0.0,0.0,0.0,2100.590305252934,0.0,0.0,0.0,0.0,0.0,86469.26573205076,0.0,0.0,0.0,322202.8673832356,117645.61354065686,172206.0418333155,353856.0878285412,0.0,0.0,8025.420056936993,860901.572312322,0.0,67858.40472031606,97589.22704835201,18384.24140595591,0.0,0.0,0.0,0.0,529907.7435363717,2683094.7939859238,31846.81659976559,0.0,244740.87394708488,0.0,0.0,0.0,0.0,876.6172541809165,46790.45448272556,0.0,0.0,0.0,0.0,1269530.5587858204,0.0,0.0,0.0,587959.3902073465,0.0,351770.42820180254,0.0,0.0,125758.97408788209,830158.2973346706,0.0,0.0,2949.2722239919713,0.0,0.0,0.0,3580.5127164782407,838440.9398072637,0.0,0.0,0.0,0.0,161970.2443357408,0.0,112982.13985858555,0.0,0.0,2092834.0809789822,734446.7277191174,183403.8191518156,10436.136542909277,42108.529365488095,468369.60548735224,497818.4155456717,0.0,0.0,1894036.5996521432,0.0,0.0,0.0,274194.3097240913,302418.3152985594,0.0,0.0,470226.27757891454,401160.0622087575,0.0,0.0,0.0,0.0,606120.1135019758,1182032.9824654432,0.0,0.0,0.0,8959.060865270854,0.0,327465.066236543,0.0,0.0,0.0,7972.733962412909,0.0,0.0,83038.6152085528,166744.6356930004,0.0,0.0,0.0,953952.1355968434,342742.0848496901,85270.0881049356,0.0,377199.45940000727,0.0,0.0,0.0,0.0,0.0,14168.997251250716,0.0,0.0,429974.6441488955,287212.0333356501,0.0,0.0,0.0,0.0,0.0,0.0,0.0,0.0,64230.510611063975,16113.168430560298,0.0,2617.8165720400775,2297149.6551852804,0.0,2901.938852264444,0.0,0.0,0.0,0.0,0.0,0.0,0.0,2265.50206453564,502093.34070772864,25256.00990756112,1307499.5181803638,0.0,0.0,0.0,0.0,0.0,0.0,0.0,0.0,0.0,0.0,0.0,0.0,0.0,0.0,0.0,147531.59376215434,11234.687696532339,0.0,0.0,7079.619494340495,0.0,0.0,0.0,0.0
California,2024,0.0,0.0,0.0,0.0,0.0,0.0,0.0,0.0,0.0,0.0,0.0,0.0,0.0,0.0,0.0,0.0,0.0,0.0,0.0,0.0,0.0,0.0,0.0,0.0,0.0,0.0,0.0,0.0,0.0,0.0,0.0,0.0,0.0,0.0,0.0,0.0,0.0,0.0,0.0,0.0,0.0,0.0,0.0,0.0,0.0,0.0,0.0,0.0,0.0,0.0,0.0,0.0,0.0,0.0,0.0,0.0,0.0,0.0,0.0,0.0,0.0,0.0,0.0,0.0,0.0,0.0,0.0,0.0,0.0,0.0,0.0,0.0,0.0,0.0,0.0,0.0,0.0,0.0,0.0,0.0,0.0,0.0,0.0,0.0,0.0,0.0,0.0,0.0,0.0,0.0,0.0,0.0,0.0,0.0,0.0,0.0,0.0,0.0,0.0,0.0,0.0,0.0,0.0,0.0,0.0,0.0,0.0,0.0,0.0,0.0,0.0,0.0,0.0,0.0,0.0,0.0,0.0,0.0,0.0,0.0,0.0,0.0,0.0,0.0,0.0,0.0,0.0,0.0,0.0,0.0,0.0,0.0,0.0,0.0,0.0,0.0,0.0,0.0,0.0,0.0,0.0,0.0,0.0,0.0,0.0,0.0,0.0,0.0,0.0,0.0,0.0,0.0,0.0,0.0,4.656612873077393e-10,0.0,0.0,0.0,0.0,0.0,0.0,0.0,0.0,0.0,0.0,0.0,0.0,0.0,0.0,0.0,0.0,0.0,0.0,0.0,0.0,0.0,0.0,0.0,0.0,0.0,0.0,0.0,0.0,0.0,0.0,0.0,0.0,0.0,0.0,0.0,0.0,0.0,0.0,0.0,0.0,0.0,0.0,0.0,0.0,0.0,0.0,0.0,0.0,0.0,0.0
California,2025,39338.920038294804,36225.03711973241,0.0,5396.51320098259,0.0,0.0,0.0,0.0,2282.201424686038,0.0,0.0,0.0,0.0,0.0,0.0,0.0,0.0,0.0,0.0,-9447.489718797562,0.0,0.0,0.0,0.0,0.0,0.0,0.0,0.0,0.0,-1114.5909683411592,-7235.67055297437,0.0,0.0,0.0,0.0,2032.5219595131566,0.0,0.0,0.0,644277.3416767176,-271403.5757143996,-59807.62199553428,0.0,-342767.3989674795,0.0,0.0,289775.11858455,0.0,-6455.6230859544885,5190.908233769616,231.70282234582874,0.0,0.0,0.0,-2251174.729627165,13416.520225112909,254685.27263440518,9656.755761181223,0.0,5703.133269220234,0.0,0.0,0.0,0.0,0.0,0.0,0.0,0.0,0.0,298905.90893900767,-124593.62722552987,0.0,3416057.8874807805,0.0,-123637.05056635536,-1412317.8233113294,52943.013626181404,0.0,-190.9560550860151,3113.1591210385523,-901524.7724564681,59275.1849985671,-825613.0500373319,0.0,0.0,27846.045189513476,8884.36324708478,0.0,12364.743880211056,0.0,0.0,0.0,0.0,493.83375630824594,0.0,12543.544888404722,173.63683420734014,34004.70620747312,733532.7141051907,63111.52368764614,2006451.6855735593,378674.2806243682,10255.321385574614,0.0,316305.6986898063,0.0,16543.42704694171,33283.2380162708,0.0,20935.120846458216,9959.743722457759,-172163.20242606313,-147863.50072683778,8000.852924149702,0.0,-40785.57568267983,271579.0325400927,0.0,248518.9916006443,0.0,0.0,226188.44964254368,-221774.97292609978,0.0,-59215.61583706166,0.0,-2183.825715485458,14083.045829951996,-18452.363754706457,0.0,0.0,0.0,7289.988665192694,0.0,-10887.60456916687,-53861.789364162134,4979.461805580242,0.0,0.0,0.0,45971.42431458272,-45609.89229291782,0.0,0.0,118792.7131377433,0.0,0.0,0.0,0.0,73071.19227190153,0.0,0.0,0.0,-81709.80237761082,361394.6154401954,31654.753950257727,0.0,-13386.255796491052,0.0,7281.965347670019,0.0,4747.509162279923,5548.320692210611,-172732.25537823536,2343.5968137539458,524367.2751250267,28904.77137014264,0.0,0.0,13727.343036941456,0.0,0.0,7624.894079403122,0.0,0.0,0.0,0.0,-270103.16333946167,-3905431.4846142214,3431.364330393495,0.0,0.0,0.0,0.0,0.0,0.0,0.0,0.0,0.0,0.0,0.0,0.0,0.0,0.0,524676.5357066114,0.0,0.0,0.0,159063.57725316007,46608.83879654133,0.0,51140.97150170442,-4282.461034509091,-7636.323920226248,-2881.896143947044
California,2026,45372.49673128489,41781.024408034806,0.0,6224.199274752915,0.0,0.0,0.0,0.0,2632.232318042803,0.0,0.0,0.0,0.0,0.0,0.0,0.0,0.0,0.0,0.0,-19591.6969684799,0.0,0.0,0.0,0.0,0.0,0.0,0.0,0.0,0.0,-3943.0900105514265,-19320.149695114487,0.0,0.0,0.0,0.0,2344.2584563710043,0.0,0.0,0.0,698254.3052816018,-825850.8795208437,-209401.1127414219,0.0,-710812.6297172215,0.0,0.0,334219.1551772733,0.0,-18677.41120494077,350.212656222604,267.2400650369077,0.0,0.0,0.0,-4668365.294772557,15474.26872589704,293747.4310139157,11137.85327056484,0.0,6577.846960818424,0.0,0.0,0.0,0.0,0.0,0.0,0.0,0.0,0.0,344750.3735002051,-396250.844566548,0.0,3939993.146296844,0.0,-261946.8290459682,-3056152.412249373,61063.10774062644,0.0,-2699.655920901663,3590.6375138358853,-2336231.7572074654,68366.47104129195,-2380101.9876727313,0.0,0.0,32116.91101612599,10246.9956469444,0.0,14261.176990672859,0.0,0.0,0.0,0.0,-20198.6913963118,0.0,14467.401466380863,-62031.22479420388,39220.15194481559,620297.640422225,72791.2052348312,2268692.8369118385,329472.422915658,11828.223438576868,0.0,354289.9727763375,0.0,19080.762483589177,38388.02912306081,0.0,24146.02895174318,4808.160804230254,-429619.03810325405,-366031.9640244299,9227.977605767752,0.0,-94772.59274527166,313232.2583898003,0.0,286635.40135534387,0.0,0.0,260879.92964906804,-815047.5901886392,0.0,-138727.581111848,0.0,-9188.912337530375,-40362.1318172008,-98343.66062203457,0.0,0.0,0.0,8408.085086234525,0.0,-32263.930220140843,-191818.3214333828,5743.18294140543,0.0,0.0,0.0,-16341.737377929734,-115443.73568609136,0.0,0.0,137012.45441653836,0.0,0.0,0.0,0.0,84278.43035041401,0.0,0.0,0.0,-230037.20619024022,416823.23744022567,32785.90570526599,0.0,-102755.45084560965,0.0,-53988.53205357108,0.0,5475.65473931672,6399.29012353126,-469429.56490517454,2703.044177826636,604791.7038251841,31607.684075623518,0.0,0.0,15832.763748128782,0.0,0.0,8794.356361520156,0.0,0.0,0.0,0.0,-652479.9701195774,-9135898.095121585,3957.647203153232,0.0,0.0,0.0,0.0,0.0,0.0,0.0,0.0,0.0,0.0,0.0,0.0,0.0,0.0,605148.3970113061,0.0,0.0,0.0,183459.83143309224,53757.43370398646,0.0,58984.67878724204,-20684.42289529351,-24683.032455698587,-12085.16145265942
California,2027,52854.13183059229,48670.44864552992,0.0,7250.530006228131,0.0,0.0,0.0,0.0,3066.2706258051694,0.0,0.0,0.0,0.0,0.0,0.0,0.0,0.0,0.0,0.0,-33637.52239111699,0.0,0.0,0.0,0.0,0.0,0.0,0.0,0.0,0.0,-7898.796307948694,-36156.49860937666,0.0,0.0,0.0,0.0,2730.8117124747296,0.0,0.0,0.0,757620.815730473,-1599885.9402001011,-418588.0413247342,0.0,-1220413.718447633,0.0,0.0,389329.7605522494,0.0,-35727.37416436459,-6603.268447614508,311.30624597384303,0.0,0.0,0.0,-8015244.538820024,18025.876866869425,342184.5074045076,12974.414182200562,0.0,7662.491938400184,0.0,0.0,0.0,0.0,0.0,0.0,0.0,0.0,0.0,401597.5095560895,-775714.2971597759,0.0,4589672.867228769,0.0,-453586.5463133961,-5335300.439065949,71132.02444253827,0.0,-6228.756857215973,4182.710720904564,-4333996.192938296,79639.66573427094,-4548569.34094099,0.0,0.0,37412.78464112547,11936.659822770336,0.0,16612.754047645518,0.0,0.0,0.0,0.0,-49361.33301364002,0.0,16852.98362307134,-149664.61661279493,45687.30465912027,441800.4928195104,84794.01035334053,2586195.88245352,250362.28969649784,13778.621984299636,0.0,399614.0982439327,0.0,22227.058425032068,44717.970095480385,0.0,28127.555002296576,-2706.6725077882584,-787845.8635359039,-669542.8838402438,10749.612210974126,0.0,-169769.50655884435,364882.258443438,0.0,333899.7494511721,0.0,0.0,303897.3648571591,-1645060.6514028152,0.0,-249204.95841959212,0.0,-19000.570638680394,-117424.26978222409,-210410.2172566133,0.0,0.0,0.0,9794.52464832639,0.0,-62095.34007521882,-384765.95326836966,6690.197149828666,0.0,0.0,0.0,-105312.77848406369,-212639.46929129143,0.0,0.0,159604.93360224413,0.0,0.0,0.0,0.0,98175.40556776931,0.0,0.0,0.0,-436873.8283154004,485554.72872026265,33560.262214409595,0.0,-228304.75434907502,0.0,-140489.60981503292,0.0,6378.555254842351,7454.492218368876,-882921.7036149041,3148.758909276774,704517.9954133797,34667.363093962194,0.0,0.0,18443.485430001107,0.0,0.0,10244.489591345235,0.0,0.0,0.0,0.0,-1184150.4541275417,-16403074.128761524,4610.237965375309,0.0,0.0,0.0,0.0,0.0,0.0,0.0,0.0,0.0,0.0,0.0,0.0,0.0,0.0,704933.5050291289,0.0,0.0,0.0,213711.18661620864,62621.691389218206,0.0,68710.87582130858,-43679.29154406881,-48499.37902210685,-24975.36262824283
California,2028,52371.445695153205,48225.96966246574,0.0,7184.315120326501,0.0,0.0,0.0,0.0,3038.2681543366307,0.0,0.0,0.0,0.0,0.0,0.0,0.0,0.0,0.0,0.0,-44757.13418403801,0.0,0.0,0.0,0.0,0.0,0.0,0.0,0.0,0.0,-11319.079600803023,-50248.721211914235,0.0,0.0,0.0,0.0,2705.8727927261025,0.0,0.0,0.0,691777.2892804053,-2259198.7604366327,-599298.9614762932,0.0,-1623847.9136925428,0.0,0.0,385774.23762483196,0.0,-50161.1841089192,-13950.626740564156,308.4632665585573,0.0,0.0,0.0,-10664857.273690935,17861.256986806722,339059.5347341462,12855.926381449855,0.0,7592.514843072335,0.0,0.0,0.0,0.0,0.0,0.0,0.0,0.0,0.0,397929.9523911942,-1100515.7688425372,0.0,4547758.046523489,0.0,-606284.1049695509,-7162159.128118832,70482.41691338271,0.0,-9430.192431954732,4144.512449480768,-5998127.971519615,78912.36285085301,-6383453.507568212,0.0,0.0,37071.11537499656,11827.649230781564,0.0,16461.039398808556,0.0,0.0,0.0,0.0,-76203.15996171389,0.0,16699.075096833258,-230079.32681881555,45270.069000132906,141109.4668812193,84019.63582956581,2502787.991101306,107092.90878825448,13652.78982005945,0.0,382128.14111943403,0.0,22024.071590100357,44309.58680693718,0.0,27870.682353873795,-11459.359621318057,-1084285.8321923413,-920331.5170140825,10651.44223644468,0.0,-230945.5257840543,361550.00037546176,0.0,330850.436670796,0.0,0.0,301122.04645663686,-2364986.1780398497,0.0,-339484.4491824863,0.0,-27592.6185521405,-190739.55948866787,-309758.6043885682,0.0,0.0,0.0,9705.076934643017,0.0,-87425.48555076722,-551691.4654567454,6629.09945896265,0.0,0.0,0.0,-195505.703254743,-293276.7137487173,0.0,0.0,158147.3542999404,0.0,0.0,0.0,0.0,97278.8265214886,0.0,0.0,0.0,-611339.3950358001,481120.4389602607,28360.049973238434,0.0,-340966.20816788054,0.0,-221192.94685494178,0.0,6320.303608679402,7386.414663863208,-1229947.8822382896,3120.0031201509555,698084.0411173673,32076.84734325012,0.0,0.0,18275.051773106155,0.0,0.0,10150.932608775911,0.0,0.0,0.0,0.0,-1621395.625890191,-22339725.526399314,4568.135335554529,0.0,0.0,0.0,0.0,0.0,0.0,0.0,0.0,0.0,0.0,0.0,0.0,0.0,0.0,698495.7561247526,0.0,0.0,0.0,211759.48628181382,62049.80379662255,0.0,68083.37923846545,-63971.87158671982,-68919.24013248266,-36260.88173737962
California,2029,67093.37282604887,61782.57864592387,0.0,9203.869140326118,0.0,0.0,0.0,0.0,3892.3435341271143,0.0,0.0,0.0,0.0,0.0,0.0,0.0,0.0,0.0,0.0,-51752.17819412117,0.0,0.0,0.0,0.0,0.0,0.0,0.0,0.0,0.0,-12793.530888822148,-57322.95577550217,0.0,0.0,0.0,0.0,3466.5098450592523,0.0,0.0,0.0,915047.7074558698,-2564798.2708830666,-677548.7658792106,0.0,-1877637.3447864584,0.0,0.0,494217.68691107444,0.0,-57045.72863446605,-14250.696682958951,395.17413872478755,0.0,0.0,0.0,-12331656.26229394,22882.163328720082,434371.2011801512,16469.80430434589,0.0,9726.816250571937,0.0,0.0,0.0,0.0,0.0,0.0,0.0,0.0,0.0,509790.44592051674,-1247621.6544384947,0.0,5826160.078034699,0.0,-700036.678582386,-8258530.516130285,90295.44655262842,0.0,-10488.115079503332,5309.5597279062495,-6851309.425988239,101095.10079510207,-7260515.06130043,0.0,0.0,47492.02799193101,15152.472286439064,0.0,21088.33618833538,0.0,0.0,0.0,0.0,-84281.22740638966,0.0,21393.28514709513,-254773.8095656779,57995.75659924862,325808.6060770117,107638.05880469724,3235567.2811829112,206122.58468709886,17490.670829384908,0.0,496311.1892012479,0.0,28215.170055520197,56765.27710750478,0.0,35705.298130769195,-10389.465034779103,-1240640.8871609205,-1053444.7244278362,13645.62645959275,0.0,-265199.35000282247,463183.8714487478,0.0,423854.4764722637,0.0,0.0,385769.2576725576,-2670488.5018385425,0.0,-389666.1478677918,0.0,-31063.666441957554,-207990.18157583755,-347323.70266534854,0.0,0.0,0.0,12433.232201985098,0.0,-99340.40830287733,-623449.0782272655,8492.57903037611,0.0,0.0,0.0,-205898.87815258023,-335346.39858170704,0.0,0.0,202603.52302020043,0.0,0.0,0.0,0.0,124624.48743305902,0.0,0.0,0.0,-695945.4891982106,616366.2766403332,38724.72544140392,0.0,-380715.4258017589,0.0,-243289.27220629295,0.0,8096.978816649193,9462.780076285591,-1402093.8101712784,3997.054688488326,894319.6471457519,42205.538356044795,0.0,0.0,23412.2783084033,0.0,0.0,13004.4205771415,0.0,0.0,0.0,0.0,-1858127.7492404308,-25643948.730981313,5852.2655450882885,0.0,0.0,0.0,0.0,0.0,0.0,0.0,0.0,0.0,0.0,0.0,0.0,0.0,0.0,894847.0977082076,0.0,0.0,0.0,271286.3464808492,79492.37537078839,0.0,87222.02501517697,-71838.88336700192,-78093.2398617634,-40825.142191858205
California,2030,72402.92031587998,66671.84745962993,0.0,9932.232885244011,0.0,0.0,0.0,0.0,4200.370720281062,0.0,0.0,0.0,0.0,0.0,0.0,0.0,0.0,0.0,0.0,-32885.067457761426,0.0,0.0,0.0,0.0,0.0,0.0,0.0,0.0,0.0,-6787.817868980252,-32876.892709275766,0.0,0.0,0.0,0.0,3740.837962294154,0.0,0.0,0.0,1105872.861411037,-1413492.1171412743,-360340.198483028,0.0,-1193113.66012279,0.0,0.0,533328.4391126707,0.0,-31899.168945385856,-492.4643788942194,426.4469122929363,0.0,0.0,0.0,-7835947.436460338,24692.98200941019,468745.9005541201,17773.17011260349,0.0,10496.564299178353,0.0,0.0,0.0,0.0,0.0,0.0,0.0,0.0,0.0,550133.5747343702,-679417.2340024891,0.0,6287223.105792835,0.0,-440259.37926992605,-5143026.479329439,97441.12937334005,0.0,-4770.390574117337,5729.740713567895,-3969824.5170303173,109095.43251270009,-4064341.9272715244,0.0,0.0,51250.38991935004,16351.588798315526,0.0,22757.197325541783,0.0,0.0,0.0,0.0,-36105.3921673657,0.0,23086.27893571419,-110592.638227046,62585.34884811001,947734.4364700951,116156.17856621998,3611769.024864111,505745.2028834699,18874.824636026868,0.0,563392.6261631767,0.0,30448.02523977001,61257.49328147998,0.0,38530.89726342002,6426.885167661152,-728654.9379463561,-620553.916299088,14725.496179416616,0.0,-160135.15560223587,499838.7101964904,0.0,457396.91705639986,0.0,0.0,416297.7600782998,-1404913.6868255436,0.0,-234509.48964194604,0.0,-15907.18998262468,-74964.94384825602,-171303.86258144793,0.0,0.0,0.0,13417.15705250189,0.0,-55160.39564203314,-330282.25571854203,9164.653629902277,0.0,0.0,0.0,-39014.146684568375,-195938.57248565194,0.0,0.0,218636.89534554002,0.0,0.0,0.0,0.0,134486.85694215004,0.0,0.0,0.0,-392407.47844096797,665143.4640003592,51623.40454430046,0.0,-180256.57089943206,0.0,-97787.62503173994,0.0,8737.74692444157,10211.63317584776,-799484.9261491464,4313.368368872292,965093.1444018902,50115.073359127564,0.0,0.0,25265.04853424814,0.0,0.0,14033.547385404498,0.0,0.0,0.0,0.0,-1104781.1684665787,-15442365.513108138,6315.394473116859,0.0,0.0,0.0,0.0,0.0,0.0,0.0,0.0,0.0,0.0,0.0,0.0,0.0,0.0,965662.3356563393,0.0,0.0,0.0,292755.05015918985,85783.13888933999,0.0,94124.48742645001,-35943.64527030452,-42348.71656010463,-20918.872333292747
California,2031,87124.84744677565,80228.45644308813,0.0,11951.786905243629,0.0,0.0,0.0,0.0,5054.446100071538,0.0,0.0,0.0,0.0,0.0,0.0,0.0,0.0,0.0,0.0,-15578.603990583591,0.0,0.0,0.0,0.0,0.0,0.0,0.0,0.0,0.0,-834.9050428408336,-9278.812561174316,0.0,0.0,0.0,0.0,4501.4750146273,0.0,0.0,0.0,1454458.8968979549,-285850.89330808213,-46140.30586970644,0.0,-565212.3186513894,0.0,0.0,641771.8883989132,0.0,-7393.27571789136,14961.421006520453,513.1577844591666,0.0,0.0,0.0,-3712114.082187567,29713.888351323578,564057.5670001246,21387.048035499523,0.0,12630.865706677941,0.0,0.0,0.0,0.0,0.0,0.0,0.0,0.0,0.0,661994.0682636919,-120698.37235683948,0.0,7565625.137304045,0.0,-200458.83390933168,-2250575.3928514263,117254.15901258588,0.0,1101.1895434735197,6894.787991993369,-1199703.9295968106,131278.17045694904,-950793.0409673396,0.0,0.0,61671.30253628455,19676.411853973026,0.0,27384.494115068606,0.0,0.0,0.0,0.0,13860.04140021489,0.0,27780.48898597606,38638.503726753755,75311.03644722572,1763335.7838278878,139774.6015413514,4471703.641820807,904604.8837943375,22712.70564535234,0.0,707001.9370971965,0.0,36639.12370518991,73713.18358204758,0.0,46365.51304031539,26163.783368545555,-239266.34215053706,-207308.34550293058,17719.680402564656,0.0,-60988.010292204795,601472.5812697769,0.0,550400.9568578675,0.0,0.0,500944.971294221,-147392.19251779374,0.0,-87852.75367618908,0.0,-736.4070229343779,65985.47166310891,6502.921904850518,0.0,0.0,0.0,16145.312319843943,0.0,-11999.406658905267,-39564.64120369335,11028.133201315744,0.0,0.0,0.0,144452.3358961097,-62386.267965228995,0.0,0.0,263093.0640657998,0.0,0.0,0.0,0.0,161832.51785372058,0.0,0.0,0.0,-97490.78957488714,800389.3016804326,72395.61978606175,0.0,24026.685484778136,0.0,54477.302997996565,0.0,10514.42213241136,12287.998588270144,-216458.39759285212,5190.419937209659,1161328.7504302748,65079.73219469772,0.0,0.0,30402.275069545256,0.0,0.0,16887.035353770058,0.0,0.0,0.0,0.0,-388620.65466365847,-5802467.04738939,7599.524682650619,0.0,0.0,0.0,0.0,0.0,0.0,0.0,0.0,0.0,0.0,0.0,0.0,0.0,0.0,1162013.6772397952,0.0,0.0,0.0,352281.91035822546,103225.71046350582,0.0,113263.13320316153,194.1328601859277,-7153.6205319289,-997.0250350313872
California,2032,101846.7745776712,93785.06542654615,0.0,13971.340925243247,0.0,0.0,0.0,0.0,5908.521479862022,0.0,0.0,0.0,0.0,0.0,0.0,0.0,0.0,0.0,0.0,0.0,0.0,0.0,0.0,0.0,0.0,0.0,0.0,0.0,0.0,4589.915380686398,12138.43787118775,0.0,0.0,0.0,0.0,5262.1120669604425,0.0,0.0,0.0,1794134.8770255744,739885.599418073,240156.0532401679,0.0,0.0,0.0,0.0,750215.3376851561,0.0,14880.728586795172,29295.185714957886,599.8686566253969,0.0,0.0,0.0,0.0,34734.794693236996,659369.2334461291,25000.925958395557,0.0,14765.167114177544,0.0,0.0,0.0,0.0,0.0,0.0,0.0,0.0,0.0,773854.5617930144,387835.7022142927,0.0,8844027.168815255,0.0,15625.778680216099,358266.7562202264,137067.1886518316,0.0,6480.075657120968,8059.835270418844,1312796.5585271427,153460.9084011981,1879019.7819397617,0.0,0.0,72092.215153219,23001.234909630497,0.0,32011.79090459543,0.0,0.0,0.0,0.0,59698.52879490558,0.0,32474.69903623793,175503.37419954326,88036.72404634143,2534079.4053760003,163393.02451648284,5322597.398380421,1282146.3762754519,26550.586654677812,0.0,848519.0137458527,0.0,42830.222170609806,86168.87388261518,0.0,54200.12881721082,44573.4404867586,204209.28765056573,167090.61491591658,20713.864625712697,0.0,28674.203698118014,703106.452343063,0.0,643404.9966593357,0.0,0.0,585592.1825101417,998996.8743557828,0.0,44808.5890001574,0.0,13108.92466075885,195687.64826265106,168996.56793781114,0.0,0.0,0.0,18873.467587185994,0.0,27245.634471487792,225380.65210508532,12891.612772729211,0.0,0.0,0.0,314135.21897716867,58679.151991075196,0.0,0.0,307549.2327860596,0.0,0.0,0.0,0.0,189178.17876529112,0.0,0.0,0.0,170441.48123182834,935635.1393605061,92427.849401719,0.0,210959.0090832985,0.0,194344.98594788485,0.0,12291.097340381151,14364.364000692527,312874.67648828635,6067.471505547019,1357564.3564586593,79700.5492814008,0.0,0.0,35539.5016048424,0.0,0.0,19740.523322135632,0.0,0.0,0.0,0.0,259788.31842424278,2917092.4922300037,8883.654892184379,0.0,0.0,0.0,0.0,0.0,0.0,0.0,0.0,0.0,0.0,0.0,0.0,0.0,0.0,1358365.0188232511,0.0,0.0,0.0,411808.7705572606,120668.28203767154,0.0,132401.77897987294,33203.13005665352,24886.792082299173,17183.837537691143
California,2033,109087.06660925923,100452.25017250923,0.0,14964.564213767648,0.0,0.0,0.0,0.0,6328.558551890128,0.0,0.0,0.0,0.0,0.0,0.0,0.0,0.0,0.0,0.0,0.0,0.0,0.0,0.0,0.0,0.0,0.0,0.0,0.0,0.0,4916.212682630932,13001.359994731916,0.0,0.0,0.0,0.0,5636.19586318986,0.0,0.0,0.0,1921680.010463411,792484.101746372,257228.75844681473,0.0,0.0,0.0,0.0,803548.181596423,0.0,15938.600287278256,31377.78185583168,642.5133478546909,0.0,0.0,0.0,0.0,37204.09289417803,706243.8235015403,26778.242969655897,0.0,15814.823544095372,0.0,0.0,0.0,0.0,0.0,0.0,0.0,0.0,0.0,828867.9192664512,415406.9606655454,0.0,9472749.47939454,0.0,16736.6160271509,383735.9568993896,146811.30158916558,0.0,6940.744542698285,8632.809341775624,1406123.3280906845,164370.45165246807,2012599.3872909304,0.0,0.0,77217.25414515403,24636.393789462047,0.0,34287.51063714965,0.0,0.0,0.0,0.0,63942.50003624958,0.0,34783.32692980935,187979.91738908447,94295.2589311524,2714227.2304027304,175008.6423731048,5700981.099687081,1373294.2229301054,28438.069118280517,0.0,908840.2706472166,0.0,45875.024694586784,92294.62321076321,0.0,58053.21854355282,47742.168483447575,218726.53558780963,178969.09464927553,22186.414243654377,0.0,30712.65419798423,753090.3233627118,0.0,689144.6883649756,0.0,0.0,627221.9585179719,1070015.6094995588,0.0,47994.033715808386,0.0,14040.838736168247,209599.09245193924,181010.54196182592,0.0,0.0,0.0,20215.18329243618,0.0,29182.52791732816,241402.9733447833,13808.078135719443,0.0,0.0,0.0,336467.10658218083,62850.65568712319,0.0,0.0,329412.92232061387,0.0,0.0,0.0,0.0,202626.864459506,0.0,0.0,0.0,182558.17421039438,1002149.4857605416,98998.54959615396,0.0,225956.09503708757,0.0,208160.98020958318,0.0,13164.872032825311,15385.527318277294,335116.9520680222,6498.808342434251,1454073.6708988482,85366.46510709281,0.0,0.0,38066.00645826722,0.0,0.0,21143.8780606761,0.0,0.0,0.0,0.0,278256.6822932649,3124468.7357534636,9515.194339496069,0.0,0.0,0.0,0.0,0.0,0.0,0.0,0.0,0.0,0.0,0.0,0.0,0.0,0.0,1454931.2523888843,0.0,0.0,0.0,441084.2755731796,129246.59592660563,0.0,141814.22772251803,35563.54214598905,26655.995310898652,18405.437362645476
Colorado,2024,0.0,0.0,0.0,0.0,0.0,0.0,0.0,0.0,0.0,0.0,0.0,0.0,0.0,0.0,0.0,0.0,0.0,0.0,0.0,0.0,0.0,0.0,0.0,0.0,0.0,0.0,0.0,0.0,0.0,0.0,0.0,0.0,0.0,0.0,0.0,0.0,0.0,0.0,0.0,0.0,0.0,0.0,0.0,0.0,0.0,0.0,0.0,0.0,0.0,0.0,0.0,0.0,0.0,0.0,0.0,0.0,0.0,0.0,0.0,0.0,0.0,0.0,0.0,0.0,0.0,0.0,0.0,0.0,0.0,0.0,0.0,0.0,0.0,0.0,0.0,0.0,0.0,0.0,0.0,0.0,0.0,0.0,0.0,0.0,0.0,0.0,0.0,0.0,0.0,0.0,0.0,0.0,0.0,0.0,0.0,0.0,0.0,0.0,0.0,0.0,0.0,0.0,0.0,0.0,0.0,0.0,0.0,0.0,0.0,0.0,0.0,0.0,0.0,0.0,0.0,0.0,0.0,0.0,0.0,0.0,0.0,0.0,0.0,0.0,0.0,0.0,0.0,0.0,0.0,0.0,0.0,0.0,0.0,0.0,0.0,0.0,0.0,0.0,0.0,0.0,0.0,0.0,0.0,0.0,0.0,0.0,0.0,0.0,0.0,0.0,0.0,0.0,0.0,0.0,0.0,0.0,0.0,0.0,0.0,0.0,0.0,0.0,0.0,0.0,0.0,0.0,0.0,0.0,0.0,0.0,0.0,0.0,0.0,0.0,0.0,0.0,0.0,0.0,0.0,0.0,0.0,0.0,0.0,0.0,0.0,0.0,0.0,0.0,0.0,0.0,0.0,0.0,0.0,0.0,0.0,0.0,0.0,0.0,0.0,0.0,0.0,0.0,0.0,0.0,0.0
Colorado,2025,0.0,0.0,0.0,2592.136707856902,0.0,0.0,0.0,0.0,0.0,0.0,0.0,0.0,0.0,0.0,0.0,0.0,0.0,0.0,0.0,0.0,0.0,0.0,0.0,47977.64468842582,-600.2203285695177,0.0,0.0,0.0,0.0,328.44181687504715,0.0,0.0,0.0,0.0,0.0,0.0,0.0,0.0,0.0,0.0,81398.16977264569,-43148.04791633214,0.0,0.0,0.0,0.0,57980.0785154223,0.0,63199.34898096812,337259.51697553135,32541.076810780796,0.0,0.0,0.0,-436759.2384000765,0.0,-3839198.2840064093,-9559.343785162273,0.0,-49813.0570334926,0.0,0.0,809.4151927280964,0.0,0.0,0.0,0.0,0.0,0.0,0.0,0.0,0.0,0.0,0.0,19524.515559237218,0.0,34523.102655334806,0.0,12071.25363857299,0.0,274215.81065837573,0.0,-84348.078409418,0.0,0.0,0.0,12142.963172466028,0.0,0.0,17814.778571342526,0.0,0.0,0.0,9154.73929991963,0.0,-333714.25964022137,0.0,17173.0022643212,889289.7977382634,64250.729230850004,65498.45362445293,529972.3208661228,107783.82783592306,0.0,71929.6697004867,0.0,0.0,26620.685120673734,0.0,7413.254566680669,0.0,1154.8068665716128,154.484954580156,6873.232522066668,697.7344323574061,-61577.04878112819,194357.42484576954,0.0,0.0,0.0,0.0,-17026.20434337994,149679.49889732176,0.0,-43270.7204130895,0.0,0.0,0.0,0.0,0.0,0.0,0.0,5538.9332024511605,0.0,5832.422863807529,0.0,106969.77858674014,0.0,10204.501233206756,0.0,224352.899883911,75801.56356005359,0.0,0.0,25525.676902970474,59550.86812494637,0.0,0.0,0.0,5761.512603667652,0.0,0.0,0.0,3136.6193511567035,114726.39447740978,0.0,0.0,0.0,0.0,0.0,0.0,0.0,0.0,67210.69119620929,-21284.046506869665,814.8894091058773,56663.718278991524,0.0,0.0,431.19718529738293,0.0,0.0,0.0,0.0,0.0,0.0,0.0,0.0,-636040.7032904718,0.0,0.0,0.0,0.0,0.0,0.0,0.0,0.0,0.0,0.0,0.0,0.0,0.0,0.0,0.0,75530.48602829233,0.0,0.0,0.0,0.0,0.0,10255.595731923357,106174.33043535496,31800.903429867176,13756.042094123608,10580.014273955225
Colorado,2026,0.0,0.0,0.0,2989.703687589561,0.0,0.0,0.0,0.0,0.0,0.0,0.0,0.0,0.0,0.0,0.0,0.0,0.0,0.0,0.0,0.0,0.0,0.0,0.0,55336.17914984084,-1244.704693169236,0.0,0.0,0.0,0.0,378.81632866569953,0.0,0.0,0.0,0.0,0.0,0.0,0.0,0.0,0.0,0.0,68904.28835589485,-139106.9967398129,0.0,0.0,0.0,0.0,66872.72859447473,0.0,22834.89614622388,380817.38677030895,37532.039511820825,0.0,0.0,0.0,-905727.8601629904,0.0,-8631851.369775826,-25931.246146324615,0.0,-126095.53363271401,0.0,0.0,933.5586271955963,0.0,0.0,0.0,0.0,0.0,0.0,0.0,0.0,0.0,0.0,0.0,22519.07316034721,0.0,39818.0570503248,0.0,13922.672908292763,0.0,316273.45032990584,0.0,-301431.5885621193,0.0,0.0,0.0,14005.38083695469,0.0,0.0,11221.914967740944,0.0,0.0,0.0,10558.840419539236,0.0,-759810.0616261009,0.0,19806.898317131185,1025683.9384956677,74105.13555460004,75544.22872022795,611256.4191584717,124315.08977394807,0.0,82961.82763000927,0.0,0.0,30703.61228642118,0.0,8550.256800834162,0.0,1331.9244841439431,178.1789660188308,7927.409289254792,804.7489158478056,-166104.7098583678,224166.8458343856,0.0,0.0,0.0,0.0,-190027.49039350962,172636.47725580726,0.0,-136169.85979585873,0.0,0.0,0.0,0.0,0.0,0.0,0.0,6388.46283472894,0.0,6726.966247827091,0.0,123376.1863454429,0.0,11769.608784312077,0.0,258762.85385383666,74112.05128773069,0.0,0.0,29440.65802305803,68684.43685576646,0.0,0.0,0.0,6645.18018091729,0.0,0.0,0.0,3617.695938757417,72273.157108868,0.0,0.0,0.0,0.0,0.0,0.0,0.0,0.0,77519.07941648678,-65603.88282885618,939.8724473123038,38260.32756052911,0.0,0.0,497.33172291968094,0.0,0.0,0.0,0.0,0.0,0.0,0.0,0.0,-2144081.2296094615,0.0,0.0,0.0,0.0,0.0,0.0,0.0,0.0,0.0,0.0,0.0,0.0,0.0,0.0,0.0,87114.91640073003,0.0,0.0,0.0,0.0,0.0,11828.539862586433,122458.73694384494,36678.342606227205,15865.864501197822,12202.715849715227
Colorado,2027,0.0,0.0,0.0,3482.6867424580487,0.0,0.0,0.0,0.0,0.0,0.0,0.0,0.0,0.0,0.0,0.0,0.0,0.0,0.0,0.0,0.0,0.0,0.0,0.0,64460.76188199548,-2137.0676595380764,0.0,0.0,0.0,0.0,441.2807232861064,0.0,0.0,0.0,0.0,0.0,0.0,0.0,0.0,0.0,0.0,49197.676920673344,-273169.25246670865,0.0,0.0,0.0,0.0,77899.61469249986,0.0,-35662.4756550733,433450.907059893,43720.83326111041,0.0,0.0,0.0,-1555069.0287577943,0.0,-15283986.967275206,-48747.22240209035,0.0,-232266.78809015255,0.0,0.0,1087.496485935295,0.0,0.0,0.0,0.0,0.0,0.0,0.0,0.0,0.0,0.0,0.0,26232.324585723574,0.0,46383.80050011241,0.0,16218.432802745316,0.0,368424.9235226023,0.0,-605057.674384784,0.0,0.0,0.0,16314.778740920592,0.0,0.0,1473.4678365158616,0.0,0.0,0.0,12299.925807867505,0.0,-1351422.1027608076,0.0,23072.92942261559,1194812.673034843,86324.59939604998,88000.9898389891,712048.7010409851,144813.85457709897,0.0,96641.703462617,0.0,0.0,35766.44197194808,0.0,9960.139571184438,0.0,1551.550329933636,207.55954020278614,9234.588480568098,937.4468753759029,-311760.9582875066,261130.5278602671,0.0,0.0,0.0,0.0,-433296.3550841822,201103.13042032835,0.0,-265918.54286281345,0.0,0.0,0.0,0.0,0.0,0.0,0.0,7441.879578753389,0.0,7836.200044011348,0.0,143720.13196623418,0.0,13710.34214768272,0.0,301431.19677654235,69770.533200328,0.0,0.0,34295.23461196647,80010.0620819832,0.0,0.0,0.0,7740.9279767068365,0.0,0.0,0.0,4214.230907382313,9499.945556345396,0.0,0.0,0.0,0.0,0.0,0.0,0.0,0.0,90301.48080963094,-127487.12856519612,1094.8514146882662,10868.944378313143,0.0,0.0,579.338549571331,0.0,0.0,0.0,0.0,0.0,0.0,0.0,0.0,-4252021.490764091,0.0,0.0,0.0,0.0,0.0,0.0,0.0,0.0,0.0,0.0,0.0,0.0,0.0,0.0,0.0,101479.61006255238,0.0,0.0,0.0,0.0,0.0,13778.990584608677,142651.40101437224,42726.3671849136,18482.04428596981,14214.865803657653
Colorado,2028,0.0,0.0,0.0,3450.8813840794355,0.0,0.0,0.0,0.0,0.0,0.0,0.0,0.0,0.0,0.0,0.0,0.0,0.0,0.0,0.0,0.0,0.0,0.0,0.0,63872.07912508224,-2843.521674580076,0.0,0.0,0.0,0.0,437.25076234285507,0.0,0.0,0.0,0.0,0.0,0.0,0.0,0.0,0.0,0.0,15923.20087256981,-388082.21951326134,0.0,0.0,0.0,0.0,77188.2026861757,0.0,-101119.9869156382,418757.09506498,43321.55624502723,0.0,0.0,0.0,-2069130.787228681,0.0,-20668855.486802824,-67890.42603445539,0.0,-320352.08215563744,0.0,0.0,1077.565011177896,0.0,0.0,0.0,0.0,0.0,0.0,0.0,0.0,0.0,0.0,0.0,25992.759977634792,0.0,45960.20414851315,0.0,16070.319261167722,0.0,365060.31234888034,0.0,-867811.3835392527,0.0,0.0,0.0,16165.785327761521,0.0,0.0,-10794.688105827488,0.0,0.0,0.0,12187.59771829797,0.0,-1831771.7479733217,0.0,22862.217738390784,1183901.141774254,85536.24689015001,87197.32783132698,705545.9731775988,143491.353622057,0.0,95759.13082825532,0.0,0.0,35439.80779868836,0.0,9869.179392452206,0.0,1537.3809205278503,205.66401928769233,9150.254339193038,928.8857166966718,-433867.5728063808,258745.7741811783,0.0,0.0,0.0,0.0,-653257.1873726984,199266.57215164998,0.0,-376851.9526973964,0.0,0.0,0.0,0.0,0.0,0.0,0.0,7373.917208171159,0.0,7764.636573289783,0.0,142407.61934553762,0.0,13585.133543594275,0.0,298678.4004589487,51634.77148101828,0.0,0.0,33982.03612235945,79279.37658351765,0.0,0.0,0.0,7670.234570526867,0.0,0.0,0.0,4175.744780374262,-69500.60685070697,0.0,0.0,0.0,0.0,0.0,0.0,0.0,0.0,89476.80975200864,-180275.8281372573,1084.852771631753,-24836.083401615266,0.0,0.0,574.0477865615476,0.0,0.0,0.0,0.0,0.0,0.0,0.0,0.0,-6066783.264752613,0.0,0.0,0.0,0.0,0.0,0.0,0.0,0.0,0.0,0.0,0.0,0.0,0.0,0.0,0.0,100552.85563275765,0.0,0.0,0.0,0.0,0.0,13653.15505415565,141348.6484936932,42336.17205080483,18313.258493403817,14085.049677596864
Colorado,2029,0.0,0.0,0.0,4420.9448146271025,0.0,0.0,0.0,0.0,0.0,0.0,0.0,0.0,0.0,0.0,0.0,0.0,0.0,0.0,0.0,0.0,0.0,0.0,0.0,81826.90321093483,-3287.932596323288,0.0,0.0,0.0,0.0,560.1645711120445,0.0,0.0,0.0,0.0,0.0,0.0,0.0,0.0,0.0,0.0,36447.22410874069,-439774.9781453782,0.0,0.0,0.0,0.0,98886.26887906378,0.0,-97384.64878598787,541720.6356460359,55499.50523556478,0.0,0.0,0.0,-2392512.9961915696,0.0,-23778144.90622192,-77398.25896855706,0.0,-366303.904264593,0.0,0.0,1380.474991278592,0.0,0.0,0.0,0.0,0.0,0.0,0.0,0.0,0.0,0.0,0.0,33299.480524343206,0.0,58879.89287228882,0.0,20587.782279284,0.0,467680.95314741414,0.0,-980599.1666450857,0.0,0.0,0.0,20710.084429113835,0.0,0.0,-7837.934744291415,0.0,0.0,0.0,15613.604450169718,0.0,-2105821.6702886634,0.0,29288.924107247207,1516702.845222313,109580.99832010001,111709.01906501804,903879.1730109323,183827.63275083806,0.0,122677.5961762903,0.0,0.0,45402.15008311224,0.0,12643.464843786656,0.0,1969.5479074043433,263.4774071980585,11722.44565113209,1190.0010564132426,-494741.66101983143,331480.761393399,0.0,0.0,0.0,0.0,-727420.398551573,255281.5993463532,0.0,-427365.7559443648,0.0,0.0,0.0,0.0,0.0,0.0,0.0,9446.769510928963,0.0,9947.322430297514,0.0,182439.2542767718,0.0,17403.995968291274,0.0,382638.6881455658,74704.50651513156,0.0,0.0,43534.59005537297,101565.28428671847,0.0,0.0,0.0,9826.383459015997,0.0,0.0,0.0,5349.571654120016,-50457.447940122336,0.0,0.0,0.0,0.0,0.0,0.0,0.0,0.0,114629.27700948576,-204575.35710961116,1389.8113848554258,-14410.337473450461,0.0,0.0,735.4160583599541,0.0,0.0,0.0,0.0,0.0,0.0,0.0,0.0,-6865988.573210692,0.0,0.0,0.0,0.0,0.0,0.0,0.0,0.0,0.0,0.0,0.0,0.0,0.0,0.0,0.0,128818.8657415047,0.0,0.0,0.0,0.0,0.0,17491.138732973544,181082.60037440876,54237.12364112318,23461.225166664837,18044.441522451234
Colorado,2030,0.0,0.0,0.0,4770.803756791836,0.0,0.0,0.0,0.0,0.0,0.0,0.0,0.0,0.0,0.0,0.0,0.0,0.0,0.0,0.0,0.0,0.0,0.0,0.0,88302.41353698005,-2089.26250062546,0.0,0.0,0.0,0.0,604.4941414878167,0.0,0.0,0.0,0.0,0.0,0.0,0.0,0.0,0.0,0.0,105295.01778055285,-238642.0461350839,0.0,0.0,0.0,0.0,106711.80094862997,0.0,27102.54456302803,606163.7300892398,59891.55241248,0.0,0.0,0.0,-1520282.89472593,0.0,-14558274.749384563,-44159.68165037628,0.0,-214018.60755693,0.0,0.0,1489.7212136099915,0.0,0.0,0.0,0.0,0.0,0.0,0.0,0.0,0.0,0.0,0.0,35934.69121332001,0.0,63539.45273988001,0.0,22217.031236637413,0.0,504691.67605835944,0.0,-519082.74592428794,0.0,0.0,0.0,22349.011973863846,0.0,0.0,16168.09279166197,0.0,0.0,0.0,16849.21343543497,0.0,-1282386.8884386763,0.0,31606.752633720025,1636729.6890888289,118252.87588499999,120549.30114930007,975409.1795081999,198375.14325630013,0.0,132385.8951542701,0.0,0.0,48995.1259889701,0.0,13644.026809841744,0.0,2125.411410867995,284.3281372640911,12650.121206257652,1284.1738018847973,-282794.4626678119,357713.05186338024,0.0,0.0,0.0,0.0,-335014.3550298121,275483.74030182,0.0,-233380.93891848612,0.0,0.0,0.0,0.0,0.0,0.0,0.0,10194.355587333412,0.0,10734.520608234729,0.0,196876.89310442982,0.0,18781.290613263962,0.0,412919.4476390998,115780.46725864569,0.0,0.0,46979.77344104997,109602.82476984,0.0,0.0,0.0,10604.010926995674,0.0,0.0,0.0,5772.91905120865,104129.85832363181,0.0,0.0,0.0,0.0,0.0,0.0,0.0,0.0,123700.6586433301,-112344.18999984994,1499.796458477078,56000.452486662194,0.0,0.0,793.6144514675761,0.0,0.0,0.0,0.0,0.0,0.0,0.0,0.0,-3684472.881959295,0.0,0.0,0.0,0.0,0.0,0.0,0.0,0.0,0.0,0.0,0.0,0.0,0.0,0.0,0.0,139013.16446925013,0.0,0.0,0.0,0.0,0.0,18875.32956795706,195412.87810187996,58529.270116319996,25317.868884890137,19472.418909120053
Colorado,2031,0.0,0.0,0.0,5740.8671873395215,0.0,0.0,0.0,0.0,0.0,0.0,0.0,0.0,0.0,0.0,0.0,0.0,0.0,0.0,0.0,0.0,0.0,0.0,0.0,106257.23762283265,-989.7438456352814,0.0,0.0,0.0,0.0,727.4079502570066,0.0,0.0,0.0,0.0,0.0,0.0,0.0,0.0,0.0,0.0,195628.71186036267,-40642.65412130719,0.0,0.0,0.0,0.0,128409.86714151804,0.0,170739.71874089912,751958.2691349341,72069.50140301755,0.0,0.0,0.0,-720201.8119930465,0.0,-5918660.057126166,-12008.68650791765,0.0,-68127.39034825354,0.0,0.0,1792.6311937106893,0.0,0.0,0.0,0.0,0.0,0.0,0.0,0.0,0.0,0.0,0.0,43241.41176002839,0.0,76459.14146365563,0.0,26734.494254753692,0.0,607312.3168568932,0.0,-61317.926836930215,0.0,0.0,0.0,26893.31107521619,0.0,0.0,45187.048682186694,0.0,0.0,0.0,20275.220167306717,0.0,-508624.6698312722,0.0,38033.45900257642,1969531.3925368916,142297.62731495,145060.99238299113,1173742.3793415334,238711.42238508095,0.0,159304.3605023052,0.0,0.0,58957.468273393926,0.0,16418.312261176223,0.0,2557.57839774449,342.1415251744563,15222.312518196733,1545.2891416013717,-77928.06340764172,430448.0390756009,0.0,0.0,0.0,0.0,67031.00958885439,331498.76749652345,0.0,-42806.782389927655,0.0,0.0,0.0,0.0,0.0,0.0,0.0,12267.207890091217,0.0,12917.20646524246,0.0,236908.528035664,0.0,22600.15303796099,0.0,496879.7353257169,176064.63888846943,0.0,0.0,56532.32737406349,131888.7324730408,0.0,0.0,0.0,12760.159815484803,0.0,0.0,0.0,6946.745924954412,290999.8404094437,0.0,0.0,0.0,0.0,0.0,0.0,0.0,0.0,148853.1259008071,-21901.36213613191,1804.7550717007489,142149.37126500346,0.0,0.0,954.9827232659836,0.0,0.0,0.0,0.0,0.0,0.0,0.0,0.0,-541621.8182927184,0.0,0.0,0.0,0.0,0.0,0.0,0.0,0.0,0.0,0.0,0.0,0.0,0.0,0.0,0.0,167279.17457799742,0.0,0.0,0.0,0.0,0.0,22713.31324677501,235146.82998259552,70430.2217066384,30465.83555815107,23431.810753974452
Colorado,2032,0.0,0.0,0.0,6710.930617887192,0.0,0.0,0.0,0.0,0.0,0.0,0.0,0.0,0.0,0.0,0.0,0.0,0.0,0.0,0.0,0.0,0.0,0.0,0.0,124212.06170868524,0.0,0.0,0.0,0.0,0.0,850.3217590261957,0.0,0.0,0.0,0.0,0.0,0.0,0.0,0.0,0.0,0.0,280998.87429762003,139603.39690617903,0.0,0.0,0.0,0.0,150107.93333440612,0.0,304429.7440254332,896129.5032439223,84247.45039355516,0.0,0.0,0.0,0.0,0.0,1885596.7739808522,17180.327739189277,0.0,64123.610762151075,0.0,0.0,2095.541173811387,0.0,0.0,0.0,0.0,0.0,0.0,0.0,0.0,0.0,0.0,0.0,50548.13230673678,0.0,89378.83018743119,0.0,31251.957272869942,0.0,709932.957655427,0.0,355880.0787917366,0.0,0.0,0.0,31437.6101765685,0.0,0.0,72352.95806262281,0.0,0.0,0.0,23701.226899178495,0.0,190637.14426098228,0.0,44460.16537143281,2302333.0959849544,166342.3787449,169572.68361668207,1372075.5791748678,279047.701513862,0.0,186222.82585033984,0.0,0.0,68919.81055781781,0.0,19192.597712510702,0.0,2989.745384620981,399.95491308482156,17794.50383013577,1806.404481317948,108043.94339454162,503183.0262878216,0.0,0.0,0.0,0.0,435217.5075797131,387513.7946912269,0.0,130625.79901697615,0.0,0.0,0.0,0.0,0.0,0.0,0.0,14340.060192849007,0.0,15099.892322250176,0.0,276940.1629668982,0.0,26419.01546265799,0.0,580840.0230123345,233702.82993465313,0.0,0.0,66084.88130707695,154174.64017624164,0.0,0.0,0.0,14916.308703973918,0.0,0.0,0.0,8120.5727987001665,465937.181397934,0.0,0.0,0.0,0.0,0.0,0.0,0.0,0.0,174005.5931582841,60383.17888832418,2109.7136849244253,222914.3029828961,0.0,0.0,1116.350995064391,0.0,0.0,0.0,0.0,0.0,0.0,0.0,0.0,2320945.4207503125,0.0,0.0,0.0,0.0,0.0,0.0,0.0,0.0,0.0,0.0,0.0,0.0,0.0,0.0,0.0,195545.1846867447,0.0,0.0,0.0,0.0,0.0,26551.296925592964,274880.7818633111,82331.17329695681,35613.80223141212,27391.20259882885
Colorado,2033,0.0,0.0,0.0,7188.010993566371,0.0,0.0,0.0,0.0,0.0,0.0,0.0,0.0,0.0,0.0,0.0,0.0,0.0,0.0,0.0,0.0,0.0,0.0,0.0,133042.3030623832,0.0,0.0,0.0,0.0,0.0,910.7711731749778,0.0,0.0,0.0,0.0,0.0,0.0,0.0,0.0,0.0,0.0,300975.09758892003,149527.80900851404,0.0,0.0,0.0,0.0,160779.11342926917,0.0,326071.66895615123,959835.3921001256,90236.60563480319,0.0,0.0,0.0,0.0,0.0,2019643.9380079284,18401.678052401796,0.0,68682.16129026603,0.0,0.0,2244.513295172388,0.0,0.0,0.0,0.0,0.0,0.0,0.0,0.0,0.0,0.0,0.0,54141.60142806877,0.0,95732.7754614192,0.0,33473.66039653367,0.0,760402.125261263,0.0,381179.6104593957,0.0,0.0,0.0,33672.51137395488,0.0,0.0,77496.5332803448,0.0,0.0,0.0,25386.148242721974,0.0,204189.5478814314,0.0,47620.8406348048,2466006.064893836,178167.66633339995,181627.61373161187,1469616.497125688,298885.21583949216,0.0,199461.4153657672,0.0,0.0,73819.3231567149,0.0,20557.000393494876,0.0,3202.286525707781,428.3877268112308,19059.51595076153,1934.821861506427,115724.79245102557,538954.3314741594,0.0,0.0,0.0,0.0,466157.1408199775,415062.1687214086,0.0,139911.9932598892,0.0,0.0,0.0,0.0,0.0,0.0,0.0,15359.495751582348,0.0,16173.34438307365,0.0,296627.85227734107,0.0,28297.144523984403,0.0,622131.967776244,250316.7751906712,0.0,0.0,70782.85865118197,165134.92265322572,0.0,0.0,0.0,15976.709796673487,0.0,0.0,0.0,8697.86470382104,499060.67770584393,0.0,0.0,0.0,0.0,0.0,0.0,0.0,0.0,186375.65902261715,64675.82193725719,2259.693330772132,238761.29134660936,0.0,0.0,1195.7124402111485,0.0,0.0,0.0,0.0,0.0,0.0,0.0,0.0,2485941.540708864,0.0,0.0,0.0,0.0,0.0,0.0,0.0,0.0,0.0,0.0,0.0,0.0,0.0,0.0,0.0,209446.50113366952,0.0,0.0,0.0,0.0,0.0,28438.829882388673,294422.0696734991,88184.10030858882,38145.589119901066,29338.444489740883
Connecticut,2024,0.0,0.0,0.0,0.0,0.0,0.0,0.0,0.0,0.0,0.0,0.0,0.0,0.0,0.0,0.0,0.0,0.0,0.0,0.0,0.0,0.0,0.0,0.0,0.0,0.0,0.0,0.0,0.0,0.0,0.0,0.0,0.0,0.0,0.0,0.0,0.0,0.0,0.0,0.0,0.0,0.0,0.0,0.0,0.0,0.0,0.0,0.0,0.0,0.0,0.0,0.0,0.0,0.0,0.0,0.0,0.0,0.0,0.0,0.0,0.0,0.0,0.0,0.0,0.0,0.0,0.0,0.0,0.0,0.0,0.0,0.0,0.0,0.0,0.0,0.0,0.0,0.0,0.0,0.0,0.0,0.0,0.0,0.0,0.0,0.0,0.0,0.0,0.0,0.0,0.0,0.0,0.0,0.0,0.0,0.0,0.0,0.0,0.0,0.0,0.0,0.0,0.0,0.0,0.0,0.0,0.0,0.0,0.0,0.0,0.0,0.0,0.0,0.0,0.0,0.0,0.0,0.0,0.0,0.0,0.0,0.0,0.0,0.0,0.0,0.0,0.0,0.0,0.0,0.0,0.0,0.0,0.0,0.0,0.0,0.0,0.0,0.0,0.0,0.0,0.0,0.0,0.0,0.0,0.0,0.0,0.0,0.0,0.0,0.0,0.0,0.0,0.0,0.0,0.0,0.0,0.0,0.0,0.0,0.0,0.0,0.0,0.0,0.0,0.0,0.0,0.0,0.0,0.0,0.0,0.0,0.0,0.0,0.0,0.0,0.0,0.0,0.0,0.0,0.0,0.0,0.0,0.0,0.0,0.0,0.0,0.0,0.0,0.0,0.0,0.0,0.0,0.0,0.0,0.0,0.0,0.0,0.0,0.0,0.0,0.0,0.0,0.0,0.0,0.0,0.0
Connecticut,2025,0.0,4069.528487050862,0.0,6785.490635989598,0.0,0.0,0.0,0.0,0.0,0.0,0.0,0.0,0.0,0.0,0.0,0.0,0.0,0.0,0.0,0.0,0.0,0.0,0.0,0.0,2525.8244422134994,0.0,0.0,0.0,0.0,0.0,0.0,0.0,0.0,0.0,0.0,2515.6297159650967,0.0,0.0,0.0,219999.6672576773,-243466.50093781913,-12636.738867263513,0.0,0.0,0.0,0.0,54909.552713693236,0.0,298.76475270740866,-24628.6058733688,-7575.955002191542,0.0,0.0,0.0,-38436.1199806932,0.0,32848.44813542109,201.27251834440904,0.0,-3665.747794728237,0.0,0.0,0.0,0.0,0.0,0.0,0.0,0.0,646.759811441324,0.0,151701.86206318717,0.0,-171713.8478483157,0.0,-64450.4912870588,0.0,0.0,0.0,0.0,0.0,-14179.277142484178,0.0,0.0,0.0,0.0,0.0,0.0,0.0,0.0,0.0,0.0,0.0,0.0,0.0,0.0,5560.519959694546,692.5041010811028,0.0,22553.334852940112,12422.725220054243,11535.58041254495,28158.843999677396,31097.151990084443,0.0,1541.0959250372725,0.0,0.0,0.0,0.0,7639.859926934907,-4264.433255703472,1369.054742967388,0.0,11232.64389022933,0.0,-36292.3830209886,-17673.021038528073,0.0,0.0,0.0,0.0,-9026.835203758228,47309.854609296424,0.0,0.0,0.0,4579.22011229473,25297.303562984045,27001.20176528493,0.0,493.0146272592219,0.0,0.0,1229.1934996548625,0.0,6482.081420773349,0.0,0.0,0.0,0.0,735.4750685023373,-58763.992670006155,0.0,0.0,0.0,0.0,0.0,0.0,0.0,7888.245352489626,0.0,0.0,0.0,-12641.065794916127,-1586.4612532102838,13190.378270503337,0.0,0.0,0.0,38644.535311914166,0.0,0.0,0.0,5344.804066396966,0.0,0.0,0.0,0.0,17870.8589143368,1622.4009804939524,0.0,-51837.622148647235,-8270.60077780363,0.0,0.0,0.0,0.0,0.0,-87512.26973399438,0.0,-117575.59290743037,0.0,0.0,0.0,0.0,0.0,0.0,0.0,0.0,0.0,0.0,0.0,0.0,0.0,5530.051028207083,0.0,0.0,0.0,0.0,0.0,0.0,0.0,0.0,0.0,0.0
Connecticut,2026,0.0,4693.689297948229,0.0,7826.210058687386,0.0,0.0,0.0,0.0,0.0,0.0,0.0,0.0,0.0,0.0,0.0,0.0,0.0,0.0,0.0,0.0,0.0,0.0,0.0,0.0,2913.220829056063,0.0,0.0,0.0,0.0,0.0,0.0,0.0,0.0,0.0,0.0,2901.4624944873467,0.0,0.0,0.0,253741.9475119221,-548857.7092613056,-31581.754727180756,0.0,0.0,0.0,0.0,63331.26325260324,0.0,344.58756753983334,-51073.48061645506,-19849.48055402891,0.0,0.0,0.0,-79706.7620838564,0.0,37886.55367766367,232.14253649539341,0.0,-7601.830972548526,0.0,0.0,0.0,0.0,0.0,0.0,0.0,0.0,745.9561015396857,0.0,174969.01882134425,0.0,-356090.95881228894,0.0,-163878.84192929626,0.0,0.0,0.0,0.0,0.0,-35676.914758864834,0.0,0.0,0.0,0.0,0.0,0.0,0.0,0.0,0.0,0.0,0.0,0.0,0.0,0.0,6413.360444310281,798.7163865229904,0.0,26012.435290507565,14328.051174050284,13304.841212015046,32477.685103922384,35866.65382905444,0.0,1777.4603307178368,0.0,0.0,0.0,0.0,8811.617584440231,-10131.25753415026,1579.0324642814048,0.0,12955.44203290253,0.0,-79878.77058574892,-39886.39767624104,0.0,0.0,0.0,0.0,-19764.28215342562,54565.96727943397,0.0,0.0,0.0,5281.554485346074,29177.258097184007,31142.490379592404,0.0,568.6303676364041,0.0,0.0,1417.7201100313778,0.0,7476.265687763123,0.0,0.0,0.0,0.0,848.2779931192581,-122528.099228685,0.0,0.0,0.0,0.0,0.0,0.0,0.0,9098.098934159818,0.0,0.0,0.0,-27100.285327662205,-5422.304089935631,15213.442422421038,0.0,0.0,0.0,44571.6112799992,0.0,0.0,0.0,6164.559291304475,0.0,0.0,0.0,0.0,20611.78819567681,1871.2354867046815,0.0,-117072.8557445741,-43583.1026302551,0.0,0.0,0.0,0.0,0.0,-229193.81089551363,0.0,-330248.7661214664,0.0,0.0,0.0,0.0,0.0,0.0,0.0,0.0,0.0,0.0,0.0,0.0,0.0,6378.218363821667,0.0,0.0,0.0,0.0,0.0,0.0,0.0,0.0,0.0,0.0
Connecticut,2027,0.0,5467.6487034609745,0.0,9116.70214283264,0.0,0.0,0.0,0.0,0.0,0.0,0.0,0.0,0.0,0.0,0.0,0.0,0.0,0.0,0.0,0.0,0.0,0.0,0.0,0.0,3393.5923487408363,0.0,0.0,0.0,0.0,0.0,0.0,0.0,0.0,0.0,0.0,3379.8951398549398,0.0,0.0,0.0,295582.37502718624,-972766.7173169394,-57942.88147281521,0.0,0.0,0.0,0.0,73774.18432085158,0.0,401.40785793204077,-87689.46102995911,-36943.33654882608,0.0,0.0,0.0,-136850.7280728516,0.0,44133.8045500443,270.421359002612,0.0,-13051.792295684312,0.0,0.0,0.0,0.0,0.0,0.0,0.0,0.0,868.9595012616564,0.0,203820.29320145957,0.0,-611382.3432239441,0.0,-302277.2625700744,0.0,0.0,0.0,0.0,0.0,-65594.04166432229,0.0,0.0,0.0,0.0,0.0,0.0,0.0,0.0,0.0,0.0,0.0,0.0,0.0,0.0,7470.882645233782,930.4196204709297,0.0,30301.71983309131,16690.655357005395,15498.724603357958,37833.04807318625,41780.83610937721,0.0,2070.552193761734,0.0,0.0,0.0,0.0,10264.59707974689,-18285.59022416849,1839.4048387107869,0.0,15091.711729817296,0.0,-140340.43344919942,-70721.39082898242,0.0,0.0,0.0,0.0,-34656.69807821228,63563.54699040449,0.0,0.0,0.0,6152.449107929722,33988.40171959199,36277.68826133368,0.0,662.3938857041085,0.0,0.0,1651.493106898255,0.0,8709.05417883044,0.0,0.0,0.0,0.0,988.1536196442466,-210832.92396922602,0.0,0.0,0.0,0.0,0.0,0.0,0.0,10598.317375430837,0.0,0.0,0.0,-47142.09318888913,-10784.859988677013,17722.04197079898,0.0,0.0,0.0,51921.18548042467,0.0,0.0,0.0,7181.055770189807,0.0,0.0,0.0,0.0,24010.540504538396,2179.7902744059866,0.0,-207629.30873561505,-93114.32664251671,0.0,0.0,0.0,0.0,0.0,-426518.1616528289,0.0,-626802.1347493252,0.0,0.0,0.0,0.0,0.0,0.0,0.0,0.0,0.0,0.0,0.0,0.0,0.0,7429.945859983753,0.0,0.0,0.0,0.0,0.0,0.0,0.0,0.0,0.0,0.0
Connecticut,2028,0.0,5417.715838589189,0.0,9033.444589016814,0.0,0.0,0.0,0.0,0.0,0.0,0.0,0.0,0.0,0.0,0.0,0.0,0.0,0.0,0.0,0.0,0.0,0.0,0.0,0.0,3362.600637793439,0.0,0.0,0.0,0.0,0.0,0.0,0.0,0.0,0.0,0.0,3349.0285175731624,0.0,0.0,0.0,292882.9926068466,-1316140.5163109903,-79763.29363118357,0.0,0.0,0.0,0.0,73100.44747773872,0.0,397.74203274544607,-116677.11219064984,-51208.22211522868,0.0,0.0,0.0,-182089.7011474728,0.0,43730.75610666495,267.95175755053424,0.0,-17366.345009833476,0.0,0.0,0.0,0.0,0.0,0.0,0.0,0.0,861.0237980537859,0.0,201958.92066080705,0.0,-813488.0225498378,0.0,-417190.06620004144,0.0,0.0,0.0,0.0,0.0,-90388.19886400865,0.0,0.0,0.0,0.0,0.0,0.0,0.0,0.0,0.0,0.0,0.0,0.0,0.0,0.0,7402.655406464517,921.9226376355764,0.0,30024.991798085917,16538.229280685686,15357.183739400352,37487.540784846584,41399.27596225962,0.0,2051.643041307292,0.0,0.0,0.0,0.0,10170.85646714647,-24968.959835477366,1822.6066210056633,0.0,14953.887878403475,0.0,-189022.8583532359,-95705.12367936561,0.0,0.0,0.0,0.0,-46631.393972810234,62983.0579767935,0.0,0.0,0.0,6096.262358085631,33678.00535685604,35946.3851721891,0.0,656.3446264739341,0.0,0.0,1636.410978068132,0.0,8629.519437471274,0.0,0.0,0.0,0.0,979.1293856748907,-280858.82500460965,0.0,0.0,0.0,0.0,0.0,0.0,0.0,10501.529088897238,0.0,0.0,0.0,-63165.26176728386,-15407.478649280223,17560.196838645585,0.0,0.0,0.0,51447.01940297772,0.0,0.0,0.0,7115.475352197202,0.0,0.0,0.0,0.0,23791.266162031185,2159.883513909128,0.0,-281013.8045945796,-137002.89299737487,0.0,0.0,0.0,0.0,0.0,-591175.1145691681,0.0,-876864.191238543,0.0,0.0,0.0,0.0,0.0,0.0,0.0,0.0,0.0,0.0,0.0,0.0,0.0,7362.092473134573,0.0,0.0,0.0,0.0,0.0,0.0,0.0,0.0,0.0,0.0
Connecticut,2029,0.0,6940.668217178776,0.0,11572.799980399417,0.0,0.0,0.0,0.0,0.0,0.0,0.0,0.0,0.0,0.0,0.0,0.0,0.0,0.0,0.0,0.0,0.0,0.0,0.0,0.0,4307.847821689287,0.0,0.0,0.0,0.0,0.0,0.0,0.0,0.0,0.0,0.0,4290.460497167467,0.0,0.0,0.0,375214.1564272046,-1513900.1875982466,-91258.74291694966,0.0,0.0,0.0,0.0,93649.4211926792,0.0,509.5497009365622,-134912.45164261316,-58464.25183081919,0.0,0.0,0.0,-210548.3032570716,0.0,56023.73362973664,343.27460183893254,0.0,-20080.512256077687,0.0,0.0,0.0,0.0,0.0,0.0,0.0,0.0,1103.0627458937897,0.0,258730.78315071203,0.0,-940627.1842310393,0.0,-476935.33474924014,0.0,0.0,0.0,0.0,0.0,-103382.37675756267,0.0,0.0,0.0,0.0,0.0,0.0,0.0,0.0,0.0,0.0,0.0,0.0,0.0,0.0,9483.5861889269,1181.0806141137818,0.0,38465.19686575059,21187.224608436052,19674.180090107344,48025.51307920442,53036.860449346364,0.0,2628.372191167873,0.0,0.0,0.0,0.0,13029.945151459498,-28638.808229605864,2334.952261011862,0.0,19157.51534652608,0.0,-217731.36131500494,-110078.34693300229,0.0,0.0,0.0,0.0,-53730.71087196344,80687.97289192898,0.0,0.0,0.0,7809.958228330892,43145.094420304,46051.129391099385,0.0,840.8470329942566,0.0,0.0,2096.415907386825,0.0,11055.329048926316,0.0,0.0,0.0,0.0,1254.3685217401799,-324633.6165052651,0.0,0.0,0.0,0.0,0.0,0.0,0.0,13453.571828172484,0.0,0.0,0.0,-72877.34437288,-17430.507637633582,22496.473369324754,0.0,0.0,0.0,65909.08476510522,0.0,0.0,0.0,9115.67810097152,0.0,0.0,0.0,0.0,30479.133608500793,2767.0397090633123,0.0,-323204.48040687264,-153642.7963002071,0.0,0.0,0.0,0.0,0.0,-674954.4811943125,0.0,-998304.5161935205,0.0,0.0,0.0,0.0,0.0,0.0,0.0,0.0,0.0,0.0,0.0,0.0,0.0,9431.620772034148,0.0,0.0,0.0,0.0,0.0,0.0,0.0,0.0,0.0,0.0
Connecticut,2030,0.0,7489.929730768454,0.0,12488.633072373472,0.0,0.0,0.0,0.0,0.0,0.0,0.0,0.0,0.0,0.0,0.0,0.0,0.0,0.0,0.0,0.0,0.0,0.0,0.0,0.0,4648.756642110737,0.0,0.0,0.0,0.0,0.0,0.0,0.0,0.0,0.0,0.0,4629.993342267047,0.0,0.0,0.0,404907.36305094,-925830.0577538002,-53568.32540778651,0.0,0.0,0.0,0.0,101060.52646692004,0.0,549.8737779890957,-85727.89065066425,-33747.0941992883,0.0,0.0,0.0,-133789.44418058402,0.0,60457.26650691003,370.44021781179754,0.0,-12759.830081944894,0.0,0.0,0.0,0.0,0.0,0.0,0.0,0.0,1190.3554811803506,0.0,279205.88109789137,0.0,-597706.0190590341,0.0,-278209.2899264799,0.0,0.0,0.0,0.0,0.0,-60535.11339254638,0.0,0.0,0.0,0.0,0.0,0.0,0.0,0.0,0.0,0.0,0.0,0.0,0.0,0.0,10234.085815388738,1274.5474253026441,0.0,41509.20525080996,22863.91144795259,21231.12959364103,51826.09325093997,57234.02206763998,0.0,2836.3728681667635,0.0,0.0,0.0,0.0,14061.091890064214,-17139.121125469126,2519.7326557681954,0.0,20673.57771207852,0.0,-134557.15232205339,-67285.9239674576,0.0,0.0,0.0,0.0,-33283.14602232501,87073.35204164998,0.0,0.0,0.0,8428.012476616073,46559.45441040001,49695.46337169001,0.0,907.3888845261763,0.0,0.0,2262.3193245181537,0.0,11930.21120387732,0.0,0.0,0.0,0.0,1353.6350954030731,-205735.0774579338,0.0,0.0,0.0,0.0,0.0,0.0,0.0,14518.242980042269,0.0,0.0,0.0,-45580.285944961746,-9322.644996787974,24276.76982301229,0.0,0.0,0.0,71124.91161701997,0.0,0.0,0.0,9837.062698890135,0.0,0.0,0.0,0.0,32891.15137608,2986.0140745287536,0.0,-197502.40986259506,-75896.96698383999,0.0,0.0,0.0,0.0,0.0,-389656.14937333006,0.0,-563294.5548271118,0.0,0.0,0.0,0.0,0.0,0.0,0.0,0.0,0.0,0.0,0.0,0.0,0.0,10178.008027374977,0.0,0.0,0.0,0.0,0.0,0.0,0.0,0.0,0.0,0.0
Connecticut,2031,0.0,9012.882109358048,0.0,15027.988463756075,0.0,0.0,0.0,0.0,0.0,0.0,0.0,0.0,0.0,0.0,0.0,0.0,0.0,0.0,0.0,0.0,0.0,0.0,0.0,0.0,5594.0038260065885,0.0,0.0,0.0,0.0,0.0,0.0,0.0,0.0,0.0,0.0,5571.4253218613485,0.0,0.0,0.0,487238.526871298,-374439.8565392833,-17532.69997505068,0.0,0.0,0.0,0.0,121609.5001818604,0.0,661.6814461802119,-40611.77192688247,-9948.323026344675,0.0,0.0,0.0,-63379.9146584292,0.0,72750.24402998172,445.7630621001963,0.0,-6044.699165938302,0.0,0.0,0.0,0.0,0.0,0.0,0.0,0.0,1432.3944290203535,0.0,335977.7435877952,0.0,-283150.5632661017,0.0,-87697.41910789855,0.0,0.0,0.0,0.0,0.0,-19525.319786882435,0.0,0.0,0.0,0.0,0.0,0.0,0.0,0.0,0.0,0.0,0.0,0.0,0.0,0.0,12315.016597851121,1533.7054017808478,0.0,49949.41031847469,27512.906775702955,25548.125944348023,62364.06554529781,68871.60655472678,0.0,3413.102018027348,0.0,0.0,0.0,0.0,16920.18057437727,-6240.231869579413,3032.0782957743977,0.0,24877.205180201126,0.0,-57006.520198244805,-27152.419668583105,0.0,0.0,0.0,0.0,-14242.64436757227,104778.26695678546,0.0,0.0,0.0,10141.708346861335,56026.543473848025,59800.2075906003,0.0,1091.8912910464987,0.0,0.0,2722.3242538368468,0.0,14356.020815332377,0.0,0.0,0.0,0.0,1628.874231468364,-96490.22545586129,0.0,0.0,0.0,0.0,0.0,0.0,0.0,17470.28571931753,0.0,0.0,0.0,-20300.12769527298,-1305.2370321002381,29213.04635369146,0.0,0.0,0.0,85586.97697914735,0.0,0.0,0.0,11837.265447664453,0.0,0.0,0.0,0.0,39579.01882254958,3593.1702696829343,0.0,-79592.90281805125,2609.8876098596957,0.0,0.0,0.0,0.0,0.0,-114973.94621786254,0.0,-140751.43163201632,0.0,0.0,0.0,0.0,0.0,0.0,0.0,0.0,0.0,0.0,0.0,0.0,0.0,12247.536326274567,0.0,0.0,0.0,0.0,0.0,0.0,0.0,0.0,0.0,0.0
Connecticut,2032,0.0,10535.834487947635,0.0,17567.343855138693,0.0,0.0,0.0,0.0,0.0,0.0,0.0,0.0,0.0,0.0,0.0,0.0,0.0,0.0,0.0,0.0,0.0,0.0,0.0,0.0,6539.25100990244,0.0,0.0,0.0,0.0,0.0,0.0,0.0,0.0,0.0,0.0,6512.857301455642,0.0,0.0,0.0,569569.690691656,123685.10144689621,15123.422438709094,0.0,0.0,0.0,0.0,142158.47389680077,0.0,773.489114371328,0.0,11642.423312781153,0.0,0.0,0.0,0.0,0.0,85043.22155305342,521.085906388595,0.0,0.0,0.0,0.0,0.0,0.0,0.0,0.0,0.0,0.0,1674.4333768603583,0.0,392749.60607769946,0.0,0.0,0.0,85020.9395079278,0.0,0.0,0.0,0.0,0.0,17644.741900259105,0.0,0.0,0.0,0.0,0.0,0.0,0.0,0.0,0.0,0.0,0.0,0.0,0.0,0.0,14395.94738031349,1792.8633782590496,0.0,58389.61538613937,32161.902103453293,29865.122295055044,72902.03783965559,80509.19104181358,0.0,3989.831167887918,0.0,0.0,0.0,0.0,19779.26925869033,3622.8067735796503,3544.4239357805964,0.0,29080.83264832376,0.0,12988.98993553417,9105.606295135782,0.0,0.0,0.0,0.0,2939.2922065128514,122483.18187192094,0.0,0.0,0.0,11855.404217106603,65493.632537295984,69904.95180951059,0.0,1276.3936975668212,0.0,0.0,3182.32918315554,0.0,16781.830426787434,0.0,0.0,0.0,0.0,1904.113367533655,1874.7895081732404,0.0,0.0,0.0,0.0,0.0,0.0,0.0,20422.32845859279,0.0,0.0,0.0,2492.0501266317733,5998.286653816223,34149.32288437066,0.0,0.0,0.0,100049.04234127485,0.0,0.0,0.0,13837.468196438786,0.0,0.0,0.0,0.0,46266.88626901922,4200.326464837108,0.0,26933.33434446974,74351.72042651259,0.0,0.0,0.0,0.0,0.0,134221.31046237797,0.0,243113.96933222585,0.0,0.0,0.0,0.0,0.0,0.0,0.0,0.0,0.0,0.0,0.0,0.0,0.0,14317.064625174142,0.0,0.0,0.0,0.0,0.0,0.0,0.0,0.0,0.0,0.0
Connecticut,2033,0.0,11284.827461024477,0.0,18816.207162376028,0.0,0.0,0.0,0.0,0.0,0.0,0.0,0.0,0.0,0.0,0.0,0.0,0.0,0.0,0.0,0.0,0.0,0.0,0.0,0.0,7004.126674113515,0.0,0.0,0.0,0.0,0.0,0.0,0.0,0.0,0.0,0.0,6975.856635682347,0.0,0.0,0.0,610060.4269967498,132477.88117060915,16198.5472566268,0.0,0.0,0.0,0.0,152264.5265434928,0.0,828.4764921702376,0.0,12470.083737860383,0.0,0.0,0.0,0.0,0.0,91088.94820374442,558.1299281697752,0.0,0.0,0.0,0.0,0.0,0.0,0.0,0.0,0.0,0.0,1793.4689249783942,0.0,420670.1941874884,0.0,0.0,0.0,91065.08212697477,0.0,0.0,0.0,0.0,0.0,18899.107438192237,0.0,0.0,0.0,0.0,0.0,0.0,0.0,0.0,0.0,0.0,0.0,0.0,0.0,0.0,15419.355961852372,1920.3181207893158,0.0,62540.53591122036,34448.29324824855,31988.235254419153,78084.64716474956,86232.59324857756,0.0,4273.4684547045945,0.0,0.0,0.0,0.0,21185.378447696756,3880.352278810431,3796.3972013574166,0.0,31148.190419531602,0.0,13912.377845643241,9752.924278202307,0.0,0.0,0.0,0.0,3148.2466287767966,131190.5170760859,0.0,0.0,0.0,12698.205464768216,70149.57797833602,74874.4981466796,0.0,1367.1325860194383,0.0,0.0,3408.5611156073537,0.0,17974.85154717516,0.0,0.0,0.0,0.0,2039.476877073963,2008.0683831618608,0.0,0.0,0.0,0.0,0.0,0.0,0.0,21874.152756597003,0.0,0.0,0.0,2669.2100882406667,6424.705136315006,36576.99986667186,0.0,0.0,0.0,107161.53350297682,0.0,0.0,0.0,14821.174466327793,0.0,0.0,0.0,0.0,49556.00140662718,4498.927872289991,0.0,28848.026359479438,79637.38775541156,0.0,0.0,0.0,0.0,0.0,143763.10978434794,0.0,260396.95293404278,0.0,0.0,0.0,0.0,0.0,0.0,0.0,0.0,0.0,0.0,0.0,0.0,0.0,15334.865427911645,0.0,0.0,0.0,0.0,0.0,0.0,0.0,0.0,0.0,0.0
Delaware,2024,0.0,0.0,0.0,0.0,0.0,0.0,0.0,0.0,0.0,0.0,0.0,0.0,0.0,0.0,0.0,0.0,0.0,0.0,0.0,0.0,0.0,0.0,0.0,0.0,0.0,0.0,0.0,0.0,0.0,0.0,0.0,0.0,0.0,0.0,0.0,0.0,0.0,0.0,0.0,0.0,0.0,0.0,0.0,0.0,0.0,0.0,0.0,0.0,0.0,0.0,0.0,0.0,0.0,0.0,0.0,0.0,0.0,0.0,0.0,0.0,0.0,0.0,0.0,0.0,0.0,0.0,0.0,0.0,0.0,0.0,0.0,0.0,0.0,0.0,0.0,0.0,0.0,0.0,0.0,0.0,0.0,0.0,0.0,0.0,0.0,0.0,0.0,0.0,0.0,0.0,0.0,0.0,0.0,0.0,0.0,0.0,0.0,0.0,0.0,0.0,0.0,0.0,0.0,0.0,0.0,0.0,0.0,0.0,0.0,0.0,0.0,0.0,0.0,0.0,0.0,0.0,0.0,0.0,0.0,0.0,0.0,0.0,0.0,0.0,0.0,0.0,0.0,0.0,0.0,0.0,0.0,0.0,0.0,0.0,0.0,0.0,0.0,0.0,0.0,0.0,0.0,0.0,0.0,0.0,0.0,0.0,0.0,0.0,0.0,0.0,0.0,0.0,0.0,0.0,0.0,0.0,0.0,0.0,0.0,0.0,0.0,0.0,0.0,0.0,0.0,0.0,0.0,0.0,0.0,0.0,0.0,0.0,0.0,0.0,0.0,0.0,0.0,0.0,0.0,0.0,0.0,0.0,0.0,0.0,0.0,0.0,0.0,0.0,0.0,0.0,0.0,0.0,0.0,0.0,0.0,0.0,0.0,0.0,0.0,0.0,0.0,0.0,0.0,0.0,0.0
Delaware,2025,0.0,0.0,0.0,0.0,0.0,0.0,0.0,0.0,0.0,0.0,0.0,0.0,0.0,0.0,0.0,0.0,0.0,0.0,0.0,0.0,0.0,0.0,0.0,6779.625603545399,0.0,0.0,0.0,0.0,0.0,-5475.651303612226,0.0,0.0,0.0,0.0,0.0,4019.4749213575124,0.0,0.0,0.0,78069.94896119158,0.0,13156.420612663613,40242.91852775111,0.0,0.0,0.0,16184.22734665728,0.0,0.0,0.0,0.0,0.0,0.0,0.0,-1224343.453104187,0.0,100395.44571162178,322.6940850797332,0.0,0.0,0.0,0.0,0.0,0.0,0.0,4503.758413899086,0.0,11431.742548513052,0.0,0.0,291617.15602220595,0.0,-4015.574949395843,0.0,51124.79879727168,0.0,0.0,0.0,96.87849650769203,0.0,-22991.151572951872,0.0,0.0,0.0,0.0,0.0,0.0,0.0,0.0,0.0,0.0,0.0,0.0,0.0,0.0,0.0,1553.4002646285662,0.0,0.0,0.0,0.0,-226493.29122728517,0.0,0.0,-4813.366711202405,0.0,0.0,0.0,0.0,0.0,0.0,-2428.6482994010294,0.0,14528.154566872166,0.0,-49705.664432712525,-7764.294996087481,0.0,0.0,0.0,0.0,-3379.605090936733,18969.43341686402,0.0,0.0,0.0,3804.060043306352,0.0,198147.66071722284,0.0,0.0,0.0,0.0,0.0,0.0,0.0,0.0,0.0,0.0,0.0,2926.2227054201358,-363077.36273616925,61910.57867705054,0.0,28803.057032788405,0.0,0.0,0.0,0.0,0.0,0.0,0.0,0.0,0.0,-6972.988658499478,4496.954976263813,0.0,0.0,0.0,0.0,0.0,0.0,0.0,8925.303013244382,0.0,0.0,0.0,0.0,0.0,0.0,0.0,0.0,0.0,0.0,0.0,0.0,0.0,0.0,-4187.451143087346,3445.016223761304,58089.47760287137,0.0,0.0,0.0,0.0,0.0,0.0,0.0,0.0,0.0,0.0,0.0,0.0,0.0,213723.77637756476,0.0,0.0,0.0,0.0,0.0,0.0,0.0,0.0,0.0,0.0
Delaware,2026,0.0,0.0,0.0,0.0,0.0,0.0,0.0,0.0,0.0,0.0,0.0,0.0,0.0,0.0,0.0,0.0,0.0,0.0,0.0,0.0,0.0,0.0,0.0,7819.4454813897755,0.0,0.0,0.0,0.0,0.0,-11355.111700411197,0.0,0.0,0.0,0.0,0.0,4635.958805001304,0.0,0.0,0.0,90043.86751352169,0.0,15174.27653485132,46415.14529581112,0.0,0.0,0.0,18666.470804733486,0.0,0.0,0.0,0.0,0.0,0.0,0.0,-2538977.721334052,0.0,115793.52020726912,372.187042914049,0.0,0.0,0.0,0.0,0.0,0.0,0.0,5194.518906828387,0.0,13185.077295217488,0.0,0.0,336343.71369432425,0.0,-13570.10417654361,0.0,58966.02560666925,0.0,0.0,0.0,-748.926583886383,0.0,-52800.421328387005,0.0,0.0,0.0,0.0,0.0,0.0,0.0,0.0,0.0,0.0,0.0,0.0,0.0,0.0,0.0,-2020.5381291301164,0.0,0.0,0.0,0.0,-546763.2286652578,0.0,0.0,-13923.569607908117,0.0,0.0,0.0,0.0,0.0,0.0,-6575.801395558414,0.0,16756.39913234333,0.0,-104711.02352368036,-16711.369407342274,0.0,0.0,0.0,0.0,-7908.292213950694,21878.85572006402,0.0,0.0,0.0,4387.504835224499,0.0,210353.38190096756,0.0,0.0,0.0,0.0,0.0,0.0,0.0,0.0,0.0,0.0,0.0,-6418.022551655478,-807081.7961708349,71406.06620420562,0.0,33220.70381695841,0.0,0.0,0.0,0.0,0.0,0.0,0.0,0.0,0.0,-15756.164265680138,5186.671997163176,0.0,0.0,0.0,0.0,0.0,0.0,0.0,10294.214518343157,0.0,0.0,0.0,0.0,0.0,0.0,0.0,0.0,0.0,0.0,0.0,0.0,0.0,0.0,-11539.122571604174,3973.3929451970907,66998.9066830664,0.0,0.0,0.0,0.0,0.0,0.0,0.0,0.0,0.0,0.0,0.0,0.0,0.0,246503.49668087205,0.0,0.0,0.0,0.0,0.0,0.0,0.0,0.0,0.0,0.0
Delaware,2027,0.0,0.0,0.0,0.0,0.0,0.0,0.0,0.0,0.0,0.0,0.0,0.0,0.0,0.0,0.0,0.0,0.0,0.0,0.0,0.0,0.0,0.0,0.0,9108.822129916822,0.0,0.0,0.0,0.0,0.0,-19495.90301905592,0.0,0.0,0.0,0.0,0.0,5400.398820719609,0.0,0.0,0.0,104891.52651841077,0.0,17676.41787836401,54068.70648820553,0.0,0.0,0.0,21744.452692748077,0.0,0.0,0.0,0.0,0.0,0.0,0.0,-4359240.55426771,0.0,134887.13258187217,433.5583106285999,0.0,0.0,0.0,0.0,0.0,0.0,0.0,6051.061918060732,0.0,15359.212381131016,0.0,0.0,391804.6452077497,0.0,-26925.80035970705,0.0,68689.14685032214,0.0,0.0,0.0,-1942.931450002694,0.0,-94198.24576983332,0.0,0.0,0.0,0.0,0.0,0.0,0.0,0.0,0.0,0.0,0.0,0.0,0.0,0.0,0.0,-7095.393962000788,0.0,0.0,0.0,0.0,-992071.3269922046,0.0,0.0,-26632.69274802148,0.0,0.0,0.0,0.0,0.0,0.0,-12355.11177772787,0.0,19519.422393527668,0.0,-180911.67017921963,-29114.331434805074,0.0,0.0,0.0,0.0,-14200.467750345219,25486.539376031986,0.0,0.0,0.0,5110.976377203013,0.0,222420.39649606822,0.0,0.0,0.0,0.0,0.0,0.0,0.0,0.0,0.0,0.0,0.0,-19657.11789807785,-1423162.1747853607,83180.47073787777,0.0,38698.58582932915,0.0,0.0,0.0,0.0,0.0,0.0,0.0,0.0,0.0,-27948.715870191983,6041.921103078377,0.0,0.0,0.0,0.0,0.0,0.0,0.0,11991.664784665743,0.0,0.0,0.0,0.0,0.0,0.0,0.0,0.0,0.0,0.0,0.0,0.0,0.0,0.0,-21787.173192933144,4628.580079777457,78046.59874250821,0.0,0.0,0.0,0.0,0.0,0.0,0.0,0.0,0.0,0.0,0.0,0.0,0.0,287150.3498569736,0.0,0.0,0.0,0.0,0.0,0.0,0.0,0.0,0.0,0.0
Delaware,2028,0.0,0.0,0.0,0.0,0.0,0.0,0.0,0.0,0.0,0.0,0.0,0.0,0.0,0.0,0.0,0.0,0.0,0.0,0.0,0.0,0.0,0.0,0.0,9025.636539689265,0.0,0.0,0.0,0.0,0.0,-25940.696146316328,0.0,0.0,0.0,0.0,0.0,5351.080110028102,0.0,0.0,0.0,103933.61303422437,0.0,17514.989404588996,53574.928346760804,0.0,0.0,0.0,21545.873216101987,0.0,0.0,0.0,0.0,0.0,0.0,0.0,-5800281.963673523,0.0,133655.28662222042,429.59887400185426,0.0,0.0,0.0,0.0,0.0,0.0,0.0,5995.801078626384,0.0,15218.945601394662,0.0,0.0,388226.5205939794,0.0,-38426.62009894912,0.0,68061.84870557021,0.0,0.0,0.0,-3056.2289588258373,0.0,-127877.81528225273,0.0,0.0,0.0,0.0,0.0,0.0,0.0,0.0,0.0,0.0,0.0,0.0,0.0,0.0,0.0,-12040.384908737149,0.0,0.0,0.0,0.0,-1358242.773257827,0.0,0.0,-37391.47756519544,0.0,0.0,0.0,0.0,0.0,0.0,-17202.750115921106,0.0,19341.162828289904,0.0,-241526.28461262363,-39041.29813737277,0.0,0.0,0.0,0.0,-19340.974681555595,25253.785591776017,0.0,0.0,0.0,5064.3007938495575,0.0,196491.3121012617,0.0,0.0,0.0,0.0,0.0,0.0,0.0,0.0,0.0,0.0,0.0,-32347.139698121784,-1920472.9546149583,82420.83173570537,0.0,38345.17408659565,0.0,0.0,0.0,0.0,0.0,0.0,0.0,0.0,0.0,-37830.43298708754,5986.743741406426,0.0,0.0,0.0,0.0,0.0,0.0,0.0,11882.151864257816,0.0,0.0,0.0,0.0,0.0,0.0,0.0,0.0,0.0,0.0,0.0,0.0,0.0,0.0,-30405.392874403122,4586.309942062595,77333.84441609262,0.0,0.0,0.0,0.0,0.0,0.0,0.0,0.0,0.0,0.0,0.0,0.0,0.0,284527.9722327092,0.0,0.0,0.0,0.0,0.0,0.0,0.0,0.0,0.0,0.0
Delaware,2029,0.0,0.0,0.0,0.0,0.0,0.0,0.0,0.0,0.0,0.0,0.0,0.0,0.0,0.0,0.0,0.0,0.0,0.0,0.0,0.0,0.0,0.0,0.0,11562.797041629557,0.0,0.0,0.0,0.0,0.0,-29994.93944191122,0.0,0.0,0.0,0.0,0.0,6855.300786118947,0.0,0.0,0.0,133149.97430190956,0.0,22438.55785472694,68635.16166082729,0.0,0.0,0.0,27602.547253808094,0.0,0.0,0.0,0.0,0.0,0.0,0.0,-6706801.747535325,0.0,171226.58839160018,550.3616911175832,0.0,0.0,0.0,0.0,0.0,0.0,0.0,7681.256681373896,0.0,19497.082383353525,0.0,0.0,497359.32131394604,0.0,-43485.71595106457,0.0,87194.44212050014,0.0,0.0,0.0,-3362.3980687973853,0.0,-146938.8455757625,0.0,0.0,0.0,0.0,0.0,0.0,0.0,0.0,0.0,0.0,0.0,0.0,0.0,0.0,0.0,-12975.771515183544,0.0,0.0,0.0,0.0,-1556605.900262553,0.0,0.0,-42523.6710440614,0.0,0.0,0.0,0.0,0.0,0.0,-19613.419925560032,0.0,24778.079568039684,0.0,-278979.14193010837,-45032.85404177149,0.0,0.0,0.0,0.0,-22201.29252847138,32352.776011583977,0.0,0.0,0.0,6487.906086129842,0.0,263409.62521443237,0.0,0.0,0.0,0.0,0.0,0.0,0.0,0.0,0.0,0.0,0.0,-35148.32059862773,-2210844.8801540476,105589.82130196353,0.0,49124.23223997041,0.0,0.0,0.0,0.0,0.0,0.0,0.0,0.0,0.0,-43508.93371613038,7669.6532724008575,0.0,0.0,0.0,0.0,0.0,0.0,0.0,15222.295936698982,0.0,0.0,0.0,0.0,0.0,0.0,0.0,0.0,0.0,0.0,0.0,0.0,0.0,0.0,-34641.89186063605,5875.549142365904,99072.8513717684,0.0,0.0,0.0,0.0,0.0,0.0,0.0,0.0,0.0,0.0,0.0,0.0,0.0,364510.4897727794,0.0,0.0,0.0,0.0,0.0,0.0,0.0,0.0,0.0,0.0
Delaware,2030,0.0,0.0,0.0,0.0,0.0,0.0,0.0,0.0,0.0,0.0,0.0,0.0,0.0,0.0,0.0,0.0,0.0,0.0,0.0,0.0,0.0,0.0,0.0,12477.838534132621,0.0,0.0,0.0,0.0,0.0,-19059.78919841424,0.0,0.0,0.0,0.0,0.0,7397.806603725483,0.0,0.0,0.0,143687.02262795996,0.0,24214.271066252084,74066.72121672,0.0,0.0,0.0,29786.921496915194,0.0,0.0,0.0,0.0,0.0,0.0,0.0,-4261726.473931978,0.0,184776.89394776965,593.9154940117814,0.0,0.0,0.0,0.0,0.0,0.0,0.0,8289.125915151686,0.0,21040.016960453446,0.0,0.0,536718.6920654103,0.0,-23321.545758018037,0.0,94094.72171276994,0.0,0.0,0.0,-1355.615870288375,0.0,-89157.97217682729,0.0,0.0,0.0,0.0,0.0,0.0,0.0,0.0,0.0,0.0,0.0,0.0,0.0,0.0,0.0,-3935.265055339274,0.0,0.0,0.0,0.0,-925748.3225552524,0.0,0.0,-23779.894949372487,0.0,0.0,0.0,0.0,0.0,0.0,-11197.302752776744,0.0,26738.93478565433,0.0,-175929.11896676003,-28113.674338327204,0.0,0.0,0.0,0.0,-13367.574307915194,34913.06763840001,0.0,0.0,0.0,7001.337503017821,0.0,332278.6465433906,0.0,0.0,0.0,0.0,0.0,0.0,0.0,0.0,0.0,0.0,0.0,-12068.003234153613,-1360320.657069642,113945.85032585997,0.0,53011.761410039966,0.0,0.0,0.0,0.0,0.0,0.0,0.0,0.0,0.0,-26581.478127244303,8276.60425079229,0.0,0.0,0.0,0.0,0.0,0.0,0.0,16426.938061185967,0.0,0.0,0.0,0.0,0.0,0.0,0.0,0.0,0.0,0.0,0.0,0.0,0.0,0.0,-19664.851532430665,6340.520657229397,106913.14896234008,0.0,0.0,0.0,0.0,0.0,0.0,0.0,0.0,0.0,0.0,0.0,0.0,0.0,393356.64363969024,0.0,0.0,0.0,0.0,0.0,0.0,0.0,0.0,0.0,0.0
Delaware,2031,0.0,0.0,0.0,0.0,0.0,0.0,0.0,0.0,0.0,0.0,0.0,0.0,0.0,0.0,0.0,0.0,0.0,0.0,0.0,0.0,0.0,0.0,0.0,15014.999036072913,0.0,0.0,0.0,0.0,0.0,-9029.17132365556,0.0,0.0,0.0,0.0,0.0,8902.027279816335,0.0,0.0,0.0,172903.38389564515,0.0,29137.83951639,89126.95453078643,0.0,0.0,0.0,35843.5955346213,0.0,0.0,0.0,0.0,0.0,0.0,0.0,-2018902.626210149,0.0,222348.19571714965,714.678311127509,0.0,0.0,0.0,0.0,0.0,0.0,0.0,9974.581517899198,0.0,25318.15374241231,0.0,0.0,645851.4927853765,0.0,-3398.77023877755,0.0,113227.31512769987,0.0,0.0,0.0,743.6125487087702,0.0,-34762.77694252026,0.0,0.0,0.0,0.0,0.0,0.0,0.0,0.0,0.0,0.0,0.0,0.0,0.0,0.0,0.0,5783.721055916627,0.0,0.0,0.0,0.0,-326102.6389944933,0.0,0.0,-5514.003511276169,0.0,0.0,0.0,0.0,0.0,0.0,-3058.486364871911,0.0,32175.851525404054,0.0,-80958.5491233687,-12427.983499831083,0.0,0.0,0.0,0.0,-5019.718610691694,42012.05805820797,0.0,0.0,0.0,8424.942795298113,0.0,450020.771864573,0.0,0.0,0.0,0.0,0.0,0.0,0.0,0.0,0.0,0.0,0.0,12500.603678971966,-565415.6759288026,137114.83989211824,0.0,63790.81956341484,0.0,0.0,0.0,0.0,0.0,0.0,0.0,0.0,0.0,-10701.603502905265,9959.513781786729,0.0,0.0,0.0,0.0,0.0,0.0,0.0,19767.08213362709,0.0,0.0,0.0,0.0,0.0,0.0,0.0,0.0,0.0,0.0,0.0,0.0,0.0,0.0,-5149.738444723684,7629.759857532714,128652.15591801587,0.0,0.0,0.0,0.0,0.0,0.0,0.0,0.0,0.0,0.0,0.0,0.0,0.0,473339.1611797605,0.0,0.0,0.0,0.0,0.0,0.0,0.0,0.0,0.0,0.0
Delaware,2032,0.0,0.0,0.0,0.0,0.0,0.0,0.0,0.0,0.0,0.0,0.0,0.0,0.0,0.0,0.0,0.0,0.0,0.0,0.0,0.0,0.0,0.0,0.0,17552.15953801322,0.0,0.0,0.0,0.0,0.0,0.0,0.0,0.0,0.0,0.0,0.0,10406.24795590718,0.0,0.0,0.0,202119.74516333034,0.0,34061.40796652791,104187.18784485286,0.0,0.0,0.0,41900.26957232738,0.0,0.0,0.0,0.0,0.0,0.0,0.0,0.0,0.0,259919.49748652987,835.4411282432375,0.0,0.0,0.0,0.0,0.0,0.0,0.0,11660.037120646703,0.0,29596.290524371172,0.0,0.0,754984.2935053436,0.0,14747.771306811483,0.0,132359.9085426298,0.0,0.0,0.0,2671.814996609519,0.0,14409.61326572641,0.0,0.0,0.0,0.0,0.0,0.0,0.0,0.0,0.0,0.0,0.0,0.0,0.0,0.0,0.0,14745.171492290014,0.0,0.0,0.0,0.0,216803.88601688435,0.0,0.0,11088.26262309117,0.0,0.0,0.0,0.0,0.0,0.0,4330.251875959868,0.0,37612.76826515372,0.0,4596.59355950154,1716.4352078628763,0.0,0.0,0.0,0.0,2531.225664815478,49111.04847801599,0.0,0.0,0.0,9848.548087578405,0.0,564149.2775104153,0.0,0.0,0.0,0.0,0.0,0.0,0.0,0.0,0.0,0.0,0.0,35123.19356865127,152325.1214802072,160283.8294583764,0.0,74569.8777167896,0.0,0.0,0.0,0.0,0.0,0.0,0.0,0.0,0.0,3645.450855482308,11642.423312781153,0.0,0.0,0.0,0.0,0.0,0.0,0.0,23107.22620606824,0.0,0.0,0.0,0.0,0.0,0.0,0.0,0.0,0.0,0.0,0.0,0.0,0.0,0.0,8032.117821212356,8918.999057836016,150391.16287369165,0.0,0.0,0.0,0.0,0.0,0.0,0.0,0.0,0.0,0.0,0.0,0.0,0.0,553321.6787198307,0.0,0.0,0.0,0.0,0.0,0.0,0.0,0.0,0.0,0.0
Delaware,2033,0.0,0.0,0.0,0.0,0.0,0.0,0.0,0.0,0.0,0.0,0.0,0.0,0.0,0.0,0.0,0.0,0.0,0.0,0.0,0.0,0.0,0.0,0.0,18799.94339142648,0.0,0.0,0.0,0.0,0.0,0.0,0.0,0.0,0.0,0.0,0.0,11146.028616279727,0.0,0.0,0.0,216488.44742612634,0.0,36482.83507315314,111593.85996652482,0.0,0.0,0.0,44878.961722018896,0.0,0.0,0.0,0.0,0.0,0.0,0.0,0.0,0.0,278397.18688130705,894.8326776444155,0.0,0.0,0.0,0.0,0.0,0.0,0.0,12488.94971216187,0.0,31700.292220416508,0.0,0.0,808656.1627118839,0.0,15796.191067959211,0.0,141769.38071390684,0.0,0.0,0.0,2861.754451344792,0.0,15433.99335570696,0.0,0.0,0.0,0.0,0.0,0.0,0.0,0.0,0.0,0.0,0.0,0.0,0.0,0.0,0.0,15793.406432500211,0.0,0.0,0.0,0.0,232216.4845488905,0.0,0.0,11876.527738476798,0.0,0.0,0.0,0.0,0.0,0.0,4638.089687047064,0.0,40286.66174371919,0.0,4923.365613494541,1838.456668137489,0.0,0.0,0.0,0.0,2711.1706172905124,52602.355241856014,0.0,0.0,0.0,10548.681837880184,0.0,604254.6763855633,0.0,0.0,0.0,0.0,0.0,0.0,0.0,0.0,0.0,0.0,0.0,37620.10306405302,163153.92158543528,171678.4144909624,0.0,79871.05385779357,0.0,0.0,0.0,0.0,0.0,0.0,0.0,0.0,0.0,3904.6061295687214,12470.083737860383,0.0,0.0,0.0,0.0,0.0,0.0,0.0,24749.920012186834,0.0,0.0,0.0,0.0,0.0,0.0,0.0,0.0,0.0,0.0,0.0,0.0,0.0,0.0,8603.121457791436,9553.051123558951,161082.4777699256,0.0,0.0,0.0,0.0,0.0,0.0,0.0,0.0,0.0,0.0,0.0,0.0,0.0,592657.3430838003,0.0,0.0,0.0,0.0,0.0,0.0,0.0,0.0,0.0,0.0
Florida,2024,0.0,0.0,0.0,0.0,0.0,0.0,0.0,0.0,0.0,0.0,0.0,0.0,0.0,0.0,0.0,0.0,0.0,0.0,0.0,0.0,0.0,0.0,0.0,0.0,0.0,0.0,0.0,0.0,0.0,0.0,0.0,0.0,0.0,0.0,0.0,0.0,0.0,0.0,0.0,0.0,0.0,0.0,0.0,0.0,0.0,0.0,0.0,0.0,0.0,0.0,0.0,0.0,0.0,0.0,0.0,0.0,0.0,0.0,0.0,0.0,0.0,0.0,0.0,0.0,0.0,0.0,0.0,0.0,0.0,0.0,0.0,0.0,0.0,0.0,0.0,0.0,0.0,0.0,0.0,0.0,0.0,0.0,0.0,0.0,0.0,0.0,0.0,0.0,0.0,0.0,0.0,0.0,0.0,0.0,0.0,0.0,0.0,0.0,0.0,0.0,0.0,0.0,0.0,0.0,0.0,0.0,0.0,0.0,0.0,0.0,0.0,0.0,0.0,0.0,0.0,0.0,0.0,0.0,0.0,0.0,0.0,0.0,0.0,0.0,0.0,0.0,0.0,0.0,0.0,0.0,0.0,0.0,0.0,0.0,0.0,0.0,0.0,0.0,0.0,0.0,0.0,0.0,0.0,0.0,0.0,0.0,0.0,0.0,0.0,0.0,0.0,0.0,0.0,0.0,0.0,0.0,0.0,0.0,0.0,0.0,0.0,0.0,0.0,0.0,0.0,0.0,0.0,0.0,0.0,0.0,0.0,0.0,0.0,0.0,0.0,0.0,0.0,0.0,0.0,0.0,0.0,0.0,0.0,0.0,0.0,0.0,0.0,0.0,0.0,0.0,0.0,0.0,0.0,0.0,0.0,0.0,0.0,0.0,0.0,0.0,0.0,0.0,0.0,0.0,0.0
Florida,2025,0.0,0.0,0.0,5498.1160144882815,0.0,0.0,0.0,0.0,0.0,0.0,0.0,0.0,0.0,0.0,0.0,0.0,0.0,0.0,0.0,0.0,0.0,0.0,0.0,0.0,3855.715856719151,0.0,0.0,0.0,0.0,0.0,0.0,0.0,0.0,0.0,0.0,0.0,0.0,0.0,0.0,0.0,380793.7847639518,-2097792.981420841,0.0,0.0,0.0,0.0,173662.292807905,283646.81047794735,3658.37263739248,3938.793511330856,-42155.16956683167,0.0,0.0,0.0,-199601.2586577852,76620.37977783871,-1991355.9356008526,10160.786634057498,0.0,20469.36918246909,0.0,0.0,8536.881556924593,0.0,0.0,0.0,0.0,0.0,1196.349317967357,0.0,0.0,0.0,0.0,0.0,0.0,0.0,0.0,0.0,-269.76821129102973,0.0,209165.26604098687,628.0691171054268,-165344.0082814966,254.30780678039355,0.0,0.0,0.0,0.0,-24206.02934507525,0.0,0.0,0.0,0.0,0.0,0.0,0.0,359.17458688264105,0.0,48750.23040717631,0.0,144442.14923344296,223680.65276200743,0.0,0.0,8455.29135157475,0.0,0.0,8260.42963773389,57184.719960589195,0.0,0.0,-221652.88513435493,-206383.4930040529,292535.26894396683,0.0,-215170.08571581705,60421.16364867613,0.0,0.0,0.0,0.0,-236971.84218699625,53307.74908789364,0.0,0.0,0.0,40283.1386026892,0.0,62721.1683913318,0.0,0.0,0.0,0.0,0.0,-21864.964307167727,0.0,0.0,0.0,0.0,0.0,12393.03140409771,58437.056387461256,0.0,0.0,32800.155567226466,0.0,0.0,0.0,0.0,0.0,0.0,0.0,0.0,-155727.24774425942,39707.55995434587,11698.057626047987,0.0,0.0,0.0,0.0,0.0,0.0,1364.8840921651608,56541.97633140208,0.0,0.0,-2544.5112379972124,0.0,0.0,1027.5447315602796,0.0,0.0,0.0,0.0,0.0,0.0,0.0,0.0,8698.34989087237,0.0,0.0,0.0,0.0,0.0,0.0,0.0,158.59047729109443,0.0,0.0,0.0,0.0,0.0,0.0,0.0,0.0,0.0,15530.027353813231,0.0,0.0,0.0,0.0,0.0,0.0,0.0,0.0
Florida,2026,0.0,0.0,0.0,6341.385341863788,0.0,0.0,0.0,0.0,0.0,0.0,0.0,0.0,0.0,0.0,0.0,0.0,0.0,0.0,0.0,0.0,0.0,0.0,0.0,0.0,4447.083319406149,0.0,0.0,0.0,0.0,0.0,0.0,0.0,0.0,0.0,0.0,0.0,0.0,0.0,0.0,0.0,439197.7394823497,-4897491.621884004,0.0,0.0,0.0,0.0,200297.61379071278,327150.92251444235,4219.4727351520705,4542.90294558405,-96136.08033291118,0.0,0.0,0.0,-413922.3741487404,47326.31728223525,-4491912.26631141,11719.189492041784,0.0,-18055.788859126857,0.0,0.0,9846.219219029605,0.0,0.0,0.0,0.0,0.0,1379.8384771648089,0.0,0.0,0.0,0.0,0.0,0.0,0.0,0.0,0.0,-2021.2125121082317,0.0,130086.10172657203,724.3987362933749,-490481.2078729416,293.31207162401233,0.0,0.0,0.0,0.0,-106919.5361957287,0.0,0.0,0.0,0.0,0.0,0.0,0.0,414.2627137051322,0.0,42618.26432792004,0.0,166595.85310360324,257987.50134513807,0.0,0.0,9752.115178503358,0.0,0.0,9527.366698736005,65955.38253123162,0.0,0.0,-506262.5002273205,-656097.5617563473,326498.98255907325,0.0,-580575.7332736491,69688.21328804363,0.0,0.0,0.0,0.0,-691193.4837202029,61483.784224073635,0.0,0.0,0.0,46461.53409389919,0.0,72340.97949429671,0.0,0.0,0.0,0.0,0.0,-54506.57346808401,0.0,0.0,0.0,0.0,0.0,14293.803091842768,-12642.433620442636,0.0,0.0,-7949.701777240494,0.0,0.0,0.0,0.0,0.0,0.0,0.0,0.0,-578968.2794177709,45797.67651176086,13492.238243540021,0.0,0.0,0.0,0.0,0.0,0.0,1574.2221431107428,65214.05859081959,0.0,0.0,-17212.784926982364,0.0,0.0,1185.1436167689117,0.0,0.0,0.0,0.0,0.0,0.0,0.0,0.0,-74421.17816435802,0.0,0.0,0.0,0.0,0.0,0.0,0.0,182.91417012715192,0.0,0.0,0.0,0.0,0.0,0.0,0.0,0.0,0.0,8850.945538766391,0.0,0.0,0.0,0.0,0.0,0.0,0.0,0.0
Florida,2027,0.0,0.0,0.0,7387.03930780942,0.0,0.0,0.0,0.0,0.0,0.0,0.0,0.0,0.0,0.0,0.0,0.0,0.0,0.0,0.0,0.0,0.0,0.0,0.0,0.0,5180.378973138002,0.0,0.0,0.0,0.0,0.0,0.0,0.0,0.0,0.0,0.0,0.0,0.0,0.0,0.0,0.0,511618.6433331622,-8787184.56749921,0.0,0.0,0.0,0.0,233325.41180939367,381096.02143969573,4915.236856373951,5291.998644058025,-171088.95185235364,0.0,0.0,0.0,-710674.6879054476,4076.677327850368,-7962953.279148302,13651.609035942296,0.0,-72856.41782698163,0.0,0.0,11469.797920039753,0.0,0.0,0.0,0.0,0.0,1607.3650345696424,0.0,0.0,0.0,0.0,0.0,0.0,0.0,0.0,0.0,-4481.517073474188,0.0,13273.66569834482,843.8474640864324,-944228.217634262,341.6773600300994,0.0,0.0,0.0,0.0,-222812.8967298388,0.0,0.0,0.0,0.0,0.0,0.0,0.0,482.5719909650197,0.0,32718.589769216138,0.0,194066.44590260158,300527.99358821893,0.0,0.0,11360.176723894881,0.0,0.0,11098.368654378603,76831.00411882834,0.0,0.0,-901460.6333706151,-1284275.8725262964,366774.38064777106,0.0,-1089760.1715060207,81179.3548408593,0.0,0.0,0.0,0.0,-1324930.1594982776,71622.06779293681,0.0,0.0,0.0,54122.74450299959,0.0,84269.5452619734,0.0,0.0,0.0,0.0,0.0,-99923.49762969973,0.0,0.0,0.0,0.0,0.0,16650.759984646633,-114285.2963304359,0.0,0.0,-66203.37451562635,0.0,0.0,0.0,0.0,0.0,0.0,0.0,0.0,-1171164.440696532,53349.421042955364,15717.022209230112,0.0,0.0,0.0,0.0,0.0,0.0,1833.8013262832537,75967.44059249724,0.0,0.0,-37810.35370042085,0.0,0.0,1380.5662344276152,0.0,0.0,0.0,0.0,0.0,0.0,0.0,0.0,-191737.95612840005,0.0,0.0,0.0,0.0,0.0,0.0,0.0,213.0755492438625,0.0,0.0,0.0,0.0,0.0,0.0,0.0,0.0,0.0,-959.8371356544667,0.0,0.0,0.0,0.0,0.0,0.0,0.0,0.0
Florida,2028,0.0,0.0,0.0,7319.577761619381,0.0,0.0,0.0,0.0,0.0,0.0,0.0,0.0,0.0,0.0,0.0,0.0,0.0,0.0,0.0,0.0,0.0,0.0,0.0,0.0,5133.069576123045,0.0,0.0,0.0,0.0,0.0,0.0,0.0,0.0,0.0,0.0,0.0,0.0,0.0,0.0,0.0,506946.326955691,-11963335.694736157,0.0,0.0,0.0,0.0,231194.586130769,377615.6924767764,4870.348848553185,5243.669889317767,-231968.84589091493,0.0,0.0,0.0,-945603.6029628408,-49900.695337874815,-10774966.899572402,13526.936807303588,0.0,-126944.63417996035,0.0,0.0,11365.05090707136,0.0,0.0,0.0,0.0,0.0,1592.6859018338419,0.0,0.0,0.0,0.0,0.0,0.0,0.0,0.0,0.0,-6687.876730212793,0.0,-132928.09856927674,836.1410945513962,-1329557.949048128,338.55701884261,0.0,0.0,0.0,0.0,-324597.1343099229,0.0,0.0,0.0,0.0,0.0,0.0,0.0,478.16494081922156,0.0,14535.530073474394,0.0,192294.14959298866,297783.4457015684,0.0,0.0,11256.430817740606,0.0,0.0,10997.01368949846,76129.3511131769,0.0,0.0,-1222572.181952742,-1821941.0415774523,349095.8006432387,0.0,-1516636.8394543184,80437.99086970987,0.0,0.0,0.0,0.0,-1861982.3951084642,70967.98498204246,0.0,0.0,0.0,53628.4728637028,0.0,83499.96037373622,0.0,0.0,0.0,0.0,0.0,-137499.89090948415,0.0,0.0,0.0,0.0,0.0,16498.69824962702,-218429.08185424516,0.0,0.0,-125761.29064177792,0.0,0.0,0.0,0.0,0.0,0.0,0.0,0.0,-1685283.1591387903,52862.211718362174,15573.48775983075,0.0,0.0,0.0,0.0,0.0,0.0,1817.0542822076095,75273.67401174386,0.0,0.0,-56228.50069476527,0.0,0.0,1367.9583236109247,0.0,0.0,0.0,0.0,0.0,0.0,0.0,0.0,-300971.6550298587,0.0,0.0,0.0,0.0,0.0,0.0,0.0,211.12965381697813,0.0,0.0,0.0,0.0,0.0,0.0,0.0,0.0,0.0,-12858.56777732959,0.0,0.0,0.0,0.0,0.0,0.0,0.0,0.0
Florida,2029,0.0,0.0,0.0,9377.154920415604,0.0,0.0,0.0,0.0,0.0,0.0,0.0,0.0,0.0,0.0,0.0,0.0,0.0,0.0,0.0,0.0,0.0,0.0,0.0,0.0,6576.006185079292,0.0,0.0,0.0,0.0,0.0,0.0,0.0,0.0,0.0,0.0,0.0,0.0,0.0,0.0,0.0,649451.9764685798,-13734278.666051498,0.0,0.0,0.0,0.0,296184.7693288191,483765.72584582446,6239.433087086574,6717.696908895574,-266649.2132832289,0.0,0.0,0.0,-1093390.9655678675,-37557.262399534695,-12393555.599137522,17329.439780785237,0.0,-135861.03636856982,0.0,0.0,14559.834802607555,0.0,0.0,0.0,0.0,0.0,2040.399450275616,0.0,0.0,0.0,0.0,0.0,0.0,0.0,0.0,0.0,-7469.202050628664,0.0,-98877.60970778298,1071.1853653699918,-1510704.9062899877,433.72742506103987,0.0,0.0,0.0,0.0,-365087.1934768781,0.0,0.0,0.0,0.0,0.0,0.0,0.0,612.5799702660988,0.0,27364.99737410643,0.0,246349.18703617924,381492.15624440555,0.0,0.0,14420.680955446456,0.0,0.0,14088.340118343636,97529.76778554462,0.0,0.0,-1405231.3981687245,-2065506.276003303,454234.0526104518,0.0,-1729411.131450551,103049.59198976669,0.0,0.0,0.0,0.0,-2116921.6398334685,90917.51071432151,0.0,0.0,0.0,68703.75786225521,0.0,106972.29946497071,0.0,0.0,0.0,0.0,0.0,-157335.06278770848,0.0,0.0,0.0,0.0,0.0,21136.581167724944,-228405.65400014515,0.0,0.0,-131700.66841627494,0.0,0.0,0.0,0.0,0.0,0.0,0.0,0.0,-1902449.6920487168,67722.09611845482,19951.288466511265,0.0,0.0,0.0,0.0,0.0,0.0,2327.8391265148202,96433.55472472252,0.0,0.0,-62861.400184176484,0.0,0.0,1752.4996035199893,0.0,0.0,0.0,0.0,0.0,0.0,0.0,0.0,-331317.2223118027,0.0,0.0,0.0,0.0,0.0,0.0,0.0,270.47946433695824,0.0,0.0,0.0,0.0,0.0,0.0,0.0,0.0,0.0,-10651.727730271523,0.0,0.0,0.0,0.0,0.0,0.0,0.0,0.0
Florida,2030,0.0,0.0,0.0,10119.231928506051,0.0,0.0,0.0,0.0,0.0,0.0,0.0,0.0,0.0,0.0,0.0,0.0,0.0,0.0,0.0,0.0,0.0,0.0,0.0,0.0,7096.409552243844,0.0,0.0,0.0,0.0,0.0,0.0,0.0,0.0,0.0,0.0,0.0,0.0,0.0,0.0,0.0,700847.4566207714,-8277302.738872174,0.0,0.0,0.0,0.0,319623.8517936901,522049.34443794005,6733.201173115005,7249.3132110383885,-162270.6169517261,0.0,0.0,0.0,-694777.242525624,67865.39598663384,-7577354.0295926435,18700.834295811394,0.0,-36583.19604080985,0.0,0.0,15712.051945259955,0.0,0.0,0.0,0.0,0.0,2201.8699103693707,0.0,0.0,0.0,0.0,0.0,0.0,0.0,0.0,0.0,-3544.279801521261,0.0,186852.08034308162,1155.955430255387,-838593.5708162864,468.05117812342405,0.0,0.0,0.0,0.0,-185350.54760889802,0.0,0.0,0.0,0.0,0.0,0.0,0.0,661.0575218698914,0.0,65469.68869630853,0.0,265844.44644192,411682.18299755966,0.0,0.0,15561.88592314365,0.0,0.0,15203.24473202553,105247.95084771002,0.0,0.0,-854607.0444036121,-1124935.5562485205,518975.40037570987,0.0,-988446.5014883403,111204.5956724101,0.0,0.0,0.0,0.0,-1180905.3898356855,98112.42163415998,0.0,0.0,0.0,74140.74589452008,0.0,115437.73323557992,0.0,0.0,0.0,0.0,0.0,-92441.02305733171,0.0,0.0,0.0,0.0,0.0,22809.260252940614,-35102.57349501015,0.0,0.0,-21224.112137848046,0.0,0.0,0.0,0.0,0.0,0.0,0.0,0.0,-998368.5383743537,73081.39868898003,21530.167409904243,0.0,0.0,0.0,0.0,0.0,0.0,2512.056611346925,104064.98711301002,0.0,0.0,-30130.166404585325,0.0,0.0,1891.1866225035847,0.0,0.0,0.0,0.0,0.0,0.0,0.0,0.0,-134508.43613708182,0.0,0.0,0.0,0.0,0.0,0.0,0.0,291.88431403268896,0.0,0.0,0.0,0.0,0.0,0.0,0.0,0.0,0.0,12433.906923001108,0.0,0.0,0.0,0.0,0.0,0.0,0.0,0.0
Florida,2031,0.0,0.0,0.0,12176.809087302274,0.0,0.0,0.0,0.0,0.0,0.0,0.0,0.0,0.0,0.0,0.0,0.0,0.0,0.0,0.0,0.0,0.0,0.0,0.0,0.0,8539.34616120009,0.0,0.0,0.0,0.0,0.0,0.0,0.0,0.0,0.0,0.0,0.0,0.0,0.0,0.0,0.0,843353.1061336603,-3122825.82765615,0.0,0.0,0.0,0.0,384614.0349917407,628199.3778069881,8102.285411648394,8723.340230616195,-64154.16117140808,0.0,0.0,0.0,-329135.9987896812,194923.9152657322,-3060946.2640540944,22503.337269293057,0.0,70945.41645052878,0.0,0.0,18906.83584079615,0.0,0.0,0.0,0.0,0.0,2649.5834588111447,0.0,0.0,0.0,0.0,0.0,0.0,0.0,0.0,0.0,453.7239799526942,0.0,531573.6449402114,1390.9997010739817,-181916.79444049112,563.2215843418539,0.0,0.0,0.0,0.0,-5047.489407509682,0.0,0.0,0.0,0.0,0.0,0.0,0.0,795.4725513167687,0.0,116333.80518029013,0.0,319899.48388511036,495390.8935403968,0.0,0.0,18726.13606084956,0.0,0.0,18294.57116087072,126648.36752007774,0.0,0.0,-336846.66538344556,-200099.21903845528,654587.3819097793,0.0,-272212.21545843687,133816.1967924668,0.0,0.0,0.0,0.0,-267957.00687350007,118061.94736643916,0.0,0.0,0.0,89216.03089307237,0.0,138910.07232681464,0.0,0.0,0.0,0.0,0.0,-30421.356116912764,0.0,0.0,0.0,0.0,0.0,27447.143171038537,178624.22304009763,0.0,0.0,100784.77905512624,0.0,0.0,0.0,0.0,0.0,0.0,0.0,0.0,-99406.84356496343,87941.28308907256,25907.968116584758,0.0,0.0,0.0,0.0,0.0,0.0,3022.841455654132,125224.86782598868,0.0,0.0,3141.3603220458026,0.0,0.0,2275.7279024126474,0.0,0.0,0.0,0.0,0.0,0.0,0.0,0.0,71178.42608486279,0.0,0.0,0.0,0.0,0.0,0.0,0.0,351.2341245526691,0.0,0.0,0.0,0.0,0.0,0.0,0.0,0.0,0.0,39964.548397131904,0.0,0.0,0.0,0.0,0.0,0.0,0.0,0.0
Florida,2032,0.0,0.0,0.0,14234.386246098511,0.0,0.0,0.0,0.0,0.0,0.0,0.0,0.0,0.0,0.0,0.0,0.0,0.0,0.0,0.0,0.0,0.0,0.0,0.0,0.0,9982.282770156336,0.0,0.0,0.0,0.0,0.0,0.0,0.0,0.0,0.0,0.0,0.0,0.0,0.0,0.0,0.0,985858.7556465501,1539247.3763156747,0.0,0.0,0.0,0.0,449604.2181897904,734349.4111760361,9471.369650181776,10197.367250194002,24520.31864938792,0.0,0.0,0.0,0.0,313826.086662804,1019257.6243784558,26305.84024277469,0.0,170194.68156783446,0.0,0.0,22101.61973633236,0.0,0.0,0.0,0.0,0.0,3097.297007252915,0.0,0.0,0.0,0.0,0.0,0.0,0.0,0.0,0.0,4111.913077576668,0.0,854206.2110332008,1626.0439718925782,415189.9458294604,658.3919905602829,0.0,0.0,0.0,0.0,159556.9755864964,0.0,0.0,0.0,0.0,0.0,0.0,0.0,929.8875807636468,0.0,164493.62321316206,0.0,373954.5213283007,579099.6040832344,0.0,0.0,21890.38619855544,0.0,0.0,21385.89758971588,148048.78419244546,0.0,0.0,131113.23782864632,641662.6945002493,788032.6533140931,0.0,377968.70837235986,156427.7979125235,0.0,0.0,0.0,0.0,561953.4943035869,138011.47309871833,0.0,0.0,0.0,104291.31589162478,0.0,162382.411418049,0.0,0.0,0.0,0.0,0.0,25778.356687318155,0.0,0.0,0.0,0.0,0.0,32085.02608913646,376445.50482953736,0.0,0.0,213696.4309407802,0.0,0.0,0.0,0.0,0.0,0.0,0.0,0.0,720197.1102827336,102801.16748916521,30285.76882326533,0.0,0.0,0.0,0.0,0.0,0.0,3533.626299961339,146384.74853896734,0.0,0.0,33575.64573515093,0.0,0.0,2660.26918232171,0.0,0.0,0.0,0.0,0.0,0.0,0.0,0.0,260083.16602556757,0.0,0.0,0.0,0.0,0.0,0.0,0.0,410.5839350726487,0.0,0.0,0.0,0.0,0.0,0.0,0.0,0.0,0.0,65694.6443569524,0.0,0.0,0.0,0.0,0.0,0.0,0.0,0.0
Florida,2033,0.0,0.0,0.0,15246.309438949116,0.0,0.0,0.0,0.0,0.0,0.0,0.0,0.0,0.0,0.0,0.0,0.0,0.0,0.0,0.0,0.0,0.0,0.0,0.0,0.0,10691.923725380722,0.0,0.0,0.0,0.0,0.0,0.0,0.0,0.0,0.0,0.0,0.0,0.0,0.0,0.0,0.0,1055943.5013086265,1648672.545248068,0.0,0.0,0.0,0.0,481566.6033691596,786554.3456198294,10144.689767493277,10922.29857129784,26263.4692642733,0.0,0.0,0.0,0.0,336135.9980369373,1091716.6972015686,28175.923672355857,0.0,182293.82954659045,0.0,0.0,23672.824930858347,0.0,0.0,0.0,0.0,0.0,3317.483998289854,0.0,0.0,0.0,0.0,0.0,0.0,0.0,0.0,0.0,4404.229173138996,0.0,914931.7710592579,1741.639514918118,444705.81875572493,705.1971083726257,0.0,0.0,0.0,0.0,170899.88854288228,0.0,0.0,0.0,0.0,0.0,0.0,0.0,995.9933329506357,0.0,176187.482683292,0.0,400538.96597249294,620267.8223829903,0.0,0.0,23446.574790869796,0.0,0.0,22906.22206291846,158573.57927721646,0.0,0.0,140434.08411978232,687278.525862826,844053.9319857117,0.0,404838.5217637599,167548.25747976452,0.0,0.0,0.0,0.0,601902.7948464956,147822.71526213433,0.0,0.0,0.0,111705.39048107679,0.0,173926.18474160717,0.0,0.0,0.0,0.0,0.0,27610.94128594268,0.0,0.0,0.0,0.0,0.0,34365.95211443052,403207.0336088885,0.0,0.0,228888.12034415302,0.0,0.0,0.0,0.0,0.0,0.0,0.0,0.0,771395.9569852976,110109.30735806318,32438.785564255726,0.0,0.0,0.0,0.0,0.0,0.0,3784.8319610960316,156791.24725026835,0.0,0.0,35962.53998172557,0.0,0.0,2849.3878445720675,0.0,0.0,0.0,0.0,0.0,0.0,0.0,0.0,278572.49062454165,0.0,0.0,0.0,0.0,0.0,0.0,0.0,439.7723664759178,0.0,0.0,0.0,0.0,0.0,0.0,0.0,0.0,0.0,70364.87973777839,0.0,0.0,0.0,0.0,0.0,0.0,0.0,0.0
Georgia,2024,0.0,0.0,0.0,0.0,0.0,0.0,0.0,0.0,0.0,0.0,0.0,0.0,0.0,0.0,0.0,0.0,0.0,0.0,0.0,0.0,0.0,0.0,0.0,0.0,0.0,0.0,0.0,0.0,0.0,0.0,0.0,0.0,0.0,0.0,0.0,0.0,0.0,0.0,0.0,0.0,0.0,0.0,0.0,0.0,0.0,0.0,0.0,0.0,0.0,0.0,0.0,0.0,0.0,0.0,0.0,0.0,0.0,0.0,0.0,0.0,0.0,0.0,0.0,0.0,0.0,0.0,0.0,0.0,0.0,0.0,0.0,0.0,0.0,0.0,0.0,0.0,0.0,0.0,0.0,0.0,0.0,0.0,0.0,0.0,0.0,0.0,0.0,0.0,0.0,0.0,0.0,0.0,0.0,0.0,0.0,0.0,0.0,0.0,0.0,0.0,0.0,0.0,0.0,0.0,0.0,0.0,0.0,0.0,0.0,0.0,0.0,0.0,0.0,0.0,0.0,0.0,0.0,0.0,0.0,0.0,0.0,0.0,0.0,0.0,0.0,0.0,0.0,0.0,0.0,0.0,0.0,0.0,0.0,0.0,0.0,0.0,0.0,0.0,0.0,0.0,0.0,0.0,0.0,0.0,0.0,0.0,0.0,0.0,0.0,0.0,0.0,0.0,0.0,0.0,0.0,0.0,0.0,0.0,0.0,0.0,0.0,0.0,0.0,0.0,0.0,0.0,0.0,0.0,0.0,0.0,0.0,0.0,0.0,0.0,0.0,0.0,0.0,0.0,0.0,0.0,0.0,0.0,0.0,0.0,0.0,0.0,0.0,0.0,0.0,0.0,0.0,0.0,0.0,0.0,0.0,0.0,0.0,0.0,0.0,0.0,0.0,0.0,0.0,0.0,0.0
Georgia,2025,0.0,0.0,0.0,6710.886077876348,0.0,0.0,0.0,0.0,0.0,0.0,0.0,16118.484070761711,0.0,0.0,0.0,0.0,0.0,0.0,0.0,0.0,0.0,0.0,0.0,0.0,0.0,0.0,0.0,0.0,0.0,0.0,0.0,0.0,0.0,0.0,0.0,33053.43629318476,0.0,0.0,0.0,561308.119497274,-25163.311493332498,-67187.83252153127,165222.64855835447,5994.131487005521,0.0,0.0,124095.87547378102,0.0,-1327.2197843189206,15870.79304862328,-46627.73393820808,812.0411580480122,0.0,0.0,0.0,-23381.74131639814,-3911474.2111186907,2716.606860084459,0.0,9499.110174128204,0.0,0.0,0.0,0.0,0.0,0.0,0.0,91215.3305851306,0.0,0.0,1541132.8601647653,0.0,15038.295088868443,0.0,-957697.3546067425,0.0,0.0,0.0,667.9098947451857,-10551.421434730548,-454958.4504915336,0.0,0.0,1378.9864282796625,0.0,0.0,1169.7489369838731,0.0,-28331.93457564054,0.0,0.0,0.0,0.0,0.0,2835.39128482273,2004.2211319139606,1533.1194809131666,0.0,27017.617880010454,5667.967354072243,64863.14822218416,114203.38623182662,0.0,0.0,36562.49495646701,0.0,0.0,0.0,0.0,3860.6324259261964,306.3972605159338,5721.767037925863,-303121.195849129,0.0,0.0,-557203.9443364548,-104126.78893339913,0.0,0.0,0.0,0.0,-25697.29695218327,-4902.207664447837,0.0,0.0,0.0,7843.89439086942,0.0,-458302.207108669,0.0,0.0,0.0,0.0,0.0,0.0,1255.8195992294059,0.0,0.0,0.0,0.0,0.0,-32357.250791459228,0.0,0.0,0.0,9057.135002276089,0.0,0.0,0.0,0.0,0.0,0.0,0.0,-417443.9233935736,-77639.6334996483,5382.222973390955,0.0,0.0,0.0,0.0,0.0,0.0,0.0,-109593.39382872847,0.0,0.0,3.918010361110646,0.0,976.5719013759117,-2542.140238201293,0.0,0.0,-13201.86061475076,0.0,0.0,0.0,0.0,0.0,9325.406788694672,-22747.800137717553,-896326.0661048992,0.0,0.0,0.0,0.0,0.0,0.0,0.0,0.0,0.0,0.0,0.0,0.0,0.0,1668.3671290763523,0.0,-58093.09682649508,0.0,0.0,0.0,4162.296224997932,0.0,0.0,0.0,0.0
Georgia,2026,0.0,0.0,0.0,7740.163083685606,0.0,0.0,0.0,0.0,0.0,0.0,0.0,18590.64420431407,0.0,0.0,0.0,0.0,0.0,0.0,0.0,0.0,0.0,0.0,0.0,0.0,0.0,0.0,0.0,0.0,0.0,0.0,0.0,0.0,0.0,0.0,0.0,38122.98173692479,0.0,0.0,0.0,647398.3218741566,-130602.05327364989,-235921.1451141294,190563.545576507,6913.476807098399,0.0,0.0,143128.98520902358,0.0,-11709.130663297896,12709.398451088928,-139884.88171680202,936.5873479326801,0.0,0.0,0.0,-204530.83483156003,-8895915.670360545,338.85930352094874,0.0,-13396.251612145861,0.0,0.0,0.0,0.0,0.0,0.0,0.0,105205.41196321812,0.0,0.0,1777502.9307421744,0.0,17344.782065688807,0.0,-2142876.68563775,0.0,0.0,0.0,770.3500626508894,-22783.42289980388,-1198310.0644849958,0.0,0.0,1590.4874142121262,0.0,0.0,1349.1582831470423,0.0,-96254.60423307761,0.0,0.0,0.0,0.0,0.0,3270.2672487525997,-5165.149085062876,1768.2605055930871,0.0,29255.704608704662,6537.287500402337,68436.31729863223,131719.24301584926,0.0,0.0,42170.239581691974,0.0,0.0,0.0,0.0,4452.753963644944,353.3907053803405,-2833.1857110700803,-1183038.9170804303,0.0,0.0,-1385686.191591689,-300069.2001143433,0.0,0.0,0.0,0.0,-68608.1535587089,-60501.37834546855,0.0,0.0,0.0,9046.94567781259,0.0,-1253349.6396138314,0.0,0.0,0.0,0.0,0.0,0.0,-7854.494465646421,0.0,0.0,0.0,0.0,0.0,-94376.0210137674,0.0,0.0,0.0,10446.266137594474,0.0,0.0,0.0,0.0,0.0,0.0,0.0,-1687026.7934105974,-214378.0722799747,6207.717294463182,0.0,0.0,0.0,0.0,0.0,0.0,0.0,-308786.85195316025,0.0,0.0,-188.12963874535671,0.0,12.243664727418945,-6135.759763195172,0.0,0.0,-32198.274383465643,0.0,0.0,0.0,0.0,0.0,-116819.20208898187,-55072.21452188642,-2041538.3092815997,0.0,0.0,0.0,0.0,0.0,0.0,0.0,0.0,0.0,0.0,0.0,0.0,0.0,1924.2516580757947,0.0,-137761.149758302,0.0,0.0,0.0,4800.685216562015,0.0,0.0,0.0,0.0
Georgia,2027,0.0,0.0,0.0,9016.466570889083,0.0,0.0,0.0,0.0,0.0,0.0,0.0,21656.122769919108,0.0,0.0,0.0,0.0,0.0,0.0,0.0,0.0,0.0,0.0,0.0,0.0,0.0,0.0,0.0,0.0,0.0,0.0,0.0,0.0,0.0,0.0,0.0,44409.218087162415,0.0,0.0,0.0,754150.172821491,-278484.0136614435,-471879.6469225958,221986.25787901576,8053.46500401356,0.0,0.0,166730.04128072434,0.0,-26299.9366460834,7845.215412310732,-270051.0287651754,1091.0246233896632,0.0,0.0,0.0,-459113.17620313773,-15816356.10928993,-3081.0046841847943,0.0,-45895.0862552271,0.0,0.0,0.0,0.0,0.0,0.0,0.0,122553.11287204642,0.0,0.0,2070601.8182581775,0.0,20204.825916945934,0.0,-3787674.3161388035,0.0,0.0,0.0,897.375870853959,-39741.78871678371,-2233707.6372967334,0.0,0.0,1852.7486367683814,0.0,0.0,1571.6258723893734,0.0,-191205.13211254776,0.0,0.0,0.0,0.0,0.0,3809.513444025637,-15316.607988743228,2059.8353761962207,0.0,31709.409356797463,7615.244481851667,71791.46308158396,153438.90542803728,0.0,0.0,49123.842916971014,0.0,0.0,0.0,0.0,5186.9846704161755,411.66257701220457,-15032.731992176617,-2414748.1765419906,0.0,0.0,-2538362.7798560364,-573401.7071438585,0.0,0.0,0.0,0.0,-128392.34958034288,-138697.89170280262,0.0,0.0,0.0,10538.729273622113,0.0,-2361485.34369414,0.0,0.0,0.0,0.0,0.0,0.0,-20720.82337105737,0.0,0.0,0.0,0.0,0.0,-180905.4783745096,0.0,0.0,0.0,12168.78874538932,0.0,0.0,0.0,0.0,0.0,0.0,0.0,-3464704.7797928825,-404994.4714355166,7231.330252592743,0.0,0.0,0.0,0.0,0.0,0.0,0.0,-586557.6999019203,0.0,0.0,-458.77135623891536,0.0,-1371.4898720604288,-11132.362533230034,0.0,0.0,-58617.18275523411,0.0,0.0,0.0,0.0,0.0,-294762.26694057137,-100019.4570793273,-3631621.791101494,0.0,0.0,0.0,0.0,0.0,0.0,0.0,0.0,0.0,0.0,0.0,0.0,0.0,2241.5484740351094,0.0,-248487.45686980628,0.0,0.0,0.0,5592.287566101506,0.0,0.0,0.0,0.0
Georgia,2028,0.0,0.0,0.0,8934.124410424338,0.0,0.0,0.0,0.0,0.0,0.0,0.0,21458.34995923488,0.0,0.0,0.0,0.0,0.0,0.0,0.0,0.0,0.0,0.0,0.0,0.0,0.0,0.0,0.0,0.0,0.0,0.0,0.0,0.0,0.0,0.0,0.0,44003.6544516632,0.0,0.0,0.0,747262.9566313401,-409431.25776118226,-675768.9495858408,219958.98611756298,7979.917378406142,0.0,0.0,165207.39250190486,0.0,-39435.63163518094,420.15801654645475,-380740.54702086595,1081.060928198891,0.0,0.0,0.0,-688264.6775311641,-21433833.78222531,-6725.134772531645,0.0,-77478.50006215024,0.0,0.0,0.0,0.0,0.0,0.0,0.0,121433.90636179969,0.0,0.0,2051692.2126119845,0.0,20020.306958800356,0.0,-5117556.632286958,0.0,0.0,0.0,889.1806574215043,-53326.82347426788,-3098483.99095443,0.0,0.0,1835.8285578937866,0.0,0.0,1557.2731246963194,0.0,-273009.0438803553,0.0,0.0,0.0,0.0,0.0,3774.7233669112393,-25002.321707277704,2041.0240942218225,0.0,28915.424363706843,7545.698870145265,62757.9088105252,152037.6368853154,0.0,0.0,48675.22334695299,0.0,0.0,0.0,0.0,5139.614947398688,407.90310142305316,-27291.19773941289,-3487943.3491149256,0.0,0.0,-3491623.0402360153,-804675.4065127079,0.0,0.0,0.0,0.0,-178431.65139953414,-209508.81591521553,0.0,0.0,0.0,10442.485170666638,0.0,-3292356.8757230192,0.0,0.0,0.0,0.0,0.0,0.0,-32757.029319970374,0.0,0.0,0.0,0.0,0.0,-254233.5124688918,0.0,0.0,0.0,12057.658254563867,0.0,0.0,0.0,0.0,0.0,0.0,0.0,-5017347.208388504,-565341.9065398761,7165.290706906962,0.0,0.0,0.0,0.0,0.0,0.0,0.0,-820881.7852097086,0.0,0.0,-707.7507637133335,0.0,-2823.0713481951425,-15240.866379613106,0.0,0.0,-80385.07737448852,0.0,0.0,0.0,0.0,0.0,-459722.89775355486,-137000.19102709575,-4922776.296377783,0.0,0.0,0.0,0.0,0.0,0.0,0.0,0.0,0.0,0.0,0.0,0.0,0.0,2221.0777117151483,0.0,-339204.8740017589,0.0,0.0,0.0,5541.21644677638,0.0,0.0,0.0,0.0
Georgia,2029,0.0,0.0,0.0,11445.560304598956,0.0,0.0,0.0,0.0,0.0,0.0,0.0,27490.420685102697,0.0,0.0,0.0,0.0,0.0,0.0,0.0,0.0,0.0,0.0,0.0,0.0,0.0,0.0,0.0,0.0,0.0,0.0,0.0,0.0,0.0,0.0,0.0,56373.34533438878,0.0,0.0,0.0,957323.0504309321,-459262.6259103108,-763945.3035043592,281790.7748418555,10223.119959432734,0.0,0.0,211648.18025589664,0.0,-43981.886205243616,4133.279203108919,-432448.24315028347,1384.9536315174719,0.0,0.0,0.0,-767660.2084436179,-24642065.90750225,-6820.2743479140045,0.0,-83612.43294100236,0.0,0.0,0.0,0.0,0.0,0.0,0.0,155569.70492433314,0.0,0.0,2628435.184820883,0.0,25648.13518224185,0.0,-5889054.7494706735,0.0,0.0,0.0,1139.1346671114225,-61498.282854060555,-3536732.6040347,0.0,0.0,2351.8909635689924,0.0,0.0,1995.0319293344546,0.0,-308906.6918679277,0.0,0.0,0.0,0.0,0.0,4835.820718900111,-27226.98691678772,2614.7681944408614,0.0,38268.10112558992,9666.840027190701,84495.4196964216,194776.32743833028,0.0,0.0,62358.120232502,0.0,0.0,0.0,0.0,6584.391499432415,522.5671068922056,-28902.753410727717,-3932969.062390875,0.0,0.0,-3995766.253958763,-915246.8985148973,0.0,0.0,0.0,0.0,-203552.8837909015,-233164.96719127917,0.0,0.0,0.0,13377.930310807962,0.0,-3752220.5249029445,0.0,0.0,0.0,0.0,0.0,0.0,-35988.32775268509,0.0,0.0,0.0,0.0,0.0,-289043.0066296826,0.0,0.0,0.0,15447.138224740804,0.0,0.0,0.0,0.0,0.0,0.0,0.0,-5653212.557262026,-644062.3834122247,9179.496850323223,0.0,0.0,0.0,0.0,0.0,0.0,0.0,-934458.9447351929,0.0,0.0,-782.9318035894198,0.0,-2900.866021953487,-17466.853939300752,0.0,0.0,-92077.97852730018,0.0,0.0,0.0,0.0,0.0,-506990.0509732454,-156985.67796189286,-5659150.884643357,0.0,0.0,0.0,0.0,0.0,0.0,0.0,0.0,0.0,0.0,0.0,0.0,0.0,2845.435962473788,0.0,-389097.0879029213,0.0,0.0,0.0,7098.885586192766,0.0,0.0,0.0,0.0
Georgia,2030,0.0,0.0,0.0,12351.324069711089,0.0,0.0,0.0,0.0,0.0,0.0,0.0,29665.921602628863,0.0,0.0,0.0,0.0,0.0,0.0,0.0,0.0,0.0,0.0,0.0,0.0,0.0,0.0,0.0,0.0,0.0,0.0,0.0,0.0,0.0,0.0,0.0,60834.54532487999,0.0,0.0,0.0,1033082.4285225896,-227352.8419094039,-406018.0054930318,304090.76421782956,11032.143841114463,0.0,0.0,228397.31682290998,0.0,-20583.121672156616,19237.339985739673,-239279.9077713379,1494.5542786159785,0.0,0.0,0.0,-359495.81412846176,-15013356.440447552,19.55538513508509,0.0,-25918.88061485847,0.0,0.0,0.0,0.0,0.0,0.0,0.0,167880.97653704998,0.0,0.0,2836440.84692901,0.0,27677.84372184376,0.0,-3613133.565228148,0.0,0.0,0.0,1229.2820148684386,-38336.0579889154,-2037823.2848288836,0.0,0.0,2538.0118311895567,0.0,0.0,2152.9121539580447,0.0,-165455.4134815,0.0,0.0,0.0,0.0,0.0,5218.511567158399,-9636.732254227303,2821.6922961592027,0.0,46329.203966527304,10431.841755961184,108017.87282768032,210190.28140827012,0.0,0.0,67292.93550269998,0.0,0.0,0.0,0.0,7105.458452624909,563.9213383728838,-6280.277724724321,-2043268.4106726851,0.0,0.0,-2349780.467877182,-512399.9690786451,0.0,0.0,0.0,0.0,-116749.21072624202,-106774.18607830198,0.0,0.0,0.0,14436.615443317962,0.0,-2135198.4031466423,0.0,0.0,0.0,0.0,0.0,0.0,-14268.833096363553,0.0,0.0,0.0,0.0,0.0,-161241.40670958406,0.0,0.0,0.0,16669.57362382101,0.0,0.0,0.0,0.0,0.0,0.0,0.0,-2916909.6099418197,-365374.4987115001,9905.931852866779,0.0,0.0,0.0,0.0,0.0,0.0,0.0,-526761.0856430419,0.0,0.0,-336.13727685922686,0.0,-188.25197770532395,-10388.623999254532,0.0,0.0,-54545.55390589207,0.0,0.0,0.0,0.0,0.0,-210207.2955072783,-93259.2286363166,-3445724.781054656,0.0,0.0,0.0,0.0,0.0,0.0,0.0,0.0,0.0,0.0,0.0,0.0,0.0,3070.6143479932944,0.0,-233028.53362979804,0.0,0.0,0.0,7660.667898769178,0.0,0.0,0.0,0.0
Georgia,2031,0.0,0.0,0.0,14862.759963885677,0.0,0.0,0.0,0.0,0.0,0.0,0.0,35697.99232849674,0.0,0.0,0.0,0.0,0.0,0.0,0.0,0.0,0.0,0.0,0.0,0.0,0.0,0.0,0.0,0.0,0.0,0.0,0.0,0.0,0.0,0.0,0.0,73204.23620760557,0.0,0.0,0.0,1243142.5223221835,6711.434811053099,-51415.91456242162,365922.55294212163,13275.346422141069,0.0,0.0,274838.10457690153,0.0,3317.246511706355,38589.04132793727,-50338.069779488374,1798.4469819345613,0.0,0.0,0.0,57364.54097622074,-5967652.363266384,7734.266100756009,0.0,36007.35019368428,0.0,0.0,0.0,0.0,0.0,0.0,0.0,202016.77509958367,0.0,0.0,3413183.8191379085,0.0,33305.67194528537,0.0,-1482792.2686635796,0.0,0.0,0.0,1479.2360245583532,-16844.21098094365,-593559.543939021,0.0,0.0,3054.0742368647734,0.0,0.0,2590.6709585961835,0.0,-23666.20615553623,0.0,0.0,0.0,0.0,0.0,6279.608919147271,9034.794325710449,3395.436396378238,0.0,61008.01822205994,12552.982913006621,147572.80651463766,252928.971961285,0.0,0.0,80975.83238824905,0.0,0.0,0.0,0.0,8550.235004658636,678.5853438420363,18470.344580602832,-159019.03585021384,0.0,0.0,-777314.626615657,-119982.55971294874,0.0,0.0,0.0,0.0,-32957.679072000494,22857.815639963257,0.0,0.0,0.0,17372.06058345927,0.0,-569502.6651903857,0.0,0.0,0.0,0.0,0.0,0.0,8499.838331282983,0.0,0.0,0.0,0.0,0.0,-36589.82654306118,0.0,0.0,0.0,20059.053593997945,0.0,0.0,0.0,0.0,0.0,0.0,0.0,-183461.91866825894,-95216.53752835642,11920.137996283025,0.0,0.0,0.0,0.0,0.0,0.0,0.0,-130606.53904138599,0.0,0.0,127.09915341174701,0.0,2847.684510308878,-3660.7989547433226,0.0,0.0,-18805.9736691508,0.0,0.0,0.0,0.0,0.0,99073.99092599889,-32654.808185582195,-1365653.6655807877,0.0,0.0,0.0,0.0,0.0,0.0,0.0,0.0,0.0,0.0,0.0,0.0,0.0,3694.9725987519305,0.0,-85164.90545026929,0.0,0.0,0.0,9218.337038185571,0.0,0.0,0.0,0.0
Georgia,2032,0.0,0.0,0.0,17374.19585806028,0.0,0.0,0.0,0.0,0.0,0.0,0.0,41730.06305436464,0.0,0.0,0.0,0.0,0.0,0.0,0.0,0.0,0.0,0.0,0.0,0.0,0.0,0.0,0.0,0.0,0.0,0.0,0.0,0.0,0.0,0.0,0.0,85573.92709033121,0.0,0.0,0.0,1453202.6161217773,220590.47072656243,271704.2227206584,427754.34166641417,15518.549003167675,0.0,0.0,321278.89233089355,0.0,25195.03371994618,56828.82527374796,121493.3655569501,2102.339685253144,0.0,0.0,0.0,438940.6473044553,2206785.6077767126,14893.68929568633,0.0,93094.44092353625,0.0,0.0,0.0,0.0,0.0,0.0,0.0,236152.57366211712,0.0,0.0,3989926.791346807,0.0,38933.500168726925,0.0,441225.5833454905,0.0,0.0,0.0,1729.1900342482695,2538.5477288155053,716855.8415080109,0.0,0.0,3570.136642539983,0.0,0.0,3028.4297632343187,0.0,105489.30274217163,0.0,0.0,0.0,0.0,0.0,7340.706271136143,26220.58249860027,3969.180496597277,0.0,75308.13921542937,14674.124070052058,185860.9050941806,295667.66251429985,0.0,0.0,94658.729273798,0.0,0.0,0.0,0.0,9995.01155669237,793.2493493111897,41346.591846306255,1559616.7432588357,0.0,0.0,647502.4056905638,236671.87730778405,0.0,0.0,0.0,0.0,43090.0551386312,141590.8890489987,0.0,0.0,0.0,20307.505723600596,0.0,852173.9420291237,0.0,0.0,0.0,0.0,0.0,0.0,29419.888048674475,0.0,0.0,0.0,0.0,0.0,76723.92494422599,0.0,0.0,0.0,23448.533564174882,0.0,0.0,0.0,0.0,0.0,0.0,0.0,2310424.5243379567,150135.8466370802,13934.344139699271,0.0,0.0,0.0,0.0,0.0,0.0,0.0,229305.61561086331,0.0,0.0,552.0536075942841,0.0,5662.231856086939,2430.401799102372,0.0,0.0,13561.113624755271,0.0,0.0,0.0,0.0,0.0,383004.3561912894,22219.595914346093,514165.57646206487,0.0,0.0,0.0,0.0,0.0,0.0,0.0,0.0,0.0,0.0,0.0,0.0,0.0,4319.330849510567,0.0,48638.10092994422,0.0,0.0,0.0,10776.006177601972,0.0,0.0,0.0,0.0
Georgia,2033,0.0,0.0,0.0,18609.328265031378,0.0,0.0,0.0,0.0,0.0,0.0,0.0,44696.65521462748,0.0,0.0,0.0,0.0,0.0,0.0,0.0,0.0,0.0,0.0,0.0,0.0,0.0,0.0,0.0,0.0,0.0,0.0,0.0,0.0,0.0,0.0,0.0,91657.38162281917,0.0,0.0,0.0,1556510.858974035,236272.25774503849,291019.6887908473,458163.418088197,16621.763387279105,0.0,0.0,344118.62401318434,0.0,26986.149861174563,60868.789155768,130130.33467237314,2251.795113114742,0.0,0.0,0.0,470144.95872420305,2363666.101220552,15952.482373578721,0.0,99712.52914084919,0.0,0.0,0.0,0.0,0.0,0.0,0.0,252940.67131582228,0.0,0.0,4273570.87603971,0.0,41701.28454091126,0.0,472592.33097668644,0.0,0.0,0.0,1852.1182357351136,2719.0132071673197,767817.1572550265,0.0,0.0,3823.937825658937,0.0,0.0,3243.720978630121,0.0,112988.54227360553,0.0,0.0,0.0,0.0,0.0,7862.557427851985,28084.60495110741,4251.349726213197,0.0,80661.7984013604,15717.308245648179,199073.76564589946,316686.69065512693,0.0,0.0,101388.02282406803,0.0,0.0,0.0,0.0,10705.557401954859,849.641483148479,44285.92302021428,1670489.97145259,0.0,0.0,693533.3823984237,253496.89228227083,0.0,0.0,0.0,0.0,46153.32920061919,151656.59206196072,0.0,0.0,0.0,21751.167267932382,0.0,912755.027955364,0.0,0.0,0.0,0.0,0.0,0.0,31511.34928436225,0.0,0.0,0.0,0.0,0.0,82178.23240471596,0.0,0.0,0.0,25115.490926556973,0.0,0.0,0.0,0.0,0.0,0.0,0.0,2474672.7132719345,160809.01108995313,14924.937324985949,0.0,0.0,0.0,0.0,0.0,0.0,0.0,245606.9626922044,0.0,0.0,591.2991247218397,0.0,6064.760187088381,2603.179178185479,0.0,0.0,14525.173835045927,0.0,0.0,0.0,0.0,0.0,410232.15402479307,23799.18804095837,550717.6316607902,0.0,0.0,0.0,0.0,0.0,0.0,0.0,0.0,0.0,0.0,0.0,0.0,0.0,4626.392284309892,0.0,52095.78583017722,0.0,0.0,0.0,11542.072967478889,0.0,0.0,0.0,0.0
Hawaii,2024,0.0,0.0,0.0,0.0,0.0,0.0,0.0,0.0,0.0,0.0,0.0,0.0,0.0,0.0,0.0,0.0,0.0,0.0,0.0,0.0,0.0,0.0,0.0,0.0,0.0,0.0,0.0,0.0,0.0,0.0,0.0,0.0,0.0,0.0,0.0,0.0,0.0,0.0,0.0,0.0,0.0,0.0,0.0,0.0,0.0,0.0,0.0,0.0,0.0,0.0,0.0,0.0,0.0,0.0,0.0,0.0,0.0,0.0,0.0,0.0,0.0,0.0,0.0,0.0,0.0,0.0,0.0,0.0,0.0,0.0,0.0,0.0,0.0,0.0,0.0,0.0,0.0,0.0,0.0,0.0,0.0,0.0,0.0,0.0,0.0,0.0,0.0,0.0,0.0,0.0,0.0,0.0,0.0,0.0,0.0,0.0,0.0,0.0,0.0,0.0,0.0,0.0,0.0,0.0,0.0,0.0,0.0,0.0,0.0,0.0,0.0,0.0,0.0,0.0,0.0,0.0,0.0,0.0,0.0,0.0,0.0,0.0,0.0,0.0,0.0,0.0,0.0,0.0,0.0,0.0,0.0,0.0,0.0,0.0,0.0,0.0,0.0,0.0,0.0,0.0,0.0,0.0,0.0,0.0,0.0,0.0,0.0,0.0,0.0,0.0,0.0,0.0,0.0,0.0,0.0,0.0,0.0,0.0,0.0,0.0,0.0,0.0,0.0,0.0,0.0,0.0,0.0,0.0,0.0,0.0,0.0,0.0,0.0,0.0,0.0,0.0,0.0,0.0,0.0,0.0,0.0,0.0,0.0,0.0,0.0,0.0,0.0,0.0,0.0,0.0,0.0,0.0,0.0,0.0,0.0,0.0,0.0,0.0,0.0,0.0,0.0,0.0,0.0,0.0,0.0
Hawaii,2025,0.0,0.0,0.0,0.0,0.0,0.0,0.0,0.0,0.0,0.0,0.0,0.0,0.0,0.0,0.0,0.0,0.0,0.0,0.0,0.0,0.0,0.0,0.0,0.0,0.0,0.0,0.0,0.0,0.0,918.4684641244858,0.0,0.0,0.0,0.0,0.0,0.0,0.0,0.0,0.0,0.0,-517832.5837735571,-20656.62292996171,0.0,0.0,0.0,0.0,-120548.02801378572,0.0,1519.278004344862,99.94015284912189,-2006.986723654325,0.0,0.0,0.0,-472.4560376149555,0.0,2759.9669675903497,1901.8167658145612,0.0,-536.6100220091612,0.0,0.0,0.0,0.0,0.0,0.0,0.0,0.0,0.0,0.0,0.0,0.0,0.0,0.0,0.0,0.0,0.0,15871.76626152976,13096.969349839143,8075.839031304058,-525573.8804086647,0.0,-111503.00432948442,0.0,0.0,-155.49186048087145,0.0,0.0,0.0,0.0,0.0,0.0,0.0,0.0,0.0,0.0,0.0,0.0,6215.31423054816,-24276.57447595144,19484.876861901197,0.0,0.0,0.0,3157.1891478857215,0.0,0.0,0.0,0.0,4199.725623247439,0.0,-309478.5367215029,-41602.42898833053,0.0,0.0,655.1678727713297,59046.09683130635,0.0,0.0,0.0,0.0,65280.69942546741,2409.60846041303,0.0,1605.008212607383,0.0,5077.398984697,-15335.481731008593,26997.678161717486,0.0,0.0,0.0,0.0,0.0,0.0,0.0,0.0,0.0,0.0,0.0,0.0,-1620.481558260593,0.0,0.0,-39872.28083391169,0.0,951.1624116582934,0.0,0.0,0.0,0.0,0.0,0.0,-127900.72525309445,99115.17387236445,0.0,0.0,0.0,0.0,0.0,0.0,-29300.989212508313,0.0,0.0,0.0,0.0,18418.782489050995,0.0,0.0,0.0,0.0,0.0,0.0,0.0,0.0,0.0,0.0,0.0,0.0,0.0,0.0,0.0,0.0,0.0,0.0,0.0,0.0,0.0,0.0,0.0,0.0,0.0,0.0,0.0,0.0,0.0,0.0,0.0,0.0,0.0,0.0,0.0,0.0,0.0,0.0
Hawaii,2026,0.0,0.0,0.0,0.0,0.0,0.0,0.0,0.0,0.0,0.0,0.0,0.0,0.0,0.0,0.0,0.0,0.0,0.0,0.0,0.0,0.0,0.0,0.0,0.0,0.0,0.0,0.0,0.0,0.0,1059.337860462596,0.0,0.0,0.0,0.0,0.0,0.0,0.0,0.0,0.0,0.0,-1235098.6656217044,-79692.65201080847,0.0,0.0,0.0,0.0,-303619.1654499626,0.0,1752.29610317076,115.26839715113397,-4161.981317784633,0.0,0.0,0.0,-979.75396590948,0.0,3183.2747847054343,2193.5064538229344,0.0,-1112.7930544909746,0.0,0.0,0.0,0.0,0.0,0.0,0.0,0.0,0.0,0.0,0.0,0.0,0.0,0.0,0.0,0.0,0.0,-14452.17699404445,15105.706980182586,9314.464649602232,-1317589.2588301455,0.0,-281883.4009391848,0.0,0.0,-322.450672324639,0.0,0.0,0.0,0.0,0.0,0.0,0.0,0.0,0.0,0.0,0.0,0.0,5227.586383845366,-50343.456804111695,18042.187583612977,0.0,0.0,0.0,2850.060313731672,0.0,0.0,0.0,0.0,4843.855320064533,0.0,-724780.9961060847,-108245.14377874933,0.0,0.0,-36004.94610103208,68102.24665205879,0.0,0.0,0.0,0.0,75293.07663796248,-8798.998803384166,0.0,-9897.635588577104,0.0,5856.141160264015,-50179.1070315729,31138.42634602997,0.0,0.0,0.0,0.0,0.0,0.0,0.0,0.0,0.0,0.0,0.0,0.0,-3542.81250520141,0.0,0.0,-92070.95084961702,0.0,1097.0462171273557,0.0,0.0,0.0,0.0,0.0,0.0,-450397.23240228975,114316.8876564696,0.0,0.0,0.0,0.0,0.0,0.0,-91730.43587560736,0.0,0.0,0.0,0.0,21243.74912847599,0.0,0.0,0.0,0.0,0.0,0.0,0.0,0.0,0.0,0.0,0.0,0.0,0.0,0.0,0.0,0.0,0.0,0.0,0.0,0.0,0.0,0.0,0.0,0.0,0.0,0.0,0.0,0.0,0.0,0.0,0.0,0.0,0.0,0.0,0.0,0.0,0.0,0.0
Hawaii,2027,0.0,0.0,0.0,0.0,0.0,0.0,0.0,0.0,0.0,0.0,0.0,0.0,0.0,0.0,0.0,0.0,0.0,0.0,0.0,0.0,0.0,0.0,0.0,0.0,0.0,0.0,0.0,0.0,0.0,1234.0159119218551,0.0,0.0,0.0,0.0,0.0,0.0,0.0,0.0,0.0,0.0,-2232122.206562004,-162323.04931429203,0.0,0.0,0.0,0.0,-558394.7970144255,0.0,2041.238545714874,134.27542008562932,-7145.819986580444,0.0,0.0,0.0,-1682.1664820095907,0.0,3708.1764779281366,2555.2016669533077,0.0,-1910.584945619639,0.0,0.0,0.0,0.0,0.0,0.0,0.0,0.0,0.0,0.0,0.0,0.0,0.0,0.0,0.0,0.0,0.0,-57580.66493197391,17596.541641808435,10850.360416291966,-2419712.9100410393,0.0,-519015.45356932736,0.0,0.0,-553.6244118006249,0.0,0.0,0.0,0.0,0.0,0.0,0.0,0.0,0.0,0.0,0.0,0.0,3675.329277670593,-86436.06310464127,15505.650117488985,0.0,0.0,0.0,2335.7064984472963,0.0,0.0,0.0,0.0,5642.5761441177165,0.0,-1301815.4327296386,-201049.18686389655,0.0,0.0,-87665.53847466304,79331.87242979195,0.0,0.0,0.0,0.0,87708.42438145622,-24651.080029845034,0.0,-26143.110167416802,0.0,6821.781457967132,-98867.00355418184,36272.95409457758,0.0,0.0,0.0,0.0,0.0,0.0,0.0,0.0,0.0,0.0,0.0,0.0,-6208.895882140866,0.0,0.0,-164572.2268658537,0.0,1277.942135908992,0.0,0.0,0.0,0.0,0.0,0.0,-901393.1603425299,133167.01274875994,0.0,0.0,0.0,0.0,0.0,0.0,-178917.5044301966,0.0,0.0,0.0,0.0,24746.70776136301,0.0,0.0,0.0,0.0,0.0,0.0,0.0,0.0,0.0,0.0,0.0,0.0,0.0,0.0,0.0,0.0,0.0,0.0,0.0,0.0,0.0,0.0,0.0,0.0,0.0,0.0,0.0,0.0,0.0,0.0,0.0,0.0,0.0,0.0,0.0,0.0,0.0,0.0
Hawaii,2028,0.0,0.0,0.0,0.0,0.0,0.0,0.0,0.0,0.0,0.0,0.0,0.0,0.0,0.0,0.0,0.0,0.0,0.0,0.0,0.0,0.0,0.0,0.0,0.0,0.0,0.0,0.0,0.0,0.0,1222.7463602148073,0.0,0.0,0.0,0.0,0.0,0.0,0.0,0.0,0.0,0.0,-3049960.03467854,-234259.3573117843,0.0,0.0,0.0,0.0,-769580.9513842629,0.0,2022.5970978088008,133.04916054146838,-9508.025599377126,0.0,0.0,0.0,-2238.243057255512,0.0,3674.311852558938,2531.866491912635,0.0,-2542.170192763165,0.0,0.0,0.0,0.0,0.0,0.0,0.0,0.0,0.0,0.0,0.0,0.0,0.0,0.0,0.0,0.0,0.0,-100104.08246224921,17435.842631380947,10751.270366828088,-3332509.0512006367,0.0,-715706.7862839581,0.0,0.0,-736.636955552447,0.0,0.0,0.0,0.0,0.0,0.0,0.0,0.0,0.0,0.0,0.0,0.0,1091.0037442016765,-115009.37642589385,9540.827910602151,0.0,0.0,0.0,1274.409788333527,0.0,0.0,0.0,0.0,5591.045768372351,0.0,-1773318.9099289933,-278406.38852719305,0.0,0.0,-135173.87855627923,78607.38044413168,0.0,0.0,0.0,0.0,86907.43420445663,-39641.41893485765,0.0,-41344.058715195366,0.0,6759.482083921765,-140662.8856482809,35941.69423983252,0.0,0.0,0.0,0.0,0.0,0.0,0.0,0.0,0.0,0.0,0.0,0.0,-8351.805689250068,0.0,0.0,-223629.63446592292,0.0,1266.2714314714685,0.0,0.0,0.0,0.0,0.0,0.0,-1291190.7595899403,131950.87564603146,0.0,0.0,0.0,0.0,0.0,0.0,-253419.39404075325,0.0,0.0,0.0,0.0,24520.710430209,0.0,0.0,0.0,0.0,0.0,0.0,0.0,0.0,0.0,0.0,0.0,0.0,0.0,0.0,0.0,0.0,0.0,0.0,0.0,0.0,0.0,0.0,0.0,0.0,0.0,0.0,0.0,0.0,0.0,0.0,0.0,0.0,0.0,0.0,0.0,0.0,0.0,0.0
Hawaii,2029,0.0,0.0,0.0,0.0,0.0,0.0,0.0,0.0,0.0,0.0,0.0,0.0,0.0,0.0,0.0,0.0,0.0,0.0,0.0,0.0,0.0,0.0,0.0,0.0,0.0,0.0,0.0,0.0,0.0,1566.467687279799,0.0,0.0,0.0,0.0,0.0,0.0,0.0,0.0,0.0,0.0,-3497523.14549995,-264217.3642542546,0.0,0.0,0.0,0.0,-880174.7916248431,0.0,2591.1612589439937,170.45007663837896,-10994.024618955991,0.0,0.0,0.0,-2588.0556396783845,0.0,4707.182926319743,3243.5893306530634,0.0,-2939.483217908591,0.0,0.0,0.0,0.0,0.0,0.0,0.0,0.0,0.0,0.0,0.0,0.0,0.0,0.0,0.0,0.0,0.0,-107197.56621184864,22337.162449418945,13773.516875475616,-3812236.6306490884,0.0,-818418.4739762136,0.0,0.0,-851.7651472359241,0.0,0.0,0.0,0.0,0.0,0.0,0.0,0.0,0.0,0.0,0.0,0.0,2644.733911695206,-132984.06726207028,15069.727151146042,0.0,0.0,0.0,2141.083424340337,0.0,0.0,0.0,0.0,7162.722228606057,0.0,-2035483.6773085953,-317951.2649930572,0.0,0.0,-149554.28984873777,100704.38600676775,0.0,0.0,0.0,0.0,111337.63460294425,-43346.165699506586,0.0,-45417.80114700497,0.0,8659.612992305301,-159329.04375483177,46045.119809555006,0.0,0.0,0.0,0.0,0.0,0.0,0.0,0.0,0.0,0.0,0.0,0.0,-9624.1791112359,0.0,0.0,-256885.8912349255,0.0,1622.2279168159803,0.0,0.0,0.0,0.0,0.0,0.0,-1459559.4203094742,169043.05727924756,0.0,0.0,0.0,0.0,0.0,0.0,-287435.0237662029,0.0,0.0,0.0,0.0,31413.62903040598,0.0,0.0,0.0,0.0,0.0,0.0,0.0,0.0,0.0,0.0,0.0,0.0,0.0,0.0,0.0,0.0,0.0,0.0,0.0,0.0,0.0,0.0,0.0,0.0,0.0,0.0,0.0,0.0,0.0,0.0,0.0,0.0,0.0,0.0,0.0,0.0,0.0,0.0
Hawaii,2030,0.0,0.0,0.0,0.0,0.0,0.0,0.0,0.0,0.0,0.0,0.0,0.0,0.0,0.0,0.0,0.0,0.0,0.0,0.0,0.0,0.0,0.0,0.0,0.0,0.0,0.0,0.0,0.0,0.0,1690.4327560573365,0.0,0.0,0.0,0.0,0.0,0.0,0.0,0.0,0.0,0.0,-2089864.8088850821,-137588.89677735406,0.0,0.0,0.0,0.0,-515194.48119066807,0.0,2796.2171859107875,183.93893162414997,-6985.971486466382,0.0,0.0,0.0,-1644.5372400756562,0.0,5079.693805381015,3500.276256100424,0.0,-1867.8460943091748,0.0,0.0,0.0,0.0,0.0,0.0,0.0,0.0,0.0,0.0,0.0,0.0,0.0,0.0,0.0,0.0,0.0,-29171.646885214024,24104.85156412114,14863.507419578003,-2235218.5966276736,0.0,-478401.56898289616,0.0,0.0,-541.240104328697,0.0,0.0,0.0,0.0,0.0,0.0,0.0,0.0,0.0,0.0,0.0,0.0,7979.882654296263,-84502.53062425576,27964.2788546214,0.0,0.0,0.0,4400.373941812701,0.0,0.0,0.0,0.0,7729.556361805095,0.0,-1225169.677631836,-183970.92354982602,0.0,0.0,-64310.82940648601,108673.79784903,0.0,0.0,0.0,0.0,120148.52654994,-16200.372969220713,0.0,-17985.340849726752,0.0,9344.906106804287,-86132.96284099598,49688.97821175004,0.0,0.0,0.0,0.0,0.0,0.0,0.0,0.0,0.0,0.0,0.0,0.0,-5965.598781369032,0.0,0.0,-155516.6099590281,0.0,1750.6056656287583,0.0,0.0,0.0,0.0,0.0,0.0,-775208.3530423488,182420.56540925987,0.0,0.0,0.0,0.0,0.0,0.0,-157183.74827025202,0.0,0.0,0.0,0.0,33899.59967309996,0.0,0.0,0.0,0.0,0.0,0.0,0.0,0.0,0.0,0.0,0.0,0.0,0.0,0.0,0.0,0.0,0.0,0.0,0.0,0.0,0.0,0.0,0.0,0.0,0.0,0.0,0.0,0.0,0.0,0.0,0.0,0.0,0.0,0.0,0.0,0.0,0.0,0.0
Hawaii,2031,0.0,0.0,0.0,0.0,0.0,0.0,0.0,0.0,0.0,0.0,0.0,0.0,0.0,0.0,0.0,0.0,0.0,0.0,0.0,0.0,0.0,0.0,0.0,0.0,0.0,0.0,0.0,0.0,0.0,2034.1540831223283,0.0,0.0,0.0,0.0,0.0,0.0,0.0,0.0,0.0,0.0,-754771.0291446266,-11406.53662066278,0.0,0.0,0.0,0.0,-165811.2842499772,0.0,3364.7813470459805,221.33984772106032,-3309.4559838429727,0.0,0.0,0.0,-779.0646755951626,0.0,6112.564879141821,4211.999094840841,0.0,-884.8525141684989,0.0,0.0,0.0,0.0,0.0,0.0,0.0,0.0,0.0,0.0,0.0,0.0,0.0,0.0,0.0,0.0,0.0,55288.21508112806,29006.17138215911,17885.753928225517,-726697.0218907273,0.0,-152727.34012219706,0.0,0.0,-256.4010324743573,0.0,0.0,0.0,0.0,0.0,0.0,0.0,0.0,0.0,0.0,0.0,0.0,14958.343644388355,-40031.28357538896,45877.47915201535,0.0,0.0,0.0,7478.7546662288005,0.0,0.0,0.0,0.0,9301.2328220388,0.0,-459299.00708631217,-55094.619892887655,0.0,0.0,24047.902770133922,130770.80341166607,0.0,0.0,0.0,0.0,144578.72694842785,12453.770221968734,0.0,10776.690719289356,0.0,11245.037015187823,-13991.168768200441,59792.40378147247,0.0,0.0,0.0,0.0,0.0,0.0,0.0,0.0,0.0,0.0,0.0,0.0,-2560.033404284943,0.0,0.0,-59978.5131646466,0.0,2106.562150973272,0.0,0.0,0.0,0.0,0.0,0.0,-97083.36038789991,219512.7470424762,0.0,0.0,0.0,0.0,0.0,0.0,-29280.462879324856,0.0,0.0,0.0,0.0,40792.51827329697,0.0,0.0,0.0,0.0,0.0,0.0,0.0,0.0,0.0,0.0,0.0,0.0,0.0,0.0,0.0,0.0,0.0,0.0,0.0,0.0,0.0,0.0,0.0,0.0,0.0,0.0,0.0,0.0,0.0,0.0,0.0,0.0,0.0,0.0,0.0,0.0,0.0,0.0
Hawaii,2032,0.0,0.0,0.0,0.0,0.0,0.0,0.0,0.0,0.0,0.0,0.0,0.0,0.0,0.0,0.0,0.0,0.0,0.0,0.0,0.0,0.0,0.0,0.0,0.0,0.0,0.0,0.0,0.0,0.0,2377.87541018732,0.0,0.0,0.0,0.0,0.0,0.0,0.0,0.0,0.0,0.0,453574.2102118437,103674.10018723499,0.0,0.0,0.0,0.0,150867.12334984343,0.0,3933.3455081811735,258.74076381797113,0.0,0.0,0.0,0.0,0.0,0.0,7145.435952902626,4923.721933581262,0.0,0.0,0.0,0.0,0.0,0.0,0.0,0.0,0.0,0.0,0.0,0.0,0.0,0.0,0.0,0.0,0.0,0.0,0.0,133238.55017317156,33907.49120019711,20908.00043687306,640458.2139018448,0.0,142488.25705698458,0.0,0.0,0.0,0.0,0.0,0.0,0.0,0.0,0.0,0.0,0.0,0.0,0.0,0.0,0.0,21551.10129617639,0.0,62910.14428252319,0.0,0.0,0.0,10399.88098756993,0.0,0.0,0.0,0.0,10872.9092822725,0.0,233477.4006709573,61806.78334247513,0.0,0.0,105101.78759000741,152867.80897430214,0.0,0.0,0.0,0.0,169008.9273469156,38807.16665024299,0.0,37204.06863228345,0.0,13145.16792357136,51694.096594595816,69895.82935119502,0.0,0.0,0.0,0.0,0.0,0.0,0.0,0.0,0.0,0.0,0.0,0.0,512.9262324983015,0.0,0.0,26402.18693142086,0.0,2462.518636317789,0.0,0.0,0.0,0.0,0.0,0.0,520855.1569119771,256604.9286756923,0.0,0.0,0.0,0.0,0.0,0.0,87110.23909736465,0.0,0.0,0.0,0.0,47685.43687349398,0.0,0.0,0.0,0.0,0.0,0.0,0.0,0.0,0.0,0.0,0.0,0.0,0.0,0.0,0.0,0.0,0.0,0.0,0.0,0.0,0.0,0.0,0.0,0.0,0.0,0.0,0.0,0.0,0.0,0.0,0.0,0.0,0.0,0.0,0.0,0.0,0.0,0.0
Hawaii,2033,0.0,0.0,0.0,0.0,0.0,0.0,0.0,0.0,0.0,0.0,0.0,0.0,0.0,0.0,0.0,0.0,0.0,0.0,0.0,0.0,0.0,0.0,0.0,0.0,0.0,0.0,0.0,0.0,0.0,2546.9186857930545,0.0,0.0,0.0,0.0,0.0,0.0,0.0,0.0,0.0,0.0,485818.82231221115,111044.29688301001,0.0,0.0,0.0,0.0,161592.27429888432,0.0,4212.967226772253,277.1346569803861,0.0,0.0,0.0,0.0,0.0,0.0,7653.405333440729,5273.749559191303,0.0,0.0,0.0,0.0,0.0,0.0,0.0,0.0,0.0,0.0,0.0,0.0,0.0,0.0,0.0,0.0,0.0,0.0,0.0,142710.4850196056,36317.9763566092,22394.351178830882,685988.4186815969,0.0,152617.75400416355,0.0,0.0,0.0,0.0,0.0,0.0,0.0,0.0,0.0,0.0,0.0,0.0,0.0,0.0,0.0,23083.170108700797,0.0,67382.42942109122,0.0,0.0,0.0,11139.209019861635,0.0,0.0,0.0,0.0,11645.864918453008,0.0,250075.32014993508,66200.63049952319,0.0,0.0,112573.47865090845,163735.18875920516,0.0,0.0,0.0,0.0,181023.7800019096,41565.96996661101,0.0,39848.9076345785,0.0,14079.658534251786,55369.03237146279,74864.72717237001,0.0,0.0,0.0,0.0,0.0,0.0,0.0,0.0,0.0,0.0,0.0,0.0,549.3901826759056,0.0,0.0,28279.119651664063,0.0,2637.5792028806627,0.0,0.0,0.0,0.0,0.0,0.0,557882.7747019283,274846.98521661805,0.0,0.0,0.0,0.0,0.0,0.0,93302.91012324358,0.0,0.0,0.0,0.0,51075.396840803995,0.0,0.0,0.0,0.0,0.0,0.0,0.0,0.0,0.0,0.0,0.0,0.0,0.0,0.0,0.0,0.0,0.0,0.0,0.0,0.0,0.0,0.0,0.0,0.0,0.0,0.0,0.0,0.0,0.0,0.0,0.0,0.0,0.0,0.0,0.0,0.0,0.0,0.0
Idaho,2024,0.0,0.0,0.0,0.0,0.0,0.0,0.0,0.0,0.0,0.0,0.0,0.0,0.0,0.0,0.0,0.0,0.0,0.0,0.0,0.0,0.0,0.0,0.0,0.0,0.0,0.0,0.0,0.0,0.0,0.0,0.0,0.0,0.0,0.0,0.0,0.0,0.0,0.0,0.0,0.0,0.0,0.0,0.0,0.0,0.0,0.0,0.0,0.0,0.0,0.0,0.0,0.0,0.0,0.0,0.0,0.0,0.0,0.0,0.0,0.0,0.0,0.0,0.0,0.0,0.0,0.0,0.0,0.0,0.0,0.0,0.0,0.0,0.0,0.0,0.0,0.0,0.0,0.0,0.0,0.0,0.0,0.0,0.0,0.0,0.0,0.0,0.0,0.0,0.0,0.0,0.0,0.0,0.0,0.0,-3.637978807091713e-12,0.0,0.0,0.0,0.0,0.0,0.0,0.0,0.0,0.0,0.0,0.0,0.0,0.0,0.0,0.0,0.0,0.0,0.0,0.0,0.0,0.0,0.0,0.0,0.0,0.0,0.0,0.0,0.0,0.0,0.0,0.0,0.0,0.0,0.0,0.0,0.0,0.0,0.0,0.0,0.0,0.0,0.0,0.0,0.0,0.0,0.0,0.0,0.0,0.0,0.0,0.0,0.0,0.0,0.0,0.0,0.0,0.0,0.0,0.0,0.0,0.0,0.0,0.0,0.0,0.0,0.0,0.0,0.0,0.0,0.0,0.0,0.0,0.0,0.0,0.0,0.0,0.0,0.0,0.0,0.0,0.0,0.0,0.0,0.0,0.0,0.0,0.0,0.0,0.0,0.0,0.0,0.0,0.0,0.0,0.0,0.0,0.0,0.0,0.0,0.0,0.0,0.0,0.0,0.0,0.0,0.0,0.0,0.0,0.0,0.0
Idaho,2025,0.0,0.0,0.0,8834.828616046449,0.0,0.0,0.0,0.0,0.0,0.0,0.0,1932.247069815985,0.0,0.0,0.0,0.0,0.0,0.0,0.0,0.0,0.0,0.0,0.0,0.0,4398.20392420487,0.0,0.0,0.0,0.0,103.86838198793203,-7432.89150546935,0.0,0.0,0.0,0.0,1215.5866243843284,0.0,0.0,0.0,-83371.04796951602,219238.97950725397,24950.994690634543,0.0,0.0,0.0,1768.3072819254776,124653.28815727727,0.0,-79414.73038750852,16815.82812069246,-27669.266755182412,0.0,0.0,0.0,-171645.3444412488,5717.9622498503595,-602282.5175886771,18636.012469816545,0.0,-697958.2927926737,0.0,0.0,0.0,0.0,0.0,0.0,0.0,0.0,0.0,0.0,76889.75423887826,0.0,0.0,0.0,0.0,0.0,5697.87901953765,0.0,826.9333327304303,0.0,67694.22633798001,-10730.200991737336,-39545.53560677986,0.0,0.0,0.0,31267.986938468355,0.0,0.0,0.0,0.0,0.0,0.0,0.0,-201.8253037862596,-14844.579575418582,1065.1572375726264,0.0,734535.2932285592,2041.383192527308,22351.2088388353,258323.2378056934,20484.9161184938,0.0,5508.394776001398,0.0,0.0,67692.56226183614,0.0,0.0,0.0,275.82126500904997,1501.4662213320116,10138.295083039411,0.0,-24133.508111281,82416.96081428404,0.0,0.0,0.0,0.0,16031.209341011447,141218.2511913767,0.0,10583.920248149487,0.0,2106.015850062351,10992.978199530568,16659.507357087714,0.0,0.0,0.0,17019.0338459092,0.0,0.0,3497.0950782399304,139800.91095287725,0.0,2750.4868338949273,0.0,216316.70726635074,-670155.1663477521,0.0,0.0,20010.669595048268,0.0,0.0,0.0,0.0,7395.102108239458,0.0,0.0,0.0,-114378.14185733919,86159.5553175786,20220.168553964002,0.0,-76988.8588567854,0.0,-67095.28147532699,0.0,0.0,14610.734223686537,84665.37965210003,4052.2682163447826,0.0,2967.3408115089187,0.0,0.0,18972.558852425893,0.0,0.0,0.0,0.0,0.0,0.0,0.0,-12332.550318164402,-96090.43494417379,0.0,0.0,0.0,0.0,0.0,0.0,0.0,0.0,0.0,0.0,0.0,0.0,0.0,0.0,-2964.4033890627675,58778.36511684349,18519.19184449382,0.0,0.0,0.0,0.0,0.0,0.0,3710.6183816023113,-2857.1821015579553,-803.6678828449149
Idaho,2026,0.0,0.0,0.0,10189.86367985724,0.0,0.0,0.0,0.0,0.0,0.0,0.0,2228.603982364446,0.0,0.0,0.0,0.0,0.0,0.0,0.0,0.0,0.0,0.0,0.0,0.0,5072.7750782240255,0.0,0.0,0.0,0.0,119.79911542166406,-15413.931352050007,0.0,0.0,0.0,0.0,1402.02629070094,0.0,0.0,0.0,-222854.7272575522,242571.65192799363,-12261.064909354202,0.0,0.0,0.0,2039.5200552269307,143771.89063538704,0.0,-172325.16308796513,19394.94286313001,-75339.76010931941,0.0,0.0,0.0,-355948.90012447763,6594.950324980789,-1392949.911554648,21494.296590954007,0.0,-1507775.3368861908,0.0,0.0,0.0,0.0,0.0,0.0,0.0,0.0,0.0,0.0,88682.66133073089,0.0,0.0,0.0,0.0,0.0,6571.786844620117,0.0,-369.25671727437293,0.0,-52406.85283094691,-31041.081934852846,-174875.24078309187,0.0,0.0,0.0,36063.690456638404,0.0,0.0,0.0,0.0,0.0,0.0,0.0,-3222.5858488049853,-30783.89215787393,1228.5249120469525,0.0,441404.38475541025,2354.478774203264,22103.97392915876,140539.97651265468,23626.77441887633,0.0,-990.4228465495107,0.0,0.0,78074.85708727117,0.0,0.0,0.0,-664.8829576871794,-6570.14999121282,11693.248316634374,0.0,-61302.276463135815,95057.59897598391,0.0,0.0,0.0,0.0,18489.98377981686,162877.4921716489,0.0,12207.220899706197,0.0,2429.0244160228394,12679.017800685571,19214.646522285184,0.0,0.0,0.0,19629.31511061921,0.0,0.0,4033.459354043589,161242.76846098714,0.0,3172.3406427745213,0.0,215329.01816818444,-1507049.8481926997,0.0,0.0,23079.79069858321,0.0,0.0,0.0,0.0,8529.320223000104,0.0,0.0,0.0,-303849.6434982731,99374.2110411335,23321.421399664017,0.0,-159655.3621720358,0.0,-139138.592557979,0.0,0.0,16851.644380693586,97650.8673288027,4673.781746459012,0.0,3422.4544329059863,0.0,0.0,21882.46051690841,0.0,0.0,0.0,0.0,0.0,0.0,0.0,-31110.318491086917,-315712.2386470267,0.0,0.0,0.0,0.0,0.0,0.0,0.0,0.0,0.0,0.0,0.0,0.0,0.0,0.0,-6147.420597377952,67793.45179120603,21359.55869180881,0.0,0.0,0.0,0.0,0.0,0.0,4279.731630314316,-8456.630565867541,-4277.513804744172
Idaho,2027,0.0,0.0,0.0,11870.107158982632,0.0,0.0,0.0,0.0,0.0,0.0,0.0,2596.0865539245387,0.0,0.0,0.0,0.0,0.0,0.0,0.0,0.0,0.0,0.0,0.0,0.0,5909.243309207777,0.0,0.0,0.0,0.0,139.5532248794916,-26464.601908854,0.0,0.0,0.0,0.0,1633.2114769335421,0.0,0.0,0.0,-417190.0780667794,269767.5965021434,-65327.88157047995,0.0,0.0,0.0,2375.8238941207346,167478.95770824375,0.0,-301154.475567444,22593.045143752504,-141777.89842500119,0.0,0.0,0.0,-611138.4387627945,7682.415538142508,-2491189.688040823,25038.568901164486,0.0,-2630515.753675948,0.0,0.0,0.0,0.0,0.0,0.0,0.0,0.0,0.0,0.0,103305.86612462788,0.0,0.0,0.0,0.0,0.0,7655.432547722361,0.0,-2075.745263951674,0.0,-223346.68838475924,-59375.65729129348,-364492.8773540261,0.0,0.0,0.0,42010.36281916924,0.0,0.0,0.0,0.0,0.0,0.0,0.0,-7472.752898119623,-52853.70957973519,1431.1008283951214,0.0,9459.39937225543,2742.717295481467,21177.319949060446,-32067.52235219255,27522.678711350658,0.0,-10287.940168798756,0.0,0.0,90948.90267081058,0.0,0.0,0.0,-1997.2040425206906,-17979.60650383882,13621.390326292196,0.0,-113037.97409291135,110731.99029649189,0.0,0.0,0.0,0.0,21538.864083935565,189734.9509871872,0.0,14220.113707636454,0.0,2829.555037813836,14769.70690611779,22383.019087130117,0.0,0.0,0.0,22866.063878859626,0.0,0.0,4698.55105604016,187830.67177104368,0.0,3695.439365785198,0.0,208340.1317450269,-2668654.3764288123,0.0,0.0,26885.5008669667,0.0,0.0,0.0,0.0,9935.750685303326,0.0,0.0,0.0,-567801.2166814571,115760.384138342,27166.974928331998,0.0,-274116.6744546902,0.0,-238890.86944165092,0.0,0.0,19630.37297538243,113752.8720479135,5444.4585238006475,0.0,3986.7953234383604,0.0,0.0,25490.738580866688,0.0,0.0,0.0,0.0,0.0,0.0,0.0,-57243.7123010636,-622610.2049111982,0.0,0.0,0.0,0.0,0.0,0.0,0.0,0.0,0.0,0.0,0.0,0.0,0.0,0.0,-10554.675193506668,78972.15926741541,24881.61358247942,0.0,0.0,0.0,0.0,0.0,0.0,4985.432058717219,-16270.721736854466,-9150.37528789899
Idaho,2028,0.0,0.0,0.0,11761.704353877794,0.0,0.0,0.0,0.0,0.0,0.0,0.0,2572.3780009206675,0.0,0.0,0.0,0.0,0.0,0.0,0.0,0.0,0.0,0.0,0.0,0.0,5855.277616886247,0.0,0.0,0.0,0.0,138.27876620479333,-35213.04943299049,0.0,0.0,0.0,0.0,1618.2963036282126,0.0,0.0,0.0,-579878.5901299277,253777.50212895637,-118662.54529006919,0.0,0.0,0.0,2354.1268722566165,165949.46950999484,0.0,-404495.86860228685,22386.715964357572,-197552.3701533061,0.0,0.0,0.0,-813163.4901847952,7612.256492132088,-3386100.477287577,24809.9061714735,0.0,-3530035.5728718396,0.0,0.0,0.0,0.0,0.0,0.0,0.0,0.0,0.0,0.0,102362.43355727964,0.0,0.0,0.0,0.0,0.0,7585.519921715764,0.0,-3795.4357017730035,0.0,-392782.0408845432,-83362.21174716523,-531037.024827569,0.0,0.0,0.0,41626.706537715625,0.0,0.0,0.0,0.0,0.0,0.0,0.0,-11333.56149849874,-70325.64837204201,1418.031414437175,0.0,-523895.4759396706,2717.6696489473943,16153.979400238255,-238626.3172104517,27271.33004732008,0.0,-19844.660961481655,0.0,0.0,90118.31908477563,0.0,0.0,0.0,-3270.7847294246385,-28725.35344869006,13496.994067604595,0.0,-155986.72598403928,109720.73924355605,0.0,0.0,0.0,0.0,21342.162128831173,188002.211708765,0.0,14090.249655511929,0.0,2803.714352537001,14634.823738025385,22178.607953914267,0.0,0.0,0.0,22657.241377682774,0.0,0.0,4655.641913975858,186115.32317039487,0.0,3661.691061074838,0.0,161539.42177476222,-3609013.879978388,0.0,0.0,26639.971178683685,0.0,0.0,0.0,0.0,9845.013236122468,0.0,0.0,0.0,-788556.0877520056,114703.21168045746,26918.87470067601,0.0,-364731.8800117916,0.0,-317861.421974558,0.0,0.0,19451.10016282191,112714.03303377761,5394.7374413915095,0.0,3950.3862337265964,0.0,0.0,25257.946447708062,0.0,0.0,0.0,0.0,0.0,0.0,0.0,-78912.03228510292,-886172.5641759105,0.0,0.0,0.0,0.0,0.0,0.0,0.0,0.0,0.0,0.0,0.0,0.0,0.0,0.0,-14043.751748775236,78250.9523334665,24654.384234694153,0.0,0.0,0.0,0.0,0.0,0.0,4939.902998820253,-22904.761019531994,-13469.97981446408
Idaho,2029,0.0,0.0,0.0,15067.989909576165,0.0,0.0,0.0,0.0,0.0,0.0,0.0,3295.488867538912,0.0,0.0,0.0,0.0,0.0,0.0,0.0,0.0,0.0,0.0,0.0,0.0,7501.231232692975,0.0,0.0,0.0,0.0,177.14975578309895,-40716.458777748034,0.0,0.0,0.0,0.0,2073.209089440754,0.0,0.0,0.0,-661486.4354574252,331728.8362291255,-125652.82036565477,0.0,0.0,0.0,3015.88603911216,212598.85955658322,0.0,-466334.88654679124,28679.755935905006,-225184.91852758912,0.0,0.0,0.0,-940251.9310542744,9752.107395450323,-3889317.7781935968,31784.11942704898,0.0,-4070838.5246008597,0.0,0.0,0.0,0.0,0.0,0.0,0.0,0.0,0.0,0.0,131137.12686139997,0.0,0.0,0.0,0.0,0.0,9717.855014916975,0.0,-4012.3476001298586,0.0,-419362.9226622018,-94803.93533684578,-597265.5104090597,0.0,0.0,0.0,53328.223122050345,0.0,0.0,0.0,0.0,0.0,0.0,0.0,-12598.617324283194,-81316.76776269116,1816.648540154536,0.0,-410455.79440532625,3481.6228682367473,23056.271207293612,-204577.8215067424,34937.46430025343,0.0,-20704.991995317076,0.0,0.0,115451.11845883727,0.0,0.0,0.0,-3558.6635329660676,-31466.455499637523,17291.07995757638,0.0,-178333.61057290668,140563.89635810407,0.0,0.0,0.0,0.0,27341.57175951643,240850.7597006301,0.0,18051.103245310194,0.0,3591.855253480582,18748.76036484359,28413.147516996192,0.0,0.0,0.0,29026.327663575183,0.0,0.0,5964.370746936809,238433.45549018309,0.0,4691.0143547410335,0.0,228899.3511617384,-4151881.698316159,0.0,0.0,34128.626671309234,0.0,0.0,0.0,0.0,12612.505436138454,0.0,0.0,0.0,-899763.9015406328,146946.9716459317,34485.93164418402,0.0,-421735.4303747802,0.0,-367539.639232101,0.0,0.0,24918.920945919206,144398.62296493165,6911.2304548702305,0.0,5060.863469935444,0.0,0.0,32358.106509045407,0.0,0.0,0.0,0.0,0.0,0.0,0.0,-90245.66492621345,-1003648.0761870258,0.0,0.0,0.0,0.0,0.0,0.0,0.0,0.0,0.0,0.0,0.0,0.0,0.0,0.0,-16238.634494069496,100247.76381891104,31584.87934214287,0.0,0.0,0.0,0.0,0.0,0.0,6328.539325677557,-26027.463772792245,-15103.804540451587
Idaho,2030,0.0,0.0,0.0,16260.420765729694,0.0,0.0,0.0,0.0,0.0,0.0,0.0,3556.2829505815644,0.0,0.0,0.0,0.0,0.0,0.0,0.0,0.0,0.0,0.0,0.0,0.0,8094.853848229832,0.0,0.0,0.0,0.0,191.168801204783,-25872.601700453783,0.0,0.0,0.0,0.0,2237.275995799375,0.0,0.0,0.0,-379249.13411797804,385162.7129980931,-27219.59229406796,0.0,0.0,0.0,3254.553279617445,229423.22973732022,0.0,-290043.7625470204,30949.376909250015,-128322.43502383202,0.0,0.0,0.0,-597467.570621456,10523.856901565086,-2353029.26324583,34299.409453649976,0.0,-2537096.030285162,0.0,0.0,0.0,0.0,0.0,0.0,0.0,0.0,0.0,0.0,141514.8851022299,0.0,0.0,0.0,0.0,0.0,10486.89390098954,0.0,-835.9926758129695,0.0,-107964.13427324826,-53014.83114862171,-303165.0247761621,0.0,0.0,0.0,57548.44221804,0.0,0.0,0.0,0.0,0.0,0.0,0.0,-5700.045470874458,-51671.39793213548,1960.4120936919462,0.0,628685.8707023561,3757.1469801116,34586.82132729213,194909.00465054438,37702.29960459005,0.0,-2950.110420604906,0.0,0.0,124587.53790522006,0.0,0.0,0.0,-1244.3218421056044,-12032.649107593897,18659.438803139987,0.0,-104064.68647150279,151687.65794039995,0.0,0.0,0.0,0.0,29505.293265665183,259910.89176327013,0.0,19479.60781868006,0.0,3876.102791525809,20232.475213859987,30661.66998236999,0.0,0.0,0.0,31323.37517652,0.0,0.0,6436.371309644033,257302.29009732,0.0,5062.24570655507,0.0,337238.0877611805,-2541783.8393995296,0.0,0.0,36829.45324241993,0.0,0.0,0.0,0.0,13610.61737712784,0.0,0.0,0.0,-516932.4736961322,158575.86868266016,37215.03414840004,0.0,-267984.818439548,0.0,-233546.99746574,0.0,0.0,26890.92188408549,155825.85212042998,7458.162361370749,0.0,5461.36345676487,0.0,0.0,34918.81997379003,0.0,0.0,0.0,0.0,0.0,0.0,0.0,-52793.5420404546,-542008.5328013301,0.0,0.0,0.0,0.0,0.0,0.0,0.0,0.0,0.0,0.0,0.0,0.0,0.0,0.0,-10318.57226871406,108181.04009234998,34084.40216778009,0.0,0.0,0.0,0.0,0.0,0.0,6829.358984544131,-14457.231498106266,-7450.728997457358
Idaho,2031,0.0,0.0,0.0,19566.70632142805,0.0,0.0,0.0,0.0,0.0,0.0,0.0,4279.3938171998125,0.0,0.0,0.0,0.0,0.0,0.0,0.0,0.0,0.0,0.0,0.0,0.0,9740.80746403656,0.0,0.0,0.0,0.0,230.03979078308885,-12256.59690724887,0.0,0.0,0.0,0.0,2692.1887816119142,0.0,0.0,0.0,-106762.88436419214,491880.9233604055,80486.33939755359,0.0,0.0,0.0,3916.3124464729917,276072.6197839086,0.0,-126256.49227428003,37242.41688079751,-34585.19697499421,0.0,0.0,0.0,-283037.6033706728,12663.707804883321,-904646.1585967825,41273.622709225485,0.0,-1113790.5093084406,0.0,0.0,0.0,0.0,0.0,0.0,0.0,0.0,0.0,0.0,170289.57840635022,0.0,0.0,0.0,0.0,0.0,12619.228994190737,0.0,2644.6948831518166,0.0,230132.8281578077,-12290.894315729296,-8123.0795671520755,0.0,0.0,0.0,69249.95880237478,0.0,0.0,0.0,0.0,0.0,0.0,0.0,1390.8581426363817,-24478.230037342146,2359.029219409309,0.0,1876233.4272415675,4521.100199400957,51760.99967520498,668871.144716124,45368.43385752331,0.0,16713.752810178587,0.0,0.0,149920.33727928146,0.0,0.0,0.0,1215.1269390384296,8428.545587458386,22453.524693111773,0.0,-32876.56935690131,182530.81505494786,0.0,0.0,0.0,0.0,35504.70289635047,312759.4397551352,0.0,23440.461408478353,0.0,4664.24369246939,24346.411840678164,36896.209545451886,0.0,0.0,0.0,37692.46146241241,0.0,0.0,7745.100142604999,309620.42241710844,0.0,6091.569000221272,0.0,500083.20888308715,-1032948.2565863766,0.0,0.0,44318.10873504542,0.0,0.0,0.0,0.0,16378.109577143812,0.0,0.0,0.0,-147630.66511722258,190819.62864813418,44782.09109190802,0.0,-126952.1300912774,0.0,-110637.942019787,0.0,0.0,32358.7426671829,187510.44205158413,8974.65537484947,0.0,6571.840692973725,0.0,0.0,42018.980035127315,0.0,0.0,0.0,0.0,0.0,0.0,0.0,-16933.13531450584,-86870.77211988089,0.0,0.0,0.0,0.0,0.0,0.0,0.0,0.0,0.0,0.0,0.0,0.0,0.0,0.0,-4888.204998484032,130177.85157779453,41014.89727522869,0.0,0.0,0.0,0.0,0.0,0.0,8217.995311401435,-3155.2407556993494,279.71479630767135
Idaho,2032,0.0,0.0,0.0,22872.99187712642,0.0,0.0,0.0,0.0,0.0,0.0,0.0,5002.504683818064,0.0,0.0,0.0,0.0,0.0,0.0,0.0,0.0,0.0,0.0,0.0,0.0,11386.761079843302,0.0,0.0,0.0,0.0,268.9107803613949,0.0,0.0,0.0,0.0,0.0,3147.1015674244536,0.0,0.0,0.0,140546.9503723462,596553.7824288495,180037.265562149,0.0,0.0,0.0,4578.071613328535,322722.009830497,0.0,21488.541909619496,43535.456852345,50522.53791073177,0.0,0.0,0.0,0.0,14803.558708201555,404976.36675821175,48247.835964800994,0.0,169865.09732452477,0.0,0.0,0.0,0.0,0.0,0.0,0.0,0.0,0.0,0.0,199064.27171047032,0.0,0.0,0.0,0.0,0.0,14751.564087391947,0.0,5862.479728407954,0.0,542300.8612987953,24724.016202714178,261232.20657189074,0.0,0.0,0.0,80951.47538670967,0.0,0.0,0.0,0.0,0.0,0.0,0.0,7887.645373995489,0.0,2757.646345126672,0.0,3043144.87340199,5285.053418690317,68204.8374663138,1111555.021077075,53034.56811045663,0.0,34918.326999211626,0.0,0.0,175253.13665334287,0.0,0.0,0.0,3479.238208427305,27240.0356973593,26247.610583083588,0.0,31661.123324655375,213373.972169496,0.0,0.0,0.0,0.0,41504.11252703576,365607.98774700006,0.0,27401.31499827662,0.0,5452.384593412971,28460.34846749637,43130.74910853381,0.0,0.0,0.0,44061.54774830479,0.0,0.0,9053.82897556595,361938.55473689665,0.0,7120.8922938874675,0.0,656139.2452715468,330009.33210824686,0.0,0.0,51806.76422767079,0.0,0.0,0.0,0.0,19145.601777159813,0.0,0.0,0.0,187506.46847683936,223063.38861360843,52349.14803541606,0.0,0.0,0.0,0.0,0.0,0.0,37826.563450280286,219195.03198273806,10491.14838832819,0.0,7682.317929182587,0.0,0.0,49119.1400964646,0.0,0.0,0.0,0.0,0.0,0.0,0.0,15571.731915161174,327553.65953984903,0.0,0.0,0.0,0.0,0.0,0.0,0.0,0.0,0.0,0.0,0.0,0.0,0.0,0.0,0.0,152174.66306323896,47945.39238267724,0.0,0.0,0.0,0.0,0.0,0.0,9606.63163825874,7121.141045501878,7344.350507246258
Idaho,2033,0.0,0.0,0.0,24499.03395369937,0.0,0.0,0.0,0.0,0.0,0.0,0.0,5358.132978876223,0.0,0.0,0.0,0.0,0.0,0.0,0.0,0.0,0.0,0.0,0.0,0.0,12196.246464666285,0.0,0.0,0.0,0.0,288.0276604818732,0.0,0.0,0.0,0.0,0.0,3370.8291670043927,0.0,0.0,0.0,150538.43973530922,638962.8190944074,192836.123303534,0.0,0.0,0.0,4903.526941290282,345664.3328042289,0.0,23016.163372388648,46630.39454327,54114.18752523881,0.0,0.0,0.0,0.0,15855.944398358071,433766.1558642455,51677.776910165994,0.0,181940.81514380348,0.0,0.0,0.0,0.0,0.0,0.0,0.0,0.0,0.0,0.0,213215.7602206932,0.0,0.0,0.0,0.0,0.0,15800.2534774909,0.0,6279.243690143121,0.0,580853.0552299893,26481.647686319455,279803.2165177597,0.0,0.0,0.0,86706.31960851367,0.0,0.0,0.0,0.0,0.0,0.0,0.0,8448.378457454892,0.0,2953.687554495864,0.0,3259482.1866770145,5660.768116701474,73053.52259425086,1190575.5202057762,56804.798070915625,0.0,37400.67252048259,0.0,0.0,187711.89044386486,0.0,0.0,0.0,3726.577417557208,29176.531126081536,28113.554463397595,0.0,33911.91408233228,228542.73796353594,0.0,0.0,0.0,0.0,44454.641853602254,391599.0769233275,0.0,29349.275780144642,0.0,5839.994872565552,30483.595988882356,46196.916106770805,0.0,0.0,0.0,47193.88526595681,0.0,0.0,9697.466106530359,387668.7837466288,0.0,7627.116864542972,0.0,702784.2153145485,353469.71116807475,0.0,0.0,55489.70955191273,0.0,0.0,0.0,0.0,20506.66351487259,0.0,0.0,0.0,200836.31220742036,238920.97548187478,56070.65145025603,0.0,0.0,0.0,0.0,0.0,0.0,40515.655638688855,234777.61719478108,11236.964624465269,0.0,8228.454274859076,0.0,0.0,52611.02209384361,0.0,0.0,0.0,0.0,0.0,0.0,0.0,16678.727075006725,350839.46472040704,0.0,0.0,0.0,0.0,0.0,0.0,0.0,0.0,0.0,0.0,0.0,0.0,0.0,0.0,0.0,162992.767072474,51353.83259945526,0.0,0.0,0.0,0.0,0.0,0.0,10289.567536713155,7627.383299921443,7866.460732879874
Illinois,2024,0.0,0.0,0.0,0.0,0.0,0.0,0.0,0.0,0.0,0.0,0.0,0.0,0.0,0.0,0.0,0.0,0.0,0.0,0.0,0.0,0.0,0.0,0.0,0.0,0.0,0.0,0.0,0.0,0.0,0.0,0.0,0.0,0.0,0.0,0.0,0.0,0.0,0.0,0.0,0.0,0.0,0.0,0.0,0.0,0.0,0.0,0.0,0.0,0.0,0.0,0.0,0.0,0.0,0.0,0.0,0.0,0.0,0.0,0.0,0.0,0.0,0.0,0.0,0.0,0.0,0.0,0.0,0.0,0.0,0.0,0.0,0.0,0.0,0.0,0.0,0.0,0.0,0.0,0.0,0.0,0.0,0.0,0.0,0.0,0.0,0.0,0.0,0.0,0.0,0.0,0.0,0.0,0.0,0.0,0.0,0.0,0.0,0.0,0.0,0.0,0.0,0.0,0.0,0.0,0.0,0.0,0.0,0.0,0.0,0.0,0.0,0.0,0.0,0.0,0.0,0.0,0.0,0.0,0.0,0.0,0.0,0.0,0.0,0.0,0.0,0.0,0.0,0.0,0.0,0.0,0.0,0.0,0.0,0.0,0.0,0.0,0.0,0.0,0.0,0.0,0.0,0.0,0.0,0.0,0.0,0.0,0.0,0.0,0.0,0.0,0.0,0.0,0.0,0.0,0.0,0.0,0.0,0.0,0.0,0.0,0.0,0.0,0.0,0.0,0.0,0.0,0.0,0.0,0.0,0.0,0.0,0.0,0.0,0.0,0.0,0.0,0.0,0.0,0.0,0.0,0.0,0.0,0.0,0.0,0.0,0.0,0.0,0.0,0.0,0.0,0.0,0.0,0.0,0.0,0.0,0.0,0.0,0.0,0.0,0.0,0.0,0.0,0.0,0.0,0.0
Illinois,2025,20575.63208706735,16559.050435408688,0.0,25442.514579043607,9314.14452120586,0.0,0.0,0.0,4459.396578217267,0.0,0.0,0.0,0.0,0.0,0.0,0.0,0.0,0.0,0.0,0.0,9335.42399226356,0.0,0.0,0.0,2504.7035734527235,0.0,0.0,0.0,0.0,0.0,0.0,0.0,0.0,0.0,0.0,0.0,0.0,0.0,0.0,157807.02625718457,117538.29999857,11754.486782795866,0.0,0.0,0.0,0.0,45507.02133581089,0.0,19989.156952310295,-681623.9535293218,-707655.4771154554,0.0,0.0,0.0,0.0,15584.446910072147,-3271053.2058978975,1981.3345112301758,0.0,-344645.56101369206,0.0,0.0,0.0,0.0,0.0,0.0,0.0,39914.51839421841,0.0,0.0,313334.0192689947,0.0,0.0,0.0,18617.033168221213,0.0,7190.529776585856,0.0,519.3232591511178,0.0,108061.13414465077,0.0,0.0,10029.557381523977,0.0,0.0,0.0,0.0,915.9984910071762,0.0,0.0,0.0,0.0,73319.73216600472,-25142.310765240807,12440.191700097814,1197.8742264028515,0.0,0.0,0.0,0.0,0.0,0.0,0.0,0.0,0.0,0.0,0.0,0.0,-16697.83775148404,0.0,-18700.502841008012,10490.239216343281,0.0,0.0,16220.901090980973,42878.58294733276,0.0,0.0,0.0,0.0,19823.457759433775,25787.288378698577,0.0,0.0,0.0,13684.528300098842,29878.938584361633,143359.2342960448,0.0,0.0,0.0,0.0,7665.128201970307,0.0,9309.800599972092,31780.0302008235,0.0,0.0,0.0,0.0,-1460166.8414239874,0.0,0.0,8407.641309405677,57874.36300119129,0.0,0.0,0.0,-2667.3183426041505,0.0,0.0,0.0,20588.7439130391,19377.577796261467,323277.802010268,0.0,0.0,0.0,36495.04814203823,0.0,0.0,234415.7534583998,25176.36527043901,881.0006215968042,0.0,313.6619351156701,0.0,0.0,2073.288969023739,0.0,0.0,0.0,0.0,0.0,0.0,0.0,297.70904686745325,95893.50493025617,6180.168728281962,18437.216456786788,0.0,0.0,0.0,0.0,0.0,0.0,0.0,0.0,0.0,0.0,0.0,0.0,0.0,0.0,0.0,0.0,0.0,0.0,0.0,0.0,699999.59865906,0.0,0.0,0.0
Illinois,2026,23731.403879562364,19098.78209728119,0.0,29344.740741473564,10742.694294396933,0.0,0.0,0.0,5143.353108618692,0.0,0.0,0.0,0.0,0.0,0.0,0.0,0.0,0.0,0.0,0.0,10767.237488009516,0.0,0.0,0.0,2888.8605632460894,0.0,0.0,0.0,0.0,0.0,0.0,0.0,0.0,0.0,0.0,0.0,0.0,0.0,0.0,182010.55789172207,135565.6466241174,13557.322178930219,0.0,0.0,0.0,0.0,52486.62583516841,0.0,23054.978570762818,-1423191.528812122,-1535951.423374972,0.0,0.0,0.0,0.0,17974.69950364143,-7133874.089278446,-3840.003611664695,0.0,-720523.1716193699,0.0,0.0,0.0,0.0,0.0,0.0,0.0,46036.37704363844,0.0,0.0,361391.3841875526,0.0,0.0,0.0,21472.4063535312,0.0,8293.371766859753,0.0,598.9740657693874,0.0,75986.6600894581,0.0,0.0,11567.833053536873,0.0,0.0,0.0,0.0,1056.4890571125725,0.0,0.0,0.0,0.0,84565.08986017725,-129963.85807745415,14348.196562075987,1381.5972672621847,0.0,0.0,0.0,0.0,0.0,0.0,0.0,0.0,0.0,0.0,0.0,0.0,-42792.00462024167,0.0,-61978.592325356614,11780.926180011418,0.0,0.0,-15931.695435244823,40878.93880931637,0.0,0.0,0.0,0.0,22863.865391248808,29742.393958253553,0.0,0.0,0.0,15783.382333856309,34461.59787644161,70917.27265251288,0.0,0.0,0.0,0.0,8840.761361781697,0.0,10737.68412757518,36654.26796168601,0.0,0.0,0.0,0.0,-3081910.790776765,0.0,0.0,9697.156847658087,66750.79904431885,0.0,0.0,0.0,-35594.24405798793,0.0,0.0,0.0,20918.095430244633,10634.814466800191,372860.28698116774,0.0,0.0,0.0,42092.448163823225,0.0,0.0,270369.0898784003,29037.770986763993,1016.1234163202444,0.0,361.7695938757429,0.0,0.0,2391.2780747022225,0.0,0.0,0.0,0.0,0.0,0.0,0.0,343.369943626265,105439.61716744676,7128.04736758901,21265.0103918768,0.0,0.0,0.0,0.0,0.0,0.0,0.0,0.0,0.0,0.0,0.0,0.0,0.0,0.0,0.0,0.0,0.0,0.0,0.0,0.0,807361.5002938844,0.0,0.0,0.0
Illinois,2027,27644.560902256228,22248.049358003103,0.0,34183.50118288677,12514.096013153874,0.0,0.0,0.0,5991.4592063164455,0.0,0.0,0.0,0.0,0.0,0.0,0.0,0.0,0.0,0.0,0.0,12542.686222734483,0.0,0.0,0.0,3365.21523058986,0.0,0.0,0.0,0.0,0.0,0.0,0.0,0.0,0.0,0.0,0.0,0.0,0.0,0.0,212022.9371185482,157919.556439796,15792.838070136786,0.0,0.0,0.0,0.0,61141.335414371686,0.0,26856.59737764389,-2450210.595472386,-2684472.4110460216,0.0,0.0,0.0,0.0,20938.612719667348,-12490843.051841531,-12091.877755938622,0.0,-1241109.2482327875,0.0,0.0,0.0,0.0,0.0,0.0,0.0,53627.48176891927,0.0,0.0,420982.51668656385,0.0,0.0,0.0,25013.06910331559,0.0,9660.89583479939,0.0,697.7410659760417,0.0,28006.637727336027,0.0,0.0,13475.294886832824,0.0,0.0,0.0,0.0,1230.697359083264,0.0,0.0,0.0,0.0,98509.333400951,-276976.9110125827,16714.12259092898,1609.4138379277556,0.0,0.0,0.0,0.0,0.0,0.0,0.0,0.0,0.0,0.0,0.0,0.0,-79119.15806022937,0.0,-122461.16705820401,13327.68535435063,0.0,0.0,-61645.268370418344,36952.46418166219,0.0,0.0,0.0,0.0,26633.97085469938,34646.724876901775,0.0,0.0,0.0,18385.961335715605,40144.09539862082,-34842.41058403719,0.0,0.0,0.0,0.0,10298.54647994785,0.0,12508.259701802992,42698.3227851555,0.0,0.0,0.0,0.0,-5328701.246371216,0.0,0.0,11296.156115091042,77757.57973779691,0.0,0.0,0.0,-81909.86527214467,0.0,0.0,0.0,20849.29356929334,-2182.6676023837063,434342.56834508386,0.0,0.0,0.0,49033.2241908366,0.0,0.0,314951.22703920025,33825.91407500702,1183.675681777304,0.0,421.42309073823117,0.0,0.0,2785.5845657435493,0.0,0.0,0.0,0.0,0.0,0.0,0.0,399.9894556071922,116405.97905510967,8303.41688032975,24771.474871388404,0.0,0.0,0.0,0.0,0.0,0.0,0.0,0.0,0.0,0.0,0.0,0.0,0.0,0.0,0.0,0.0,0.0,0.0,0.0,0.0,940490.2583210673,0.0,0.0,0.0
Illinois,2028,27392.09915885661,22044.87082505331,0.0,33871.323089892394,12399.8120312986,0.0,0.0,0.0,5936.7426838843385,0.0,0.0,0.0,0.0,0.0,0.0,0.0,0.0,0.0,0.0,0.0,12428.141143074798,0.0,0.0,0.0,3334.4826714063893,0.0,0.0,0.0,0.0,0.0,0.0,0.0,0.0,0.0,0.0,0.0,0.0,0.0,0.0,210086.6545877857,156477.3687097521,15648.611238446028,0.0,0.0,0.0,0.0,60582.96705442306,0.0,26611.331648167776,-3264979.300568732,-3605828.9900199566,0.0,0.0,0.0,0.0,20747.392512181832,-16793794.305132672,-20030.911871590986,0.0,-1654268.8082033435,0.0,0.0,0.0,0.0,0.0,0.0,0.0,53137.73307696561,0.0,0.0,417137.92749307957,0.0,0.0,0.0,24784.6392484908,0.0,9572.668475577477,0.0,691.3690014465801,0.0,-36180.246699332725,0.0,0.0,13352.232833071816,0.0,0.0,0.0,0.0,1219.4581137948298,0.0,0.0,0.0,0.0,97609.70478541742,-407131.06539647747,16561.482201970706,1594.715994659011,0.0,0.0,0.0,0.0,0.0,0.0,0.0,0.0,0.0,0.0,0.0,0.0,-109322.69382376786,0.0,-174447.4849408291,12787.749130918819,0.0,0.0,-106605.06122288085,25344.699511802406,0.0,0.0,0.0,0.0,26390.7382441542,34330.31643053738,0.0,0.0,0.0,18218.053013014985,39777.48265525437,-158618.83062602254,0.0,0.0,0.0,0.0,10204.495827162915,0.0,12394.02901959476,42308.383764286526,0.0,0.0,0.0,0.0,-7116945.498449727,0.0,0.0,11192.994872030831,77047.4648543467,0.0,0.0,0.0,-123895.13013569429,0.0,0.0,0.0,16941.906363046437,-17557.717395901796,430375.9695474114,0.0,0.0,0.0,48585.432189093786,0.0,0.0,312074.9601256,33517.00161770097,1172.8658581994277,0.0,417.5744780374257,0.0,0.0,2760.1454372892695,0.0,0.0,0.0,0.0,0.0,0.0,0.0,396.33658386648676,108559.9516134297,8227.586589185186,24545.251356581197,0.0,0.0,0.0,0.0,0.0,0.0,0.0,0.0,0.0,0.0,0.0,0.0,0.0,0.0,0.0,0.0,0.0,0.0,0.0,0.0,931901.3061902821,0.0,0.0,0.0
Illinois,2029,35092.182332544384,28241.816080022196,0.0,43392.75492622156,15885.473477884836,0.0,0.0,0.0,7605.596618063799,0.0,0.0,0.0,0.0,0.0,0.0,0.0,0.0,0.0,0.0,0.0,15921.766072694896,0.0,0.0,0.0,4271.8257265022,0.0,0.0,0.0,0.0,0.0,0.0,0.0,0.0,0.0,0.0,0.0,0.0,0.0,0.0,269143.2717760573,200464.09447608818,20047.529605013842,0.0,0.0,0.0,0.0,77613.20203285536,0.0,34091.93639719181,-3773512.3692523106,-4157021.240282204,0.0,0.0,0.0,0.0,26579.60884049107,-19355190.4604519,-21726.41648549406,0.0,-1911762.6972330224,0.0,0.0,0.0,0.0,0.0,0.0,0.0,68075.06818155048,0.0,0.0,534397.8978943592,0.0,0.0,0.0,31751.74982064721,0.0,12263.602931845788,0.0,885.7169695951579,0.0,-15095.42262875475,0.0,0.0,17105.625472783227,0.0,0.0,0.0,0.0,1562.255095091994,0.0,0.0,0.0,0.0,125048.37755919842,-456710.29847146897,21217.014065197494,2043.0002143557813,0.0,0.0,0.0,0.0,0.0,0.0,0.0,0.0,0.0,0.0,0.0,0.0,-124934.49219893417,0.0,-197523.3480939982,16586.92683506952,0.0,0.0,-114316.7411220771,37979.18735574605,0.0,0.0,0.0,0.0,33809.33286578278,43980.774044651596,0.0,0.0,0.0,23339.256855383283,50959.171327929595,-142538.86933836387,0.0,0.0,0.0,0.0,13073.040737102725,0.0,15878.064826946254,54201.52390079101,0.0,0.0,0.0,0.0,-8219514.755154737,0.0,0.0,14339.41278536673,98705.9687995778,0.0,0.0,0.0,-137830.89372388128,0.0,0.0,0.0,23521.574852928636,-14966.837801974965,551357.2328764079,0.0,0.0,0.0,62243.088242249214,0.0,0.0,399801.1009903997,42938.831565534,1502.5654773246133,0.0,534.9571654120009,0.0,0.0,3536.0388551447686,0.0,0.0,0.0,0.0,0.0,0.0,0.0,507.74917195798844,142392.92790069338,10540.410469094379,31445.068558200786,0.0,0.0,0.0,0.0,0.0,0.0,0.0,0.0,0.0,0.0,0.0,0.0,0.0,0.0,0.0,0.0,0.0,0.0,0.0,0.0,1193864.3461792544,0.0,0.0,0.0
Illinois,2030,37869.26150993994,30476.77994246999,0.0,46826.71394915995,17142.59727829299,0.0,0.0,0.0,8207.478364817049,0.0,0.0,0.0,0.0,0.0,0.0,0.0,0.0,0.0,0.0,0.0,17181.76194895133,0.0,0.0,0.0,4609.8838775203585,0.0,0.0,0.0,0.0,0.0,0.0,0.0,0.0,0.0,0.0,0.0,0.0,0.0,0.0,290442.3796144505,216328.15950656985,21634.02475361206,0.0,0.0,0.0,0.0,83755.25399229,0.0,36789.85942143001,-2389860.08061663,-2585226.9322819733,0.0,0.0,0.0,0.0,28683.031122832093,-12010716.821276817,-7270.065613664716,0.0,-1210016.277760975,0.0,0.0,0.0,0.0,0.0,0.0,0.0,73462.30379303999,0.0,0.0,576688.3790226905,0.0,0.0,0.0,34264.47822372001,0.0,13234.10388328685,0.0,955.8096794192352,0.0,112182.04107528972,0.0,0.0,18459.308064154582,0.0,0.0,0.0,0.0,1685.8867932647408,0.0,0.0,0.0,0.0,134944.29233007017,-226219.93464751588,22896.058343738317,2204.676490311993,0.0,0.0,0.0,0.0,0.0,0.0,0.0,0.0,0.0,0.0,0.0,0.0,-72674.22289512698,0.0,-106438.76176907198,18739.995122194377,0.0,0.0,-31883.62530597404,63632.8394563701,0.0,0.0,0.0,0.0,36484.891581779986,47461.26695465995,0.0,0.0,0.0,25186.248405089893,54991.91150496004,95554.0352365463,0.0,0.0,0.0,0.0,14107.597917736726,0.0,17134.60233123698,58490.853130350006,0.0,0.0,0.0,0.0,-5178641.461958581,0.0,0.0,15474.18645902886,106517.23251752998,0.0,0.0,0.0,-62864.14493084402,0.0,0.0,0.0,32852.41582060931,14785.55326070491,594989.8196508,0.0,0.0,0.0,67168.80026142002,0.0,0.0,431440.03703999985,46336.868595900014,1621.4735366812383,0.0,577.2919051208646,0.0,0.0,3815.8692681418433,0.0,0.0,0.0,0.0,0.0,0.0,0.0,547.930761105742,167292.0533283595,11374.543671684587,33933.527221079974,0.0,0.0,0.0,0.0,0.0,0.0,0.0,0.0,0.0,0.0,0.0,0.0,0.0,0.0,0.0,0.0,0.0,0.0,0.0,0.0,1288342.819617901,0.0,0.0,0.0
Illinois,2031,45569.34468362774,36673.72519743891,0.0,56348.14578548918,20628.25872487924,0.0,0.0,0.0,9876.332298996516,0.0,0.0,0.0,0.0,0.0,0.0,0.0,0.0,0.0,0.0,0.0,20675.38687857143,0.0,0.0,0.0,5547.226932616159,0.0,0.0,0.0,0.0,0.0,0.0,0.0,0.0,0.0,0.0,0.0,0.0,0.0,0.0,349498.99680272164,260314.8852729057,26032.943120179814,0.0,0.0,0.0,0.0,100785.4889707223,0.0,44270.4641704541,-1118027.6795820405,-1124822.2889715445,0.0,0.0,0.0,0.0,34515.2474511413,-5178382.532574504,8153.3083492378355,0.0,-564734.4066996115,0.0,0.0,0.0,0.0,0.0,0.0,0.0,88399.6388976248,0.0,0.0,693948.3494239701,0.0,0.0,0.0,41231.58879587639,0.0,15925.038339555176,0.0,1150.157647567812,0.0,269229.86274033994,0.0,0.0,22212.700703865994,0.0,0.0,0.0,0.0,2028.6837745619068,0.0,0.0,0.0,0.0,162382.9651038507,6380.533677231055,27551.590206965135,2652.960710008765,0.0,0.0,0.0,0.0,0.0,0.0,0.0,0.0,0.0,0.0,0.0,0.0,-22515.180696224983,0.0,-16576.3162329084,23428.610517289344,0.0,0.0,57218.44911842351,100235.99488693825,0.0,0.0,0.0,0.0,43903.48620340857,57111.72456877417,0.0,0.0,0.0,30307.45224745819,66173.6001776352,375547.3608166105,0.0,0.0,0.0,0.0,16976.142827676536,0.0,20618.638138588503,70383.9932668545,0.0,0.0,0.0,0.0,-2374638.1555520557,0.0,0.0,18620.6043723647,128175.73646276107,0.0,0.0,0.0,14081.464224406693,0.0,0.0,0.0,47337.031713105156,50117.10974384687,715971.0829797955,0.0,0.0,0.0,80826.45631457545,0.0,0.0,519166.17790480005,55758.698543733044,1951.173155806424,0.0,694.6745924954403,0.0,0.0,4591.76268599735,0.0,0.0,0.0,0.0,0.0,0.0,0.0,659.3433491972437,215550.42235475848,13687.367551593794,40833.34442269959,0.0,0.0,0.0,0.0,0.0,0.0,0.0,0.0,0.0,0.0,0.0,0.0,0.0,0.0,0.0,0.0,0.0,0.0,0.0,0.0,1550305.8596068732,0.0,0.0,0.0
Illinois,2032,53269.427857315546,42870.670452407794,0.0,65869.5776218184,24113.920171465463,0.0,0.0,0.0,11545.186233175977,0.0,0.0,0.0,0.0,0.0,0.0,0.0,0.0,0.0,0.0,0.0,24169.011808191557,0.0,0.0,0.0,6484.569987711966,0.0,0.0,0.0,0.0,0.0,0.0,0.0,0.0,0.0,0.0,0.0,0.0,0.0,0.0,408555.61399099324,304301.611039242,30431.8614867476,0.0,0.0,0.0,0.0,117815.7239491546,0.0,51751.06891947819,27219.10319277103,192555.96970413066,0.0,0.0,0.0,0.0,40347.46377945048,986048.9034565547,22359.51433993633,0.0,16359.279584636475,0.0,0.0,0.0,0.0,0.0,0.0,0.0,103336.97400220961,0.0,0.0,811208.3198252507,0.0,0.0,0.0,48198.69936803277,0.0,18615.972795823487,0.0,1344.50561571639,0.0,416610.5905397278,0.0,0.0,25966.093343577435,0.0,0.0,0.0,0.0,2371.480755859071,0.0,0.0,0.0,0.0,189821.63787763193,218917.766351996,32207.122070191923,3101.2449297055373,0.0,0.0,0.0,0.0,0.0,0.0,0.0,0.0,0.0,0.0,0.0,0.0,22967.494397640054,0.0,65256.111942316405,28053.98607656028,0.0,0.0,139436.9767904554,135134.9560624942,0.0,0.0,0.0,0.0,51322.08082503721,66762.18218288838,0.0,0.0,0.0,35428.65608982646,77355.28885031043,636776.204073132,0.0,0.0,0.0,0.0,19844.68773761636,0.0,24102.673945940027,82277.13340335898,0.0,0.0,0.0,0.0,151604.2576057124,0.0,0.0,21767.022285700572,149834.24040799215,0.0,0.0,0.0,84565.32440019294,0.0,0.0,0.0,61259.598593029834,83120.77406284743,836952.3463087911,0.0,0.0,0.0,94484.11236773076,0.0,0.0,606892.3187695998,65180.528491566016,2280.8727749316076,0.0,812.0572798700168,0.0,0.0,5367.6561038528525,0.0,0.0,0.0,0.0,0.0,0.0,0.0,770.7559372887445,262783.13272309885,16000.191431502986,47733.16162431921,0.0,0.0,0.0,0.0,0.0,0.0,0.0,0.0,0.0,0.0,0.0,0.0,0.0,0.0,0.0,0.0,0.0,0.0,0.0,0.0,1812268.8995958455,0.0,0.0,0.0
Illinois,2033,57056.35400830957,45918.348446654796,0.0,70552.24901673436,25828.179899294773,0.0,0.0,0.0,12365.934069657684,0.0,0.0,0.0,0.0,0.0,0.0,0.0,0.0,0.0,0.0,0.0,25887.188003086674,0.0,0.0,0.0,6945.558375463999,0.0,0.0,0.0,0.0,0.0,0.0,0.0,0.0,0.0,0.0,0.0,0.0,0.0,0.0,437599.85195243824,325934.4269898988,32595.263962108816,0.0,0.0,0.0,0.0,126191.24934838363,0.0,55430.0548616212,29154.110528750025,206244.78271627263,0.0,0.0,0.0,0.0,43215.766891733656,1056147.1667354573,23949.05327405501,0.0,17522.26154562959,0.0,0.0,0.0,0.0,0.0,0.0,0.0,110683.20438151364,0.0,0.0,868877.15772752,0.0,0.0,0.0,51625.147190404794,0.0,19939.383184152175,0.0,1440.0865836583134,0.0,446227.45716577535,0.0,0.0,27812.02414999288,0.0,0.0,0.0,0.0,2540.069435185542,0.0,0.0,0.0,0.0,203316.06711063883,234480.64073720924,34496.72790456572,3321.712578736742,0.0,0.0,0.0,0.0,0.0,0.0,0.0,0.0,0.0,0.0,0.0,0.0,24600.254662875115,0.0,69895.17203300243,30048.345276315755,0.0,0.0,149349.55807887635,144741.70649347722,0.0,0.0,0.0,0.0,54970.56998321519,71508.30887835438,0.0,0.0,0.0,37947.28093033543,82854.48000080639,682044.6545996582,0.0,0.0,0.0,0.0,21255.447529390018,0.0,25816.13417906371,88126.21871639398,0.0,0.0,0.0,0.0,162381.81146393844,0.0,0.0,23314.440931603458,160485.96365974518,0.0,0.0,0.0,90577.07731963793,0.0,0.0,0.0,65614.54636030679,89029.8338303485,896451.3282738719,0.0,0.0,0.0,101200.99239387276,0.0,0.0,650036.3224736,69814.21535115602,2443.020128599732,0.0,869.7864703821033,0.0,0.0,5749.243030667043,0.0,0.0,0.0,0.0,0.0,0.0,0.0,825.5490133993189,281464.39808256086,17137.645798671452,51126.51434642717,0.0,0.0,0.0,0.0,0.0,0.0,0.0,0.0,0.0,0.0,0.0,0.0,0.0,0.0,0.0,0.0,0.0,0.0,0.0,0.0,1941103.1815576367,0.0,0.0,0.0
Indiana,2024,0.0,0.0,0.0,0.0,0.0,0.0,0.0,0.0,0.0,0.0,0.0,0.0,0.0,0.0,0.0,0.0,0.0,0.0,0.0,0.0,0.0,0.0,0.0,0.0,0.0,0.0,0.0,0.0,0.0,0.0,0.0,0.0,0.0,0.0,0.0,0.0,0.0,0.0,0.0,0.0,0.0,0.0,0.0,0.0,0.0,0.0,0.0,0.0,0.0,0.0,0.0,0.0,0.0,0.0,0.0,0.0,0.0,0.0,0.0,0.0,0.0,0.0,0.0,0.0,0.0,0.0,0.0,0.0,0.0,0.0,0.0,0.0,0.0,0.0,0.0,0.0,0.0,0.0,0.0,0.0,0.0,0.0,0.0,0.0,0.0,0.0,0.0,0.0,0.0,0.0,0.0,0.0,0.0,0.0,0.0,0.0,0.0,0.0,0.0,0.0,0.0,0.0,0.0,0.0,0.0,0.0,0.0,0.0,0.0,0.0,0.0,2.9103830456733704e-11,0.0,0.0,0.0,0.0,0.0,0.0,0.0,0.0,0.0,0.0,0.0,0.0,0.0,0.0,0.0,0.0,0.0,0.0,0.0,0.0,0.0,0.0,0.0,0.0,0.0,0.0,0.0,0.0,0.0,0.0,0.0,0.0,0.0,0.0,0.0,0.0,0.0,0.0,0.0,0.0,0.0,0.0,0.0,0.0,0.0,0.0,0.0,0.0,0.0,0.0,0.0,0.0,0.0,0.0,0.0,0.0,0.0,0.0,0.0,0.0,0.0,0.0,0.0,0.0,0.0,0.0,0.0,0.0,0.0,0.0,0.0,0.0,0.0,0.0,0.0,0.0,0.0,0.0,0.0,0.0,0.0,0.0,0.0,0.0,0.0,0.0,0.0,0.0,0.0,0.0,0.0,0.0,0.0
Indiana,2025,45287.77185461379,34825.397604210244,22891.46650502429,19885.97196209288,0.0,0.0,11649.400033355341,0.0,0.0,0.0,0.0,3072.379424305691,0.0,0.0,3782.1248219650515,0.0,0.0,0.0,0.0,-7431.0260083545,0.0,0.0,-15024.534884168752,0.0,13289.655682038137,0.0,0.0,0.0,0.0,0.0,11972.928644636791,0.0,0.0,0.0,0.0,0.0,0.0,14388.51951153719,0.0,334330.6613509632,-1525512.3628852246,-20547.5000491931,157274.12940930692,0.0,0.0,0.0,136405.05366572132,0.0,-98.85315658993204,7843.075484481509,-202670.24255150987,0.0,0.0,3569.71614754069,-95069.68073820508,867.3209978478917,-1736746.015493976,1106.5309941862015,0.0,36002.83541849302,0.0,0.0,0.0,0.0,0.0,0.0,0.0,111412.75743950205,0.0,0.0,414569.1145141814,0.0,0.0,0.0,12954.21446014737,0.0,0.0,0.0,1994.9613003975865,0.0,65596.06582203065,0.0,0.0,-2111.261409903833,0.0,0.0,0.0,0.0,517.7506116083687,0.0,0.0,0.0,0.0,5265.369403534853,-25967.943903113308,8573.698768302333,4780.705245914076,0.0,0.0,0.0,0.0,0.0,0.0,0.0,0.0,0.0,0.0,0.0,0.0,10260.264379117987,1909.8473245190507,-32165.979306294757,-819.835642444421,0.0,0.0,-5005.6515434619505,1509.0158656729036,0.0,0.0,0.0,0.0,-10792.454970548977,2275.1798068304925,0.0,0.0,65.6491329979849,20248.837275220518,10255.630322671073,44827.622460541665,0.0,0.0,0.0,2379.58798549166,4153.72263512465,0.0,2063.5453358119485,0.0,0.0,0.0,0.0,3351.5141399120985,-814374.2562008388,0.0,0.0,-14649.843985974672,0.0,0.0,0.0,0.0,-22087.209328057856,0.0,0.0,0.0,-28844.49932780536,29269.03953440889,-70071.84654516238,0.0,0.0,0.0,55911.11968922918,0.0,0.0,57521.924801372574,5166.367027764652,0.0,0.0,-18977.706932868692,0.0,0.0,5775.978952133941,0.0,0.0,1408.4721739304696,0.0,0.0,0.0,0.0,0.0,-390445.7048056626,970.6628695146501,32557.850803566398,0.0,0.0,0.0,0.0,0.0,0.0,0.0,0.0,0.0,0.0,0.0,0.0,0.0,181597.8265631909,0.0,2313.755299235818,0.0,0.0,0.0,1346.142246592155,1572.4151982892872,0.0,0.0,0.0
Indiana,2026,52233.74913292879,40166.716255162784,26402.42762542679,22935.967661800416,0.0,0.0,13436.117829882249,0.0,0.0,0.0,0.0,3543.6032623893916,0.0,0.0,4362.205316131469,0.0,0.0,0.0,0.0,-36438.99596453132,0.0,0.0,-37575.025241297655,0.0,15327.946430816985,0.0,0.0,0.0,0.0,0.0,13809.267393814196,0.0,0.0,0.0,0.0,0.0,0.0,16595.3476574785,0.0,385608.370147123,-3601315.3234142205,-59379.223800869106,181395.9283984648,0.0,0.0,0.0,157326.07416659896,0.0,-4024.780673776462,9046.00117228544,-495477.47672922304,0.0,0.0,4117.218624157358,-197150.3998789327,1000.345690769349,-4433177.670277515,1276.2443368527984,0.0,41524.74269126798,0.0,0.0,0.0,0.0,0.0,0.0,0.0,128500.60367255495,0.0,0.0,478153.33453169465,0.0,0.0,0.0,14941.057168758969,0.0,0.0,0.0,2300.9369599677702,0.0,75656.81211375317,0.0,0.0,-5046.338321155261,0.0,0.0,0.0,0.0,597.1602146157884,0.0,0.0,0.0,0.0,6072.941397942021,-66105.38990590326,-34897.606028710376,5513.942246821149,0.0,0.0,0.0,0.0,0.0,0.0,0.0,0.0,0.0,0.0,0.0,0.0,11833.924559964304,2202.7686933103214,-88939.14061183826,-3337.6720934049044,0.0,0.0,-124207.97648693342,-27526.6108033263,0.0,0.0,0.0,0.0,-32850.47410263197,-1162.0361364303972,0.0,0.0,75.71801842712364,23354.487164057995,11828.579758663574,26495.33446021122,0.0,0.0,0.0,2744.555467929029,4790.79665891677,0.0,2380.0400192186935,0.0,0.0,0.0,0.0,3865.5500509415506,-2031763.5599298934,0.0,0.0,-103805.27659028326,0.0,0.0,0.0,0.0,-59708.71936984014,0.0,0.0,0.0,-90046.03923566162,33758.15602741635,-186334.43592797,0.0,0.0,0.0,64486.44479493913,0.0,0.0,66344.30590587761,5958.754608710158,0.0,0.0,-64957.61324004602,0.0,0.0,6661.86529448576,0.0,0.0,701.0333377199568,0.0,0.0,0.0,0.0,0.0,-923042.5721733982,1119.537542753089,37551.38620288641,0.0,0.0,0.0,0.0,0.0,0.0,0.0,0.0,0.0,0.0,0.0,0.0,0.0,209450.25395018375,0.0,2668.625743903889,0.0,0.0,0.0,1552.6057813455554,1813.5831734870335,0.0,0.0,0.0
Indiana,2027,60846.76095803932,46789.95138234389,30756.019414725888,26717.962329437694,0.0,0.0,15651.647897575604,0.0,0.0,0.0,0.0,4127.9208216131665,0.0,0.0,5081.505128897828,0.0,0.0,0.0,0.0,-77110.65888887557,0.0,0.0,-68953.44891450326,0.0,17855.42695930277,0.0,0.0,0.0,0.0,0.0,16086.327442794223,0.0,0.0,0.0,0.0,0.0,0.0,19331.81455844565,0.0,449192.7290543616,-6486054.439595322,-113550.3442892303,211306.95914502,0.0,0.0,0.0,183268.13958768686,0.0,-9552.734236898978,10537.62902516227,-902714.9197360086,0.0,0.0,4796.121695162015,-338492.93407378625,1165.2963099919507,-8186739.525818884,1486.6888817593735,0.0,48371.90770950902,0.0,0.0,0.0,0.0,0.0,0.0,0.0,149689.53300154,0.0,0.0,556997.7673534099,0.0,0.0,0.0,17404.74212743729,0.0,0.0,0.0,2680.346777834795,0.0,88132.13751548913,0.0,0.0,-9126.392102096968,0.0,0.0,0.0,0.0,695.6281223449869,0.0,0.0,0.0,0.0,7074.330671006937,-121975.63844202185,-96358.12625506008,6423.156127945906,0.0,0.0,0.0,0.0,0.0,0.0,0.0,0.0,0.0,0.0,0.0,0.0,13785.263184213749,2565.9911906114867,-168083.9813740924,-6863.370682600194,0.0,0.0,-292000.50708240597,-68468.57093322661,0.0,0.0,0.0,0.0,-63644.657674973656,-6062.966164722049,0.0,0.0,88.20343635925576,27205.493026216456,13779.037059294264,-489.6088192934403,0.0,0.0,0.0,3197.1151461513728,5580.768448418996,0.0,2772.49342664305,0.0,0.0,0.0,0.0,4502.95458061809,-3725644.5471273363,0.0,0.0,-229020.75259919,0.0,0.0,0.0,0.0,-112135.15184614979,0.0,0.0,0.0,-175515.14992845012,39324.6604787457,-348302.03411699133,0.0,0.0,0.0,75119.84792601957,0.0,0.0,77284.05847546377,6941.315209082568,0.0,0.0,-129239.10379673308,0.0,0.0,7760.3643590020365,0.0,0.0,-331.99239961259445,0.0,0.0,0.0,0.0,0.0,-1663216.2124058623,1304.1421375687605,43743.370098043175,0.0,0.0,0.0,0.0,0.0,0.0,0.0,0.0,0.0,0.0,0.0,0.0,0.0,243987.26391005423,0.0,3108.665095292301,0.0,0.0,0.0,1808.6205644397705,2112.6314627322354,0.0,0.0,0.0
Indiana,2028,60291.08277577418,46362.64589026774,30475.142525093688,26473.962673461036,0.0,0.0,15508.710473853454,0.0,0.0,0.0,0.0,4090.222914566468,0.0,0.0,5035.098689364517,0.0,0.0,0.0,0.0,-113029.49944775132,0.0,0.0,-94930.16553076975,0.0,17692.36369940045,0.0,0.0,0.0,0.0,0.0,15939.420342860016,0.0,0.0,0.0,0.0,0.0,0.0,19155.268306770362,0.0,445090.5123506682,-8847260.030393096,-159402.5737426954,209377.21522588748,0.0,0.0,0.0,181594.4579476167,0.0,-14604.82738940364,10441.39497013796,-1238413.9933730615,0.0,0.0,4752.321497032688,-450389.10697804537,1154.6543345582377,-11305437.317475261,1473.111814346048,0.0,47930.15512768697,0.0,0.0,0.0,0.0,0.0,0.0,0.0,148322.50530289556,0.0,0.0,551911.0297520086,0.0,0.0,0.0,17245.794710748392,0.0,0.0,0.0,2655.86872506918,0.0,87327.27781215135,0.0,0.0,-12474.638132194834,0.0,0.0,0.0,0.0,689.275354104393,0.0,0.0,0.0,0.0,7009.7249114543665,-168374.31238028643,-154334.04093057837,6364.497167873342,0.0,0.0,0.0,0.0,0.0,0.0,0.0,0.0,0.0,0.0,0.0,0.0,13659.37036974603,2542.5574811081933,-234674.14238788612,-9944.2626245902,0.0,0.0,-444974.6364095502,-106304.60537024756,0.0,0.0,0.0,0.0,-89875.67959358965,-10983.191407734703,0.0,0.0,87.39792552492463,26957.04103510949,13653.201104414868,-33611.82108381763,0.0,0.0,0.0,3167.9177475563847,5529.802526515632,0.0,2747.173851970514,0.0,0.0,0.0,0.0,4461.831707735721,-5127309.813077688,0.0,0.0,-341140.06701825233,0.0,0.0,0.0,0.0,-156099.5644335521,0.0,0.0,0.0,-248526.4663399426,38965.531159305014,-483784.21135352354,0.0,0.0,0.0,74433.82191756275,0.0,0.0,76578.26798710343,6877.924202606926,0.0,0.0,-184658.24266991985,0.0,0.0,7689.493451613889,0.0,0.0,-1542.5282314381475,0.0,0.0,0.0,0.0,0.0,-2269242.1824893467,1292.2321637096848,43343.88726609759,0.0,0.0,0.0,0.0,0.0,0.0,0.0,0.0,0.0,0.0,0.0,0.0,0.0,241759.06971909478,0.0,3080.275459718854,0.0,0.0,0.0,1792.1034816594947,2093.338024716413,0.0,0.0,0.0
Indiana,2029,77239.26733486285,59395.46339859179,39041.887658875785,33915.95218074741,0.0,0.0,19868.301897379075,0.0,0.0,0.0,0.0,5240.009079490686,0.0,0.0,6450.49509513058,0.0,0.0,0.0,0.0,-126898.11295976269,0.0,0.0,-108607.97660999332,0.0,22665.793126420904,0.0,0.0,0.0,0.0,0.0,20420.086890852923,0.0,0.0,0.0,0.0,0.0,0.0,24539.928982867103,0.0,570208.1218132987,-10150948.480984803,-181287.90372037806,268234.4047594317,0.0,0.0,0.0,232641.74796975823,0.0,-16197.761485281757,13376.533648379525,-1418389.1368135875,0.0,0.0,6088.227539977372,-520779.9325393713,1479.2345852865874,-12922210.335618159,1887.2123704525384,0.0,61403.608873257996,0.0,0.0,0.0,0.0,0.0,0.0,0.0,190016.85011154413,0.0,0.0,707056.5265947394,0.0,0.0,0.0,22093.690919760556,0.0,0.0,0.0,3402.4493344204275,0.0,111875.49876395427,0.0,0.0,-14303.66126019332,0.0,0.0,0.0,0.0,883.0347854424945,0.0,0.0,0.0,0.0,8980.200577807896,-192476.88352787957,-168944.18178793252,8153.595450086592,0.0,0.0,0.0,0.0,0.0,0.0,0.0,0.0,0.0,0.0,0.0,0.0,17499.101211011046,3257.2856209588754,-267336.70664111257,-11202.792712822535,0.0,0.0,-493968.3809548833,-117384.0979926248,0.0,0.0,0.0,0.0,-102032.01941592363,-11638.111836641983,0.0,0.0,111.96600597202303,34534.82676387296,17491.197728236555,-26864.988144885283,0.0,0.0,0.0,4058.438404703571,7084.263144568409,0.0,3519.4208794829574,0.0,0.0,0.0,0.0,5716.079330647604,-5866732.5611492805,0.0,0.0,-381200.00740341446,0.0,0.0,0.0,0.0,-177985.65271190234,0.0,0.0,0.0,-281910.58235717076,49918.975402243435,-551987.8347915875,0.0,0.0,0.0,95357.61517549527,0.0,0.0,98104.87788209552,8811.34990011395,0.0,0.0,-208895.87599381013,0.0,0.0,9851.05612695236,0.0,0.0,-1382.8405611733833,0.0,0.0,0.0,0.0,0.0,-2603433.6339349323,1655.4863664114891,55528.113640438416,0.0,0.0,0.0,0.0,0.0,0.0,0.0,0.0,0.0,0.0,0.0,0.0,0.0,309718.9925433565,0.0,3946.159344708951,0.0,0.0,0.0,2295.874506457789,2681.7878841989077,0.0,0.0,0.0
Indiana,2030,83351.72733978007,64095.82381142996,42131.53344482998,36599.948396490014,0.0,0.0,21440.613558322744,0.0,0.0,0.0,0.0,5654.686057004335,0.0,0.0,6960.96592999703,0.0,0.0,0.0,0.0,-63344.97059782763,0.0,0.0,-63736.199072662814,0.0,24459.488985346252,0.0,0.0,0.0,0.0,0.0,22036.06499012906,0.0,0.0,0.0,0.0,0.0,0.0,26481.937751295423,0.0,615332.5055539194,-6090294.662766201,-101408.71846103002,289461.5878698905,0.0,0.0,0.0,251052.24601053027,0.0,-7151.909604145039,14435.108253646962,-839468.8250825498,0.0,0.0,6570.029719400038,-330921.012599062,1596.2963150574724,-7527444.061278686,2036.5601119991425,0.0,66262.88727329997,0.0,0.0,0.0,0.0,0.0,0.0,0.0,205054.15479663014,0.0,0.0,763010.6402101498,0.0,0.0,0.0,23842.11250333872,0.0,0.0,0.0,3671.707914842187,0.0,120728.9555006699,0.0,0.0,-8539.687862146107,0.0,0.0,0.0,0.0,952.915236089023,0.0,0.0,0.0,0.0,9690.863932886226,-112230.43503885425,-64040.64877927408,8798.844010884815,0.0,0.0,0.0,0.0,0.0,0.0,0.0,0.0,0.0,0.0,0.0,0.0,18883.922170155813,3515.0564254951896,-151592.659642648,-5772.216147587918,0.0,0.0,-220293.1584814319,-49383.971464773116,0.0,0.0,0.0,0.0,-56226.232677601016,-2560.4621289650386,0.0,0.0,120.82662514966523,37267.79866604999,18875.393231909955,37578.365333291236,0.0,0.0,0.0,4379.609789248461,7644.8882855054835,0.0,3797.936200880893,0.0,0.0,0.0,0.0,6168.430932353534,-3445932.609261426,0.0,0.0,-181855.81093923608,0.0,0.0,0.0,0.0,-101664.75123647394,0.0,0.0,0.0,-154279.92554956407,53869.39791609009,-317021.595282992,0.0,0.0,0.0,102903.90126852004,0.0,0.0,105868.57325405988,9508.65097134599,0.0,0.0,-111688.498146414,0.0,0.0,10630.636108221966,0.0,0.0,946.4375827936674,0.0,0.0,0.0,0.0,0.0,-1561104.719728314,1786.496078861317,59922.42479184002,0.0,0.0,0.0,0.0,0.0,0.0,0.0,0.0,0.0,0.0,0.0,0.0,0.0,334229.12864390993,0.0,4258.445336016852,0.0,0.0,0.0,2477.562417040779,2894.015702372926,0.0,0.0,0.0
Indiana,2031,100299.91189886862,77128.64131975407,50698.27857861208,44041.9379037763,0.0,0.0,25800.204981848365,0.0,0.0,0.0,0.0,6804.472221928547,0.0,0.0,8376.362335763079,0.0,0.0,0.0,0.0,673.0480294736917,0.0,0.0,-20829.830256768793,0.0,29432.91841236665,0.0,0.0,0.0,0.0,0.0,26516.731538121967,0.0,0.0,0.0,0.0,0.0,0.0,31866.598427392193,0.0,740450.1150165512,-2246409.3263305267,-23574.238263204694,348318.7774034343,0.0,0.0,0.0,302099.5360326711,0.0,2185.030943962178,17370.246931888512,-287976.5648331123,0.0,0.0,7905.935762344714,-156766.81868040308,1920.876565785824,-2352645.682238415,2450.6606681056346,0.0,79736.341018871,0.0,0.0,0.0,0.0,0.0,0.0,0.0,246748.49960527825,0.0,0.0,918156.1370528806,0.0,0.0,0.0,28690.008712350973,0.0,0.0,0.0,4418.288524193427,0.0,145277.17645247292,0.0,0.0,-3070.706917514897,0.0,0.0,0.0,0.0,1146.6746674271244,0.0,0.0,0.0,0.0,11661.339599239749,-35287.430396198644,46518.68579010118,10587.94229309805,0.0,0.0,0.0,0.0,0.0,0.0,0.0,0.0,0.0,0.0,0.0,0.0,22723.653011420814,4229.784565345879,-39372.676627111156,-345.27944091627796,0.0,0.0,61716.07501987158,21332.638280204323,0.0,0.0,0.0,0.0,-11360.666194022691,7366.268839186698,0.0,0.0,145.39470559676374,44845.584394813486,22713.389855731657,114776.07537576533,0.0,0.0,0.0,5270.130446395648,9199.34890355826,0.0,4570.18322839334,0.0,0.0,0.0,0.0,7422.678555265418,-1132059.1092323689,0.0,0.0,20977.65508478484,0.0,0.0,0.0,0.0,-27873.355826303363,0.0,0.0,0.0,-28981.225219054613,64822.8421590284,-90329.07561725122,0.0,0.0,0.0,123827.69452645245,0.0,0.0,127395.18314905209,11442.076668853006,0.0,0.0,-15555.563962578715,0.0,0.0,12792.198783560438,0.0,0.0,3687.0328924257046,0.0,0.0,0.0,0.0,0.0,-574151.1572049868,2149.750281563116,72106.6511661809,0.0,0.0,0.0,0.0,0.0,0.0,0.0,0.0,0.0,0.0,0.0,0.0,0.0,402189.05146817164,0.0,5124.329221006945,0.0,0.0,0.0,2981.3334418390696,3482.4655618554207,0.0,0.0,0.0
Indiana,2032,117248.09645795729,90161.45882807818,59265.02371239418,51483.92741106264,0.0,0.0,30159.796405373985,0.0,0.0,0.0,0.0,7954.258386852773,0.0,0.0,9791.75874152915,0.0,0.0,0.0,0.0,59153.255656044,0.0,0.0,18053.35145649071,0.0,34406.34783938705,0.0,0.0,0.0,0.0,0.0,30997.398086114874,0.0,0.0,0.0,0.0,0.0,0.0,37251.259103488905,0.0,865567.7244791803,1231478.7913027462,47170.07194507762,407175.9669369785,0.0,0.0,0.0,353146.82605481194,0.0,10744.847377474114,20305.385610130033,211507.6919429563,0.0,0.0,9241.84180528939,0.0,2245.4568165141754,2339265.7396626826,2864.7612242121268,0.0,93209.79476444196,0.0,0.0,0.0,0.0,0.0,0.0,0.0,288442.8444139266,0.0,0.0,1073301.6338956114,0.0,0.0,0.0,33537.904921363166,0.0,0.0,0.0,5164.869133544671,0.0,169825.39740427583,0.0,0.0,1879.3792421357666,0.0,0.0,0.0,0.0,1340.4340987652258,0.0,0.0,0.0,0.0,13631.815265593286,34471.14110540727,148178.3558222549,12377.040575311301,0.0,0.0,0.0,0.0,0.0,0.0,0.0,0.0,0.0,0.0,0.0,0.0,26563.383852685845,4944.512705196565,62546.02435784839,4606.314443181902,0.0,0.0,320190.6931096022,86233.47010456712,0.0,0.0,0.0,0.0,29450.590437529783,16540.63468507053,0.0,0.0,169.9627860438626,52423.370123576984,26551.38647955333,186964.6634223446,0.0,0.0,0.0,6160.651103542834,10753.809521611045,0.0,5342.430255905787,0.0,0.0,0.0,0.0,8676.92617817731,964722.2263675127,0.0,0.0,206541.1770751247,0.0,0.0,0.0,0.0,39115.28271610543,0.0,0.0,0.0,85034.9812885652,75776.28640196664,115396.0577268888,0.0,0.0,0.0,144751.48778438487,0.0,0.0,148921.7930440443,13375.502366360022,0.0,0.0,72018.91243974399,0.0,0.0,14953.761458898909,0.0,0.0,6244.123301093561,0.0,0.0,0.0,0.0,0.0,318867.78276550584,2513.0044842649186,84290.87754052161,0.0,0.0,0.0,0.0,0.0,0.0,0.0,0.0,0.0,0.0,0.0,0.0,0.0,470148.97429243336,0.0,5990.213105997038,0.0,0.0,0.0,3485.1044666373673,4070.915421337915,0.0,0.0,0.0
Indiana,2033,125583.2691919352,96571.04120922124,63478.177056877175,55143.92225071159,0.0,0.0,32303.85776120625,0.0,0.0,0.0,0.0,8519.726992553202,0.0,0.0,10487.855334528853,0.0,0.0,0.0,0.0,63358.463404104,0.0,0.0,19336.765067141707,0.0,36852.296737921686,0.0,0.0,0.0,0.0,0.0,33201.00458512778,0.0,0.0,0.0,0.0,0.0,0.0,39899.4528786185,0.0,927100.9750345726,1319024.6769403825,50523.39459520159,436122.1257239678,0.0,0.0,0.0,378252.05065586534,0.0,11508.699086773224,21748.896435494753,226543.7837872426,0.0,0.0,9898.844777229395,0.0,2405.0864480199234,2505564.251960978,3068.4172354120437,0.0,99836.083491772,0.0,0.0,0.0,0.0,0.0,0.0,0.0,308948.2598935892,0.0,0.0,1149602.697916626,0.0,0.0,0.0,35922.11617169704,0.0,0.0,0.0,5532.03992502889,0.0,181898.29295434267,0.0,0.0,2012.9844015293038,0.0,0.0,0.0,0.0,1435.7256223741279,0.0,0.0,0.0,0.0,14600.9016588819,36921.69616029403,158712.36216032994,13256.92497639978,0.0,0.0,0.0,0.0,0.0,0.0,0.0,0.0,0.0,0.0,0.0,0.0,28451.77606970143,5296.018347746089,66992.4241937144,4933.777555256442,0.0,0.0,342953.06465767836,92363.8115811951,0.0,0.0,0.0,0.0,31544.234307496343,17716.509188748532,0.0,0.0,182.04544855882898,56150.14999018199,28438.925802744343,200255.99020592368,0.0,0.0,0.0,6598.612082467676,11518.298350161589,0.0,5722.223875993877,0.0,0.0,0.0,0.0,9293.76927141266,1033304.3751614122,0.0,0.0,221224.1991420769,0.0,0.0,0.0,0.0,41895.99001819827,0.0,0.0,0.0,91080.1221384632,81163.2261935756,123599.56893970084,0.0,0.0,0.0,155041.87791123684,0.0,0.0,159508.65036945033,14326.367463494615,0.0,0.0,77138.74033830396,0.0,0.0,16016.825069721104,0.0,0.0,6688.018322498312,0.0,0.0,0.0,0.0,0.0,341536.108554523,2691.6540921510496,90283.12001970562,0.0,0.0,0.0,0.0,0.0,0.0,0.0,0.0,0.0,0.0,0.0,0.0,0.0,503571.8871568241,0.0,6416.057639598726,0.0,0.0,0.0,3732.8607083414427,4360.316991575208,0.0,0.0,0.0
Iowa,2024,0.0,0.0,0.0,0.0,0.0,0.0,0.0,0.0,0.0,0.0,0.0,0.0,0.0,0.0,0.0,0.0,0.0,0.0,0.0,0.0,0.0,0.0,0.0,0.0,0.0,0.0,0.0,0.0,0.0,0.0,0.0,0.0,0.0,0.0,0.0,0.0,0.0,0.0,0.0,0.0,0.0,0.0,0.0,0.0,0.0,0.0,0.0,0.0,0.0,0.0,0.0,0.0,0.0,0.0,0.0,0.0,0.0,0.0,0.0,0.0,0.0,0.0,0.0,0.0,0.0,0.0,0.0,0.0,0.0,0.0,0.0,0.0,0.0,0.0,0.0,0.0,0.0,0.0,0.0,0.0,0.0,0.0,0.0,0.0,0.0,0.0,0.0,0.0,0.0,0.0,0.0,0.0,0.0,0.0,0.0,0.0,0.0,0.0,0.0,0.0,0.0,0.0,0.0,0.0,0.0,0.0,0.0,0.0,0.0,0.0,0.0,0.0,0.0,0.0,0.0,0.0,0.0,0.0,0.0,0.0,0.0,0.0,0.0,0.0,0.0,0.0,0.0,0.0,0.0,0.0,0.0,0.0,0.0,0.0,0.0,0.0,0.0,0.0,0.0,0.0,0.0,0.0,0.0,0.0,0.0,0.0,0.0,0.0,0.0,0.0,0.0,0.0,0.0,0.0,0.0,0.0,0.0,0.0,0.0,0.0,0.0,0.0,0.0,0.0,0.0,0.0,0.0,0.0,0.0,0.0,0.0,0.0,0.0,0.0,0.0,0.0,0.0,0.0,0.0,0.0,0.0,0.0,0.0,0.0,0.0,0.0,0.0,0.0,0.0,0.0,0.0,0.0,0.0,0.0,0.0,0.0,0.0,0.0,0.0,0.0,0.0,0.0,0.0,0.0,0.0
Iowa,2025,23161.834226668696,15623.625326799316,0.0,1629.179778187634,0.0,0.0,0.0,0.0,0.0,0.0,0.0,6160.360171982669,0.0,0.0,0.0,0.0,0.0,0.0,0.0,0.0,0.0,0.0,0.0,0.0,295.5976351875429,0.0,0.0,0.0,0.0,750.0801679769211,0.0,0.0,0.0,0.0,0.0,4329.344105505355,0.0,0.0,0.0,555443.8755322397,-369466.89230800746,-14934.15371451802,0.0,0.0,0.0,0.0,43802.337284625566,0.0,-10470.333433115971,-14543.333447106736,-459962.2534227149,0.0,0.0,0.0,0.0,-51109.62382887199,-6103193.533104412,4813.59327014022,0.0,-4342.354858953568,0.0,0.0,0.0,0.0,0.0,0.0,0.0,0.0,0.0,0.0,609466.1035767319,0.0,0.0,0.0,105077.62405621866,0.0,67382.54769511684,0.0,-8623.227058543132,-10964.161179538036,13397.01228064322,0.0,0.0,0.0,0.0,0.0,3959.584238707088,1409.2165655073313,-4135.780909069404,2372.405623677798,0.0,0.0,0.0,216800.31468673237,6073.455283759395,0.0,0.0,0.0,0.0,0.0,0.0,0.0,0.0,0.0,0.0,0.0,0.0,0.0,0.0,0.0,2710.8345150521054,7944.536479327508,-23126.545804675377,7535.276383655757,49.90890220868607,-117297.96663033916,29116.741060762783,0.0,0.0,0.0,0.0,19692.76211929228,8291.1805310981,0.0,0.0,0.0,12901.781070096273,0.0,121208.44676289335,0.0,0.0,0.0,0.0,0.0,0.0,11322.210532225057,108769.14685784816,0.0,0.0,0.0,0.0,-162093.351377956,0.0,0.0,-9290.638656283758,116175.94959273608,0.0,0.0,0.0,25198.299804300186,0.0,0.0,0.0,-69356.30051528406,24530.603763813386,216713.53531632572,0.0,0.0,0.0,0.0,0.0,0.0,61882.571917930385,15288.370092570694,0.0,126356.81713807443,3904.586699399886,0.0,4947.346511985088,18725.56713306508,0.0,0.0,0.0,0.0,-94449.84337608473,0.0,0.0,0.0,-110204.29916193546,8384.326511804218,8147.973215979786,0.0,0.0,0.0,0.0,0.0,0.0,0.0,0.0,0.0,0.0,0.0,0.0,0.0,0.0,0.0,4634.439394659326,0.0,0.0,0.0,0.0,94560.51049000118,0.0,0.0,0.0
Iowa,2026,26714.26278904127,18019.88687998941,0.0,1879.053977296171,0.0,0.0,0.0,0.0,0.0,0.0,0.0,7105.200689157922,0.0,0.0,0.0,0.0,0.0,0.0,0.0,0.0,0.0,0.0,0.0,0.0,340.9346957991279,0.0,0.0,0.0,0.0,865.1231385255269,0.0,0.0,0.0,0.0,0.0,4993.3539376380795,0.0,0.0,0.0,640634.6539881043,-915075.9168234239,-39659.97023521007,0.0,0.0,0.0,0.0,50520.487174905604,0.0,-95133.76693629194,-36983.49173225174,-1026438.573431085,0.0,0.0,0.0,0.0,-115484.37374360752,-13907484.443765417,4579.62464566328,0.0,-9004.942377121999,0.0,0.0,0.0,0.0,0.0,0.0,0.0,0.0,0.0,0.0,702942.4998308318,0.0,0.0,0.0,121193.82406484103,0.0,35241.286697030766,0.0,-20803.681508336813,-23380.05928800309,-91664.58957201568,0.0,0.0,0.0,0.0,0.0,4566.882434827807,1625.3540755544673,-8936.31612569774,2736.2715168799186,0.0,0.0,0.0,250051.8966938993,-11132.270641373063,0.0,0.0,0.0,0.0,0.0,0.0,0.0,0.0,0.0,0.0,0.0,0.0,0.0,0.0,0.0,2530.897267715969,6972.83459146363,-58130.32154460551,8690.993620412803,57.56364181124525,-432782.6303806342,14551.071819741512,0.0,0.0,0.0,0.0,-57675.62154485192,5411.13218653496,0.0,0.0,0.0,14880.581847718393,0.0,127051.11837542872,0.0,0.0,0.0,0.0,0.0,0.0,13058.74588992828,125451.53134524799,0.0,0.0,0.0,0.0,-410764.89799977816,0.0,0.0,-28147.776976135574,133994.3467695359,0.0,0.0,0.0,29063.06971293519,0.0,0.0,0.0,-185537.91576364788,9376.377795565524,249951.80760410568,0.0,0.0,0.0,0.0,0.0,0.0,71373.76392988279,17633.212131308508,0.0,145736.69706722675,4503.449690105401,0.0,5706.141989283409,10570.082199799828,0.0,0.0,0.0,0.0,-210121.29995495023,0.0,0.0,0.0,-247832.1526536349,6556.614907138777,4555.678212234867,0.0,0.0,0.0,0.0,0.0,0.0,0.0,0.0,0.0,0.0,0.0,0.0,0.0,0.0,0.0,5345.242982797259,0.0,0.0,0.0,0.0,109063.65627067583,0.0,0.0,0.0
Iowa,2027,31119.274206383096,20991.251205945126,0.0,2188.8979841907494,0.0,0.0,0.0,0.0,0.0,0.0,0.0,8276.802930455233,0.0,0.0,0.0,0.0,0.0,0.0,0.0,0.0,0.0,0.0,0.0,0.0,397.15265095749555,0.0,0.0,0.0,0.0,1007.7764220057979,0.0,0.0,0.0,0.0,0.0,5816.726129482653,0.0,0.0,0.0,746271.2192733772,-1674122.8309764536,-74105.1464489788,0.0,0.0,0.0,0.0,58850.993038852816,0.0,-214129.4490974506,-68218.94079936638,-1812539.8509121668,0.0,0.0,0.0,0.0,-204847.48881493686,-24743574.08772636,4125.470784702018,0.0,-15460.832786893676,0.0,0.0,0.0,0.0,0.0,0.0,0.0,0.0,0.0,0.0,818853.2311859168,0.0,0.0,0.0,141177.91207553307,0.0,-11780.20089470013,0.0,-37739.32716847263,-40586.80274657297,-240013.07276393427,0.0,0.0,0.0,0.0,0.0,5319.932198017501,1893.3645880129188,-15591.880882733522,3187.465224450538,0.0,0.0,0.0,291283.85838278756,-35527.38811994431,0.0,0.0,0.0,0.0,0.0,0.0,0.0,0.0,0.0,0.0,0.0,0.0,0.0,0.0,0.0,2207.270187221402,5398.407307923044,-106842.21904262673,10124.082993991498,67.05551891841867,-874175.2339745709,-6721.238239256316,0.0,0.0,0.0,0.0,-167175.17491605366,1139.4194011078507,0.0,0.0,0.0,17334.294811969827,0.0,132145.3277546079,0.0,0.0,0.0,0.0,0.0,0.0,15212.049733480293,146137.68810962397,0.0,0.0,0.0,0.0,-756877.7391861209,0.0,0.0,-54471.6946310793,156089.15926876804,0.0,0.0,0.0,33855.384399642644,0.0,0.0,0.0,-347409.96031524194,-12606.367659265758,291167.26524095284,0.0,0.0,0.0,0.0,0.0,0.0,83142.84202470398,20540.816259343468,0.0,169767.7481793759,5246.039798580219,0.0,6647.048381133332,-1403.2204610144836,0.0,0.0,0.0,0.0,-370625.34403534693,0.0,0.0,0.0,-438858.82449839014,3764.933994332707,-715.6811621978122,0.0,0.0,0.0,0.0,0.0,0.0,0.0,0.0,0.0,0.0,0.0,0.0,0.0,0.0,0.0,6226.63943208829,0.0,0.0,0.0,0.0,127047.55703871278,0.0,0.0,0.0
Iowa,2028,30835.079921393306,20799.55028168991,0.0,2168.90804826207,0.0,0.0,0.0,0.0,0.0,0.0,0.0,8201.215689081218,0.0,0.0,0.0,0.0,0.0,0.0,0.0,0.0,0.0,0.0,0.0,0.0,393.5256861085677,0.0,0.0,0.0,0.0,998.5729843619101,0.0,0.0,0.0,0.0,0.0,5763.605342912037,0.0,0.0,0.0,739455.9569969084,-2301377.5431627408,-102911.73719264816,0.0,0.0,0.0,0.0,58313.541047630366,0.0,-321324.0054795919,-94154.36176056969,-2447713.2856599237,0.0,0.0,0.0,0.0,-277273.3178415493,-33543473.74380657,2810.113273881201,0.0,-20571.74602796292,0.0,0.0,0.0,0.0,0.0,0.0,0.0,0.0,0.0,0.0,811375.1194855887,0.0,0.0,0.0,139888.61607484333,0.0,-67492.46025860473,0.0,-51663.54930034444,-54322.5977618744,-378588.12414697395,0.0,0.0,0.0,0.0,0.0,5271.348342327838,1876.0735872091427,-20924.51766215349,3158.3559529943705,0.0,0.0,0.0,288623.7318222141,-59037.9858955142,0.0,0.0,0.0,0.0,0.0,0.0,0.0,0.0,0.0,0.0,0.0,0.0,0.0,0.0,0.0,1404.2610041532607,2470.870026934863,-147205.38838022173,10031.625615050943,66.44313975021396,-1257143.842848592,-31670.005051043583,0.0,0.0,0.0,0.0,-271291.32343940367,-4326.944760901475,0.0,0.0,0.0,17175.990749760036,0.0,114186.28886742494,0.0,0.0,0.0,0.0,0.0,0.0,15073.126904864039,144803.09735063207,0.0,0.0,0.0,0.0,-1044086.2954606707,0.0,0.0,-76882.75189263339,154663.68749462394,0.0,0.0,0.0,33546.20280695177,0.0,0.0,0.0,-482938.0953139864,-37350.47390988015,288508.2034579306,0.0,0.0,0.0,0.0,0.0,0.0,82383.54666374775,20353.22889624443,0.0,168217.35778504354,5198.13075932378,0.0,6586.344742949455,-15882.199508436082,0.0,0.0,0.0,0.0,-500213.26891148824,0.0,0.0,0.0,-593502.1927323961,-361.25344803370535,-7072.2382438528,0.0,0.0,0.0,0.0,0.0,0.0,0.0,0.0,0.0,0.0,0.0,0.0,0.0,0.0,0.0,6169.77514503726,0.0,0.0,0.0,0.0,125887.30537625914,0.0,0.0,0.0
Iowa,2029,39503.00561358221,26646.428471473715,0.0,2778.601094086891,0.0,0.0,0.0,0.0,0.0,0.0,0.0,10506.626550988833,0.0,0.0,0.0,0.0,0.0,0.0,0.0,0.0,0.0,0.0,0.0,0.0,504.1481140008391,0.0,0.0,0.0,0.0,1279.277832500513,0.0,0.0,0.0,0.0,0.0,7383.789333315879,0.0,0.0,0.0,947321.4564292189,-2634175.213682417,-117426.71656615118,0.0,0.0,0.0,0.0,74705.82677991362,0.0,-358287.68510598294,-107637.55819804315,-2817157.4249882326,0.0,0.0,0.0,0.0,-318893.6235564924,-38560084.870596096,4224.699388917419,0.0,-23786.88192648016,0.0,0.0,0.0,0.0,0.0,0.0,0.0,0.0,0.0,0.0,1039457.5263455911,0.0,0.0,0.0,179212.1440958823,0.0,-59175.21136070951,0.0,-59210.56739328466,-62696.49723993137,-416191.9042218572,0.0,0.0,0.0,0.0,0.0,6753.155940862394,2403.4491117241596,-24129.836176297555,4046.1887324075287,0.0,0.0,0.0,369757.5919197025,-63981.19114069443,0.0,0.0,0.0,0.0,0.0,0.0,0.0,0.0,0.0,0.0,0.0,0.0,0.0,0.0,0.0,2181.735741704928,4572.588680810848,-168375.51533313718,12851.575672738065,85.12070438045839,-1419401.8603639416,-28345.412233259063,0.0,0.0,0.0,0.0,-295905.1596322991,-2875.9091812178376,0.0,0.0,0.0,22004.264647158096,0.0,154474.74406325165,0.0,0.0,0.0,0.0,0.0,0.0,19310.273177659896,185508.11549988785,0.0,0.0,0.0,0.0,-1193792.4336215018,0.0,0.0,-87295.20091479018,198140.57660601614,0.0,0.0,0.0,42976.24138402112,0.0,0.0,0.0,-550885.3850448662,-35696.47585430753,369609.5878401133,0.0,0.0,0.0,0.0,0.0,0.0,105542.05517291173,26074.6434707648,0.0,215504.26481217612,6659.356456645211,0.0,8437.805707557382,-13261.88221243152,0.0,0.0,0.0,0.0,-575817.1741271797,0.0,0.0,0.0,-682776.1622725088,1537.6399274648284,-5949.431781584746,0.0,0.0,0.0,0.0,0.0,0.0,0.0,0.0,0.0,0.0,0.0,0.0,0.0,0.0,0.0,7904.13590009381,0.0,0.0,0.0,0.0,161274.981081106,0.0,0.0,0.0
Iowa,2030,42629.14274847001,28755.138638280972,0.0,2998.490389302402,0.0,0.0,0.0,0.0,0.0,0.0,0.0,11338.086206103064,0.0,0.0,0.0,0.0,0.0,0.0,0.0,0.0,0.0,0.0,0.0,0.0,544.0447273390346,0.0,0.0,0.0,0.0,1380.515646583288,0.0,0.0,0.0,0.0,0.0,7968.117985592675,0.0,0.0,0.0,1022289.3414703803,-1551418.9452587762,-67471.53903066667,0.0,0.0,0.0,0.0,80617.79868335999,0.0,-167300.06070643594,-62785.44984367833,-1730428.559359558,0.0,0.0,0.0,0.0,-194827.93620214963,-23473768.659785967,7126.579772845143,0.0,-15114.98151494162,0.0,0.0,0.0,0.0,0.0,0.0,0.0,0.0,0.0,0.0,1121716.7550491998,0.0,0.0,0.0,193394.40010347008,0.0,48314.00110966596,0.0,-35222.43915085806,-39310.62883301125,-166251.28720053798,0.0,0.0,0.0,0.0,0.0,7287.578353448625,2593.6501205656386,-15037.108962149243,4366.390718425391,0.0,0.0,0.0,399018.9840860097,-21146.992778543383,0.0,0.0,0.0,0.0,0.0,0.0,0.0,0.0,0.0,0.0,0.0,0.0,0.0,0.0,0.0,3927.5615697171525,10718.376984218921,-98628.07349430551,13868.606841084242,91.85687523071056,-746095.4807158262,19670.291258560843,0.0,0.0,0.0,0.0,-107028.67165602418,7860.461812087102,0.0,0.0,0.0,23745.60933146556,0.0,200363.62667799508,0.0,0.0,0.0,0.0,0.0,0.0,20838.42429243875,200188.61384879984,0.0,0.0,0.0,0.0,-697218.2608220121,0.0,0.0,-48167.90054893494,213820.76612160006,0.0,0.0,0.0,46377.23890361999,0.0,0.0,0.0,-315755.91869712784,11434.219049765961,398859.2674533599,0.0,0.0,0.0,0.0,0.0,0.0,113894.30414342997,28138.104464854114,0.0,232558.55914983014,7186.355888466052,0.0,9105.545727579905,14810.439981794567,0.0,0.0,0.0,0.0,-354171.7628130312,0.0,0.0,0.0,-417993.02522157994,9881.963999919826,6366.63283666264,0.0,0.0,0.0,0.0,0.0,0.0,0.0,0.0,0.0,0.0,0.0,0.0,0.0,0.0,0.0,8529.643057655194,0.0,0.0,0.0,0.0,174037.74936809996,0.0,0.0,0.0
Iowa,2031,51297.06844065891,34602.01682806478,0.0,3608.1834351272228,0.0,0.0,0.0,0.0,0.0,0.0,0.0,13643.497068010678,0.0,0.0,0.0,0.0,0.0,0.0,0.0,0.0,0.0,0.0,0.0,0.0,654.6671552313055,0.0,0.0,0.0,0.0,1661.2204947218888,0.0,0.0,0.0,0.0,0.0,9588.301975996525,0.0,0.0,0.0,1230154.8409026908,-517712.3773017712,-19283.958166471886,0.0,0.0,0.0,0.0,97010.08441564313,0.0,27866.910621131537,-19786.55593232189,-713839.2894011512,0.0,0.0,0.0,0.0,-78440.89475915112,-9294967.673080076,11258.426003454704,0.0,-7160.402260044378,0.0,0.0,0.0,0.0,0.0,0.0,0.0,0.0,0.0,0.0,1349799.161909203,0.0,0.0,0.0,232717.92812450905,0.0,175343.91125335847,0.0,-12423.689231535682,-17684.186571861064,95515.53477833001,0.0,0.0,0.0,0.0,0.0,8769.385951983182,3121.025645080652,-6598.625251762311,5254.223497838553,0.0,0.0,0.0,480152.8441834985,24600.05868195294,0.0,0.0,0.0,0.0,0.0,0.0,0.0,0.0,0.0,0.0,0.0,0.0,0.0,0.0,0.0,6369.935003918385,18941.27295454603,-31882.319250359345,16688.556898771378,110.53443986095499,-76911.75974344509,76184.23693566548,0.0,0.0,0.0,0.0,93029.31303487811,20914.74349517378,0.0,0.0,0.0,28573.88322886356,0.0,276279.2357978008,0.0,0.0,0.0,0.0,0.0,0.0,25075.570565234637,240893.63199805585,0.0,0.0,0.0,0.0,-221414.75644396292,0.0,0.0,-9860.560957459908,257297.65523299202,0.0,0.0,0.0,55807.2774806894,0.0,0.0,0.0,-88726.65232544066,65956.61721297354,479960.6518355431,0.0,0.0,0.0,0.0,0.0,0.0,137052.81265259406,33859.51903937443,0.0,279845.466176962,8647.581585787484,0.0,10957.00669218781,48250.61236117821,0.0,0.0,0.0,0.0,-146981.33162085386,0.0,0.0,0.0,-169861.74352457677,20482.942331236787,21021.898129782756,0.0,0.0,0.0,0.0,0.0,0.0,0.0,0.0,0.0,0.0,0.0,0.0,0.0,0.0,0.0,10264.003812711744,0.0,0.0,0.0,0.0,209425.42507294682,0.0,0.0,0.0
Iowa,2032,59964.994132847816,40448.89501784858,0.0,4217.8764809520435,0.0,0.0,0.0,0.0,0.0,0.0,0.0,15948.907929918292,0.0,0.0,0.0,0.0,0.0,0.0,0.0,0.0,0.0,0.0,0.0,0.0,765.2895831235755,0.0,0.0,0.0,0.0,1941.9253428604916,0.0,0.0,0.0,0.0,0.0,11208.485966400367,0.0,0.0,0.0,1438020.3403350012,418834.48562593036,24445.413139537923,0.0,0.0,0.0,0.0,113402.37014792638,0.0,206529.1797019724,19196.40953680125,204201.73356668628,0.0,0.0,0.0,0.0,26711.679340048795,3519021.901886463,15197.07254694782,0.0,0.0,0.0,0.0,0.0,0.0,0.0,0.0,0.0,0.0,0.0,0.0,1577881.5687692082,0.0,0.0,0.0,272041.4561455478,0.0,293933.2422717761,0.0,8217.448741960652,1809.203868382201,335996.83229924785,0.0,0.0,0.0,0.0,0.0,10251.193550517739,3648.401169595665,1011.9734380731043,6142.056277251715,0.0,0.0,0.0,561286.7042809874,66742.98638585303,0.0,0.0,0.0,0.0,0.0,0.0,0.0,0.0,0.0,0.0,0.0,0.0,0.0,0.0,0.0,8693.932613357829,26728.947601914464,28612.535183718195,19508.5069564585,129.21200449119954,533155.6908318717,128916.37082690105,0.0,0.0,0.0,0.0,277112.925140006,33144.023735128576,0.0,0.0,0.0,33402.1571262615,0.0,349661.7215881478,0.0,0.0,0.0,0.0,0.0,0.0,29312.716838030523,281598.65014731186,0.0,0.0,0.0,0.0,209914.43848751462,0.0,0.0,24982.75696653215,300774.544344384,0.0,0.0,0.0,65237.31605775881,0.0,0.0,0.0,117329.51028666063,116720.023625409,561062.0362177263,0.0,0.0,0.0,0.0,0.0,0.0,160211.32116175827,39580.93361389477,0.0,327132.37320409436,10108.807283108916,0.0,12808.467656795729,79499.46476903721,0.0,0.0,0.0,0.0,40102.16280837881,0.0,0.0,0.0,54279.71526336539,30465.19443863083,34714.99318492945,0.0,0.0,0.0,0.0,0.0,0.0,0.0,0.0,0.0,0.0,0.0,0.0,0.0,0.0,0.0,11998.364567768309,0.0,0.0,0.0,0.0,244813.1007777939,0.0,0.0,0.0
Iowa,2033,64227.90840769478,43324.408881676674,0.0,4517.725519882282,0.0,0.0,0.0,0.0,0.0,0.0,0.0,17082.71655052861,0.0,0.0,0.0,0.0,0.0,0.0,0.0,0.0,0.0,0.0,0.0,0.0,819.6940558574797,0.0,0.0,0.0,0.0,2079.9769075188196,0.0,0.0,0.0,0.0,0.0,12005.297764959636,0.0,0.0,0.0,1540249.2744820388,448609.4490590531,26183.23871817808,0.0,0.0,0.0,0.0,121464.15001626243,0.0,221211.3488750985,20561.083200554873,218718.44448374934,0.0,0.0,0.0,0.0,28610.613890289227,3769189.3356698565,16277.433154550745,0.0,0.0,0.0,0.0,0.0,0.0,0.0,0.0,0.0,0.0,0.0,0.0,1690053.2442741273,0.0,0.0,0.0,291380.8961558952,0.0,314828.97039536247,0.0,8801.627562479182,1937.820257129748,359882.8630314218,0.0,0.0,0.0,0.0,0.0,10979.951385862601,3907.7661816522304,1083.9146777465485,6578.695349094254,0.0,0.0,0.0,601188.6026895884,71487.74845119804,0.0,0.0,0.0,0.0,0.0,0.0,0.0,0.0,0.0,0.0,0.0,0.0,0.0,0.0,0.0,9311.984694876155,28629.109753709316,30646.601665973052,20895.367640566925,138.39769201427055,571057.754161152,138081.041738766,0.0,0.0,0.0,0.0,296812.89612152264,35500.233953265706,0.0,0.0,0.0,35776.7180594081,0.0,374519.18994749454,0.0,0.0,0.0,0.0,0.0,0.0,31396.559267274395,301617.5115321919,0.0,0.0,0.0,0.0,224837.26586814364,0.0,0.0,26758.782343299827,322156.62095654407,0.0,0.0,0.0,69875.03994812083,0.0,0.0,0.0,125670.4707335796,125017.65563669405,600947.9629630623,0.0,0.0,0.0,0.0,0.0,0.0,171600.75157610106,42394.74406038018,0.0,350388.2291190773,10827.442871955529,0.0,13719.022229553717,85151.0854872152,0.0,0.0,0.0,0.0,42953.027463002916,0.0,0.0,0.0,58138.4627939364,32630.96655512118,37182.883695706405,0.0,0.0,0.0,0.0,0.0,0.0,0.0,0.0,0.0,0.0,0.0,0.0,0.0,0.0,0.0,12851.328873533828,0.0,0.0,0.0,0.0,262216.87571460404,0.0,0.0,0.0
Kansas,2024,0.0,0.0,0.0,0.0,0.0,0.0,0.0,0.0,0.0,0.0,0.0,0.0,0.0,0.0,0.0,0.0,0.0,0.0,0.0,0.0,0.0,0.0,0.0,0.0,0.0,0.0,0.0,0.0,0.0,0.0,0.0,0.0,0.0,0.0,0.0,0.0,0.0,0.0,0.0,0.0,0.0,0.0,0.0,0.0,0.0,0.0,0.0,0.0,0.0,0.0,0.0,0.0,0.0,0.0,0.0,0.0,0.0,0.0,0.0,0.0,0.0,0.0,0.0,0.0,0.0,0.0,0.0,0.0,0.0,0.0,0.0,0.0,0.0,0.0,0.0,0.0,0.0,0.0,-3.637978807091713e-12,0.0,0.0,0.0,0.0,0.0,0.0,0.0,0.0,0.0,0.0,0.0,0.0,0.0,0.0,0.0,0.0,0.0,0.0,0.0,0.0,0.0,0.0,0.0,0.0,0.0,0.0,0.0,0.0,0.0,0.0,0.0,0.0,0.0,0.0,0.0,0.0,0.0,0.0,0.0,0.0,0.0,0.0,0.0,0.0,0.0,0.0,0.0,0.0,0.0,0.0,0.0,0.0,0.0,0.0,0.0,0.0,0.0,0.0,0.0,0.0,0.0,0.0,0.0,0.0,0.0,0.0,0.0,0.0,0.0,0.0,0.0,0.0,0.0,0.0,0.0,0.0,0.0,0.0,0.0,0.0,0.0,0.0,0.0,0.0,0.0,0.0,0.0,0.0,0.0,0.0,0.0,0.0,0.0,0.0,0.0,0.0,0.0,0.0,0.0,0.0,0.0,0.0,0.0,0.0,0.0,0.0,0.0,0.0,0.0,0.0,0.0,0.0,0.0,0.0,0.0,0.0,0.0,0.0,0.0,0.0,0.0,0.0,0.0,0.0,0.0,0.0
Kansas,2025,0.0,0.0,0.0,0.0,0.0,0.0,0.0,0.0,0.0,0.0,0.0,0.0,0.0,0.0,0.0,0.0,0.0,0.0,0.0,0.0,0.0,0.0,0.0,0.0,0.0,0.0,0.0,0.0,0.0,0.0,-154305.39648946474,0.0,0.0,0.0,0.0,0.0,0.0,0.0,0.0,83923.91668442904,372782.65468993597,118550.487297802,0.0,0.0,0.0,0.0,135648.93368300493,0.0,-25466.917266020784,-78724.11888639047,-885446.085831671,0.0,0.0,0.0,-49567.379950915805,49258.61611131579,-2364384.254516544,59156.47674189904,0.0,-61720.588292995235,0.0,0.0,0.0,0.0,0.0,0.0,0.0,10081.389800267018,116259.4883244452,0.0,32917.37729240424,0.0,0.0,0.0,0.0,0.0,17606.325127306103,0.0,1678.3565961460372,0.0,-144638.68447237136,0.0,25473.71722578141,1416.6895053033713,0.0,0.0,0.0,0.0,1968.7740908681408,0.0,0.0,0.0,0.0,69494.3127432412,236656.1652819356,21999.267495575594,0.0,0.0,-30623.447825009207,0.0,-556080.4477298807,33296.023786996375,0.0,0.0,-17541.418310629546,0.0,100116.33842373686,0.0,117395.78771812259,0.0,385.0941961725284,2339.444141341406,366.0953251667934,110931.8659535572,30.36444845315009,-64484.45934325794,-146598.34475903853,46455.16248074721,0.0,0.0,0.0,-906073.3218542582,-228417.28602800576,0.0,-1716.2399778463005,0.0,0.0,6975.634987830461,0.0,0.0,0.0,0.0,0.0,0.0,0.0,0.0,0.0,0.0,0.0,0.0,6655.169615079518,-1078206.9099963112,0.0,0.0,338776.71273408365,1056873.9614619836,0.0,0.0,0.0,6514.408836418792,0.0,0.0,0.0,749.9030483150636,-213401.7549239588,297187.8384188041,0.0,21052.06475583656,0.0,35485.205797122326,0.0,0.0,16883.103384499933,-205433.96187592996,0.0,0.0,271.24677069285053,0.0,0.0,0.0,5399.935371372427,0.0,0.0,0.0,10110.964031849435,19758.717389180994,0.0,0.0,-123886.34914949711,1166.2030512041838,0.0,0.0,0.0,0.0,0.0,0.0,0.0,0.0,0.0,0.0,0.0,0.0,0.0,-26486.43467710566,0.0,0.0,0.0,0.0,0.0,0.0,0.0,0.0,18507.13085877782,8475.534772862185,11831.82738881564
Kansas,2026,0.0,0.0,0.0,0.0,0.0,0.0,0.0,0.0,0.0,0.0,0.0,0.0,0.0,0.0,0.0,0.0,0.0,0.0,0.0,0.0,0.0,0.0,0.0,0.0,0.0,0.0,0.0,0.0,0.0,0.0,-329806.9638554684,0.0,0.0,0.0,0.0,0.0,0.0,0.0,0.0,96795.68304707168,429957.90847673547,136733.07737415214,0.0,0.0,0.0,0.0,156453.98486137995,0.0,-76865.76276778773,-303759.3561630305,-2038101.147204176,0.0,0.0,0.0,-102790.1714026366,51730.94881787477,-5737397.735453453,68229.55599679158,0.0,-148572.11578702478,0.0,0.0,0.0,0.0,0.0,0.0,0.0,11627.6152297558,134090.698190158,0.0,37966.05479123921,0.0,0.0,0.0,0.0,0.0,20306.68174192359,0.0,1145.4137252400396,0.0,-408228.45448664273,0.0,29380.72907022643,1633.973171760943,0.0,0.0,0.0,0.0,2270.733307258957,0.0,0.0,0.0,0.0,80152.9496670512,272953.1231472627,25373.38827710558,0.0,0.0,-74873.79938755094,0.0,-1184350.6085062213,38402.775901566376,0.0,0.0,-40724.87417409999,0.0,115471.60505314427,0.0,135401.27663194505,0.0,444.15772319285406,2698.254592467394,422.24491491630215,127945.95582373487,-88.82393744160663,-157106.0163801859,-355987.39467597334,53580.18740110728,0.0,0.0,0.0,-2032693.0513953296,-536540.2193256908,0.0,-19997.612596180406,0.0,0.0,8045.517654675612,0.0,0.0,0.0,0.0,0.0,0.0,0.0,0.0,0.0,0.0,0.0,0.0,7675.901151134676,-2553631.385100823,0.0,0.0,390736.33125158027,1218971.194815047,0.0,0.0,0.0,7513.55129599222,0.0,0.0,0.0,864.9188532713597,-492508.34126660204,342768.7952315039,0.0,24280.909043541586,0.0,40927.72202367481,0.0,0.0,19472.536418932403,-519288.9845801762,0.0,0.0,312.8490361365398,0.0,0.0,0.0,6228.146317901941,0.0,0.0,0.0,11661.72538642757,22789.195516356005,0.0,0.0,-298161.07035206084,1345.0685498551375,0.0,0.0,0.0,0.0,0.0,0.0,0.0,0.0,0.0,0.0,0.0,0.0,0.0,-63223.9704591855,0.0,0.0,0.0,0.0,0.0,0.0,0.0,0.0,20496.993377720413,9775.463419006672,13646.524841087987
Kansas,2027,0.0,0.0,0.0,0.0,0.0,0.0,0.0,0.0,0.0,0.0,0.0,0.0,0.0,0.0,0.0,0.0,0.0,0.0,0.0,0.0,0.0,0.0,0.0,0.0,0.0,0.0,0.0,0.0,0.0,0.0,-573045.709534971,0.0,0.0,0.0,0.0,0.0,0.0,0.0,0.0,112756.67333674827,500855.22317236755,159279.48906882596,0.0,0.0,0.0,0.0,182252.2483225651,0.0,-148613.0743504804,-618732.6845889266,-3638950.971475286,0.0,0.0,0.0,-176483.2672588654,53939.12061907258,-10427829.24214514,79480.1742728583,0.0,-269324.02191717754,0.0,0.0,0.0,0.0,0.0,0.0,0.0,13544.934762321951,156201.39842364145,0.0,44226.4148897946,0.0,0.0,0.0,0.0,0.0,23655.123944049294,0.0,351.21934922794753,0.0,-775808.4805276368,0.0,34225.4237573382,1903.4049181683295,0.0,0.0,0.0,0.0,2645.1627355835735,0.0,0.0,0.0,0.0,93369.65945257549,317961.3509002696,29557.298046202806,0.0,0.0,-136417.49012152,0.0,-2055014.5733347968,44735.148523633194,0.0,0.0,-72929.83754059472,0.0,134512.1356736098,0.0,157728.08288508514,0.0,517.3964966980593,3143.1795518636063,491.87040620569223,149043.4272627551,-257.512085480666,-285914.7283038327,-647163.3641884507,62415.218302353634,0.0,0.0,0.0,-3596332.762584561,-964686.8689871568,0.0,-45706.439437804336,0.0,0.0,9372.172161563634,0.0,0.0,0.0,0.0,0.0,0.0,0.0,0.0,0.0,0.0,0.0,0.0,8941.60825584305,-4604183.233938889,0.0,0.0,455166.2582132784,1419971.7641728483,0.0,0.0,0.0,8752.487945863279,0.0,0.0,0.0,1007.5384514171674,-880167.7874758957,399289.18167925207,0.0,28284.675960295775,0.0,47676.44214459992,0.0,0.0,22683.43338162874,-956105.2399190972,0.0,0.0,364.4358452867132,0.0,0.0,0.0,7255.127891598531,0.0,0.0,0.0,13584.66946610446,26546.988394053013,0.0,0.0,-540458.6776752323,1566.8617681823089,0.0,0.0,0.0,0.0,0.0,0.0,0.0,0.0,0.0,0.0,0.0,0.0,0.0,-114291.29900787048,0.0,0.0,0.0,0.0,0.0,0.0,0.0,0.0,22821.242472917715,11387.374940225884,15896.749681905669
Kansas,2028,0.0,0.0,0.0,0.0,0.0,0.0,0.0,0.0,0.0,0.0,0.0,0.0,0.0,0.0,0.0,0.0,0.0,0.0,0.0,0.0,0.0,0.0,0.0,0.0,0.0,0.0,0.0,0.0,0.0,0.0,-767346.4909579845,0.0,0.0,0.0,0.0,0.0,0.0,0.0,0.0,111726.93202773691,496281.20286942367,157824.8818627179,0.0,0.0,0.0,0.0,180587.84422829514,0.0,-209668.63635080267,-892944.8161183789,-4942012.45566503,0.0,0.0,0.0,-234823.6348117132,46767.1359477808,-14288685.6871513,78754.32793246687,0.0,-368560.16783160873,0.0,0.0,0.0,0.0,0.0,0.0,0.0,13421.236727962823,154774.9016343844,0.0,43822.52068988775,0.0,0.0,0.0,0.0,0.0,23439.095414879906,0.0,-690.639026416291,0.0,-1085967.0407372457,0.0,33912.862809782615,1886.0222248517275,0.0,0.0,0.0,0.0,2621.005998272307,0.0,0.0,0.0,0.0,92516.96849867073,315057.5942710424,29287.368383680412,0.0,0.0,-187150.90127163427,0.0,-2749806.7274800334,44326.60835446755,0.0,0.0,-99194.75686122495,0.0,133283.71434325725,0.0,156287.64377197926,0.0,512.6714145364331,3114.474715773529,487.3784390257315,147682.300073141,-417.9119413681151,-392024.9678447186,-886873.9120252356,61845.21630872472,0.0,0.0,0.0,-4861411.567134285,-1314757.6232451666,0.0,-68967.57330592361,0.0,0.0,9286.581548216025,0.0,0.0,0.0,0.0,0.0,0.0,0.0,0.0,0.0,0.0,0.0,0.0,8859.94973295863,-6283744.962389298,0.0,0.0,451009.48873187834,1407003.9855046049,0.0,0.0,0.0,8672.556549097411,0.0,0.0,0.0,998.3371870206665,-1195905.057439827,395642.70513423625,0.0,28026.368417279416,0.0,47241.04084647575,0.0,0.0,22476.278738874098,-1318419.6336712143,0.0,0.0,361.1076640512174,0.0,0.0,0.0,7188.871015876168,0.0,0.0,0.0,13460.608557738204,26304.550143878965,0.0,0.0,-739575.9616062429,1552.5525282902345,0.0,0.0,0.0,0.0,0.0,0.0,0.0,0.0,0.0,0.0,0.0,0.0,0.0,-156187.6525790664,0.0,0.0,0.0,0.0,0.0,0.0,0.0,0.0,21497.570094500057,11283.380648534323,15751.57388572389
Kansas,2029,0.0,0.0,0.0,0.0,0.0,0.0,0.0,0.0,0.0,0.0,0.0,0.0,0.0,0.0,0.0,0.0,0.0,0.0,0.0,0.0,0.0,0.0,0.0,0.0,0.0,0.0,0.0,0.0,0.0,0.0,-885501.8948308906,0.0,0.0,0.0,0.0,0.0,0.0,0.0,0.0,143134.04195258487,635788.8221092159,202190.401649012,0.0,0.0,0.0,0.0,231352.16910353,0.0,-238094.74809575808,-1007134.7895890283,-5677940.513022404,0.0,0.0,0.0,-271523.9662797954,63179.14758868888,-16371227.550876481,100892.64131440467,0.0,-422446.57596093847,0.0,0.0,0.0,0.0,0.0,0.0,0.0,17194.02677591554,198283.05370672327,0.0,56141.29378704517,0.0,0.0,0.0,0.0,0.0,30027.965554546594,0.0,-376.9953555332613,0.0,-1236141.5498791372,0.0,43445.97171022842,2416.194371008198,0.0,0.0,0.0,0.0,3357.786486265908,0.0,0.0,0.0,0.0,118524.04259276716,403622.1714624418,37520.22309061361,0.0,0.0,-214347.99339112695,0.0,-3173941.5345869754,56787.08351401845,0.0,0.0,-113912.71698886674,0.0,170750.56491901143,0.0,200221.03672170616,0.0,656.78642046603,3989.972216520924,624.3834380145317,189196.67935637338,-455.82181613037574,-449072.72012983094,-1016097.8746987313,79230.2771144032,0.0,0.0,0.0,-5593441.8786223885,-1508890.5524679967,0.0,-76778.5586209537,0.0,0.0,11897.095255318229,0.0,0.0,0.0,0.0,0.0,0.0,0.0,0.0,0.0,0.0,0.0,0.0,11350.534680933182,-7208465.191631994,0.0,0.0,577790.9579145722,1802521.2348860838,0.0,0.0,0.0,11110.464150456595,0.0,0.0,0.0,1278.9757511140342,-1373790.4856452025,506860.2397572235,0.0,35904.7484792796,0.0,60520.78043926379,0.0,0.0,28794.495342889393,-1507634.493142269,0.0,0.0,462.61719173381744,0.0,0.0,0.0,9209.705725408188,0.0,0.0,0.0,17244.46626290887,33698.916774186015,0.0,0.0,-847715.6545573609,1988.9843449985474,0.0,0.0,0.0,0.0,0.0,0.0,0.0,0.0,0.0,0.0,0.0,0.0,0.0,-179099.9304756435,0.0,0.0,0.0,0.0,0.0,0.0,0.0,0.0,28085.905341521226,14455.20654512693,20179.435669268394
Kansas,2030,0.0,0.0,0.0,0.0,0.0,0.0,0.0,0.0,0.0,0.0,0.0,0.0,0.0,0.0,0.0,0.0,0.0,0.0,0.0,0.0,0.0,0.0,0.0,0.0,0.0,0.0,0.0,0.0,0.0,0.0,-554606.094859408,0.0,0.0,0.0,0.0,0.0,0.0,0.0,0.0,154461.19635171024,686103.0454416005,218191.08091620007,0.0,0.0,0.0,0.0,249660.61414049985,0.0,-131515.910540968,-524441.2014471944,-3441939.316192226,0.0,0.0,0.0,-172535.422837996,81601.4302966037,-9716880.01645968,108876.95105871,0.0,-251516.08114931197,0.0,0.0,0.0,0.0,0.0,0.0,0.0,18554.705153865696,213974.51838855026,0.0,60584.12998601998,0.0,0.0,0.0,0.0,0.0,32404.27937541,0.0,1680.3798669587195,0.0,-696452.4039275141,0.0,46884.14213334001,2607.40399749087,0.0,0.0,0.0,0.0,3623.51059668983,0.0,0.0,0.0,0.0,127903.64308572002,435563.49438392976,40489.449378360005,0.0,0.0,-126856.49285805333,0.0,-1991191.361205714,61281.025374840014,0.0,0.0,-68808.61000102512,0.0,184263.1995528899,0.0,216065.8669658699,0.0,708.7623242439167,4305.725413511791,673.795076994099,204169.07844213,-164.83844418240824,-266131.09974015004,-602924.1119563939,85500.29904432001,0.0,0.0,0.0,-3427863.539677666,-907114.465472486,0.0,-35271.60352282191,0.0,0.0,12838.592002141944,0.0,0.0,0.0,0.0,0.0,0.0,0.0,0.0,0.0,0.0,0.0,0.0,12248.778432661697,-4319278.863286842,0.0,0.0,623515.4222099697,1945166.800236782,0.0,0.0,0.0,11989.709514881208,0.0,0.0,0.0,1380.1896594755763,-831868.5894476019,546971.4817523998,0.0,38746.13145245999,0.0,65310.194718629995,0.0,0.0,31073.196413189988,-881312.4254168442,0.0,0.0,499.2271853242637,0.0,0.0,0.0,9938.531358354157,0.0,0.0,0.0,18609.136254937606,36365.73752610001,0.0,0.0,-504748.6630555339,2146.385983811384,0.0,0.0,0.0,0.0,0.0,0.0,0.0,0.0,0.0,0.0,0.0,0.0,0.0,-106983.48481139346,0.0,0.0,0.0,0.0,0.0,0.0,0.0,0.0,32549.687715782464,15599.143753734083,21776.369427268044
Kansas,2031,0.0,0.0,0.0,0.0,0.0,0.0,0.0,0.0,0.0,0.0,0.0,0.0,0.0,0.0,0.0,0.0,0.0,0.0,0.0,0.0,0.0,0.0,0.0,0.0,0.0,0.0,0.0,0.0,0.0,0.0,-248410.21698813036,0.0,0.0,0.0,0.0,0.0,0.0,0.0,0.0,185868.30627655797,825610.6646813918,262556.6007024939,0.0,0.0,0.0,0.0,300424.93901573494,0.0,-27208.1310253322,-43444.22535673855,-1335956.6212025895,0.0,0.0,0.0,-81735.00115799981,112218.57298431383,-3385967.146756079,131015.26444064779,0.0,-89125.08622490079,0.0,0.0,0.0,0.0,0.0,0.0,0.0,22327.49520181837,257482.67046088865,0.0,72902.9030831774,0.0,0.0,0.0,0.0,0.0,38993.149515076686,0.0,4202.933652380147,0.0,-171941.5751758844,0.0,56417.25103378581,3137.5761436473404,0.0,0.0,0.0,0.0,4360.291084683424,0.0,0.0,0.0,0.0,153910.71717981645,524128.0715753287,48722.3040852932,0.0,0.0,-43508.78667823158,0.0,-897791.6339989027,73741.5005343908,0.0,0.0,-26252.23693090635,0.0,221730.05012864433,0.0,259999.2599155968,0.0,852.8773301735137,5181.22291425919,810.8000759828983,245683.45772536285,143.37719757844252,-91960.01455317828,-209783.83601482434,102885.35984999838,0.0,0.0,0.0,-1399589.0069628712,-338011.9617797055,0.0,7274.827977188106,0.0,0.0,15449.105709244162,0.0,0.0,0.0,0.0,0.0,0.0,0.0,0.0,0.0,0.0,0.0,0.0,14739.363380636263,-1582634.4317053603,0.0,0.0,750296.891392664,2340684.049618261,0.0,0.0,0.0,14427.617116240392,0.0,0.0,0.0,1660.828223568944,-321177.50902966864,658189.0163753876,0.0,46624.51151446023,0.0,78589.9343114181,0.0,0.0,37391.41301720534,-281419.84366652416,0.0,0.0,600.7367130068646,0.0,0.0,0.0,11959.366067886163,0.0,0.0,0.0,22392.993960108273,43760.104156407004,0.0,0.0,-178926.67204203457,2582.8178005196987,0.0,0.0,0.0,0.0,0.0,0.0,0.0,0.0,0.0,0.0,0.0,0.0,0.0,-38574.56582335688,0.0,0.0,0.0,0.0,0.0,0.0,0.0,0.0,41509.856805321615,18770.96965032669,26204.231210812548
Kansas,2032,0.0,0.0,0.0,0.0,0.0,0.0,0.0,0.0,0.0,0.0,0.0,0.0,0.0,0.0,0.0,0.0,0.0,0.0,0.0,0.0,0.0,0.0,0.0,0.0,0.0,0.0,0.0,0.0,0.0,0.0,27613.895438033185,0.0,0.0,0.0,0.0,0.0,0.0,0.0,0.0,217275.4162014057,965118.283921184,306922.12048878777,0.0,0.0,0.0,0.0,351189.26389097003,0.0,67662.1470474634,395234.4125768491,567963.6120376037,0.0,0.0,0.0,0.0,141825.71782236593,2346741.372634923,153153.57782258547,0.0,57888.38692275359,0.0,0.0,0.0,0.0,0.0,0.0,0.0,26100.28524977107,300990.82253322727,0.0,85221.67618033476,0.0,0.0,0.0,0.0,0.0,45582.01965474337,0.0,6568.431902134849,0.0,304598.5070741426,0.0,65950.35993423162,3667.748289803818,0.0,0.0,0.0,0.0,5097.071572677025,0.0,0.0,0.0,0.0,179917.79127391276,612692.6487667281,56955.1587922264,0.0,0.0,31979.082925262686,0.0,87709.99558468378,86201.97569394164,0.0,0.0,12231.878503591826,0.0,259196.9007043983,0.0,303932.6528653237,0.0,996.9923361031097,6056.720415006588,947.8050749716986,287197.83700859593,426.98299756815413,65771.1991621544,146215.86332796782,120270.42065567686,0.0,0.0,0.0,432425.3189393312,176823.80241678155,0.0,46240.80094218379,0.0,0.0,18059.61941634635,0.0,0.0,0.0,0.0,0.0,0.0,0.0,0.0,0.0,0.0,0.0,0.0,17229.94832861077,893683.613441376,0.0,0.0,877078.3605753575,2736201.298999736,0.0,0.0,0.0,16865.524717599546,0.0,0.0,0.0,1941.4667876623098,140555.14990357985,769406.5509983762,0.0,54502.89157646042,0.0,91869.67390420614,0.0,0.0,43709.62962122061,262366.47506117495,0.0,0.0,702.2462406894651,0.0,0.0,0.0,13980.200777418184,0.0,0.0,0.0,26176.85166527891,51154.470786713995,0.0,0.0,116040.24511159537,3019.2496172280134,0.0,0.0,0.0,0.0,0.0,0.0,0.0,0.0,0.0,0.0,0.0,0.0,0.0,23341.33228526906,0.0,0.0,0.0,0.0,0.0,0.0,0.0,0.0,50301.38633266336,21942.795546919282,30632.09299435705
Kansas,2033,0.0,0.0,0.0,0.0,0.0,0.0,0.0,0.0,0.0,0.0,0.0,0.0,0.0,0.0,0.0,0.0,0.0,0.0,0.0,0.0,0.0,0.0,0.0,0.0,0.0,0.0,0.0,0.0,0.0,0.0,29576.968573438382,0.0,0.0,0.0,0.0,0.0,0.0,0.0,0.0,232721.53583657648,1033728.5884653442,328741.22858040757,0.0,0.0,0.0,0.0,376155.32530502,0.0,72472.25228780444,423331.6456984263,608340.1721350639,0.0,0.0,0.0,0.0,151908.11482395593,2513571.328035511,164041.27292845643,0.0,62003.675092617574,0.0,0.0,0.0,0.0,0.0,0.0,0.0,27955.75576515762,322388.2743720822,0.0,91280.08917893679,0.0,0.0,0.0,0.0,0.0,48822.447592284414,0.0,7035.382037357711,0.0,326252.4293779915,0.0,70638.7741475656,3928.488689552909,0.0,0.0,0.0,0.0,5459.422632346006,0.0,0.0,0.0,0.0,192708.1555824849,656248.9982051211,61004.10373006237,0.0,0.0,34252.47744601595,0.0,93945.30332767079,92330.0782314256,0.0,0.0,13101.443326122055,0.0,277623.2206596874,0.0,325539.23956191074,0.0,1067.8685685275032,6487.292956357764,1015.1845826711087,307614.744852809,457.337239101435,70446.87682771042,156610.3559816148,128820.45056010876,0.0,0.0,0.0,463166.4553568193,189394.21491086553,0.0,49528.061672670796,0.0,0.0,19343.478616560547,0.0,0.0,0.0,0.0,0.0,0.0,0.0,0.0,0.0,0.0,0.0,0.0,18454.82617187698,957215.6238755966,0.0,0.0,939429.9027963541,2930717.9790234156,0.0,0.0,0.0,18064.495669087686,0.0,0.0,0.0,2079.485753609868,150547.22217160685,824103.6991736158,0.0,58377.50472170641,0.0,98400.69337606919,0.0,0.0,46816.949262539594,281018.1202077037,0.0,0.0,752.1689592218913,0.0,0.0,0.0,14974.053913253592,0.0,0.0,0.0,28037.765290772673,54791.04453932401,0.0,0.0,124289.55163611635,3233.8882156091513,0.0,0.0,0.0,0.0,0.0,0.0,0.0,0.0,0.0,0.0,0.0,0.0,0.0,25000.668703653137,0.0,0.0,0.0,0.0,0.0,0.0,0.0,0.0,53877.314271004405,23502.709922292677,32809.729937083845
Kentucky,2024,0.0,0.0,0.0,0.0,0.0,0.0,0.0,0.0,0.0,0.0,0.0,0.0,0.0,0.0,0.0,0.0,0.0,0.0,0.0,0.0,0.0,0.0,0.0,0.0,0.0,0.0,0.0,0.0,0.0,0.0,0.0,0.0,0.0,0.0,0.0,0.0,0.0,0.0,0.0,0.0,0.0,0.0,0.0,0.0,0.0,0.0,0.0,0.0,0.0,0.0,0.0,0.0,0.0,0.0,0.0,0.0,0.0,0.0,0.0,0.0,0.0,0.0,0.0,0.0,0.0,0.0,0.0,0.0,0.0,0.0,0.0,0.0,0.0,0.0,0.0,0.0,0.0,0.0,0.0,0.0,0.0,0.0,0.0,0.0,0.0,0.0,0.0,0.0,0.0,0.0,0.0,0.0,0.0,0.0,0.0,0.0,0.0,0.0,0.0,0.0,0.0,0.0,0.0,0.0,0.0,0.0,0.0,0.0,0.0,0.0,0.0,0.0,0.0,0.0,0.0,0.0,0.0,0.0,0.0,0.0,0.0,0.0,0.0,0.0,0.0,0.0,0.0,0.0,0.0,0.0,0.0,0.0,0.0,0.0,0.0,0.0,0.0,0.0,0.0,0.0,0.0,0.0,0.0,0.0,0.0,0.0,0.0,0.0,0.0,0.0,0.0,0.0,0.0,0.0,0.0,0.0,0.0,0.0,0.0,0.0,0.0,0.0,0.0,0.0,0.0,0.0,0.0,0.0,0.0,0.0,0.0,0.0,0.0,0.0,0.0,0.0,0.0,0.0,0.0,0.0,0.0,0.0,0.0,0.0,0.0,0.0,0.0,0.0,0.0,0.0,0.0,0.0,0.0,0.0,0.0,0.0,0.0,0.0,0.0,0.0,0.0,0.0,0.0,0.0,0.0
Kentucky,2025,9222.880819149068,13398.756342066365,0.0,20785.088478989608,0.0,0.0,0.0,0.0,0.0,0.0,0.0,3378.999492543342,0.0,0.0,0.0,0.0,0.0,0.0,0.0,0.0,0.0,0.0,0.0,0.0,6774.301659792327,0.0,0.0,0.0,0.0,0.0,0.0,0.0,0.0,0.0,0.0,3619.6250497493747,0.0,0.0,0.0,56477.09532008751,-44076.46243810747,2909.0560923218436,0.0,0.0,0.0,0.0,290531.88936483255,0.0,38198.839008398994,6757.221179608561,-120442.28886668893,0.0,0.0,0.0,0.0,778.6417072916265,-1807524.2558467276,3688.486673985928,0.0,0.0,0.0,0.0,0.0,0.0,0.0,0.0,0.0,0.0,1984.9615804141213,0.0,102189.8515753746,0.0,0.0,0.0,-376794.63159444765,0.0,-5773.043078727739,0.0,0.0,0.0,430981.0195171265,0.0,340919.4651689008,2352.2299120697535,0.0,0.0,718.8328552897419,0.0,242.57774189199927,0.0,0.0,0.0,0.0,51588.15593864233,-39173.77618063218,0.0,0.0,0.0,1976.8678356411365,0.0,46015.87155067676,0.0,0.0,0.0,3367.9362307558404,0.0,0.0,0.0,0.0,22393.150968422386,-992.7546877878267,-102144.05085156241,815.6127265291925,0.0,0.0,-251880.2068800074,-201436.6148042078,0.0,0.0,0.0,0.0,-92189.93081120902,0.0,0.0,0.0,0.0,36425.58728281199,2580.0082053224323,-129218.29732026206,0.0,0.0,0.0,-2674.2950373473977,-40178.67455957431,0.0,-26478.40673173184,12356.865532932017,0.0,0.0,0.0,0.0,27078.645441906352,0.0,0.0,0.0,736.3515694150447,0.0,0.0,0.0,14767.682504838565,0.0,0.0,0.0,8362.12806745185,-217741.58362364979,138222.04546971875,0.0,0.0,0.0,0.0,0.0,0.0,74686.62434929854,0.0,0.0,84520.09212965984,0.0,0.0,28551.36398699449,3917.372470128241,0.0,0.0,0.0,0.0,0.0,4849.40933286833,0.0,0.0,-596272.7777078676,-4929.855689194108,-276952.4483927543,0.0,0.0,0.0,0.0,0.0,0.0,0.0,0.0,0.0,0.0,0.0,0.0,0.0,0.0,0.0,0.0,0.0,0.0,0.0,0.0,0.0,0.0,0.0,0.0
Kentucky,2026,10637.433092024716,15453.780320910882,0.0,23972.9854849696,0.0,0.0,0.0,0.0,0.0,0.0,0.0,3897.2509484548864,0.0,0.0,0.0,0.0,0.0,0.0,0.0,0.0,0.0,0.0,0.0,0.0,7813.304981846348,0.0,0.0,0.0,0.0,0.0,0.0,0.0,0.0,0.0,0.0,4174.782265968599,0.0,0.0,0.0,65139.22650415008,-179655.50139986235,3355.230339610476,0.0,0.0,0.0,0.0,335091.99509563483,0.0,44057.55664772395,7793.604796112937,-269029.1267925836,0.0,0.0,0.0,0.0,898.0652820296091,-4292134.740253727,-4011.919362049841,0.0,0.0,0.0,0.0,0.0,0.0,0.0,0.0,0.0,0.0,2289.4035406003386,0.0,117863.14169429732,0.0,0.0,0.0,-861469.6833655476,0.0,-11971.826797479647,0.0,0.0,0.0,497082.4028786486,0.0,393207.7266978724,2713.001370976159,0.0,0.0,829.0832932176181,0.0,279.7829170288087,0.0,0.0,0.0,0.0,59500.449794262415,-100742.62249929924,0.0,0.0,0.0,2280.0684239296424,0.0,53073.52056151687,0.0,0.0,0.0,3884.490867374843,0.0,0.0,0.0,0.0,25827.683325542428,-3871.3702449513075,-281254.6148706727,940.7067029907284,0.0,0.0,-695391.3840863025,-549629.5017085501,0.0,0.0,0.0,0.0,-232896.84973734547,0.0,0.0,0.0,0.0,32839.25950639811,-4641.659548316849,-364032.8597480946,0.0,0.0,0.0,-7560.4148503729775,-96945.82445729175,0.0,-124683.86636213376,14252.090307921579,0.0,0.0,0.0,0.0,31231.81192072638,0.0,0.0,0.0,849.2889266872899,0.0,0.0,0.0,17032.664484108274,0.0,0.0,0.0,9644.663047122376,-561492.3782745115,154263.51765995333,0.0,0.0,0.0,0.0,0.0,0.0,86141.62808385363,0.0,0.0,97483.296444025,0.0,0.0,32930.407543281966,4518.1964686141655,0.0,0.0,0.0,0.0,0.0,5593.183770424825,0.0,0.0,-1375976.938409211,-11892.75521054992,-631946.3311022067,0.0,0.0,0.0,0.0,0.0,0.0,0.0,0.0,0.0,0.0,0.0,0.0,0.0,0.0,0.0,0.0,0.0,0.0,0.0,0.0,0.0,0.0,0.0,0.0
Kentucky,2027,12391.477910390517,18002.010054678132,0.0,27925.977772384795,0.0,0.0,0.0,0.0,0.0,0.0,0.0,4539.882753785219,0.0,0.0,0.0,0.0,0.0,0.0,0.0,0.0,0.0,0.0,0.0,0.0,9101.669101193373,0.0,0.0,0.0,0.0,0.0,0.0,0.0,0.0,0.0,0.0,4863.177214080453,0.0,0.0,0.0,75880.26917238743,-369507.1336976476,3908.4864062483684,0.0,0.0,0.0,0.0,390346.5262018298,0.0,51322.366520487005,9078.72048057837,-475228.9572461357,0.0,0.0,0.0,0.0,1046.1505147047028,-7745469.522361923,-14955.0390526072,0.0,0.0,0.0,0.0,0.0,0.0,0.0,0.0,0.0,0.0,2666.911571231245,0.0,137298.02144176094,0.0,0.0,0.0,-1534488.40249681,0.0,-20554.758100366904,0.0,0.0,0.0,579048.1182469372,0.0,458045.17099379934,3160.3579800201005,0.0,0.0,965.79383624818,0.0,325.91733419845286,0.0,0.0,0.0,0.0,69311.69417523115,-186461.87781035865,0.0,0.0,0.0,2656.037153407411,0.0,61825.005334958434,0.0,0.0,0.0,4525.018616782378,0.0,0.0,0.0,0.0,30086.50344837125,-7900.829103962558,-530927.1588095699,1095.8232338030284,0.0,0.0,-1313654.296101098,-1034921.4460113111,0.0,0.0,0.0,0.0,-428727.1945016382,0.0,0.0,0.0,0.0,26844.581217277562,-14881.690098136634,-691475.8551419198,0.0,0.0,0.0,-14374.361986370826,-175874.8565355063,0.0,-262342.16632166586,16602.169028908655,0.0,0.0,0.0,0.0,36381.73835446319,0.0,0.0,0.0,989.3312497048737,0.0,0.0,0.0,19841.24213840271,0.0,0.0,0.0,11235.006421913844,-1040104.7670729652,173284.67463513534,0.0,0.0,0.0,0.0,0.0,0.0,100345.832714702,0.0,0.0,113557.66979383724,0.0,0.0,38360.421553078515,5263.218226736717,0.0,0.0,0.0,0.0,0.0,6515.464072994873,0.0,0.0,-2458928.158686906,-21573.92634375703,-1124864.85395783,0.0,0.0,0.0,0.0,0.0,0.0,0.0,0.0,0.0,0.0,0.0,0.0,0.0,0.0,0.0,0.0,0.0,0.0,0.0,0.0,0.0,0.0,0.0,0.0
Kentucky,2028,12278.313728560446,17837.608136370545,0.0,27670.946011906402,0.0,0.0,0.0,0.0,0.0,0.0,0.0,4498.422637312295,0.0,0.0,0.0,0.0,0.0,0.0,0.0,0.0,0.0,0.0,0.0,0.0,9018.548835429043,0.0,0.0,0.0,0.0,0.0,0.0,0.0,0.0,0.0,0.0,4818.7646367829075,0.0,0.0,0.0,75187.2986776625,-535419.9120348806,3872.792466465282,0.0,0.0,0.0,0.0,386781.71774336556,0.0,50853.66910934093,8995.809791258012,-641878.3906881395,0.0,0.0,0.0,0.0,1036.5966287256633,-10575566.57630687,-25681.39049940434,0.0,0.0,0.0,0.0,0.0,0.0,0.0,0.0,0.0,0.0,2642.5562144163487,0.0,136044.15823224746,0.0,0.0,0.0,-2081464.9855666424,0.0,-27349.57871515265,0.0,0.0,0.0,573760.0075780153,0.0,453862.1100714812,3131.4962633075884,0.0,0.0,956.9738012139514,0.0,322.94092018750825,0.0,0.0,0.0,0.0,68678.71066678152,-257773.98448927986,0.0,0.0,0.0,2631.7811063443296,0.0,61260.393414091086,0.0,0.0,0.0,4483.694245852857,0.0,0.0,0.0,0.0,29811.74085980159,-11411.511368264517,-740868.8175438954,1085.8157156861052,0.0,0.0,-1833729.470725533,-1442446.8500789804,0.0,0.0,0.0,0.0,-591140.3598035377,0.0,0.0,0.0,0.0,14544.63056122302,-24756.15623361405,-967697.7230013348,0.0,0.0,0.0,-20125.160966417774,-240770.95543472114,0.0,-383666.14123882854,16450.551046909502,0.0,0.0,0.0,0.0,36049.485036157595,0.0,0.0,0.0,980.2962611230942,0.0,0.0,0.0,19660.043580061116,0.0,0.0,0.0,11132.403623540202,-1438458.8835359383,164923.48133468232,0.0,0.0,0.0,0.0,0.0,0.0,99429.4324159373,0.0,0.0,112520.6134486883,0.0,0.0,38010.09806857555,5215.152306857839,0.0,0.0,0.0,0.0,0.0,6455.962117990348,0.0,0.0,-3340937.545412067,-29533.552287175877,-1525285.6602795557,0.0,0.0,0.0,0.0,0.0,0.0,0.0,0.0,0.0,0.0,0.0,0.0,0.0,0.0,0.0,0.0,0.0,0.0,0.0,0.0,0.0,0.0,0.0,0.0
Kentucky,2029,15729.821274376984,22851.866644751193,0.0,35449.41470649757,0.0,0.0,0.0,0.0,0.0,0.0,0.0,5762.956189736484,0.0,0.0,0.0,0.0,0.0,0.0,0.0,0.0,0.0,0.0,0.0,0.0,11553.716941240898,0.0,0.0,0.0,0.0,0.0,0.0,0.0,0.0,0.0,0.0,6173.348244357825,0.0,0.0,0.0,96322.89876677503,-603166.736356582,4961.457629849523,0.0,0.0,0.0,0.0,495508.37572652474,0.0,65148.940149294096,11524.585815528713,-738719.1657623681,0.0,0.0,0.0,0.0,1327.9901510863383,-12130232.844723685,-27589.802546973544,0.0,0.0,0.0,0.0,0.0,0.0,0.0,0.0,0.0,0.0,3385.394597270715,0.0,174286.98612241843,0.0,0.0,0.0,-2392314.557586314,0.0,-31624.01474099532,0.0,0.0,0.0,735047.3829801306,0.0,581445.4682021737,4011.778623039212,0.0,0.0,1225.9848697579655,0.0,413.7215475213234,0.0,0.0,0.0,0.0,87984.70767449448,-294539.4861349372,0.0,0.0,0.0,3371.590541768306,0.0,78481.05700054078,0.0,0.0,0.0,5744.08755920321,0.0,0.0,0.0,0.0,38191.999811174406,-12867.741515646765,-844122.5631123953,1391.0450182522454,0.0,0.0,-2089076.9150298345,-1644071.379855387,0.0,0.0,0.0,0.0,-675997.0600698367,0.0,0.0,0.0,0.0,24526.686592840124,-26821.285411987803,-1101593.865404135,0.0,0.0,0.0,-22906.77596428761,-275940.7967169414,0.0,-431031.57394211995,21074.899497884064,0.0,0.0,0.0,0.0,46183.211244478414,0.0,0.0,0.0,1255.8634128673766,0.0,0.0,0.0,25186.599609479308,0.0,0.0,0.0,14261.788973936302,-1643422.9841416888,214598.49383216235,0.0,0.0,0.0,0.0,0.0,0.0,127379.64152825181,0.0,0.0,144150.83197573852,0.0,0.0,48694.96434591705,6681.162863163503,0.0,0.0,0.0,0.0,0.0,8270.77174562819,0.0,0.0,-3837910.687039366,-33847.90390422538,-1753268.470378288,0.0,0.0,0.0,0.0,0.0,0.0,0.0,0.0,0.0,0.0,0.0,0.0,0.0,0.0,0.0,0.0,0.0,0.0,0.0,0.0,0.0,0.0,0.0,0.0
Kentucky,2030,16974.627274507526,24660.287746134418,0.0,38254.76407176,0.0,0.0,0.0,0.0,0.0,0.0,0.0,6219.017470938656,0.0,0.0,0.0,0.0,0.0,0.0,0.0,0.0,0.0,0.0,0.0,0.0,12468.03986464844,0.0,0.0,0.0,0.0,0.0,0.0,0.0,0.0,0.0,0.0,6661.886594630749,0.0,0.0,0.0,103945.57420875004,-310709.9936647981,5354.090967463519,0.0,0.0,0.0,0.0,534721.2687696307,0.0,70304.61167190003,12436.603398052568,-453569.05464888195,0.0,0.0,0.0,0.0,1433.0828968557598,-7260844.672269987,-7943.693398934411,0.0,0.0,0.0,0.0,0.0,0.0,0.0,0.0,0.0,0.0,3653.3035222345825,0.0,188079.48142707,0.0,0.0,0.0,-1454302.8261716182,0.0,-20094.9582091408,0.0,0.0,0.0,793216.60033827,0.0,627459.1383476695,4329.257506876846,0.0,0.0,1323.0052551344943,0.0,446.46210164171634,0.0,0.0,0.0,0.0,94947.52626744006,-171121.97321745998,0.0,0.0,0.0,3638.407059462199,0.0,84691.78813007998,0.0,0.0,0.0,6198.655639427932,0.0,0.0,0.0,0.0,41214.388285439985,-6686.2037225551685,-479294.145851342,1501.1277175383948,0.0,0.0,-1185180.124472838,-936246.7599131886,0.0,0.0,0.0,0.0,-395249.672948038,0.0,0.0,0.0,0.0,50692.22637564095,-8827.601140957326,-621001.833275334,0.0,0.0,0.0,-12899.290448300653,-164138.9548956323,0.0,-216522.24624768784,22742.697299874882,0.0,0.0,0.0,0.0,49837.997745839995,0.0,0.0,0.0,1355.2482872669552,0.0,0.0,0.0,27179.783751236653,0.0,0.0,0.0,15390.419756046336,-953881.987572192,245203.13945493172,0.0,0.0,0.0,0.0,0.0,0.0,137460.0448146602,0.0,0.0,155558.45177237992,0.0,0.0,52548.52267545002,7209.887981831118,0.0,0.0,0.0,0.0,0.0,8925.29325067791,0.0,0.0,-2324071.917519451,-20135.413237990066,-1066711.6752008041,0.0,0.0,0.0,0.0,0.0,0.0,0.0,0.0,0.0,0.0,0.0,0.0,0.0,0.0,0.0,0.0,0.0,0.0,0.0,0.0,0.0,0.0,0.0,0.0
Kentucky,2031,20426.134820324063,29674.546254515037,0.0,46033.2327663512,0.0,0.0,0.0,0.0,0.0,0.0,0.0,7483.551023362845,0.0,0.0,0.0,0.0,0.0,0.0,0.0,0.0,0.0,0.0,0.0,0.0,15003.207970460295,0.0,0.0,0.0,0.0,0.0,0.0,0.0,0.0,0.0,0.0,8016.470202205666,0.0,0.0,0.0,125081.17429786257,-18431.739812064217,6442.756130847767,0.0,0.0,0.0,0.0,643447.926752789,0.0,84599.88271185302,14965.379422323254,-186764.76811622962,0.0,0.0,0.0,0.0,1724.4764192164312,-2646280.214646831,13250.199483611766,0.0,0.0,0.0,0.0,0.0,0.0,0.0,0.0,0.0,0.0,4396.141905088949,0.0,226322.30931724096,0.0,0.0,0.0,-572088.5094487737,0.0,-9519.56071094043,0.0,0.0,0.0,954503.9757403852,0.0,755042.4964783629,5209.539866608469,0.0,0.0,1592.0163236785065,0.0,537.2427289755315,0.0,0.0,0.0,0.0,114253.52327515278,-52605.77874238137,0.0,0.0,0.0,4378.216494886183,0.0,101912.45171652955,0.0,0.0,0.0,7459.04895277827,0.0,0.0,0.0,0.0,49594.6472368128,-522.777802154902,-125751.01352975355,1806.357020104535,0.0,0.0,-308964.240751307,-251082.33300115447,0.0,0.0,0.0,0.0,-126373.78700593032,0.0,0.0,0.0,0.0,86311.34490787075,10396.436298977234,-154024.07899408485,0.0,0.0,0.0,-3171.4398085978646,-57877.714665706095,0.0,-771.4522117886227,27367.045750849415,0.0,0.0,0.0,0.0,59971.723954160814,0.0,0.0,0.0,1630.8154390112322,0.0,0.0,0.0,32706.33978065476,0.0,0.0,0.0,18519.805106442465,-291461.13771882537,309294.4545264663,0.0,0.0,0.0,0.0,0.0,0.0,165410.25392697426,0.0,0.0,187188.6702994306,0.0,0.0,63233.388952791516,8675.898538136767,0.0,0.0,0.0,0.0,0.0,10740.102878315745,0.0,0.0,-897508.7901687436,-7102.9329077560615,-421268.0712792707,0.0,0.0,0.0,0.0,0.0,0.0,0.0,0.0,0.0,0.0,0.0,0.0,0.0,0.0,0.0,0.0,0.0,0.0,0.0,0.0,0.0,0.0,0.0,0.0
Kentucky,2032,23877.6423661406,34688.804762895714,0.0,53811.70146094239,0.0,0.0,0.0,0.0,0.0,0.0,0.0,8748.084575787041,0.0,0.0,0.0,0.0,0.0,0.0,0.0,0.0,0.0,0.0,0.0,0.0,17538.376076272136,0.0,0.0,0.0,0.0,0.0,0.0,0.0,0.0,0.0,0.0,9371.053809780591,0.0,0.0,0.0,146216.7743869751,248248.4006842305,7531.4212942320155,0.0,0.0,0.0,0.0,752174.5847359467,0.0,98895.153751806,17494.155446593926,54184.02091685083,0.0,0.0,0.0,0.0,2015.8699415771025,1529646.2785101794,32801.49729085143,0.0,0.0,0.0,0.0,0.0,0.0,0.0,0.0,0.0,0.0,5138.9802879433155,0.0,264565.1372074119,0.0,0.0,0.0,225297.87023045146,0.0,0.0,0.0,0.0,0.0,1115791.3511425005,0.0,882625.8546090554,6089.8222263401,0.0,0.0,1861.0273922225224,0.0,628.0233563093461,0.0,0.0,0.0,0.0,133559.52028286562,54869.7446782412,0.0,0.0,0.0,5118.025930310159,0.0,119133.11530297925,0.0,0.0,0.0,8719.442266128615,0.0,0.0,0.0,0.0,57974.90618818562,5098.883581315873,195313.4416941452,2111.586322670677,0.0,0.0,486796.4522160934,371030.58552247914,0.0,0.0,0.0,0.0,117351.38753145118,0.0,0.0,0.0,0.0,120107.64477606642,28106.794461004523,270230.98997247266,0.0,0.0,0.0,5666.976347699536,38327.645915420726,0.0,196271.53671192087,31991.394201823976,0.0,0.0,0.0,0.0,70105.45016248157,0.0,0.0,0.0,1906.3825907555129,0.0,0.0,0.0,38232.89581007286,0.0,0.0,0.0,21649.190456838536,309287.8463908881,372360.75725902035,0.0,0.0,0.0,0.0,0.0,0.0,193360.4630392883,0.0,0.0,218818.88882648107,0.0,0.0,73918.25523013301,10141.909094442439,0.0,0.0,0.0,0.0,0.0,12554.912505953595,0.0,0.0,392289.1437454559,4696.171756501357,162074.11329678458,0.0,0.0,0.0,0.0,0.0,0.0,0.0,0.0,0.0,0.0,0.0,0.0,0.0,0.0,0.0,0.0,0.0,0.0,0.0,0.0,0.0,0.0,0.0,0.0
Kentucky,2033,25575.105093591337,37154.8335375092,0.0,57637.17786811839,0.0,0.0,0.0,0.0,0.0,0.0,0.0,9369.986322880904,0.0,0.0,0.0,0.0,0.0,0.0,0.0,0.0,0.0,0.0,0.0,0.0,18785.18006273698,0.0,0.0,0.0,0.0,0.0,0.0,0.0,0.0,0.0,0.0,10037.242469243662,0.0,0.0,0.0,156611.33180785005,265896.39125419944,8066.830390978364,0.0,0.0,0.0,0.0,805646.711612911,0.0,105925.614918996,18737.81578639921,58035.96553179284,0.0,0.0,0.0,0.0,2159.1782312626783,1638388.904944552,35133.3572878314,0.0,0.0,0.0,0.0,0.0,0.0,0.0,0.0,0.0,0.0,5504.310640166776,0.0,283373.0853501188,0.0,0.0,0.0,241314.30650275853,0.0,0.0,0.0,0.0,0.0,1195113.0111763272,0.0,945371.7684438238,6522.747977027782,0.0,0.0,1993.3279177359727,0.0,672.6695664735184,0.0,0.0,0.0,0.0,143054.2729096096,58770.437427879195,0.0,0.0,0.0,5481.866636256385,0.0,127602.29411598726,0.0,0.0,0.0,9339.307830071411,0.0,0.0,0.0,0.0,62096.34501672961,5461.36345676487,209198.28352074313,2261.6990944245117,0.0,0.0,521402.83507505804,397407.16743166023,0.0,0.0,0.0,0.0,125693.90323273919,0.0,0.0,0.0,0.0,128646.10293550242,30104.907811312907,289441.7238567716,0.0,0.0,0.0,6069.841964834573,41052.36008002411,0.0,210224.4895587397,34265.66393181149,0.0,0.0,0.0,0.0,75089.24993706559,0.0,0.0,0.0,2041.907419482206,0.0,0.0,0.0,40950.87418519656,0.0,0.0,0.0,23188.232432443183,331275.13404900813,398831.901139993,0.0,0.0,0.0,0.0,0.0,0.0,207106.46752075455,0.0,0.0,234374.73400371918,0.0,0.0,79173.10749767802,10862.897892625537,0.0,0.0,0.0,0.0,0.0,13447.441831021388,0.0,0.0,420176.9975662227,5030.02282923842,173595.9696922904,0.0,0.0,0.0,0.0,0.0,0.0,0.0,0.0,0.0,0.0,0.0,0.0,0.0,0.0,0.0,0.0,0.0,0.0,0.0,0.0,0.0,0.0,0.0,0.0
Louisiana,2024,0.0,0.0,0.0,0.0,0.0,0.0,0.0,0.0,0.0,0.0,0.0,0.0,0.0,0.0,0.0,0.0,0.0,0.0,0.0,0.0,0.0,0.0,0.0,0.0,0.0,0.0,0.0,0.0,0.0,0.0,0.0,0.0,0.0,0.0,0.0,0.0,0.0,0.0,0.0,0.0,0.0,0.0,0.0,0.0,0.0,0.0,0.0,0.0,0.0,0.0,0.0,0.0,0.0,0.0,0.0,0.0,0.0,0.0,0.0,0.0,0.0,0.0,0.0,0.0,0.0,0.0,0.0,0.0,0.0,0.0,0.0,0.0,0.0,0.0,0.0,0.0,0.0,0.0,0.0,0.0,0.0,0.0,0.0,0.0,0.0,0.0,0.0,0.0,0.0,0.0,0.0,0.0,0.0,0.0,0.0,0.0,0.0,0.0,0.0,0.0,0.0,0.0,0.0,0.0,0.0,0.0,0.0,0.0,0.0,0.0,0.0,0.0,0.0,0.0,0.0,0.0,0.0,0.0,0.0,0.0,0.0,0.0,0.0,0.0,0.0,0.0,0.0,0.0,0.0,0.0,0.0,0.0,0.0,0.0,0.0,0.0,0.0,0.0,0.0,0.0,0.0,0.0,0.0,0.0,0.0,0.0,0.0,0.0,0.0,0.0,0.0,0.0,0.0,0.0,0.0,0.0,0.0,0.0,0.0,0.0,0.0,0.0,0.0,0.0,0.0,0.0,0.0,0.0,0.0,0.0,0.0,0.0,0.0,0.0,0.0,0.0,0.0,0.0,0.0,0.0,0.0,0.0,0.0,0.0,0.0,0.0,0.0,0.0,0.0,0.0,0.0,0.0,0.0,0.0,0.0,0.0,0.0,0.0,0.0,0.0,0.0,0.0,0.0,0.0,0.0
Louisiana,2025,0.0,0.0,0.0,0.0,0.0,0.0,0.0,0.0,0.0,0.0,0.0,0.0,0.0,0.0,0.0,0.0,0.0,0.0,0.0,0.0,0.0,0.0,0.0,0.0,0.0,0.0,0.0,0.0,0.0,0.0,0.0,0.0,0.0,0.0,0.0,0.0,0.0,0.0,0.0,0.0,33934.1393169224,-14006.632645927137,0.0,0.0,0.0,0.0,99844.67012092005,0.0,2177.803847179326,-32810.23463998368,0.0,0.0,0.0,0.0,0.0,-218474.68184795836,-965350.6175710792,-2283.8518321594893,0.0,-63954.340551741654,0.0,0.0,3725.6269147726853,0.0,0.0,32917.24762792548,0.0,0.0,0.0,0.0,0.0,0.0,0.0,0.0,0.0,0.0,50288.93503047584,0.0,0.0,12433.751481049316,-127056.84417379042,0.0,-101813.55380774365,216.25596752277352,0.0,0.0,-1065.6085543444335,0.0,-427853.3274247083,0.0,0.0,0.0,0.0,63999.75261982251,0.0,-23835.67704694046,0.0,0.0,29833.483596104663,0.0,4480.66917852364,0.0,0.0,0.0,5438.065240456606,0.0,65681.99593192362,331177.94144097064,0.0,0.0,0.0,460.7796793717389,-79052.52125827759,0.0,0.0,-320585.66005367925,-101527.73367315775,0.0,0.0,0.0,0.0,-351278.018427914,26671.469641277974,0.0,0.0,0.0,0.0,0.0,-119604.7341922822,0.0,0.0,0.0,0.0,0.0,7783.8364586408425,30646.525235364505,0.0,0.0,0.0,0.0,14655.20351337362,80716.61306657305,0.0,0.0,0.0,0.0,0.0,0.0,0.0,0.0,0.0,0.0,0.0,-246107.84851725376,-77065.50812463614,0.0,0.0,0.0,0.0,0.0,0.0,0.0,0.0,17380.31984447362,0.0,39224.49122193188,514.8325479516361,79265.31848782161,68284.5208993326,0.0,0.0,0.0,0.0,0.0,0.0,0.0,0.0,0.0,-773747.6432948199,0.0,0.0,0.0,0.0,0.0,0.0,0.0,0.0,0.0,0.0,0.0,0.0,0.0,0.0,-6382.23409155577,0.0,0.0,-21304.631090994197,0.0,0.0,0.0,0.0,7553.22338293503,0.0,0.0,0.0
Louisiana,2026,0.0,0.0,0.0,0.0,0.0,0.0,0.0,0.0,0.0,0.0,0.0,0.0,0.0,0.0,0.0,0.0,0.0,0.0,0.0,0.0,0.0,0.0,0.0,0.0,0.0,0.0,0.0,0.0,0.0,0.0,0.0,0.0,0.0,0.0,0.0,0.0,0.0,0.0,0.0,0.0,39138.76191154239,-72907.9072211684,0.0,0.0,0.0,0.0,115158.26983271725,0.0,2511.822842145484,-78657.95618941693,0.0,0.0,0.0,0.0,0.0,-534007.5664586881,-2598243.3841383904,-6456.583734505275,0.0,-211618.35257434426,0.0,0.0,4297.042085750116,0.0,0.0,37965.90523957042,0.0,0.0,0.0,0.0,0.0,0.0,0.0,0.0,0.0,0.0,58001.96187564079,0.0,0.0,14340.76857936979,-368306.3636959647,0.0,-229876.849438617,249.42406070111292,0.0,0.0,-2209.801810336687,0.0,-979040.4724149271,0.0,0.0,0.0,0.0,72091.58598487556,0.0,-61159.420533025695,0.0,0.0,-184559.19755448774,0.0,5167.888377683703,0.0,0.0,0.0,6272.124326416204,0.0,75755.92168835353,381972.10423866706,0.0,0.0,0.0,531.4514093367288,-284458.4499928721,0.0,0.0,-747955.908885272,-265183.9249758377,0.0,0.0,0.0,0.0,-778235.4854811815,30762.18584392796,0.0,0.0,0.0,0.0,0.0,-370130.32724043145,0.0,0.0,0.0,0.0,0.0,8977.676406285143,35346.91254140198,0.0,0.0,0.0,0.0,16902.934113584342,93096.46169641556,0.0,0.0,0.0,0.0,0.0,0.0,0.0,0.0,0.0,0.0,0.0,-640042.1436704171,-204889.3338084136,0.0,0.0,0.0,0.0,0.0,0.0,0.0,0.0,20046.013072153582,0.0,45240.51748296444,593.7945951834827,91422.57592460432,78757.60692683759,0.0,0.0,0.0,0.0,0.0,0.0,0.0,0.0,0.0,-1718563.4676610294,0.0,0.0,0.0,0.0,0.0,0.0,0.0,0.0,0.0,0.0,0.0,0.0,0.0,0.0,-13235.13441405223,0.0,0.0,-60982.79245451221,0.0,0.0,0.0,0.0,8711.693226943447,0.0,0.0,0.0
Louisiana,2027,0.0,0.0,0.0,0.0,0.0,0.0,0.0,0.0,0.0,0.0,0.0,0.0,0.0,0.0,0.0,0.0,0.0,0.0,0.0,0.0,0.0,0.0,0.0,0.0,0.0,0.0,0.0,0.0,0.0,0.0,0.0,0.0,0.0,0.0,0.0,0.0,0.0,0.0,0.0,0.0,45592.493928871234,-155520.5522028223,0.0,0.0,0.0,0.0,134147.13347534603,0.0,2926.0063959035215,-142395.29905627557,0.0,0.0,0.0,0.0,0.0,-972850.0025216604,-4873543.442389144,-12275.674177681987,0.0,-417979.8937814394,0.0,0.0,5005.596897762087,0.0,0.0,44226.24067801022,0.0,0.0,0.0,0.0,0.0,0.0,0.0,0.0,0.0,0.0,67566.11516364536,0.0,0.0,16705.46978128716,-704870.308092891,0.0,-407646.91161435813,290.5524962422546,0.0,0.0,-3794.0693955567294,0.0,-1744434.5312395396,0.0,0.0,0.0,0.0,81834.58190136321,0.0,-113121.14072060713,0.0,0.0,-487349.2897755061,0.0,6020.040184642188,0.0,0.0,0.0,7306.357593006105,0.0,88247.58962632681,444956.86610780796,0.0,0.0,0.0,619.0843544933177,-571771.1863783582,0.0,0.0,-1341703.0038458696,-493101.61607016146,0.0,0.0,0.0,0.0,-1370606.8786000458,35834.673935214,0.0,0.0,0.0,0.0,0.0,-719954.4464875658,0.0,0.0,0.0,0.0,0.0,10458.037941364077,41175.39280088851,0.0,0.0,0.0,0.0,19690.120057845576,108447.47399742028,0.0,0.0,0.0,0.0,0.0,0.0,0.0,0.0,0.0,0.0,0.0,-1188614.744866109,-382962.44340533926,0.0,0.0,0.0,0.0,0.0,0.0,0.0,0.0,23351.472674476798,0.0,52700.390046644665,691.7075337509714,106497.57514621445,91744.23360094381,0.0,0.0,0.0,0.0,0.0,0.0,0.0,0.0,0.0,-3029517.4800190614,0.0,0.0,0.0,0.0,0.0,0.0,0.0,0.0,0.0,0.0,0.0,0.0,0.0,0.0,-22723.76562981656,0.0,0.0,-116326.7101069646,0.0,0.0,0.0,0.0,10148.195833513906,0.0,0.0,0.0
Louisiana,2028,0.0,0.0,0.0,0.0,0.0,0.0,0.0,0.0,0.0,0.0,0.0,0.0,0.0,0.0,0.0,0.0,0.0,0.0,0.0,0.0,0.0,0.0,0.0,0.0,0.0,0.0,0.0,0.0,0.0,0.0,0.0,0.0,0.0,0.0,0.0,0.0,0.0,0.0,0.0,0.0,45176.124121301575,-228682.24615847494,0.0,0.0,0.0,0.0,132922.04549840232,0.0,2899.284876306221,-194732.54034595573,0.0,0.0,0.0,0.0,0.0,-1334587.9932087914,-6780329.145342674,-17186.83706190738,0.0,-595324.944475347,0.0,0.0,4959.883684083899,0.0,0.0,43822.34806907864,0.0,0.0,0.0,0.0,0.0,0.0,0.0,0.0,0.0,0.0,66949.07301603211,0.0,0.0,16552.908413421508,-989862.0058376982,0.0,-551697.2686149393,287.89904878798734,0.0,0.0,-5048.281233855931,0.0,-2366609.4347848827,0.0,0.0,0.0,0.0,78821.53506994375,0.0,-156332.82351264532,0.0,0.0,-770655.8713029325,0.0,5965.062648709383,0.0,0.0,0.0,7239.632866129337,0.0,87441.67556581239,440893.33308399236,0.0,0.0,0.0,613.4306160961178,-820550.1444719636,0.0,0.0,-1826462.3797904504,-683203.5740690957,0.0,0.0,0.0,0.0,-1848373.5835997805,35507.41663900198,0.0,0.0,0.0,0.0,0.0,-1018500.5635825407,0.0,0.0,0.0,0.0,0.0,10362.530745552533,40799.36181640549,0.0,0.0,0.0,0.0,19510.301609828777,107457.08610703296,0.0,0.0,0.0,0.0,0.0,0.0,0.0,0.0,0.0,0.0,0.0,-1645843.8363050448,-531911.6651713,0.0,0.0,0.0,0.0,0.0,0.0,0.0,0.0,23138.21721626239,0.0,52219.10794576205,685.3905699724237,105524.99455127236,90906.3867187436,0.0,0.0,0.0,0.0,0.0,0.0,0.0,0.0,0.0,-4087526.227527586,0.0,0.0,0.0,0.0,0.0,0.0,0.0,0.0,0.0,0.0,0.0,0.0,0.0,0.0,-30235.59867562999,0.0,0.0,-163113.3256650328,0.0,0.0,0.0,0.0,10055.51824599324,0.0,0.0,0.0
Louisiana,2029,0.0,0.0,0.0,0.0,0.0,0.0,0.0,0.0,0.0,0.0,0.0,0.0,0.0,0.0,0.0,0.0,0.0,0.0,0.0,0.0,0.0,0.0,0.0,0.0,0.0,0.0,0.0,0.0,0.0,0.0,0.0,0.0,0.0,0.0,0.0,0.0,0.0,0.0,0.0,0.0,57875.40325217444,-256503.78579259443,0.0,0.0,0.0,0.0,170287.22879518825,0.0,3714.2912240236437,-223250.09005222097,0.0,0.0,0.0,0.0,0.0,-1528554.9121062811,-7732351.919513639,-19562.33174595349,0.0,-674105.885347086,0.0,0.0,6354.13670126877,0.0,0.0,56141.072641492414,0.0,0.0,0.0,0.0,0.0,0.0,0.0,0.0,0.0,0.0,85768.8585182348,0.0,0.0,21206.030133323366,-1125641.3724707284,0.0,-634537.7983826927,368.82919614313505,0.0,0.0,-5837.27163840004,0.0,-2719913.726117055,0.0,0.0,0.0,0.0,102086.41927053838,0.0,-178648.0824814827,0.0,0.0,-846610.0949142082,0.0,7641.877494659944,0.0,0.0,0.0,9274.73703587077,0.0,112022.0544115015,564831.0903103678,0.0,0.0,0.0,785.8696372106951,-927033.2475480172,0.0,0.0,-2096907.3253014626,-780115.5949216459,0.0,0.0,0.0,0.0,-2128267.5007379134,45488.76417346799,0.0,0.0,0.0,0.0,0.0,-1155636.4280787786,0.0,0.0,0.0,0.0,0.0,13275.500217804642,52268.3068431369,0.0,0.0,0.0,0.0,24994.7642743428,137663.91676384874,0.0,0.0,0.0,0.0,0.0,0.0,0.0,0.0,0.0,0.0,0.0,-1879658.6198581532,-606905.5454198966,0.0,0.0,0.0,0.0,0.0,0.0,0.0,0.0,29642.508691801602,0.0,66898.21202268137,878.0579652181286,135188.70269702142,116460.71662585565,0.0,0.0,0.0,0.0,0.0,0.0,0.0,0.0,0.0,-4705777.984419835,0.0,0.0,0.0,0.0,0.0,0.0,0.0,0.0,0.0,0.0,0.0,0.0,0.0,0.0,-34961.087634274525,0.0,0.0,-185572.56206666617,0.0,0.0,0.0,0.0,12882.184665373818,0.0,0.0,0.0
Louisiana,2030,0.0,0.0,0.0,0.0,0.0,0.0,0.0,0.0,0.0,0.0,0.0,0.0,0.0,0.0,0.0,0.0,0.0,0.0,0.0,0.0,0.0,0.0,0.0,0.0,0.0,0.0,0.0,0.0,0.0,0.0,0.0,0.0,0.0,0.0,0.0,0.0,0.0,0.0,0.0,0.0,62455.47113543999,-126927.26958688605,0.0,0.0,0.0,0.0,183763.1965415699,0.0,4008.2279395938604,-133130.4084402802,0.0,0.0,0.0,0.0,0.0,-904739.4223882421,-4423065.548146296,-11015.974411619518,0.0,-363399.866128606,0.0,0.0,6856.98205172889,0.0,0.0,60583.89133974002,0.0,0.0,0.0,0.0,0.0,0.0,0.0,0.0,0.0,0.0,92556.32214197994,0.0,0.0,22884.20517984536,-629083.2516692097,0.0,-387797.104714386,398.0171181400742,0.0,0.0,-3709.197917777085,0.0,-1652860.2359097595,0.0,0.0,0.0,0.0,114718.21106255322,0.0,-103874.14849912346,0.0,0.0,-335348.60445720656,0.0,8246.630389920807,0.0,0.0,0.0,10008.709031515216,0.0,120887.10907716001,609529.9535723394,0.0,0.0,0.0,848.0607595798874,-489971.4754072861,0.0,0.0,-1264083.9306363675,-450784.7012884279,0.0,0.0,0.0,0.0,-1311447.4483829741,49088.59443180001,0.0,0.0,0.0,0.0,0.0,-633937.0601688877,0.0,0.0,0.0,0.0,0.0,14326.079371731612,56404.64767244994,0.0,0.0,0.0,0.0,26972.76720252825,148558.18355811003,0.0,0.0,0.0,0.0,0.0,0.0,0.0,0.0,0.0,0.0,0.0,-1087775.5282361878,-348586.6755316099,0.0,0.0,0.0,0.0,0.0,0.0,0.0,0.0,31988.318732159998,0.0,72192.31513239001,947.5445667821532,145887.08924139012,125677.03233006003,0.0,0.0,0.0,0.0,0.0,0.0,0.0,0.0,0.0,-2896470.3677202826,0.0,0.0,0.0,0.0,0.0,0.0,0.0,0.0,0.0,0.0,0.0,0.0,0.0,0.0,-22215.44610040061,0.0,0.0,-104103.81351518008,0.0,0.0,0.0,0.0,13901.638128101258,0.0,0.0,0.0
Louisiana,2031,0.0,0.0,0.0,0.0,0.0,0.0,0.0,0.0,0.0,0.0,0.0,0.0,0.0,0.0,0.0,0.0,0.0,0.0,0.0,0.0,0.0,0.0,0.0,0.0,0.0,0.0,0.0,0.0,0.0,0.0,0.0,0.0,0.0,0.0,0.0,0.0,0.0,0.0,0.0,0.0,75154.7502663128,3865.481266937102,0.0,0.0,0.0,0.0,221128.37983835605,0.0,4823.234287311279,-47576.17579606065,0.0,0.0,0.0,0.0,0.0,-310499.5256508107,-1225252.4530020803,-2708.4273957866753,0.0,-56901.15250211046,0.0,0.0,8251.23506891376,0.0,0.0,72902.6159121538,0.0,0.0,0.0,0.0,0.0,0.0,0.0,0.0,0.0,0.0,111376.10764418251,0.0,0.0,27537.326899747277,-145077.68203357956,0.0,-156366.85337470105,478.9472654952224,0.0,0.0,-1757.153928845246,0.0,-649097.9778491037,0.0,0.0,0.0,0.0,142801.58199922973,0.0,-32093.61250335601,0.0,0.0,200673.65639610775,0.0,9923.445235871368,0.0,0.0,0.0,12043.81320125665,0.0,145467.48792284913,733467.7107987152,0.0,0.0,0.0,1020.499780694463,-56268.721606413834,0.0,0.0,-477527.2775718239,-133827.79922136327,0.0,0.0,0.0,0.0,-548649.7845125018,59069.94196626602,0.0,0.0,0.0,0.0,0.0,-122168.6934265534,0.0,0.0,0.0,0.0,0.0,17239.04884398372,67873.5926991814,0.0,0.0,0.0,0.0,32457.229867042275,178765.01421492605,0.0,0.0,0.0,0.0,0.0,0.0,0.0,0.0,0.0,0.0,0.0,-326110.95047789696,-99370.72802252672,0.0,0.0,0.0,0.0,0.0,0.0,0.0,0.0,38492.61020769918,0.0,86871.41920930927,1140.2119620278572,175550.7973871394,151231.3622371722,0.0,0.0,0.0,0.0,0.0,0.0,0.0,0.0,0.0,-1205804.1115899654,0.0,0.0,0.0,0.0,0.0,0.0,0.0,0.0,0.0,0.0,0.0,0.0,0.0,0.0,-10524.096923833851,0.0,0.0,-24802.148059029423,0.0,0.0,0.0,0.0,16728.304547481835,0.0,0.0,0.0
Louisiana,2032,0.0,0.0,0.0,0.0,0.0,0.0,0.0,0.0,0.0,0.0,0.0,0.0,0.0,0.0,0.0,0.0,0.0,0.0,0.0,0.0,0.0,0.0,0.0,0.0,0.0,0.0,0.0,0.0,0.0,0.0,0.0,0.0,0.0,0.0,0.0,0.0,0.0,0.0,0.0,0.0,87854.0293971856,123380.61054936971,0.0,0.0,0.0,0.0,258493.56313514174,0.0,5638.240635028695,29867.44847002806,0.0,0.0,0.0,0.0,0.0,227698.14336945838,1677503.504644961,4839.545554229087,0.0,222203.82422198728,0.0,0.0,9645.488086098638,0.0,0.0,85221.34048456763,0.0,0.0,0.0,0.0,0.0,0.0,0.0,0.0,0.0,0.0,130195.8931463852,0.0,0.0,32190.448619649193,294860.61002331576,0.0,52718.457106427406,559.877412850371,0.0,0.0,0.0,0.0,258175.60353453946,0.0,0.0,0.0,0.0,170542.3541083414,0.0,32996.6261440106,0.0,0.0,693183.8277576715,0.0,11600.260081821929,0.0,0.0,0.0,14078.917370998082,0.0,170047.86676853837,857405.4680250911,0.0,0.0,0.0,1192.9388018090403,339026.3221871543,0.0,0.0,233875.59210776095,153702.64272985735,0.0,0.0,0.0,0.0,140011.55135047762,69051.28950073197,0.0,0.0,0.0,0.0,0.0,343461.9871497359,0.0,0.0,0.0,0.0,0.0,20152.0183162358,79342.53772591287,0.0,0.0,0.0,0.0,37941.69253155636,208971.84487174137,0.0,0.0,0.0,0.0,0.0,0.0,0.0,0.0,0.0,0.0,0.0,364774.1314073354,126793.60329277662,0.0,0.0,0.0,0.0,0.0,0.0,0.0,0.0,44996.90168323839,0.0,101550.52328622853,1332.8793572735622,205214.5055328887,176785.6921442846,0.0,0.0,0.0,0.0,0.0,0.0,0.0,0.0,0.0,320695.9555410405,0.0,0.0,0.0,0.0,0.0,0.0,0.0,0.0,0.0,0.0,0.0,0.0,0.0,0.0,0.0,0.0,0.0,47264.22391640721,0.0,0.0,0.0,0.0,19554.970966862413,0.0,0.0,0.0
Louisiana,2033,0.0,0.0,0.0,0.0,0.0,0.0,0.0,0.0,0.0,0.0,0.0,0.0,0.0,0.0,0.0,0.0,0.0,0.0,0.0,0.0,0.0,0.0,0.0,0.0,0.0,0.0,0.0,0.0,0.0,0.0,0.0,0.0,0.0,0.0,0.0,0.0,0.0,0.0,0.0,0.0,94099.57651072962,132151.74400074675,0.0,0.0,0.0,0.0,276869.88278929866,0.0,6039.06342898808,31990.72679728124,0.0,0.0,0.0,0.0,0.0,243885.2151729744,1796757.3082927046,5183.589077041583,0.0,238000.3046169153,0.0,0.0,10331.186291271522,0.0,0.0,91279.7296185416,0.0,0.0,0.0,0.0,0.0,0.0,0.0,0.0,0.0,0.0,139451.5253605832,0.0,0.0,34478.86913763371,315822.2647643096,0.0,56466.2147206284,599.6791246643784,0.0,0.0,0.0,0.0,276529.31942562014,0.0,0.0,0.0,0.0,182666.2181444792,0.0,35342.35786040945,0.0,0.0,742462.2989252787,0.0,12424.923120814019,0.0,0.0,0.0,15079.7882741496,0.0,182136.57767625432,918358.4633823251,0.0,0.0,0.0,1277.7448777670288,363127.7194990376,0.0,0.0,250501.81903485302,164629.37088600837,0.0,0.0,0.0,0.0,149964.9791716016,73960.148943912,0.0,0.0,0.0,0.0,0.0,367878.71609402983,0.0,0.0,0.0,0.0,0.0,21584.626253408962,84983.00249315792,0.0,0.0,0.0,0.0,40638.969251809205,223827.66322755243,0.0,0.0,0.0,0.0,0.0,0.0,0.0,0.0,0.0,0.0,0.0,390705.9416969563,135807.36656003562,0.0,0.0,0.0,0.0,0.0,0.0,0.0,0.0,48195.73355645439,0.0,108769.75479946763,1427.6338139517775,219803.2144570276,189353.39537729044,0.0,0.0,0.0,0.0,0.0,0.0,0.0,0.0,0.0,343494.24621931324,0.0,0.0,0.0,0.0,0.0,0.0,0.0,0.0,0.0,0.0,0.0,0.0,0.0,0.0,0.0,0.0,0.0,50624.23983463523,0.0,0.0,0.0,0.0,20945.13477967253,0.0,0.0,0.0
Maine,2024,0.0,0.0,0.0,0.0,0.0,0.0,0.0,0.0,0.0,0.0,0.0,-3.637978807091713e-12,0.0,0.0,0.0,0.0,0.0,0.0,0.0,0.0,0.0,0.0,0.0,0.0,0.0,0.0,0.0,0.0,0.0,0.0,0.0,0.0,0.0,0.0,0.0,0.0,0.0,0.0,0.0,0.0,0.0,0.0,0.0,0.0,0.0,0.0,0.0,0.0,0.0,0.0,0.0,0.0,0.0,0.0,0.0,0.0,0.0,0.0,0.0,0.0,0.0,0.0,0.0,0.0,0.0,0.0,0.0,0.0,0.0,0.0,0.0,0.0,0.0,0.0,0.0,0.0,0.0,0.0,0.0,0.0,0.0,0.0,0.0,0.0,0.0,0.0,3.637978807091713e-12,0.0,0.0,0.0,0.0,0.0,0.0,0.0,0.0,0.0,0.0,0.0,0.0,0.0,0.0,0.0,0.0,0.0,0.0,0.0,0.0,0.0,0.0,0.0,0.0,0.0,0.0,0.0,0.0,0.0,0.0,0.0,0.0,0.0,0.0,0.0,0.0,0.0,0.0,0.0,0.0,0.0,0.0,0.0,0.0,0.0,0.0,0.0,0.0,0.0,0.0,0.0,0.0,0.0,0.0,-4.547473508864641e-13,0.0,0.0,0.0,0.0,0.0,0.0,0.0,0.0,0.0,0.0,0.0,0.0,0.0,0.0,0.0,0.0,0.0,0.0,0.0,0.0,0.0,0.0,0.0,0.0,0.0,0.0,0.0,0.0,0.0,0.0,0.0,0.0,0.0,0.0,0.0,0.0,0.0,0.0,0.0,0.0,0.0,0.0,0.0,0.0,0.0,0.0,0.0,0.0,0.0,0.0,0.0,0.0,0.0,0.0,0.0,0.0,0.0,0.0,0.0,0.0,0.0,0.0,0.0
Maine,2025,58587.55398057576,44656.89439799299,0.0,54440.52145417209,0.0,0.0,0.0,0.0,0.0,0.0,0.0,2481.382758775595,0.0,0.0,0.0,0.0,0.0,0.0,0.0,7405.757770345692,0.0,0.0,0.0,0.0,33580.01137735922,0.0,0.0,0.0,0.0,0.0,0.0,0.0,0.0,0.0,0.0,3191.421135147313,0.0,0.0,0.0,116945.97106046742,-93234.59099036123,2133.464201901199,0.0,-6488.040235006134,0.0,1625.552392233716,46757.21165162127,0.0,0.0,-11427.680744967503,1983.99403347322,0.0,0.0,0.0,-24481.269180395662,0.0,-320366.7222616882,-700.6979268989819,0.0,-92.54150819676579,0.0,0.0,0.0,0.0,0.0,0.0,0.0,0.0,2307.3037635472065,0.0,101543.81107032578,0.0,0.0,0.0,12494.513217171188,-22840.721316755706,0.0,0.0,0.0,0.0,12174.273236559093,0.0,0.0,0.0,0.0,0.0,2266.365837086709,0.0,0.0,0.0,113157.94765554811,0.0,0.0,0.0,-29670.78473879723,1861.963880371084,2566.9088718577514,0.0,32941.99109318596,0.0,0.0,183568.87803169992,0.0,0.0,0.0,0.0,0.0,0.0,0.0,87829.44735509832,-3147.0790826679804,-573204.7010606886,648.6710652282563,-396748.53601604386,0.0,-22247.52130566718,-6555.535620546259,0.0,0.0,0.0,0.0,1177.2714381863389,733.2579039194388,0.0,0.0,0.0,-357.6551184860109,26162.82519172784,83654.27384910197,0.0,0.0,0.0,0.0,5270.621334174684,0.0,-4713.659127099789,0.0,0.0,0.0,0.0,6327.530183111347,-760.8189897516186,0.0,0.0,0.0,0.0,0.0,0.0,0.0,5266.90814960534,0.0,0.0,0.0,-7051.944844262034,-826.0410436912571,-926.9997644975301,0.0,2802.131697919558,0.0,3725.351307905221,7007.774627575476,0.0,0.0,3933.6772603231075,0.0,0.0,-19060.605919849506,0.0,9011.37778661873,3284.7736781227068,0.0,0.0,-13878.57338159523,0.0,0.0,0.0,0.0,2227.1275283881077,-619221.0406850264,201.17061283596604,0.0,0.0,0.0,0.0,0.0,0.0,0.0,0.0,0.0,0.0,0.0,0.0,0.0,-13816.48479160974,0.0,0.0,0.0,0.0,0.0,0.0,2451.583561674448,0.0,2202.5670292194445,-18279.22197644807,-3164.626691491332
Maine,2026,67573.37514324079,51506.111330200336,0.0,62790.29468333954,0.0,0.0,0.0,0.0,0.0,0.0,0.0,2861.9629365019173,0.0,0.0,0.0,0.0,0.0,0.0,0.0,8541.610189110375,0.0,0.0,0.0,0.0,38730.31987081916,0.0,0.0,0.0,0.0,0.0,0.0,0.0,0.0,0.0,0.0,3680.9029043416813,0.0,0.0,0.0,49700.527214815374,-218860.7299794383,2460.6826377756115,0.0,-59789.97756346804,0.0,1874.8702438033033,53928.56313193124,0.0,0.0,-24044.771144942984,2288.287596889357,0.0,0.0,0.0,-50767.94169267892,0.0,-724032.1363606161,-1598.2762678994259,0.0,-5206.9182619998755,0.0,0.0,0.0,0.0,0.0,0.0,0.0,0.0,2661.1847088765317,0.0,-73199.25781742902,0.0,0.0,0.0,14410.849600172922,-47365.86160967333,0.0,0.0,0.0,0.0,11185.790735103627,0.0,0.0,0.0,0.0,0.0,2613.967959339272,0.0,0.0,0.0,130513.46109965094,0.0,0.0,0.0,-74902.39176049657,2147.541162636582,2960.606551590543,0.0,-36428.20116913854,0.0,0.0,211723.6139261322,0.0,0.0,0.0,0.0,0.0,0.0,0.0,101300.22148931562,-7187.753855193787,-1344538.5865742369,748.1604924105031,-886373.9601145581,0.0,-73816.35631528031,-19554.985664343432,0.0,0.0,0.0,0.0,1357.8345422026487,-39730.32154768461,0.0,0.0,0.0,-2767.076043626199,30175.52844199282,38897.02223541448,0.0,0.0,0.0,0.0,6078.998839416199,0.0,-50666.494350704364,0.0,0.0,0.0,0.0,828.5209902180068,-1758.6885861977194,0.0,0.0,0.0,0.0,0.0,0.0,0.0,6074.716148011066,0.0,0.0,0.0,-20354.20608410696,-4160.458257942533,-3557.0963300687763,0.0,3231.9064982139753,0.0,4296.724207890686,8082.5866870195605,0.0,0.0,4537.001993501493,0.0,0.0,-48215.49150241175,0.0,10393.490944075616,3788.573322006545,0.0,0.0,-30000.73077676475,0.0,0.0,0.0,0.0,2568.7115051347464,-1386195.592145635,232.0250013077407,0.0,0.0,0.0,0.0,0.0,0.0,0.0,0.0,0.0,0.0,0.0,0.0,0.0,-28651.88439086032,0.0,0.0,0.0,0.0,0.0,0.0,2827.593310397533,0.0,2540.3840582408375,-43478.55529059195,-8469.966051201816
Maine,2027,78715.79338494537,59999.140326137654,0.0,73144.01348750736,0.0,0.0,0.0,0.0,0.0,0.0,0.0,3333.88235688255,0.0,0.0,0.0,0.0,0.0,0.0,0.0,9950.067188378584,0.0,0.0,0.0,0.0,45116.702402709576,0.0,0.0,0.0,0.0,0.0,0.0,0.0,0.0,0.0,0.0,4287.86029814271,0.0,0.0,0.0,-48055.26316506602,-393419.5272708856,2866.4334982598957,0.0,-134709.30892539932,0.0,2184.024379749593,62821.038967515575,0.0,0.0,-41522.942874794666,2665.611615525362,0.0,0.0,0.0,-87164.87286353266,0.0,-1284391.549141415,-2844.5764156174528,0.0,-12409.220976433091,0.0,0.0,0.0,0.0,0.0,0.0,0.0,0.0,3099.99708108489,0.0,-321989.971774091,0.0,0.0,0.0,16787.106715095084,-81323.74816909774,0.0,0.0,0.0,0.0,9478.273668994923,0.0,0.0,0.0,0.0,0.0,3044.994590932445,0.0,0.0,0.0,152034.2977703379,0.0,0.0,0.0,-137853.04298135798,2501.6569926458105,3448.7916744591967,0.0,-135003.4286605036,0.0,0.0,246635.4864352285,0.0,0.0,0.0,0.0,0.0,0.0,0.0,118003.98141574534,-12798.476207186131,-2416295.398286515,871.5273821164901,-1565850.0044210008,0.0,-145886.44123093493,-37697.866970970295,0.0,0.0,0.0,0.0,1581.7327911828743,-96750.93208414654,0.0,0.0,0.0,-6152.0076991286805,35151.280472321436,-26317.850874379976,0.0,0.0,0.0,0.0,7081.386945915685,0.0,-115278.95278343617,0.0,0.0,0.0,0.0,-7081.747907424957,-3144.714771534541,0.0,0.0,0.0,0.0,0.0,0.0,0.0,7076.398066034162,0.0,0.0,0.0,-38910.81663115379,-8836.325542035302,-7238.164355259847,0.0,3764.8272505790446,0.0,5005.226603872659,9415.353640730245,0.0,0.0,5285.124662642702,0.0,0.0,-88793.18405999451,0.0,12107.311259322116,4413.284880422529,0.0,0.0,-52353.12119877057,0.0,0.0,0.0,0.0,2992.275636300583,-2450620.6054329085,270.28444301273976,0.0,0.0,0.0,0.0,0.0,0.0,0.0,0.0,0.0,0.0,0.0,0.0,0.0,-49193.20691289958,0.0,0.0,0.0,0.0,0.0,0.0,3293.845398814148,0.0,2959.2771742273508,-78504.22295687595,-15861.785840448825
Maine,2028,77996.92769193219,59451.20297156111,0.0,72476.0316291739,0.0,0.0,0.0,0.0,0.0,0.0,0.0,3303.4359426644405,0.0,0.0,0.0,0.0,0.0,0.0,0.0,9859.198994877399,0.0,0.0,0.0,0.0,44704.67772323283,0.0,0.0,0.0,0.0,0.0,0.0,0.0,0.0,0.0,0.0,4248.701756607159,0.0,0.0,0.0,-159558.24349377677,-536126.1732841653,2840.2560233899385,0.0,-202218.11433870753,0.0,2164.0789516240256,62247.330849090824,0.0,0.0,-55421.16000559283,2641.26813045207,0.0,0.0,0.0,-115979.11004045852,0.0,-1738566.7395605156,-3856.9206507717963,0.0,-18998.300092659832,0.0,0.0,0.0,0.0,0.0,0.0,0.0,0.0,3071.686605458548,0.0,-569154.8494083323,0.0,0.0,0.0,16633.799804454902,-108207.07502864208,0.0,0.0,0.0,0.0,5638.893170065712,0.0,0.0,0.0,0.0,0.0,3017.1864211522443,0.0,0.0,0.0,150645.85669480986,0.0,0.0,0.0,-190054.87648257948,2478.8108100645695,3417.295860080565,0.0,-231573.03196366737,0.0,0.0,244383.10756367445,0.0,0.0,0.0,0.0,0.0,0.0,0.0,116926.31948500755,-17357.33251516219,-3292343.855157158,863.5682279419116,-2115023.867677861,0.0,-207839.18661745323,-53115.50784403448,0.0,0.0,0.0,0.0,1567.2877428615702,-149190.363883266,0.0,0.0,0.0,-9190.077450833087,34830.264212300186,-101756.32508246182,0.0,0.0,0.0,0.0,7016.716745496364,0.0,-173665.02103523677,0.0,0.0,0.0,0.0,-15518.953103579319,-4273.997955425528,0.0,0.0,0.0,0.0,0.0,0.0,0.0,7011.773426161708,0.0,0.0,0.0,-54615.26501993551,-12971.058419395253,-10441.560492017772,0.0,3730.4452665554927,0.0,4959.516771873823,9329.368675974722,0.0,0.0,5236.85868398843,0.0,0.0,-122454.38391248144,0.0,11996.742206725597,4372.980908911821,0.0,0.0,-70264.62211939805,0.0,0.0,0.0,0.0,2964.948918160855,-3311351.8685979033,267.81609193499844,0.0,0.0,0.0,0.0,0.0,0.0,0.0,0.0,0.0,0.0,0.0,0.0,0.0,-65455.08724284733,0.0,0.0,0.0,0.0,0.0,0.0,3263.7646189163097,0.0,2932.251811905655,-107218.69050165922,-22051.088719980493
Maine,2029,99922.33132883476,76163.29228614736,0.0,92849.47830834251,0.0,0.0,0.0,0.0,0.0,0.0,0.0,4232.051576316651,0.0,0.0,0.0,0.0,0.0,0.0,0.0,12630.678896663201,0.0,0.0,0.0,0.0,57271.43044727523,0.0,0.0,0.0,0.0,0.0,0.0,0.0,0.0,0.0,0.0,5443.037273441427,0.0,0.0,0.0,-149683.73138631321,-615310.0240065916,3638.669006923512,0.0,-225456.9879019832,0.0,2772.4145094538217,79745.42846104724,0.0,0.0,-64020.28566655773,3383.744425187444,0.0,0.0,0.0,-134105.3594926099,0.0,-1999511.889840401,-4433.498455781466,0.0,-21062.094514676806,0.0,0.0,0.0,0.0,0.0,0.0,0.0,0.0,3935.156112062101,0.0,-606873.5486893672,0.0,0.0,0.0,21309.66057897912,-125118.64154930778,0.0,0.0,0.0,0.0,9058.737900401844,0.0,0.0,0.0,0.0,0.0,3865.33559944851,0.0,0.0,0.0,192993.30949841975,0.0,0.0,0.0,-217343.98646903894,3175.619378792395,4377.918198628562,0.0,-248854.89078570786,0.0,0.0,313080.6631460893,0.0,0.0,0.0,0.0,0.0,0.0,0.0,149795.00837249868,-19950.659609861155,-3778761.6053720126,1106.3224302665958,-2434092.791550856,0.0,-235324.57849000726,-60340.747222799895,0.0,0.0,0.0,0.0,2007.8617166613658,-165059.56579199492,0.0,0.0,0.0,-10260.712985403552,44621.26014294679,-93361.99000585522,0.0,0.0,0.0,0.0,8989.15785828566,0.0,-193424.2192606529,0.0,0.0,0.0,0.0,-15724.937013802613,-4909.308317858307,0.0,0.0,0.0,0.0,0.0,0.0,0.0,8982.824942271684,0.0,0.0,0.0,-62116.46216784578,-14556.417479074698,-11778.319505653053,0.0,4779.095779273855,0.0,6353.666647838356,11951.910101018293,0.0,0.0,6708.9710329437075,0.0,0.0,-140023.9681698078,0.0,15369.098310920337,5602.252039988409,0.0,0.0,-81025.92396829376,0.0,0.0,0.0,0.0,3798.4138214226587,-3810448.0604952965,343.1007998061268,0.0,0.0,0.0,0.0,0.0,0.0,0.0,0.0,0.0,0.0,0.0,0.0,0.0,-75684.99191156133,0.0,0.0,0.0,0.0,0.0,0.0,4181.228405800608,0.0,3756.525362717839,-122969.77761142248,-25153.072226147728
Maine,2030,107829.85395198001,82190.6031864899,0.0,100197.27875000995,0.0,0.0,0.0,0.0,0.0,0.0,0.0,4566.962132715813,0.0,0.0,0.0,0.0,0.0,0.0,0.0,13630.2290251761,0.0,0.0,0.0,0.0,61803.701921520056,0.0,0.0,0.0,0.0,0.0,0.0,0.0,0.0,0.0,0.0,5873.781230332483,0.0,0.0,0.0,63422.279398104176,-370009.0477201119,3926.6212304930013,0.0,-105165.15732705,0.0,2991.814218835061,86056.21776371996,0.0,0.0,-40395.60393313975,3651.5227609936446,0.0,0.0,0.0,-85215.03726509406,0.0,-1221492.8308430184,-2697.8021826322633,0.0,-9260.134635703973,0.0,0.0,0.0,0.0,0.0,0.0,0.0,0.0,4246.5713439519095,0.0,-152302.92824352812,0.0,0.0,0.0,22996.036596020625,-79504.57567484285,0.0,0.0,0.0,0.0,17317.056118564476,0.0,0.0,0.0,0.0,0.0,4171.225467030763,0.0,0.0,0.0,208266.16132922983,0.0,0.0,0.0,-127112.38185754116,3426.9273871860423,4724.372156793412,0.0,-72010.490916298,0.0,0.0,337856.8307331903,0.0,0.0,0.0,0.0,0.0,0.0,0.0,161649.2896106101,-12133.412593554018,-2273003.0882176477,1193.8731261869752,-1494396.184611126,0.0,-126773.63299709006,-33441.7354725468,0.0,0.0,0.0,0.0,2166.7572481957177,-70967.18616023404,0.0,0.0,0.0,-4854.691106397175,48152.439003180014,51329.184566701995,0.0,0.0,0.0,0.0,9700.530062898193,0.0,-89286.50170276198,0.0,0.0,0.0,0.0,115.49958413047716,-2970.7645693823556,0.0,0.0,0.0,0.0,0.0,0.0,0.0,9693.695980868717,0.0,0.0,0.0,-34759.36376245602,-7237.293735020321,-6140.233083623316,0.0,5157.297603532941,0.0,6856.4747998255625,12897.744713329099,0.0,0.0,7239.8967981406895,0.0,0.0,-81831.98224463584,0.0,16585.35788948236,6045.595726606196,0.0,0.0,-50483.40729518658,0.0,0.0,0.0,0.0,4099.007720959704,-2337347.6667319383,370.25266166128813,0.0,0.0,0.0,0.0,0.0,0.0,0.0,0.0,0.0,0.0,0.0,0.0,0.0,-48092.77892064748,0.0,0.0,0.0,0.0,0.0,0.0,4512.116984676915,0.0,4053.8043482566572,-73557.65308840307,-14414.86337920084
Maine,2031,129755.25758888258,98902.69250107626,0.0,120570.72542917868,0.0,0.0,0.0,0.0,0.0,0.0,0.0,5495.577766368031,0.0,0.0,0.0,0.0,0.0,0.0,0.0,16401.708926961946,0.0,0.0,0.0,0.0,74370.45464556245,0.0,0.0,0.0,0.0,0.0,0.0,0.0,0.0,0.0,0.0,7068.11674716675,0.0,0.0,0.0,311364.71874397807,-138056.1265574178,4725.034214026582,0.0,17784.003932710388,0.0,3600.14977666485,103554.31537567638,0.0,0.0,-18630.781251681277,4393.999055729022,0.0,0.0,0.0,-40368.818501006426,0.0,-491593.20551560423,-1066.169116571261,0.0,2930.149031821682,0.0,0.0,0.0,0.0,0.0,0.0,0.0,0.0,5110.040850555466,0.0,341880.2919902154,0.0,0.0,0.0,27671.897370544815,-37663.60830698064,0.0,0.0,0.0,0.0,28718.065789496002,0.0,0.0,0.0,0.0,0.0,5019.374645327014,0.0,0.0,0.0,250613.61413283995,0.0,0.0,0.0,-40705.90247910525,4123.735955913864,5684.994495341409,0.0,118705.31141409278,0.0,0.0,406554.3863156056,0.0,0.0,0.0,0.0,0.0,0.0,0.0,194517.978498101,-4782.798333757726,-849389.7577900984,1436.6273285116577,-615119.1345863948,0.0,-19670.040689240035,-7145.942252117427,0.0,0.0,0.0,0.0,2607.331221995515,26566.218282938702,0.0,0.0,0.0,655.2536337778001,57943.43493382662,220670.48633960448,0.0,0.0,0.0,0.0,11672.97117568749,0.0,17363.53416686284,0.0,0.0,0.0,0.0,17990.553262300382,-1143.3394384931244,0.0,0.0,0.0,0.0,0.0,0.0,0.0,11664.747496978693,0.0,0.0,0.0,-8106.013729414102,142.34770498264697,-523.7150542165582,0.0,6205.948116251304,0.0,8250.624675790095,15520.2861383727,0.0,0.0,8712.00914709596,0.0,0.0,-26089.385128496535,0.0,19957.713993677142,7274.866857682791,0.0,0.0,-22135.322750841715,0.0,0.0,0.0,0.0,4932.472624221507,-958321.3551495443,445.53736953241605,0.0,0.0,0.0,0.0,0.0,0.0,0.0,0.0,0.0,0.0,0.0,0.0,0.0,-22782.935098849102,0.0,0.0,0.0,0.0,0.0,0.0,5429.580771561221,0.0,4878.077899068845,-26716.66042836885,-4045.9214796756933
Maine,2032,151680.66122578515,115614.78181566251,0.0,140944.1721083474,0.0,0.0,0.0,0.0,0.0,0.0,0.0,6424.193400020249,0.0,0.0,0.0,0.0,0.0,0.0,0.0,19173.18882874775,0.0,0.0,0.0,0.0,86937.20736960485,0.0,0.0,0.0,0.0,0.0,0.0,0.0,0.0,0.0,0.0,8262.452264001018,0.0,0.0,0.0,542380.3100522584,71774.68467766466,5523.447197560159,0.0,130339.06179908954,0.0,4208.48533449465,121052.4129876328,0.0,0.0,975.1368457975404,5136.475350464396,0.0,0.0,0.0,0.0,0.0,167856.44723422627,408.45813067508357,0.0,14106.954670044986,0.0,0.0,0.0,0.0,0.0,0.0,0.0,0.0,5973.5103571590225,0.0,798244.7977630463,0.0,0.0,0.0,32347.758145069063,0.0,0.0,0.0,0.0,0.0,39551.60731098155,0.0,0.0,0.0,0.0,0.0,5867.523823623269,0.0,0.0,0.0,292961.0669364501,0.0,0.0,0.0,37616.716187606304,4820.544524641693,6645.616833889399,0.0,294632.28921300336,0.0,0.0,475251.94189802045,0.0,0.0,0.0,0.0,0.0,0.0,0.0,227386.66738559143,1860.7925728519822,438418.61048168223,1679.3815308363419,178954.41729423264,0.0,77864.15136725083,16766.47479726818,0.0,0.0,0.0,0.0,3047.905195795309,116036.59337540285,0.0,0.0,0.0,5697.313079188774,67734.43086447316,378568.3111226321,0.0,0.0,0.0,0.0,13645.412288476786,0.0,115025.75752055563,0.0,0.0,0.0,0.0,34580.02857982766,508.9829394305507,0.0,0.0,0.0,0.0,0.0,0.0,0.0,13635.799013088668,0.0,0.0,0.0,16118.916664615215,6884.569384687093,4598.4185982766685,0.0,7254.598628969667,0.0,9644.774551754621,18142.82756341627,0.0,0.0,10184.121496051237,0.0,0.0,24440.64863310744,0.0,23330.07009787188,8504.13798875938,0.0,0.0,3432.048540772772,0.0,0.0,0.0,0.0,5765.937527483318,287168.72338726814,520.8220774035449,0.0,0.0,0.0,0.0,0.0,0.0,0.0,0.0,0.0,0.0,0.0,0.0,0.0,0.0,0.0,0.0,0.0,0.0,0.0,0.0,6347.0445584455265,0.0,5702.351449881033,15673.977936106356,5365.225264857556
Maine,2033,162463.64662098314,123833.84213431156,0.0,150963.89998334832,0.0,0.0,0.0,0.0,0.0,0.0,0.0,6880.889613291827,0.0,0.0,0.0,0.0,0.0,0.0,0.0,20536.211731265343,0.0,0.0,0.0,0.0,93117.57756175683,0.0,0.0,0.0,0.0,0.0,0.0,0.0,0.0,0.0,0.0,8849.830387034264,0.0,0.0,0.0,580938.1519991015,76877.15041304362,5916.109320609459,0.0,139604.8718795936,0.0,4507.666756378159,129658.03476400475,0.0,0.0,1044.4593703803039,5501.627626563757,0.0,0.0,0.0,0.0,0.0,179789.370023389,437.4954385429803,0.0,15109.818746114528,0.0,0.0,0.0,0.0,0.0,0.0,0.0,0.0,6398.16749155421,0.0,854992.0582675287,0.0,0.0,0.0,34647.36180467112,0.0,0.0,0.0,0.0,0.0,42363.332949202944,0.0,0.0,0.0,0.0,0.0,6284.6463703263435,0.0,0.0,0.0,313787.683069373,0.0,0.0,0.0,40290.89032416599,5163.237263360294,7118.054049568738,0.0,315577.7126167712,0.0,0.0,509037.6249713395,0.0,0.0,0.0,0.0,0.0,0.0,0.0,243551.5963466526,1993.0764050452508,469585.8102789582,1798.7688434550428,191676.29530093155,0.0,83399.51757819287,17958.404285225668,0.0,0.0,0.0,0.0,3264.5809206148806,124285.64029782487,0.0,0.0,0.0,6102.33533600314,72549.67476479121,405480.750301966,0.0,0.0,0.0,0.0,14615.465294766604,0.0,123202.9440741496,0.0,0.0,0.0,0.0,37038.32445043154,545.1665607170835,0.0,0.0,0.0,0.0,0.0,0.0,0.0,14605.168611175533,0.0,0.0,0.0,17264.81121423241,7373.993748527406,4925.320394362683,0.0,7770.32838932296,0.0,10330.422031737187,19432.602034749172,0.0,0.0,10908.111175865306,0.0,0.0,26178.135502759644,0.0,24988.60588682012,9108.697561419998,0.0,0.0,3676.033034192642,0.0,0.0,0.0,0.0,6175.838299579289,307583.5615427613,557.8473435696737,0.0,0.0,0.0,0.0,0.0,0.0,0.0,0.0,0.0,0.0,0.0,0.0,0.0,0.0,0.0,0.0,0.0,0.0,0.0,0.0,6798.256256913217,0.0,6107.7318847067,16788.241770426714,5746.639383212361
Maryland,2024,0.0,0.0,0.0,0.0,0.0,0.0,0.0,0.0,0.0,0.0,0.0,3.637978807091713e-12,0.0,0.0,0.0,0.0,0.0,0.0,0.0,0.0,0.0,0.0,0.0,0.0,0.0,0.0,0.0,0.0,0.0,0.0,0.0,0.0,0.0,0.0,0.0,0.0,0.0,0.0,0.0,0.0,0.0,0.0,0.0,0.0,0.0,0.0,0.0,0.0,0.0,0.0,0.0,0.0,0.0,0.0,0.0,0.0,0.0,0.0,0.0,0.0,0.0,0.0,0.0,0.0,0.0,0.0,0.0,0.0,0.0,0.0,0.0,0.0,0.0,0.0,0.0,0.0,0.0,0.0,0.0,0.0,0.0,0.0,0.0,0.0,0.0,0.0,0.0,0.0,0.0,0.0,0.0,0.0,0.0,0.0,0.0,0.0,0.0,0.0,0.0,0.0,0.0,0.0,0.0,0.0,0.0,0.0,0.0,0.0,0.0,0.0,0.0,0.0,0.0,0.0,0.0,0.0,0.0,0.0,0.0,0.0,0.0,0.0,0.0,0.0,0.0,0.0,0.0,0.0,0.0,0.0,0.0,0.0,0.0,0.0,0.0,0.0,0.0,0.0,0.0,0.0,0.0,0.0,0.0,0.0,0.0,0.0,0.0,0.0,0.0,0.0,0.0,0.0,0.0,0.0,0.0,0.0,0.0,0.0,0.0,0.0,0.0,0.0,0.0,0.0,0.0,0.0,0.0,0.0,0.0,0.0,0.0,0.0,0.0,0.0,0.0,0.0,0.0,0.0,0.0,0.0,0.0,0.0,0.0,0.0,0.0,0.0,0.0,0.0,0.0,0.0,0.0,0.0,0.0,0.0,0.0,0.0,0.0,0.0,0.0,0.0,0.0,0.0,0.0,0.0,0.0
Maryland,2025,0.0,2967.119913519404,0.0,1090.8960346206914,0.0,0.0,0.0,0.0,0.0,0.0,0.0,1857.4842924723998,0.0,0.0,0.0,0.0,0.0,0.0,0.0,0.0,0.0,0.0,0.0,0.0,0.0,0.0,0.0,0.0,0.0,0.0,0.0,0.0,0.0,0.0,0.0,3938.3187064616504,0.0,76991.92310404766,0.0,-135434.05562083563,47806.50778607896,10007.742009903886,0.0,0.0,0.0,0.0,111207.81857960531,0.0,4578.47892723816,246.0725874115219,-67706.26086021555,0.0,0.0,0.0,-1034175.276702594,420.7574275467123,-12229.296490326939,-2071.415943416454,0.0,0.0,0.0,0.0,0.0,0.0,0.0,0.0,0.0,22934.659531469224,546.2007865432342,0.0,91014.1748917643,0.0,0.0,0.0,-215809.59406306758,0.0,0.0,0.0,4668.724640524422,0.0,-249372.61069320817,0.0,0.0,0.0,0.0,0.0,11117.719290345776,0.0,0.0,0.0,0.0,0.0,0.0,13295.72582039659,-22484.411274418817,4561.470333149984,3913.5812505842987,0.0,0.0,0.0,0.0,0.0,0.0,0.0,737.8210814800168,0.0,0.0,0.0,0.0,-17055.838367938282,0.0,7693.306044622674,0.0,30896.140323500265,0.0,-45117.746063922765,-66060.39002727636,0.0,0.0,0.0,0.0,-13929.391578076247,21954.810549657093,0.0,0.0,0.0,-4179.6400334684295,-16709.3586834397,-140071.7623411417,0.0,1328.8990512062173,-4223.400957456444,2570.525458974327,28224.64753314329,0.0,-24932.73173069532,0.0,0.0,-527.3518616191614,0.0,-407.68875226234377,-141212.46112374944,50401.481373954564,0.0,4632.048355789579,0.0,0.0,0.0,0.0,-38611.22094195924,0.0,0.0,0.0,5940.895324649595,-59484.581818428764,-13918.28430598561,0.0,0.0,0.0,5021.558879617129,0.0,0.0,0.0,22669.640703953017,150673.67379664793,0.0,1728.0053242978393,0.0,36530.712474018335,1288.3130266923727,0.0,0.0,0.0,0.0,0.0,0.0,0.0,0.0,-59442.23698831542,0.0,-226651.81216334063,0.0,0.0,0.0,0.0,0.0,0.0,0.0,0.0,0.0,0.0,0.0,0.0,0.0,0.0,0.0,0.0,1988.128697933993,0.0,0.0,0.0,0.0,0.0,0.0,0.0
Maryland,2026,0.0,3422.199654856733,0.0,1258.2113773539277,0.0,0.0,0.0,0.0,0.0,0.0,0.0,2142.374521379199,0.0,0.0,0.0,0.0,0.0,0.0,0.0,0.0,0.0,0.0,0.0,0.0,0.0,0.0,0.0,0.0,0.0,0.0,0.0,0.0,0.0,0.0,0.0,4542.355317882146,0.0,88800.50026724522,0.0,-460139.29385452997,55138.794256336405,9924.673963069014,0.0,0.0,0.0,0.0,128264.23247218295,0.0,5280.699621599837,283.81378179979174,-140730.2144426577,0.0,0.0,0.0,-2144617.166731338,485.2907753299505,-29115.53164587995,-6185.295394563473,0.0,0.0,0.0,0.0,0.0,0.0,0.0,0.0,0.0,26452.245349179197,629.9739133136691,0.0,-166857.73251527362,0.0,0.0,0.0,-536804.2502403413,0.0,0.0,0.0,5384.786701954537,0.0,-604628.6713498975,0.0,0.0,0.0,0.0,0.0,12822.890960644203,0.0,0.0,0.0,0.0,0.0,0.0,15334.947571991157,-50925.71508576487,5261.082347436786,4513.823773680051,0.0,0.0,0.0,0.0,0.0,0.0,0.0,850.9838240383015,0.0,0.0,0.0,0.0,-44046.3121951128,0.0,8873.260959442094,0.0,15034.675287883263,0.0,-114542.34951229393,-169345.69171929208,0.0,0.0,0.0,0.0,-34834.52580500394,25322.112781199627,0.0,0.0,0.0,-28699.10419706849,-53269.362476713606,-528903.7113672378,0.0,1532.7179240906062,-10557.5471916018,2964.777829982657,32553.581203870825,0.0,-65915.17697290349,0.0,0.0,-2623.2880624369973,0.0,-4892.628273363371,-313696.1308253777,58131.76992824196,0.0,5342.485220174487,0.0,0.0,0.0,0.0,-85240.83115571438,0.0,0.0,0.0,6852.075589166401,-146368.95334397285,-50195.070924644475,0.0,0.0,0.0,5791.736621889693,0.0,0.0,0.0,26146.579462227994,173783.13296791236,0.0,1993.0368157545636,0.0,42133.5824853708,1485.9070491912025,0.0,0.0,0.0,0.0,0.0,0.0,0.0,0.0,-141300.2425737878,0.0,-506154.1037927659,0.0,0.0,0.0,0.0,0.0,0.0,0.0,0.0,0.0,0.0,0.0,0.0,0.0,0.0,0.0,0.0,2293.0564123410404,0.0,0.0,0.0,0.0,0.0,0.0,0.0
Maryland,2027,0.0,3986.498534115024,0.0,1465.6824023431382,0.0,0.0,0.0,0.0,0.0,0.0,0.0,2495.6384052236463,0.0,0.0,0.0,0.0,0.0,0.0,0.0,0.0,0.0,0.0,0.0,0.0,0.0,0.0,0.0,0.0,0.0,0.0,0.0,0.0,0.0,0.0,0.0,5291.360716043564,0.0,103443.1359496105,0.0,-914051.7575385752,64230.829479455715,9548.689682352036,0.0,0.0,0.0,0.0,149414.18569897907,0.0,6151.4532826083305,330.6128628412466,-241848.12676966997,0.0,0.0,0.0,-3682152.0913865217,565.3121265811669,-52586.967064170756,-11926.976621080754,0.0,0.0,0.0,0.0,0.0,0.0,0.0,0.0,0.0,30814.051763139607,733.8525905090064,0.0,-532480.7876801472,0.0,0.0,0.0,-983409.7269047415,0.0,0.0,0.0,6272.703658127895,0.0,-1098630.197156668,0.0,0.0,0.0,0.0,0.0,14937.303831814264,0.0,0.0,0.0,0.0,0.0,0.0,17863.582543968456,-90409.57854053273,6128.601245152437,5258.124502318788,0.0,0.0,0.0,0.0,0.0,0.0,0.0,991.305624810575,0.0,0.0,0.0,0.0,-81626.84256670486,0.0,10336.405053818205,0.0,-8109.085850454401,0.0,-211174.31583023514,-313135.7972277805,0.0,0.0,0.0,0.0,-63923.45067479632,29497.567548312305,0.0,0.0,0.0,-63131.87775407644,-104339.5953991061,-1073032.4032844896,0.0,1785.4533264672518,-19371.264929432626,3453.6507700329857,37921.45895557286,0.0,-123002.57594511821,0.0,0.0,-5562.218046220973,0.0,-11200.078648184208,-553022.3189527723,67717.3277355585,0.0,6223.426932011767,0.0,0.0,0.0,0.0,-149929.52293431794,0.0,0.0,0.0,7981.939117167247,-267224.98731238436,-100938.55484178272,0.0,0.0,0.0,6746.757022307691,0.0,0.0,0.0,30457.983522489027,202438.86234028102,0.0,2321.6758651609016,0.0,49081.14129944792,1730.9236370897506,0.0,0.0,0.0,0.0,0.0,0.0,0.0,0.0,-255076.6570355802,0.0,-894028.1210253977,0.0,0.0,0.0,0.0,0.0,0.0,0.0,0.0,0.0,0.0,0.0,0.0,0.0,0.0,0.0,0.0,2671.166778205792,0.0,0.0,0.0,0.0,0.0,0.0,0.0
Maryland,2028,0.0,3950.092154808037,0.0,1452.2971749244825,0.0,0.0,0.0,0.0,0.0,0.0,0.0,2472.8471869111017,0.0,0.0,0.0,0.0,0.0,0.0,0.0,0.0,0.0,0.0,0.0,0.0,0.0,0.0,0.0,0.0,0.0,0.0,0.0,0.0,0.0,0.0,0.0,5243.037787129935,0.0,102498.44977655425,0.0,-1305117.9634338776,63644.246561835054,7335.195385996543,0.0,0.0,0.0,0.0,148049.6725875726,0.0,6095.275627059389,327.5935672901851,-321957.23662049294,0.0,0.0,0.0,-4899367.240071876,560.1494587585066,-71832.86798068558,-16806.800898756188,0.0,0.0,0.0,0.0,0.0,0.0,0.0,0.0,0.0,30532.644897722814,727.1507403673731,0.0,-884844.8105112212,0.0,0.0,0.0,-1352766.0346978183,0.0,0.0,0.0,6215.4186932134835,0.0,-1505194.0324950665,0.0,0.0,0.0,0.0,0.0,14800.8900981904,0.0,0.0,0.0,0.0,0.0,0.0,17700.44480384089,-122428.17236424428,6072.632284009487,5210.105100471126,0.0,0.0,0.0,0.0,0.0,0.0,0.0,982.2526054059126,0.0,0.0,0.0,0.0,-112913.20136688437,0.0,10242.008660632651,0.0,-35106.69807095511,0.0,-291386.3334381858,-432693.5620630812,0.0,0.0,0.0,0.0,-88004.59226125249,29228.183369788923,0.0,0.0,0.0,-93935.14771165885,-148064.16395970032,-1545984.080691976,0.0,1769.1478166365014,-26667.121140558032,3422.1105803523205,37575.14426191471,0.0,-170710.98110818485,0.0,0.0,-8159.504564533781,0.0,-16909.50523476403,-746178.961755828,67098.90465121553,0.0,6166.591982860969,0.0,0.0,0.0,0.0,-202056.24958856672,0.0,0.0,0.0,7909.044696005905,-366974.1466335886,-144884.55314522592,0.0,0.0,0.0,6685.142802925882,0.0,0.0,0.0,30179.828421827,200590.10560658015,0.0,2300.473345844366,0.0,48632.91169853974,1715.1161152898458,0.0,0.0,0.0,0.0,0.0,0.0,0.0,0.0,-348339.8966007016,0.0,-1207488.190412964,0.0,0.0,0.0,0.0,0.0,0.0,0.0,0.0,0.0,0.0,0.0,0.0,0.0,0.0,0.0,0.0,2646.772561053225,0.0,0.0,0.0,0.0,0.0,0.0,0.0
Maryland,2029,0.0,5060.486723671122,0.0,1860.546611193573,0.0,0.0,0.0,0.0,0.0,0.0,0.0,3167.9793454437204,0.0,0.0,0.0,0.0,0.0,0.0,0.0,0.0,0.0,0.0,0.0,0.0,0.0,0.0,0.0,0.0,0.0,0.0,0.0,0.0,0.0,0.0,0.0,6716.887118995954,0.0,131311.3780547561,0.0,-1476724.9174894625,81535.02554926346,10436.686303984257,0.0,0.0,0.0,0.0,189667.3224854616,0.0,7808.69412130188,419.68208159756523,-372216.9787607982,0.0,0.0,0.0,-5665084.037866422,717.6108273496075,-82381.59373981174,-19092.343132415066,0.0,0.0,0.0,0.0,0.0,0.0,0.0,0.0,0.0,39115.55429293524,931.557169687233,0.0,-958935.2087380756,0.0,0.0,0.0,-1548071.241393485,0.0,0.0,0.0,7962.610123103004,0.0,-1724642.8290630816,0.0,0.0,0.0,0.0,0.0,18961.50897371859,0.0,0.0,0.0,0.0,0.0,0.0,22676.145877731586,-140786.2258968749,7779.685598869299,6674.696856824761,0.0,0.0,0.0,0.0,0.0,0.0,0.0,1258.3696972481266,0.0,0.0,0.0,0.0,-128993.73495679215,0.0,13121.098652792032,0.0,-31740.3230255855,0.0,-333139.0519081421,-494477.5986201085,0.0,0.0,0.0,0.0,-100684.76931445718,37444.40081475262,0.0,0.0,0.0,-104999.58965631557,-167843.51569538302,-1744557.1140782577,0.0,2266.4658664744093,-30510.046770324254,4384.086365612657,48137.74241848977,0.0,-194825.5038045508,0.0,0.0,-9158.567837850725,0.0,-18821.579096862566,-859032.8042157243,85960.80872367707,0.0,7900.057931960138,0.0,0.0,0.0,0.0,-232701.81797540808,0.0,0.0,0.0,10132.324541426919,-420173.27904866653,-163677.02716359094,0.0,0.0,0.0,8564.376494070937,0.0,0.0,0.0,38663.55899201805,256977.18598446692,0.0,2947.1501849987726,0.0,62303.914526239794,2197.245530186985,0.0,0.0,0.0,0.0,0.0,0.0,0.0,0.0,-399525.97281446424,0.0,-1389681.1252062009,0.0,0.0,0.0,0.0,0.0,0.0,0.0,0.0,0.0,0.0,0.0,0.0,0.0,0.0,0.0,0.0,3390.7961842064287,0.0,0.0,0.0,0.0,0.0,0.0,0.0
Maryland,2030,0.0,5460.956896047974,0.0,2007.7841127988195,0.0,0.0,0.0,0.0,0.0,0.0,0.0,3418.68274688171,0.0,0.0,0.0,0.0,0.0,0.0,0.0,0.0,0.0,0.0,0.0,0.0,0.0,0.0,0.0,0.0,0.0,0.0,0.0,0.0,0.0,0.0,0.0,7248.43933704598,0.0,141702.92595836997,0.0,-790950.6464495081,87987.43764309003,15535.476933838538,0.0,0.0,0.0,0.0,204676.96671093,0.0,8426.648332340155,452.894332659243,-236252.23948073498,0.0,0.0,0.0,-3599784.14899428,774.4001733988571,-49260.54003929413,-10578.167885291256,0.0,0.0,0.0,0.0,0.0,0.0,0.0,0.0,0.0,42211.02981252002,1005.2775212452161,0.0,-316960.88932694215,0.0,0.0,0.0,-910297.1131355478,0.0,0.0,0.0,8592.744737161513,0.0,-1023957.4967098141,0.0,0.0,0.0,0.0,0.0,20462.06004358121,0.0,0.0,0.0,0.0,0.0,0.0,24470.66101913483,-85925.77926404595,8395.344171441691,7202.910277149022,0.0,0.0,0.0,0.0,0.0,0.0,0.0,1357.9529106994178,0.0,0.0,0.0,0.0,-74832.7047529303,0.0,14159.458977833114,0.0,20149.422753104707,0.0,-194437.94203069404,-287606.284887788,0.0,0.0,0.0,0.0,-59087.51745288556,40407.62677850999,0.0,0.0,0.0,-50249.94676162861,-91345.038655298,-912508.5498223319,0.0,2445.8264746126733,-17907.703383451895,4731.0284520999885,51947.204048730084,0.0,-112114.11517962452,0.0,0.0,-4561.920691609332,0.0,-8632.198355150831,-528708.9874219559,92763.46265145007,0.0,8525.24237261885,0.0,0.0,0.0,0.0,-143614.88445737888,0.0,0.0,0.0,10934.16317420172,-248070.48402391194,-86466.27206288802,0.0,0.0,0.0,9242.132907270789,0.0,0.0,0.0,41723.26509930001,277313.5100551804,0.0,3180.3778974806883,0.0,67234.44013623003,2371.128269985962,0.0,0.0,0.0,0.0,0.0,0.0,0.0,0.0,-239045.87203798798,0.0,-853338.520610916,0.0,0.0,0.0,0.0,0.0,0.0,0.0,0.0,0.0,0.0,0.0,0.0,0.0,0.0,0.0,0.0,3659.1325728846386,0.0,0.0,0.0,0.0,0.0,0.0,0.0
Maryland,2031,0.0,6571.351464911066,0.0,2416.0335490679136,0.0,0.0,0.0,0.0,0.0,0.0,0.0,4113.814905414321,0.0,0.0,0.0,0.0,0.0,0.0,0.0,0.0,0.0,0.0,0.0,0.0,0.0,0.0,0.0,0.0,0.0,0.0,0.0,0.0,0.0,0.0,0.0,8722.288668911999,0.0,170515.8542365717,0.0,-113120.13213200495,105878.21663051832,23158.97535759388,0.0,0.0,0.0,0.0,246294.616608819,0.0,10140.066826582653,544.9828469666227,-111445.89082446753,0.0,0.0,0.0,-1705321.473972714,931.8615419899579,-17857.454708883808,-2254.088983182126,0.0,0.0,0.0,0.0,0.0,0.0,0.0,0.0,0.0,50793.939207732445,1209.683950565076,0.0,368666.95071914885,0.0,0.0,0.0,-300988.45546961227,0.0,0.0,0.0,10339.936167051012,0.0,-357424.9627945679,0.0,0.0,0.0,0.0,0.0,24622.67891910937,0.0,0.0,0.0,0.0,0.0,0.0,29446.362093025557,-34433.605831909634,10102.397486301496,8667.502033502657,0.0,0.0,0.0,0.0,0.0,0.0,0.0,1634.0700025416336,0.0,0.0,0.0,0.0,-22790.841986815853,0.0,17038.54896999254,0.0,81089.40720042051,0.0,-61501.461933212704,-89043.79808123212,0.0,0.0,0.0,0.0,-19312.547287879803,48623.84422347369,0.0,0.0,0.0,5421.40785324137,-16108.391022913507,-84409.67004550388,0.0,2943.1445244505812,-5858.223478799406,5693.004237360317,62509.80220530508,0.0,-32377.69729323208,0.0,0.0,70.72292411843955,0.0,1815.5553182304502,-220033.69477335404,111625.3667239116,0.0,10258.708321718026,0.0,0.0,0.0,0.0,-60490.04442831704,0.0,0.0,0.0,13157.443019622733,-83941.94969669299,-9837.884745365824,0.0,0.0,0.0,11121.366598415858,0.0,0.0,0.0,50206.995669491065,333700.59043306694,0.0,3827.0547366350947,0.0,80905.44296393008,2853.257684883105,0.0,0.0,0.0,0.0,0.0,0.0,0.0,0.0,-86933.90244583541,0.0,-351528.69830327854,0.0,0.0,0.0,0.0,0.0,0.0,0.0,0.0,0.0,0.0,0.0,0.0,0.0,0.0,0.0,0.0,4403.156196037849,0.0,0.0,0.0,0.0,0.0,0.0,0.0
Maryland,2032,0.0,7681.746033774158,0.0,2824.2829853370076,0.0,0.0,0.0,0.0,0.0,0.0,0.0,4808.947063946936,0.0,0.0,0.0,0.0,0.0,0.0,0.0,0.0,0.0,0.0,0.0,0.0,0.0,0.0,0.0,0.0,0.0,0.0,0.0,0.0,0.0,0.0,0.0,10196.138000778024,0.0,199328.78251477366,0.0,504314.598883742,123768.99561794661,30460.954899058386,0.0,0.0,0.0,0.0,287912.266506708,0.0,11853.485320825159,637.0713612740019,913.0981650711428,0.0,0.0,0.0,0.0,1089.3229105810587,10562.818365160412,5315.636122576521,0.0,0.0,0.0,0.0,0.0,0.0,0.0,0.0,0.0,59376.84860294481,1414.0903798849376,0.0,1000278.1270348253,0.0,0.0,0.0,251111.41826235643,0.0,0.0,0.0,12087.127596940525,0.0,246113.4856964096,0.0,0.0,0.0,0.0,0.0,28783.29779463756,0.0,0.0,0.0,0.0,0.0,0.0,34422.06316691631,12092.152380254753,11809.450801161314,10132.093789856292,0.0,0.0,0.0,0.0,0.0,0.0,0.0,1910.1870943838476,0.0,0.0,0.0,0.0,24407.455900774177,0.0,19917.638962151934,0.0,137935.85519943282,0.0,59014.45588080393,91007.8120641518,0.0,0.0,0.0,0.0,16732.813785923005,56840.06166843738,0.0,0.0,0.0,56347.786107227614,52372.5318837598,670691.8948045895,0.0,3440.462574288489,5061.29181216735,6654.980022620646,73072.4003618802,0.0,39974.82344163387,0.0,0.0,4302.947013331566,0.0,11384.513914547795,58670.4896450566,130487.27079637302,0.0,11992.174270817188,0.0,0.0,0.0,0.0,14545.615185852628,0.0,0.0,0.0,15380.722865043746,64734.38814196823,60005.99178910017,0.0,0.0,0.0,13000.600289560913,0.0,0.0,0.0,58690.726239682,390087.6708109535,0.0,4473.731575789498,0.0,94576.44579163019,3335.3870997802514,0.0,0.0,0.0,0.0,0.0,0.0,0.0,0.0,50723.38957754799,0.0,101647.90044902184,0.0,0.0,0.0,0.0,0.0,0.0,0.0,0.0,0.0,0.0,0.0,0.0,0.0,0.0,0.0,0.0,5147.17981919106,0.0,0.0,0.0,0.0,0.0,0.0,0.0
Maryland,2033,0.0,8227.841723378951,0.0,3025.0613966168894,0.0,0.0,0.0,0.0,0.0,0.0,0.0,5150.815338635111,0.0,0.0,0.0,0.0,0.0,0.0,0.0,0.0,0.0,0.0,0.0,0.0,0.0,0.0,0.0,0.0,0.0,0.0,0.0,0.0,0.0,0.0,0.0,10920.98193448261,0.0,213499.0751106107,0.0,540166.3476195526,132567.7393822556,32626.425626479613,0.0,0.0,0.0,0.0,308379.9631778011,0.0,12696.15015405917,682.3607945399258,978.0103569008443,0.0,0.0,0.0,0.0,1166.762927920944,11313.729623347164,5693.524946456368,0.0,0.0,0.0,0.0,0.0,0.0,0.0,0.0,0.0,63597.951584196824,1514.6181320094583,0.0,1071387.946492277,0.0,0.0,0.0,268962.94088764256,0.0,0.0,0.0,12946.40207065668,0.0,263609.70505871344,0.0,0.0,0.0,0.0,0.0,30829.50379899569,0.0,0.0,0.0,0.0,0.0,0.0,36869.1292688298,12951.78406605486,12648.985218305483,10852.38481757119,0.0,0.0,0.0,0.0,0.0,0.0,0.0,2045.982385453788,0.0,0.0,0.0,0.0,26142.583097511655,0.0,21333.584859935232,0.0,147741.72168280475,0.0,63209.79634626396,97477.56173695886,0.0,0.0,0.0,0.0,17922.350310988593,60880.8243462884,0.0,0.0,0.0,60353.55289210158,56095.6976574868,718371.4133925941,0.0,3685.0452217497586,5421.099286965971,7128.082867830646,78267.12076675321,0.0,42816.63553464101,0.0,0.0,4608.843720440451,0.0,12193.839548283424,62841.37753451563,139763.61706151802,0.0,12844.698508079084,0.0,0.0,0.0,0.0,15579.66365878054,0.0,0.0,0.0,16474.13918246393,69336.35886296123,64271.82058927318,0.0,0.0,0.0,13924.813580287999,0.0,0.0,0.0,62863.05274961202,417819.0218164709,0.0,4791.769365537566,0.0,101299.88980525325,3572.4999267788517,0.0,0.0,0.0,0.0,0.0,0.0,0.0,0.0,54329.31774656798,0.0,108874.05450937885,0.0,0.0,0.0,0.0,0.0,0.0,0.0,0.0,0.0,0.0,0.0,0.0,0.0,0.0,0.0,0.0,5513.093076479523,0.0,0.0,0.0,0.0,0.0,0.0,0.0
Massachusetts,2024,0.0,0.0,0.0,0.0,0.0,0.0,0.0,0.0,0.0,0.0,0.0,0.0,0.0,0.0,0.0,0.0,0.0,0.0,0.0,0.0,0.0,0.0,0.0,0.0,0.0,0.0,0.0,0.0,0.0,0.0,0.0,0.0,0.0,0.0,0.0,0.0,0.0,0.0,0.0,0.0,0.0,0.0,0.0,0.0,0.0,0.0,0.0,0.0,0.0,0.0,0.0,0.0,0.0,0.0,0.0,0.0,0.0,0.0,0.0,0.0,0.0,0.0,0.0,0.0,0.0,0.0,0.0,0.0,0.0,0.0,0.0,0.0,0.0,0.0,0.0,0.0,0.0,0.0,0.0,0.0,0.0,0.0,0.0,0.0,0.0,0.0,0.0,0.0,0.0,0.0,0.0,0.0,0.0,0.0,0.0,0.0,0.0,0.0,0.0,0.0,0.0,0.0,0.0,0.0,0.0,0.0,0.0,0.0,0.0,0.0,0.0,0.0,0.0,0.0,0.0,0.0,0.0,0.0,0.0,0.0,0.0,0.0,0.0,0.0,0.0,0.0,0.0,0.0,0.0,0.0,0.0,0.0,0.0,0.0,0.0,0.0,0.0,0.0,0.0,0.0,0.0,0.0,0.0,0.0,3.637978807091713e-12,0.0,0.0,0.0,0.0,0.0,0.0,0.0,0.0,0.0,0.0,0.0,0.0,0.0,0.0,0.0,0.0,0.0,0.0,0.0,0.0,0.0,0.0,0.0,0.0,0.0,0.0,0.0,0.0,0.0,0.0,0.0,0.0,0.0,0.0,0.0,0.0,0.0,0.0,0.0,0.0,0.0,0.0,0.0,0.0,0.0,0.0,0.0,0.0,0.0,0.0,0.0,0.0,0.0,0.0,0.0,0.0,0.0,0.0,0.0,0.0
Massachusetts,2025,0.0,9532.871985500344,0.0,3142.24978230313,0.0,0.0,0.0,0.0,0.0,0.0,0.0,1448.2971082096628,0.0,0.0,0.0,0.0,0.0,0.0,0.0,0.0,0.0,0.0,0.0,0.0,0.0,0.0,0.0,0.0,0.0,90.32149964063774,-2361.464671324004,0.0,0.0,0.0,0.0,2083.728726774407,0.0,0.0,0.0,106269.26372051612,-441467.74713201064,-586.6814226357817,0.0,0.0,0.0,0.0,111794.55642532534,0.0,0.0,0.0,989.0621143202279,0.0,0.0,0.0,-57389.00110760699,0.0,-215902.44845254836,0.0,0.0,5124.569071151214,0.0,0.0,0.0,0.0,0.0,0.0,0.0,0.0,0.0,0.0,-39817.14734211005,0.0,0.0,0.0,-145522.81490201247,0.0,0.0,0.0,0.0,0.0,-24985.732110986326,0.0,0.0,0.0,0.0,0.0,0.0,0.0,0.0,0.0,0.0,68105.34324525809,0.0,0.0,0.0,-7967.9237644666555,0.0,0.0,50753.762059750035,14333.908933054103,19174.19866785707,58938.86479430122,13809.488211811404,0.0,27056.556439514155,0.0,0.0,3269.4036856933235,5590.062291915463,0.0,-4214.949405213401,-4681.066149441619,0.0,0.0,0.0,7589.503180211745,-2441.183002797705,0.0,0.0,0.0,0.0,-12823.477071224377,28271.45049204689,0.0,0.0,0.0,3700.057947221925,5132.66043583821,14814.84280083864,0.0,0.0,0.0,0.0,0.0,0.0,0.0,0.0,0.0,0.0,0.0,13470.738685541815,1086.3213093142185,0.0,0.0,1937.9624061005088,0.0,0.0,0.0,0.0,3534.418257282945,0.0,0.0,0.0,-16574.29060380981,-2061.890764076834,5197.709052696497,0.0,0.0,0.0,-69207.40405180023,0.0,0.0,0.0,4788.447088740417,0.0,0.0,0.0,0.0,26544.647670675826,547.7834687831128,0.0,0.0,-29483.37709072524,0.0,0.0,0.0,0.0,0.0,-288647.6212865125,0.0,17097.310327766696,0.0,0.0,0.0,0.0,0.0,0.0,0.0,0.0,0.0,0.0,0.0,0.0,122.10997548818727,0.0,0.0,0.0,0.0,0.0,0.0,1606.0804845189814,0.0,0.0,0.0,0.0
Massachusetts,2026,0.0,10994.968915791775,0.0,3624.1899329631196,0.0,0.0,0.0,0.0,0.0,0.0,0.0,1670.4285665240277,0.0,0.0,0.0,0.0,0.0,0.0,0.0,0.0,0.0,0.0,0.0,0.0,0.0,0.0,0.0,0.0,0.0,104.17449038306722,-4897.078654692551,0.0,0.0,0.0,0.0,2403.3190222919475,0.0,0.0,0.0,122568.23054881603,-958561.3399450466,-1301.6452232099746,0.0,0.0,0.0,0.0,128940.96078503807,0.0,0.0,0.0,1140.758757620877,0.0,0.0,0.0,-119010.229435539,0.0,-455973.6768175022,0.0,0.0,2297.2593491393927,0.0,0.0,0.0,0.0,0.0,0.0,0.0,0.0,0.0,0.0,-153768.74179383344,0.0,0.0,0.0,-345944.36771760415,0.0,0.0,0.0,0.0,0.0,-60306.9340153222,0.0,0.0,0.0,0.0,0.0,0.0,0.0,0.0,0.0,0.0,78550.94803747546,0.0,0.0,0.0,-16789.35860271976,0.0,0.0,58538.081394067616,16532.361223399843,22115.026684399578,67978.56798361125,15927.507876199641,0.0,31206.3350345316,0.0,0.0,3770.8459687751238,6447.433809080423,0.0,-9611.327179882075,-9707.34366683616,0.0,0.0,0.0,8753.53741030558,-7630.811075506674,0.0,0.0,0.0,0.0,-28803.07473600782,32607.562530704367,0.0,0.0,0.0,4267.551497409331,5919.878294095601,17087.057954341522,0.0,0.0,0.0,0.0,0.0,0.0,0.0,0.0,0.0,0.0,0.0,15536.802901115705,1252.9350070617947,0.0,0.0,2235.1959039686917,0.0,0.0,0.0,0.0,4076.5069470502713,0.0,0.0,0.0,-34370.87402500973,-4948.86423260308,5994.903692680629,0.0,0.0,0.0,-155978.76879047733,0.0,0.0,0.0,5522.871488853976,0.0,0.0,0.0,0.0,30615.912650840764,-939.4123832124496,0.0,0.0,-61141.04452737417,0.0,0.0,0.0,0.0,0.0,-633770.4962958498,0.0,6662.777744090417,0.0,0.0,0.0,0.0,0.0,0.0,0.0,0.0,0.0,0.0,0.0,0.0,140.8384993360687,0.0,0.0,0.0,0.0,0.0,0.0,1852.41184717527,0.0,0.0,0.0,0.0
Massachusetts,2027,0.0,12807.969109353202,0.0,4221.795719781505,0.0,0.0,0.0,0.0,0.0,0.0,0.0,1945.87157483384,0.0,0.0,0.0,0.0,0.0,0.0,0.0,0.0,0.0,0.0,0.0,0.0,0.0,0.0,0.0,0.0,0.0,121.35219890367921,-8407.92878551054,0.0,0.0,0.0,0.0,2799.610988733715,0.0,0.0,0.0,142778.94941590796,-1675575.019766479,-2293.6439414267047,0.0,0.0,0.0,0.0,150202.5021910814,0.0,0.0,0.0,1328.8625953136798,0.0,0.0,0.0,-204331.930197291,0.0,-788578.7339696509,0.0,0.0,-1818.2190178843302,0.0,0.0,0.0,0.0,0.0,0.0,0.0,0.0,0.0,0.0,-313263.6926443088,0.0,0.0,0.0,-624515.5237817912,0.0,0.0,0.0,0.0,0.0,-109417.88520344332,0.0,0.0,0.0,0.0,0.0,0.0,0.0,0.0,0.0,0.0,91503.49797982536,0.0,0.0,0.0,-29010.061130256363,0.0,0.0,68190.6373686213,19258.442063428578,25761.653424912307,79187.79993835569,18553.85226004105,0.0,36352.06049235334,0.0,0.0,4392.634399796552,7510.574490364961,0.0,-17104.215464549416,-16666.804844767063,0.0,0.0,0.0,10196.93985562191,-14878.346855859607,0.0,0.0,0.0,0.0,-50981.941355595045,37984.34145863971,0.0,0.0,0.0,4971.243499641714,6896.028438334761,19904.604744685057,0.0,0.0,0.0,0.0,0.0,0.0,0.0,0.0,0.0,0.0,0.0,18098.722528427315,1459.5359922687967,0.0,0.0,2603.765441325224,0.0,0.0,0.0,0.0,4748.696922361756,0.0,0.0,0.0,-59012.29722359423,-8962.43152835589,6983.425046260949,0.0,0.0,0.0,-276424.0160571441,0.0,0.0,0.0,6433.557744994796,0.0,0.0,0.0,0.0,35664.281226245395,-3048.6216458397685,0.0,0.0,-104974.73790119575,0.0,0.0,0.0,0.0,0.0,-1112480.9563049127,0.0,-8478.919137040211,0.0,0.0,0.0,0.0,0.0,0.0,0.0,0.0,0.0,0.0,0.0,0.0,164.06186890744152,0.0,0.0,0.0,0.0,0.0,0.0,2157.8627368690577,0.0,0.0,0.0,0.0
Massachusetts,2028,0.0,12691.001354929875,0.0,4183.240507728711,0.0,0.0,0.0,0.0,0.0,0.0,0.0,1928.1010581686896,0.0,0.0,0.0,0.0,0.0,0.0,0.0,0.0,0.0,0.0,0.0,0.0,0.0,0.0,0.0,0.0,0.0,120.24395964428481,-11187.351805741448,0.0,0.0,0.0,0.0,2774.043765092305,0.0,0.0,0.0,141475.03206964396,-2250830.661156155,-3094.0174374697726,0.0,0.0,0.0,0.0,148830.78984230454,0.0,0.0,0.0,1316.726863849628,0.0,0.0,0.0,-271878.276633678,0.0,-1053350.090247357,0.0,0.0,-6550.014466898923,0.0,0.0,0.0,0.0,0.0,0.0,0.0,0.0,0.0,0.0,-452126.8993099083,0.0,0.0,0.0,-852865.0460772542,0.0,0.0,0.0,0.0,0.0,-149799.94651967398,0.0,0.0,0.0,0.0,0.0,0.0,0.0,0.0,0.0,0.0,90667.8495964479,0.0,0.0,0.0,-38731.82809143607,0.0,0.0,67567.89182187594,19082.565880200884,25526.3871835889,78464.62368321081,18384.41068689004,0.0,36020.07820475189,0.0,0.0,4352.519017150007,7441.9847689917515,0.0,-23190.11046382881,-22176.37827729569,0.0,0.0,0.0,10103.817117214392,-21070.383883586903,0.0,0.0,0.0,0.0,-68931.28137659372,37637.45249554713,0.0,0.0,0.0,4925.844015626732,6833.051009674171,19722.8275324048,0.0,0.0,0.0,0.0,0.0,0.0,0.0,0.0,0.0,0.0,0.0,17933.43739118142,1446.2068964489936,0.0,0.0,2579.9867614957766,0.0,0.0,0.0,0.0,4705.329827180365,0.0,0.0,0.0,-78520.0905891403,-12258.910766932442,6919.649475062215,0.0,0.0,0.0,-373980.95783970586,0.0,0.0,0.0,6374.803792985716,0.0,0.0,0.0,0.0,35338.580027832184,-5085.588078784578,0.0,0.0,-139676.41182213786,0.0,0.0,0.0,0.0,0.0,-1497685.6329592385,0.0,-25560.104051100672,0.0,0.0,0.0,0.0,0.0,0.0,0.0,0.0,0.0,0.0,0.0,0.0,162.56358699961106,0.0,0.0,0.0,0.0,0.0,0.0,2138.1562278565543,0.0,0.0,0.0,0.0
Massachusetts,2029,0.0,16258.517864841036,0.0,5359.174475339074,0.0,0.0,0.0,0.0,0.0,0.0,0.0,2470.101816455739,0.0,0.0,0.0,0.0,0.0,0.0,0.0,0.0,0.0,0.0,0.0,0.0,0.0,0.0,0.0,0.0,0.0,154.04525705581182,-12935.810898668658,0.0,0.0,0.0,0.0,3553.8440861551207,0.0,0.0,0.0,181244.51113069593,-2594834.6625924325,-3562.2288129339877,0.0,0.0,0.0,0.0,190668.01648000302,0.0,0.0,0.0,1686.866673503213,0.0,0.0,0.0,-314369.837925741,0.0,-1216488.1309524148,0.0,0.0,-6069.815559783281,0.0,0.0,0.0,0.0,0.0,0.0,0.0,0.0,0.0,0.0,-509934.94740847195,0.0,0.0,0.0,-978184.3259845403,0.0,0.0,0.0,0.0,0.0,-171678.6834905577,0.0,0.0,0.0,0.0,0.0,0.0,0.0,0.0,0.0,0.0,116155.12528945855,0.0,0.0,0.0,-44737.17583435057,0.0,0.0,86561.63099761063,24446.78946864445,32702.00754395261,100521.49946512724,23552.378667997342,0.0,46145.53797659458,0.0,0.0,5576.038187869599,9533.97127087423,0.0,-26657.28778392812,-25642.30041154303,0.0,0.0,0.0,12944.060638643306,-23899.739497853552,0.0,0.0,0.0,0.0,-79305.395960953,48217.56586987141,0.0,0.0,0.0,6310.528278084006,8753.862583822214,25267.032506951742,0.0,0.0,0.0,0.0,0.0,0.0,0.0,0.0,0.0,0.0,0.0,22974.63407718169,1852.7443189530823,0.0,0.0,3305.2364962941283,0.0,0.0,0.0,0.0,6028.026230212636,0.0,0.0,0.0,-90791.91047573694,-14053.331970368348,8864.80439662349,0.0,0.0,0.0,-430180.42955969577,0.0,0.0,0.0,8166.799329262794,0.0,0.0,0.0,0.0,45272.46657943475,-5505.712702632467,0.0,0.0,-161506.28689521173,0.0,0.0,0.0,0.0,0.0,-1725404.2206150538,0.0,-24356.519020271313,0.0,0.0,0.0,0.0,0.0,0.0,0.0,0.0,0.0,0.0,0.0,0.0,208.2611851884417,0.0,0.0,0.0,0.0,0.0,0.0,2739.2047527378927,0.0,0.0,0.0,0.0
Massachusetts,2030,0.0,17545.16316349752,0.0,5783.28180791987,0.0,0.0,0.0,0.0,0.0,0.0,0.0,2665.577499772382,0.0,0.0,0.0,0.0,0.0,0.0,0.0,0.0,0.0,0.0,0.0,0.0,0.0,0.0,0.0,0.0,0.0,166.23588890914948,-8219.847528502432,0.0,0.0,0.0,0.0,3835.0835462105606,0.0,0.0,0.0,195587.60193959996,-1613432.6188920857,-2193.657279590158,0.0,0.0,0.0,0.0,205756.85231654998,0.0,0.0,0.0,1820.3597196077808,0.0,0.0,0.0,-199761.12479934,0.0,-766216.6718577091,0.0,0.0,2991.9342817626457,0.0,0.0,0.0,0.0,0.0,0.0,0.0,0.0,0.0,0.0,-265489.49336906197,0.0,0.0,0.0,-585256.2655071198,0.0,0.0,0.0,0.0,0.0,-102107.41077638505,0.0,0.0,0.0,0.0,0.0,0.0,0.0,0.0,0.0,0.0,125347.25750661013,0.0,0.0,0.0,-28208.867565276243,0.0,0.0,93411.83201180992,26381.427484148735,35289.93619851,108476.43827171996,25416.235972658993,0.0,49797.34314020997,0.0,0.0,6017.307396981574,10288.45820597939,0.0,-16223.118726851304,-16293.976567377907,0.0,0.0,0.0,13968.41076112588,-13074.899695879016,0.0,0.0,0.0,0.0,-48575.847079311665,52033.34446389001,0.0,0.0,0.0,6809.922602248931,9446.614299088724,27266.58184203424,0.0,0.0,0.0,0.0,0.0,0.0,0.0,0.0,0.0,0.0,0.0,24792.770586886734,1999.364372970953,0.0,0.0,3566.801974418122,0.0,0.0,0.0,0.0,6505.064277207879,0.0,0.0,0.0,-57692.22098081292,-8376.584719589095,9566.335679809512,0.0,0.0,0.0,-263106.09361232806,0.0,0.0,0.0,8813.092801362727,0.0,0.0,0.0,0.0,48855.17976197996,-1792.10510967741,0.0,0.0,-102626.5043275982,0.0,0.0,0.0,0.0,0.0,-1067447.0143221458,0.0,8196.897177155304,0.0,0.0,0.0,0.0,0.0,0.0,0.0,0.0,0.0,0.0,0.0,0.0,224.74228617457743,0.0,0.0,0.0,0.0,0.0,0.0,2955.976351875426,0.0,0.0,0.0,0.0
Massachusetts,2031,0.0,21112.679673408682,0.0,6959.21577553024,0.0,0.0,0.0,0.0,0.0,0.0,0.0,3207.5782580594314,0.0,0.0,0.0,0.0,0.0,0.0,0.0,0.0,0.0,0.0,0.0,0.0,0.0,0.0,0.0,0.0,0.0,200.03718632067648,-3893.9786173159832,0.0,0.0,0.0,0.0,4614.883867273376,0.0,0.0,0.0,235357.08100065193,-701491.1650204251,-915.1584726811802,0.0,0.0,0.0,0.0,247594.07895424846,0.0,0.0,0.0,2190.499529261364,0.0,0.0,0.0,-94632.600646467,0.0,-350946.8092531827,0.0,0.0,13570.607349740472,0.0,0.0,0.0,0.0,0.0,0.0,0.0,0.0,0.0,0.0,-21891.44167935266,0.0,0.0,0.0,-212812.78972427372,0.0,0.0,0.0,0.0,0.0,-35980.064143139956,0.0,0.0,0.0,0.0,0.0,0.0,0.0,0.0,0.0,0.0,150834.53319962067,0.0,0.0,0.0,-12975.394219558495,0.0,0.0,112405.57118754473,31745.6510725923,42465.55655887374,130533.3140536364,30584.20395376635,0.0,59922.80291205266,0.0,0.0,7240.826567701159,12380.444707861854,0.0,-6415.158812220789,-7718.926187427331,0.0,0.0,0.0,16808.65428255484,-2446.61553034003,0.0,0.0,0.0,0.0,-19786.73352341564,62613.45783821429,0.0,0.0,0.0,8194.606864706206,11367.425873236767,32810.78681658124,0.0,0.0,0.0,0.0,0.0,0.0,0.0,0.0,0.0,0.0,0.0,29833.967272887065,2405.901795475049,0.0,0.0,4292.05170921647,0.0,0.0,0.0,0.0,7827.76068024015,0.0,0.0,0.0,-27330.46739684273,-2986.2792921664895,11511.490601370788,0.0,0.0,0.0,-106461.44770510099,0.0,0.0,0.0,10605.088337639827,0.0,0.0,0.0,0.0,58789.06631358259,2179.019243778006,0.0,0.0,-48617.13213485372,0.0,0.0,0.0,0.0,0.0,-454340.0161533705,0.0,45891.90105806867,0.0,0.0,0.0,0.0,0.0,0.0,0.0,0.0,0.0,0.0,0.0,0.0,270.4398843634083,0.0,0.0,0.0,0.0,0.0,0.0,3557.024876756761,0.0,0.0,0.0,0.0
Massachusetts,2032,0.0,24680.196183319844,0.0,8135.149743140617,0.0,0.0,0.0,0.0,0.0,0.0,0.0,3749.579016346481,0.0,0.0,0.0,0.0,0.0,0.0,0.0,0.0,0.0,0.0,0.0,0.0,0.0,0.0,0.0,0.0,0.0,233.8384837322037,0.0,0.0,0.0,0.0,0.0,5394.6841883361885,0.0,0.0,0.0,275126.56006170413,121151.41473530442,239.1476377746585,0.0,0.0,0.0,0.0,289431.30559194693,0.0,0.0,0.0,2560.6393389149453,0.0,0.0,0.0,0.0,0.0,23197.720776579634,0.0,0.0,23431.26964022577,0.0,0.0,0.0,0.0,0.0,0.0,0.0,0.0,0.0,0.0,200276.3597960528,0.0,0.0,0.0,124239.29746592545,0.0,0.0,0.0,0.0,0.0,23889.969206325317,0.0,0.0,0.0,0.0,0.0,0.0,0.0,0.0,0.0,0.0,176321.80889263132,0.0,0.0,0.0,747.9794616005429,0.0,0.0,131399.31036327942,37109.874661035836,49641.17691923742,152590.18983555282,35752.17193487368,0.0,70048.26268389536,0.0,0.0,8464.34573842075,14472.431209744333,0.0,2448.926665995443,0.0,0.0,0.0,0.0,19648.897803983753,7224.818100396282,0.0,0.0,0.0,0.0,6217.8385821411175,73193.57121253863,0.0,0.0,0.0,9579.291127163495,13288.23744738481,38354.99179112821,0.0,0.0,0.0,0.0,0.0,0.0,0.0,0.0,0.0,0.0,0.0,34875.163958887366,2812.4392179791394,0.0,0.0,5017.301444014818,0.0,0.0,0.0,0.0,9150.45708327242,0.0,0.0,0.0,0.0,1893.185480309754,13456.645522932049,0.0,0.0,0.0,35049.78616899831,0.0,0.0,0.0,12397.083873916912,0.0,0.0,0.0,0.0,68722.95286518516,5837.92176627837,0.0,0.0,0.0,0.0,0.0,0.0,0.0,0.0,98983.5114636562,0.0,80992.3315803752,0.0,0.0,0.0,0.0,0.0,0.0,0.0,0.0,0.0,0.0,0.0,0.0,316.1374825522389,0.0,0.0,0.0,0.0,0.0,0.0,4158.073401638092,0.0,0.0,0.0,0.0
Massachusetts,2033,0.0,26434.712499669607,0.0,8713.477923932602,0.0,0.0,0.0,0.0,0.0,0.0,0.0,4016.1367663237215,0.0,0.0,0.0,0.0,0.0,0.0,0.0,0.0,0.0,0.0,0.0,0.0,0.0,0.0,0.0,0.0,0.0,250.46207262311873,0.0,0.0,0.0,0.0,0.0,5778.192542957244,0.0,0.0,0.0,294685.32025566394,129764.07455061038,256.1486546780702,0.0,0.0,0.0,0.0,310006.9908236023,0.0,0.0,0.0,2742.675310875724,0.0,0.0,0.0,0.0,0.0,24846.847846004704,0.0,0.0,25096.999709436146,0.0,0.0,0.0,0.0,0.0,0.0,0.0,0.0,0.0,0.0,214514.0157057247,0.0,0.0,0.0,133071.47501089645,0.0,0.0,0.0,0.0,0.0,25588.30824942903,0.0,0.0,0.0,0.0,0.0,0.0,0.0,0.0,0.0,0.0,188856.5346432923,0.0,0.0,0.0,801.153356974989,0.0,0.0,140740.49356446043,39748.017409450724,53170.17053908843,163437.83366272482,38293.79553213957,0.0,75027.99699791637,0.0,0.0,9066.076478118906,15501.277030342273,0.0,2623.0209787439344,0.0,0.0,0.0,0.0,21045.738880096338,7738.430761561904,0.0,0.0,0.0,0.0,6659.865021629823,78396.90565892751,0.0,0.0,0.0,10260.283387388401,14232.89887729368,41081.64997533162,0.0,0.0,0.0,0.0,0.0,0.0,0.0,0.0,0.0,0.0,0.0,37354.44101757606,3012.375655276235,0.0,0.0,5373.98164145663,0.0,0.0,0.0,0.0,9800.963510993206,0.0,0.0,0.0,0.0,2027.772125829404,14413.279090913005,0.0,0.0,0.0,37541.47712887969,0.0,0.0,0.0,13278.393154053178,0.0,0.0,0.0,0.0,73608.47084138315,6252.939901321857,0.0,0.0,0.0,0.0,0.0,0.0,0.0,0.0,106020.25398476922,0.0,86750.08027092321,0.0,0.0,0.0,0.0,0.0,0.0,0.0,0.0,0.0,0.0,0.0,0.0,338.61171116969695,0.0,0.0,0.0,0.0,0.0,0.0,4453.671036825639,0.0,0.0,0.0,0.0
Michigan,2024,0.0,0.0,0.0,0.0,0.0,0.0,0.0,0.0,0.0,0.0,0.0,0.0,0.0,0.0,0.0,0.0,0.0,0.0,0.0,0.0,0.0,0.0,0.0,0.0,0.0,0.0,0.0,0.0,0.0,0.0,0.0,0.0,0.0,0.0,0.0,0.0,0.0,0.0,0.0,0.0,0.0,0.0,0.0,0.0,0.0,0.0,0.0,0.0,0.0,0.0,0.0,0.0,0.0,0.0,0.0,0.0,0.0,0.0,0.0,0.0,0.0,0.0,0.0,0.0,0.0,0.0,0.0,0.0,0.0,0.0,0.0,0.0,0.0,0.0,0.0,0.0,0.0,0.0,0.0,0.0,0.0,0.0,0.0,0.0,0.0,0.0,0.0,0.0,0.0,0.0,0.0,0.0,0.0,0.0,0.0,0.0,0.0,0.0,0.0,0.0,0.0,0.0,0.0,0.0,0.0,0.0,0.0,0.0,0.0,0.0,0.0,0.0,0.0,0.0,0.0,0.0,0.0,0.0,0.0,0.0,0.0,0.0,0.0,0.0,0.0,0.0,0.0,0.0,0.0,0.0,0.0,0.0,0.0,0.0,0.0,0.0,0.0,0.0,0.0,0.0,0.0,0.0,0.0,0.0,0.0,0.0,0.0,0.0,0.0,0.0,0.0,0.0,0.0,0.0,0.0,0.0,0.0,0.0,0.0,0.0,0.0,0.0,0.0,0.0,0.0,0.0,0.0,0.0,0.0,0.0,0.0,0.0,0.0,0.0,0.0,0.0,0.0,0.0,0.0,0.0,0.0,0.0,0.0,0.0,0.0,0.0,0.0,0.0,0.0,0.0,0.0,0.0,0.0,0.0,0.0,0.0,0.0,0.0,0.0,0.0,0.0,0.0,0.0,0.0,0.0
Michigan,2025,30609.369724958728,36992.745804434235,2288.2970734874034,87165.21154955123,0.0,0.0,0.0,0.0,0.0,0.0,0.0,0.0,0.0,0.0,3645.1176640686026,0.0,0.0,0.0,0.0,0.0,2629.692824201433,0.0,0.0,0.0,30815.78151241591,0.0,0.0,0.0,0.0,0.0,2600.555385757063,0.0,0.0,0.0,0.0,0.0,0.0,131843.40665202565,0.0,256408.70416408824,-88423.90279829002,1171.5507532651682,25571.65875734482,0.0,29991.199649836868,1626.553812867718,129495.69354450493,0.0,13009.613898475829,-236.80038148344102,24835.949087535206,0.0,0.0,4917.256507175211,0.0,1837.7492660647695,-4805421.7800106015,6231.261235620492,0.0,28022.24103435868,0.0,0.0,0.0,0.0,0.0,0.0,0.0,0.0,0.0,0.0,434586.6122088628,0.0,0.0,0.0,0.0,0.0,0.0,0.0,8955.827008508219,0.0,-38309.41295126709,0.0,-10224.093172933943,479.5250526375694,0.0,0.0,0.0,416.3000028891229,0.0,0.0,117139.95473438385,0.0,0.0,5209.439117584894,0.0,6130.483812621649,0.0,0.0,0.0,0.0,-3327.036504240184,0.0,0.0,0.0,22538.850480453373,0.0,0.0,0.0,0.0,0.0,0.0,7763.551124988415,3344.351734056836,0.0,1767.486177383289,-13752.915562920069,-24670.443844784284,0.0,0.0,149909.9952611106,0.0,-6173.498600807623,7754.252104898522,0.0,0.0,0.0,7262.647732155892,51011.354284689296,8140.968567360425,0.0,8576.374688237542,0.0,0.0,8511.999437562597,0.0,14364.050959083543,0.0,0.0,0.0,0.0,2258.9203130105307,56698.331484083086,0.0,0.0,121322.53623222373,0.0,0.0,0.0,0.0,0.0,0.0,0.0,0.0,-25167.980587007012,-9903.226357171909,11345.812438623281,0.0,0.0,0.0,0.0,0.0,0.0,0.0,9884.339178205686,0.0,15107.786357280915,85.11217007503421,0.0,2128.7310631652435,0.0,0.0,0.0,0.0,0.0,0.0,0.0,0.0,0.0,-11740.772036107257,0.0,0.0,0.0,0.0,0.0,0.0,0.0,0.0,0.0,0.0,0.0,0.0,0.0,0.0,0.0,0.0,0.0,0.0,0.0,0.0,0.0,0.0,0.0,0.0,0.0,0.0
Michigan,2026,35304.05833308131,42666.47982351924,2639.2628823044906,100534.10902647604,0.0,0.0,0.0,0.0,0.0,0.0,0.0,0.0,0.0,0.0,4204.184790459491,0.0,0.0,0.0,0.0,0.0,3033.019944477728,0.0,0.0,0.0,35542.12837014836,0.0,0.0,0.0,0.0,0.0,2999.413573756621,0.0,0.0,0.0,0.0,0.0,0.0,152064.78804037324,0.0,273003.6619335739,-237766.81561598543,-118.14673946758558,29493.692309084756,0.0,34591.07689674437,1876.0252565590854,149356.99623537995,0.0,-3389.9827560167178,-1579.6270395069987,28645.14373286278,0.0,0.0,5671.436953060984,0.0,2119.6126504305357,-10866430.274263814,7186.976149059221,0.0,19870.529607679695,0.0,0.0,0.0,0.0,0.0,0.0,0.0,0.0,0.0,0.0,501241.0005844552,0.0,0.0,0.0,0.0,0.0,0.0,0.0,10329.420107972692,0.0,-167281.27179183578,0.0,-22336.837662873193,553.0718398519193,0.0,0.0,0.0,480.1496965837732,0.0,0.0,135106.2054605165,0.0,0.0,6008.432847275828,0.0,7070.742066091218,0.0,0.0,0.0,0.0,-6899.429682834364,0.0,0.0,0.0,25995.729388498352,0.0,0.0,0.0,0.0,0.0,0.0,5313.221834355238,-2657.48508956522,0.0,2038.573014405265,-47600.735213758075,-81583.97799350775,0.0,0.0,172902.3258226302,0.0,-34015.09548958833,8943.554574975002,0.0,0.0,0.0,8376.550758560159,58835.18162896682,-83115.00633559469,0.0,9891.769579071508,0.0,0.0,9817.520823691797,0.0,16567.126259556448,0.0,0.0,0.0,0.0,2605.380483717665,-178452.9109064266,0.0,0.0,139930.28718808596,0.0,0.0,0.0,0.0,0.0,0.0,0.0,0.0,-142891.41190942377,-27162.51512288068,13085.967720620742,0.0,0.0,0.0,0.0,0.0,0.0,0.0,11400.342119648267,0.0,17424.93150410315,98.16618389022369,0.0,2455.2235575157392,0.0,0.0,0.0,0.0,0.0,0.0,0.0,0.0,0.0,-78006.96983226389,0.0,0.0,0.0,0.0,0.0,0.0,0.0,0.0,0.0,0.0,0.0,0.0,0.0,0.0,0.0,0.0,0.0,0.0,0.0,0.0,0.0,0.0,0.0,0.0,0.0,0.0
Michigan,2027,41125.4722071531,49701.910007184604,3074.4604852376797,117111.54189786292,0.0,0.0,0.0,0.0,0.0,0.0,0.0,0.0,0.0,0.0,4897.428027184193,0.0,0.0,0.0,0.0,0.0,3533.145573620335,0.0,0.0,0.0,41402.79847373668,0.0,0.0,0.0,0.0,0.0,3493.997726876063,0.0,0.0,0.0,0.0,0.0,0.0,177139.30096192402,0.0,289746.2677655984,-445860.26286839147,-1965.2780736624845,34357.01391324244,0.0,40294.92468290968,2185.3698467363865,173985.01157206506,0.0,-26828.977486500517,-3465.159040190283,33368.54509306891,0.0,0.0,6606.620705959329,0.0,2469.123247044081,-19280314.23303624,8372.062641723242,0.0,7661.977570737246,0.0,0.0,0.0,0.0,0.0,0.0,0.0,0.0,0.0,0.0,583892.4421701897,0.0,0.0,0.0,0.0,0.0,0.0,0.0,12032.67555130861,0.0,-347974.5037062424,0.0,-39135.67453640362,644.2698559977143,0.0,0.0,0.0,559.3233167651397,0.0,0.0,157384.35636092047,0.0,0.0,6999.185072092601,0.0,8236.662300393495,0.0,0.0,0.0,0.0,-11845.820237810922,0.0,0.0,0.0,30282.259234474215,0.0,0.0,0.0,0.0,0.0,0.0,1660.5137578010326,-11198.900478533818,0.0,2374.7206923125195,-94926.77698508126,-161120.5220861059,0.0,0.0,201412.81571891485,0.0,-73076.21198769566,10418.289637869806,0.0,0.0,0.0,9757.790511301471,68536.72753587086,-211879.29295507772,0.0,11522.859243705636,0.0,0.0,11436.367342492042,0.0,19298.939632142865,0.0,0.0,0.0,0.0,3034.991095394518,-511181.0596925551,0.0,0.0,163003.8983733554,0.0,0.0,0.0,0.0,0.0,0.0,0.0,0.0,-308078.87337548356,-51219.66712074992,15243.760270297556,0.0,0.0,0.0,0.0,0.0,0.0,0.0,13280.185767037052,0.0,20298.191486162686,114.35316102105821,0.0,2860.074250510359,0.0,0.0,0.0,0.0,0.0,0.0,0.0,0.0,0.0,-171053.32240340498,0.0,0.0,0.0,0.0,0.0,0.0,0.0,0.0,0.0,0.0,0.0,0.0,0.0,0.0,0.0,0.0,0.0,0.0,0.0,0.0,0.0,0.0,0.0,0.0,0.0,0.0
Michigan,2028,40749.897118503344,49248.01128565782,3046.383220532316,116042.03009970905,0.0,0.0,0.0,0.0,0.0,0.0,0.0,0.0,0.0,0.0,4852.702657072929,0.0,0.0,0.0,0.0,0.0,3500.8794039982313,0.0,0.0,0.0,41024.690725118155,0.0,0.0,0.0,0.0,0.0,3462.089071836097,0.0,0.0,0.0,0.0,0.0,0.0,175521.59045085637,0.0,257227.5444660224,-620225.0206040966,-3878.320102235346,34043.25122910319,0.0,39926.9345031571,2165.4121312410716,172396.1073567951,0.0,-50757.667572533304,-5150.460559135579,33063.80952144269,0.0,0.0,6546.286270288474,0.0,2446.574176294813,-26100746.89497848,8295.60544864813,0.0,-8768.63694044028,0.0,0.0,0.0,0.0,0.0,0.0,0.0,0.0,0.0,0.0,578560.0911001423,0.0,0.0,0.0,0.0,0.0,0.0,0.0,11922.788103351442,0.0,-506563.48962539854,0.0,-52635.49825637227,638.386113020566,0.0,0.0,0.0,554.215341269568,0.0,0.0,155947.0563028301,0.0,0.0,6935.265573717326,0.0,8161.441640115925,0.0,0.0,0.0,0.0,-15761.712760500695,0.0,0.0,0.0,30005.708921830636,0.0,0.0,0.0,0.0,0.0,0.0,-3139.546745663829,-19658.017285933718,0.0,2353.03374535076,-135768.9818553034,-229469.52293382864,0.0,0.0,199573.4292739937,0.0,-107752.57087677234,10323.14544026366,0.0,0.0,0.0,9668.678269189128,67910.82134832873,-331509.21955955913,0.0,11417.627652438925,0.0,0.0,11331.925631601684,0.0,19122.693608105095,0.0,0.0,0.0,0.0,3007.2742817379476,-826964.6516379407,0.0,0.0,161515.27829688648,0.0,0.0,0.0,0.0,0.0,0.0,0.0,0.0,-454898.82722903136,-71437.13825624243,15104.547847737791,0.0,0.0,0.0,0.0,0.0,0.0,0.0,13158.90553172164,0.0,20112.81987441695,113.30883991584346,0.0,2833.95485096232,0.0,0.0,0.0,0.0,0.0,0.0,0.0,0.0,0.0,-254208.47715244535,0.0,0.0,0.0,0.0,0.0,0.0,0.0,0.0,0.0,0.0,0.0,0.0,0.0,0.0,0.0,0.0,0.0,0.0,0.0,0.0,0.0,0.0,0.0,0.0,0.0,0.0
Michigan,2029,52204.93732232222,63091.92229222518,3902.739794046007,148662.139943406,0.0,0.0,0.0,0.0,0.0,0.0,0.0,0.0,0.0,0.0,6216.826445466693,0.0,0.0,0.0,0.0,0.0,4484.997577472379,0.0,0.0,0.0,52556.97705798538,0.0,0.0,0.0,0.0,0.0,4435.303050554998,0.0,0.0,0.0,0.0,0.0,0.0,224861.76103842468,0.0,344140.19413347356,-707338.0796840109,-4024.496776423628,43613.01309534884,0.0,51150.63498561137,2774.122453848013,220857.68592253,0.0,-53207.66066921997,-5758.887085967646,42358.24445604184,0.0,0.0,8386.486558249744,0.0,3134.320834147282,-30017297.40732699,10627.549837438622,0.0,-3234.992635253584,0.0,0.0,0.0,0.0,0.0,0.0,0.0,0.0,0.0,0.0,741196.798736589,0.0,0.0,0.0,0.0,0.0,0.0,0.0,15274.355266044702,0.0,-569875.2703179452,0.0,-60656.986982822826,817.8402738235836,0.0,0.0,0.0,710.008593884515,0.0,0.0,199784.70807459345,0.0,0.0,8884.810274163203,0.0,10455.671778581687,0.0,0.0,0.0,0.0,-18225.093771014814,0.0,0.0,0.0,38440.49345746043,0.0,0.0,0.0,0.0,0.0,0.0,-1682.8024822729349,-20998.422491065343,0.0,3014.485627684382,-153543.27005194908,-259840.24771053274,0.0,0.0,255674.71584410244,0.0,-120763.25830740831,13225.043467250245,0.0,0.0,0.0,12386.601653615566,87000.96006836591,-365266.53729117755,0.0,14627.191186073847,0.0,0.0,14517.397813757038,0.0,24498.197341259074,0.0,0.0,0.0,0.0,3852.637098263356,-902763.5095398929,0.0,0.0,206918.190629191,0.0,0.0,0.0,0.0,0.0,0.0,0.0,0.0,-509619.2525814548,-81405.73533292298,19350.526735811523,0.0,0.0,0.0,0.0,0.0,0.0,0.0,16857.952708841563,0.0,25766.65403266318,145.16063362490536,0.0,3630.5965371775346,0.0,0.0,0.0,0.0,0.0,0.0,0.0,0.0,0.0,-284250.53633742663,0.0,0.0,0.0,0.0,0.0,0.0,0.0,0.0,0.0,0.0,0.0,0.0,0.0,0.0,0.0,0.0,0.0,0.0,0.0,0.0,0.0,0.0,0.0,0.0,0.0,0.0
Michigan,2030,56336.263297469995,68084.80822901998,4211.589705805043,160426.7697230999,0.0,0.0,0.0,0.0,0.0,0.0,0.0,0.0,0.0,0.0,6708.805516690671,0.0,0.0,0.0,0.0,0.0,4839.925443315522,0.0,0.0,0.0,56716.16229279002,0.0,0.0,0.0,0.0,0.0,4786.298255994603,0.0,0.0,0.0,0.0,0.0,0.0,242656.57666016975,0.0,431404.54006536026,-404739.30178381805,-462.5830408019174,47064.40262087999,0.0,55198.52696289,2993.657324296415,238335.63229049998,0.0,-8840.340819448465,-2764.3549302453102,45710.335743930016,0.0,0.0,9050.16535062922,0.0,3382.3606123891514,-18333010.712113503,11468.578961264706,0.0,29386.347734317766,0.0,0.0,0.0,0.0,0.0,0.0,0.0,0.0,0.0,0.0,799852.66050711,0.0,0.0,0.0,0.0,0.0,0.0,0.0,16483.117193573402,0.0,-289896.56286302954,0.0,-37610.54302162788,882.5614465722128,0.0,0.0,0.0,766.1963243358068,0.0,0.0,215595.00871358998,0.0,0.0,9587.924756291235,0.0,11283.099041634909,0.0,0.0,0.0,0.0,-11580.835029508606,0.0,0.0,0.0,41482.54689653998,0.0,0.0,0.0,0.0,0.0,0.0,7799.460797109263,-5455.722053773818,0.0,3253.0420442637223,-81878.08450196998,-140096.29175275005,0.0,0.0,275907.9667382401,0.0,-59295.47909793042,14271.629640917527,0.0,0.0,0.0,13366.836316851317,93885.92813133006,-149883.13055007602,0.0,15784.73869000774,0.0,0.0,15666.256633550758,0.0,26436.90360567521,0.0,0.0,0.0,0.0,4157.522048485636,-330244.6387123568,0.0,0.0,223293.01147034997,0.0,0.0,0.0,0.0,0.0,0.0,0.0,0.0,-249254.57395930355,-46280.1398900927,20881.863383969263,0.0,0.0,0.0,0.0,0.0,0.0,0.0,18192.035297311028,0.0,27805.741761866753,156.64816578227192,0.0,3917.9099322059737,0.0,0.0,0.0,0.0,0.0,0.0,0.0,0.0,0.0,-136502.50112121005,0.0,0.0,0.0,0.0,0.0,0.0,0.0,0.0,0.0,0.0,0.0,0.0,0.0,0.0,0.0,0.0,0.0,0.0,0.0,0.0,0.0,0.0,0.0,0.0,0.0,0.0
Michigan,2031,67791.30350128887,81928.7192355874,5067.946279318738,193046.87956679682,0.0,0.0,0.0,0.0,0.0,0.0,0.0,0.0,0.0,0.0,8072.929305084457,0.0,0.0,0.0,0.0,0.0,5824.04361678967,0.0,0.0,0.0,68248.4486256573,0.0,0.0,0.0,0.0,0.0,5759.512234713518,0.0,0.0,0.0,0.0,0.0,0.0,291996.74724773737,0.0,581847.6542362925,-112369.43471289321,3497.8971709496545,56634.16448712564,0.0,66422.22744534427,3602.3676469033526,286797.21085623535,0.0,40120.14356129663,278.66793137450804,55004.77067852911,0.0,0.0,10890.36563859049,0.0,4070.107270241613,-7370010.552284278,13800.523350055184,0.0,69714.34699342353,0.0,0.0,0.0,0.0,0.0,0.0,0.0,0.0,0.0,0.0,962489.3681435557,0.0,0.0,0.0,0.0,0.0,0.0,0.0,19834.68435626666,0.0,-9177.06121832761,0.0,-16161.716557405653,1062.0156073752296,0.0,0.0,0.0,921.9895769507548,0.0,0.0,259432.66048535332,0.0,0.0,11537.469456737119,0.0,13577.32918010067,0.0,0.0,0.0,0.0,-5486.175238555348,0.0,0.0,0.0,49917.33143216983,0.0,0.0,0.0,0.0,0.0,0.0,19432.295246279566,11411.473397145659,0.0,3914.4939265973517,-10949.14335713163,-21979.16994104616,0.0,0.0,332009.2533083486,0.0,2859.7092778342776,17173.527667904084,0.0,0.0,0.0,16084.75970127777,112976.06685136713,74892.93677001633,0.0,18994.302223642662,0.0,0.0,18851.728815706083,0.0,31812.407338829187,0.0,0.0,0.0,0.0,5002.8848650110485,275465.05903723,0.0,0.0,268695.9238026545,0.0,0.0,0.0,0.0,0.0,0.0,0.0,0.0,14252.101336094085,-12257.232681887472,25127.842272043024,0.0,0.0,0.0,0.0,0.0,0.0,0.0,21891.082474430936,0.0,33459.575920112984,188.49995949133404,0.0,4714.551618421185,0.0,0.0,0.0,0.0,0.0,0.0,0.0,0.0,0.0,13624.609317800961,0.0,0.0,0.0,0.0,0.0,0.0,0.0,0.0,0.0,0.0,0.0,0.0,0.0,0.0,0.0,0.0,0.0,0.0,0.0,0.0,0.0,0.0,0.0,0.0,0.0,0.0
Michigan,2032,79246.3437051078,95772.63024215482,5924.302852832425,225666.989410494,0.0,0.0,0.0,0.0,0.0,0.0,0.0,0.0,0.0,0.0,9437.053093478222,0.0,0.0,0.0,0.0,0.0,6808.161790263832,0.0,0.0,0.0,79780.73495852458,0.0,0.0,0.0,0.0,0.0,6732.726213432412,0.0,0.0,0.0,0.0,0.0,0.0,341336.9178353059,0.0,727773.6940961988,153018.84815923322,7166.390310535775,66203.92635337124,0.0,77645.92792779859,4211.07796951029,335258.78942197,0.0,85425.29582782084,3062.0693915218326,64299.20561312826,0.0,0.0,12730.565926551775,0.0,4757.853928094075,2535039.9037891924,16132.467738845677,0.0,107568.43569387926,0.0,0.0,0.0,0.0,0.0,0.0,0.0,0.0,0.0,0.0,1125126.0757800015,0.0,0.0,0.0,0.0,0.0,0.0,0.0,23186.251518959936,0.0,247081.5006271666,0.0,3191.743459773328,1241.4697681782454,0.0,0.0,0.0,1077.7828295657027,0.0,0.0,303270.31225711666,0.0,0.0,13487.014157183003,0.0,15871.559318566433,0.0,0.0,0.0,0.0,0.0,0.0,0.0,0.0,58352.11596779962,0.0,0.0,0.0,0.0,0.0,0.0,30341.600347378408,26984.09173719911,0.0,4575.945808930966,53672.91680241763,85580.3297508398,0.0,0.0,388110.53987845755,0.0,59670.5349242448,20075.42569489064,0.0,0.0,0.0,18802.683085704208,132066.2055714043,281287.04322633985,0.0,22203.865757277585,0.0,0.0,22037.200997861408,0.0,37187.91107198311,0.0,0.0,0.0,0.0,5848.247681536461,832718.8732427843,0.0,0.0,314098.8361349588,0.0,0.0,0.0,0.0,0.0,0.0,0.0,0.0,255132.5378239632,18637.83821248416,29373.821160116786,0.0,0.0,0.0,0.0,0.0,0.0,0.0,25590.129651550844,0.0,39113.410078359244,220.35175320039593,0.0,5511.193304636399,0.0,0.0,0.0,0.0,0.0,0.0,0.0,0.0,0.0,150941.52650372987,0.0,0.0,0.0,0.0,0.0,0.0,0.0,0.0,0.0,0.0,0.0,0.0,0.0,0.0,0.0,0.0,0.0,0.0,0.0,0.0,0.0,0.0,0.0,0.0,0.0,0.0
Michigan,2033,84879.97003485484,102581.11106505676,6345.461823412941,241709.6663828038,0.0,0.0,0.0,0.0,0.0,0.0,0.0,0.0,0.0,0.0,10107.933645147292,0.0,0.0,0.0,0.0,0.0,7292.154334595383,0.0,0.0,0.0,85452.35118780361,0.0,0.0,0.0,0.0,0.0,7211.356039031874,0.0,0.0,0.0,0.0,0.0,0.0,365602.57550132275,0.0,779511.1605011416,163896.96532695123,7675.849337351108,70910.3666154592,0.0,83165.78062408767,4510.44370193993,359092.35265102005,0.0,91498.18415681284,3279.752049686889,68870.23918752128,0.0,0.0,13635.5824616147,0.0,5096.0899893329915,2715256.0106936377,17279.325634972134,0.0,115215.48088538717,0.0,0.0,0.0,0.0,0.0,0.0,0.0,0.0,0.0,0.0,1205111.3418307127,0.0,0.0,0.0,0.0,0.0,0.0,0.0,24834.563238317263,0.0,264646.53621677565,0.0,3418.644653596073,1329.7259128354672,0.0,0.0,0.0,1154.4024619992833,0.0,0.0,324829.81312847557,0.0,0.0,14445.80663281212,0.0,16999.869222729933,0.0,0.0,0.0,0.0,0.0,0.0,0.0,0.0,62500.370657453605,0.0,0.0,0.0,0.0,0.0,0.0,32498.586154064076,28902.392097663513,0.0,4901.250013357338,57488.52700164166,91664.2394487668,0.0,0.0,415701.33655228163,0.0,63912.51607999683,21502.588658982408,0.0,0.0,0.0,20139.36671738932,141454.79838453722,301283.7524604399,0.0,23782.33962627835,0.0,0.0,23603.826661216488,0.0,39831.60143255073,0.0,0.0,0.0,0.0,6263.999886385031,891916.8974069636,0.0,0.0,336428.13728199387,0.0,0.0,0.0,0.0,0.0,0.0,0.0,0.0,273269.9220294582,19962.803014319536,31462.007498513703,0.0,0.0,0.0,0.0,0.0,0.0,0.0,27409.333181281952,0.0,41893.98425454591,236.01656977862308,0.0,5902.984297856998,0.0,0.0,0.0,0.0,0.0,0.0,0.0,0.0,0.0,161671.96677650686,0.0,0.0,0.0,0.0,0.0,0.0,0.0,0.0,0.0,0.0,0.0,0.0,0.0,0.0,0.0,0.0,0.0,0.0,0.0,0.0,0.0,0.0,0.0,0.0,0.0,0.0
Minnesota,2024,0.0,0.0,0.0,0.0,0.0,0.0,0.0,0.0,0.0,0.0,0.0,0.0,0.0,0.0,0.0,0.0,0.0,0.0,0.0,0.0,0.0,0.0,0.0,0.0,0.0,0.0,0.0,0.0,0.0,0.0,0.0,0.0,0.0,0.0,0.0,0.0,0.0,0.0,0.0,0.0,0.0,0.0,0.0,0.0,0.0,0.0,0.0,0.0,0.0,0.0,0.0,0.0,0.0,0.0,0.0,0.0,0.0,0.0,0.0,0.0,0.0,0.0,0.0,0.0,0.0,0.0,0.0,0.0,0.0,0.0,0.0,0.0,0.0,0.0,0.0,0.0,0.0,0.0,0.0,0.0,0.0,0.0,0.0,0.0,0.0,0.0,0.0,0.0,0.0,0.0,0.0,0.0,0.0,0.0,0.0,0.0,0.0,0.0,0.0,0.0,0.0,0.0,0.0,0.0,0.0,0.0,0.0,0.0,0.0,0.0,0.0,0.0,0.0,0.0,0.0,0.0,0.0,0.0,0.0,0.0,0.0,0.0,0.0,0.0,0.0,0.0,0.0,0.0,0.0,0.0,0.0,0.0,0.0,0.0,0.0,0.0,0.0,0.0,0.0,0.0,0.0,0.0,0.0,0.0,0.0,0.0,0.0,0.0,0.0,0.0,0.0,0.0,0.0,0.0,0.0,0.0,0.0,0.0,0.0,0.0,0.0,0.0,0.0,0.0,0.0,0.0,0.0,0.0,0.0,0.0,0.0,0.0,0.0,0.0,0.0,0.0,0.0,0.0,0.0,0.0,0.0,0.0,0.0,0.0,0.0,0.0,0.0,0.0,0.0,0.0,0.0,0.0,0.0,0.0,0.0,0.0,0.0,0.0,0.0,0.0,0.0,0.0,0.0,0.0,0.0
Minnesota,2025,30645.498324818444,25388.43514379044,0.0,2533.9020651739847,0.0,0.0,0.0,0.0,0.0,0.0,0.0,0.0,0.0,0.0,0.0,0.0,0.0,0.0,0.0,3408.170353323032,0.0,0.0,0.0,0.0,0.0,0.0,0.0,0.0,0.0,259.38162800050486,-20840.258727107568,0.0,0.0,0.0,0.0,0.0,0.0,0.0,0.0,406746.2692489857,-49453.31817959412,-9720.473419426242,24886.857569150627,0.0,0.0,0.0,103869.13808348496,0.0,-27930.177628941252,-209557.11206348924,-1233799.2709454028,0.0,0.0,0.0,0.0,27879.431723486923,-1566544.8105360027,2966.414000219527,0.0,-235332.9955275526,0.0,0.0,4475.488957518035,0.0,0.0,0.0,0.0,75111.24180049263,9050.002937023746,0.0,659026.0043877605,0.0,0.0,0.0,-211194.5012199334,-88101.9056195796,0.0,0.0,-14241.76777578448,0.0,-251702.27407138608,0.0,-160426.41959230357,2068.47964241949,0.0,2303.1982408362674,11171.637603089228,0.0,2808.0629007907373,0.0,0.0,0.0,0.0,177952.05982827488,-95472.67131747113,-17528.44520221516,0.0,0.0,0.0,0.0,0.0,-106565.70664474409,0.0,0.0,1974.3596902751015,9496.308631697582,0.0,0.0,0.0,16540.212597177597,-188.50639845292153,-12495.244885654654,-1588.6528230427175,-36671.23952574807,45185.13972839946,-191239.0221905599,-86709.22522796714,9456.895613672561,0.0,0.0,0.0,-60778.17706444347,30224.740897276497,0.0,0.0,0.0,1301.1033810577428,5096.243991411888,121169.854947221,0.0,0.0,-8270.045650364678,0.0,4510.172671235676,6768.599342550311,2016.464312715576,51987.882186652394,21027.548920218134,0.0,0.0,1185.95124726611,-956410.0708619049,0.0,0.0,-316173.63971478306,6089.78048745892,0.0,0.0,0.0,39459.917456775205,0.0,0.0,0.0,-52971.4873469178,-24260.61235422484,191812.68708595075,0.0,11670.098818818253,0.0,6139.281361287925,0.0,0.0,119513.73785420973,29386.36162046221,0.0,4437.726922115544,17314.899766755465,0.0,49340.034738695715,322.8888977675001,0.0,0.0,0.0,0.0,0.0,0.0,0.0,0.0,-147101.69872823113,12790.459199134435,0.0,0.0,0.0,0.0,0.0,0.0,0.0,0.0,0.0,0.0,0.0,0.0,0.0,0.0,0.0,0.0,-22318.79059626047,0.0,0.0,0.0,0.0,0.0,0.0,0.0,0.0
Minnesota,2026,35345.728129238414,29282.366914310376,0.0,2922.5373512436163,0.0,0.0,0.0,0.0,0.0,0.0,0.0,0.0,0.0,0.0,0.0,0.0,0.0,0.0,0.0,3930.8958676363836,0.0,0.0,0.0,0.0,0.0,0.0,0.0,0.0,0.0,299.1640862827908,-43217.40969072749,0.0,0.0,0.0,0.0,0.0,0.0,0.0,0.0,469130.6663730629,-148731.14671754686,-23679.459009901366,28703.860263805604,0.0,0.0,0.0,119799.98748279247,0.0,-124631.21957854507,-437202.54707281716,-2695255.178652607,0.0,0.0,0.0,0.0,32155.418184144364,-3768584.591910598,3421.3854726458376,0.0,-506179.30465604994,0.0,0.0,5161.913644253953,0.0,0.0,0.0,0.0,86631.37091099762,10438.040197303446,0.0,760103.6124226926,0.0,0.0,0.0,-443505.97431836266,-182701.0019190692,0.0,0.0,-37808.32801059974,0.0,-746686.8784199739,0.0,-398146.0528624619,2385.7311213181893,0.0,2656.4495047682103,12885.078953256278,0.0,3238.7473947770486,0.0,0.0,0.0,0.0,171343.92571857898,-232832.60856200499,-36349.54860518365,0.0,0.0,0.0,0.0,0.0,-244551.70037967566,0.0,0.0,-16792.53099997423,10952.797685638929,0.0,0.0,0.0,19077.055020057596,-705.2946738398514,-47900.77032690495,-5297.233385980733,-103975.73055041465,52115.37588306202,-486167.4897241497,-270651.78681892157,10907.339726199032,0.0,0.0,0.0,-233331.86809981032,34860.43735391402,0.0,0.0,0.0,1500.6591143488095,5877.876505432112,49795.06188007211,0.0,0.0,-19832.89665075855,0.0,5201.916945965066,7806.728076070285,2325.7379803099975,59961.483749022475,24252.63311043562,0.0,0.0,1367.8456103437366,-2210503.0143066486,0.0,0.0,-927507.5933309984,7023.795899645862,0.0,0.0,0.0,45512.052036035166,0.0,0.0,0.0,-140959.78974122554,-78981.8967211005,181498.41840498708,0.0,13459.991275692213,0.0,7080.888932037618,0.0,0.0,137844.06574596022,33893.47229844722,0.0,5118.359885630198,1468.0400625228067,0.0,56907.52472929319,372.4117348484042,0.0,0.0,0.0,0.0,0.0,0.0,0.0,0.0,-365399.76128354715,14752.186070167343,0.0,0.0,0.0,0.0,0.0,0.0,0.0,0.0,0.0,0.0,0.0,0.0,0.0,0.0,0.0,0.0,-46283.509702569645,0.0,0.0,0.0,0.0,0.0,0.0,0.0,0.0
Minnesota,2027,41174.013086719206,34110.842309755215,0.0,3404.445105969957,0.0,0.0,0.0,0.0,0.0,0.0,0.0,0.0,0.0,0.0,0.0,0.0,0.0,0.0,0.0,4579.075505384935,0.0,0.0,0.0,0.0,0.0,0.0,0.0,0.0,0.0,348.49433455282497,-74201.15717881662,0.0,0.0,0.0,0.0,0.0,0.0,0.0,0.0,546487.3188069193,-287305.5986753934,-43092.15463957759,33436.9436051778,0.0,0.0,0.0,139554.24073793367,0.0,-260132.65762317565,-752467.4022726467,-4722103.120043233,0.0,0.0,0.0,0.0,37457.641395359766,-6830093.5894203745,3985.550098454456,0.0,-881634.8742488037,0.0,0.0,6013.080255806461,0.0,0.0,0.0,0.0,100916.33100802382,12159.206400050272,0.0,885439.8463860098,0.0,0.0,0.0,-765301.5757809995,-313684.3660260548,0.0,0.0,-70638.35944206319,0.0,-1437465.764643461,0.0,-728873.9077927668,2779.122955152572,0.0,3094.4810720438218,15009.746227463416,0.0,3772.79616732007,0.0,0.0,0.0,0.0,157430.1780977035,-423863.06550119416,-62409.5379323708,0.0,0.0,0.0,0.0,0.0,-436177.0435813434,0.0,0.0,-43280.81397132372,12758.844112526174,0.0,0.0,0.0,22222.739624428825,-1428.423997102761,-97453.7191229011,-10480.456347528667,-197839.62931094528,60708.86871484341,-896688.9449084161,-527530.6353483421,12705.890425731835,0.0,0.0,0.0,-474838.0522205797,40608.70096014452,0.0,0.0,0.0,1748.1082236297316,6847.1008228171995,-53887.10240056366,0.0,0.0,-35907.65438608188,0.0,6059.679846629515,9094.007705635056,2709.2373281270666,69848.74968636117,28251.737506305304,0.0,0.0,1593.3946205599877,-3952413.569273666,0.0,0.0,-1780521.2183789164,8181.975010757669,0.0,0.0,0.0,53016.69891431765,0.0,0.0,0.0,-263539.4832167914,-155440.79146593233,162005.12058334285,0.0,15679.457922215923,0.0,8248.482319767223,0.0,0.0,160573.6723317299,39482.28953914862,0.0,5962.3447603883615,-21303.711670441902,0.0,66291.21231763414,433.8200528287257,0.0,0.0,0.0,0.0,0.0,0.0,0.0,0.0,-669112.9622219455,17184.727390248125,0.0,0.0,0.0,0.0,0.0,0.0,0.0,0.0,0.0,0.0,0.0,0.0,0.0,0.0,0.0,0.0,-79465.42846515158,0.0,0.0,0.0,0.0,0.0,0.0,0.0,0.0
Minnesota,2028,40797.9947023656,33799.32776811364,0.0,3373.3542830843835,0.0,0.0,0.0,0.0,0.0,0.0,0.0,0.0,0.0,0.0,0.0,0.0,0.0,0.0,0.0,4537.257464239869,0.0,0.0,0.0,0.0,0.0,0.0,0.0,0.0,0.0,345.3117378902425,-98729.95727355384,0.0,0.0,0.0,0.0,0.0,0.0,0.0,0.0,541496.5670369929,-405180.10243879585,-59083.591630944626,33131.583389605395,0.0,0.0,0.0,138279.7727859891,0.0,-379207.16615800175,-1002518.1325796341,-6350870.475137915,0.0,0.0,0.0,0.0,37115.56247850711,-9345781.009556532,3949.152380660351,0.0,-1182083.1144762612,0.0,0.0,5958.166280867605,0.0,0.0,0.0,0.0,99994.72067918337,12048.163419227945,0.0,877353.6377432141,0.0,0.0,0.0,-1021036.9457026685,-417379.5292774184,0.0,0.0,-98092.72885682741,0.0,-2024089.9036092153,0.0,-1002281.7323095894,2753.7428368406763,0.0,3066.2209709292656,14872.670919450058,0.0,3738.34140780117,0.0,0.0,0.0,0.0,111440.94496636232,-581260.5579784077,-83040.36281639394,0.0,0.0,0.0,0.0,0.0,-592048.9357510019,0.0,0.0,-67946.00840817112,12642.32498821088,0.0,0.0,0.0,22019.792230598425,-2056.5215556376825,-140573.3977976283,-14938.171520040702,-277089.7296126123,60154.449822470546,-1237534.708312948,-746964.274716269,12589.854896729725,0.0,0.0,0.0,-685012.7966464867,40237.84524361347,0.0,0.0,0.0,1732.1437649664476,6784.570221695591,-171614.7600270016,0.0,0.0,-49108.16670287268,0.0,6004.340304651174,9010.957406953472,2684.495434719516,69210.8615613716,27993.730771087896,0.0,0.0,1578.8430715137802,-5371613.6949208025,0.0,0.0,-2503918.278685703,8107.253777782724,0.0,0.0,0.0,52532.52814797673,0.0,0.0,0.0,-366085.78879454633,-221043.32146459474,108309.98803029349,0.0,15536.266525666026,0.0,8173.153714107248,0.0,0.0,159107.24610038986,39121.720684909786,0.0,5907.894123307204,-45424.240951902466,0.0,65685.81311838632,429.85822586225277,0.0,0.0,0.0,0.0,0.0,0.0,0.0,0.0,-920229.3807943019,17027.7892405655,0.0,0.0,0.0,0.0,0.0,0.0,0.0,0.0,0.0,0.0,0.0,0.0,0.0,0.0,0.0,0.0,-105734.44748552894,0.0,0.0,0.0,0.0,0.0,0.0,0.0,0.0
Minnesota,2029,52266.55542515038,43300.52128818241,0.0,4321.624381094276,0.0,0.0,0.0,0.0,0.0,0.0,0.0,0.0,0.0,0.0,0.0,0.0,0.0,0.0,0.0,5812.707719164435,0.0,0.0,0.0,0.0,0.0,0.0,0.0,0.0,0.0,442.38093609902035,-114160.35532813791,0.0,0.0,0.0,0.0,0.0,0.0,0.0,0.0,693714.4960197415,-460168.19626894104,-67681.88754961296,42445.06996456359,0.0,0.0,0.0,177151.04532029922,0.0,-426428.76165635395,-1158725.0061671056,-7318766.485980807,0.0,0.0,0.0,0.0,47548.96944251144,-10712545.96272643,5059.282773380546,0.0,-1363551.2212199622,0.0,0.0,7633.0425165031775,0.0,0.0,0.0,0.0,128103.8357088156,15434.97433431042,0.0,1123983.0013484498,0.0,0.0,0.0,-1179613.1015240094,-482611.3237037148,0.0,0.0,-111929.6224740625,0.0,-2299860.8694167226,0.0,-1147108.4326118915,3527.8364453534778,0.0,3928.154054923205,19053.467813857656,0.0,4789.211573127766,0.0,0.0,0.0,0.0,164548.4695043615,-665813.8181318165,-96018.65115195738,0.0,0.0,0.0,0.0,0.0,-680325.7459910226,0.0,0.0,-74794.22381057608,16196.158279827738,0.0,0.0,0.0,28209.687742425624,-2321.173666165945,-158573.51887362282,-16911.254280107863,-315353.39529872726,77064.22603984701,-1414773.416780772,-847306.1163484468,16128.938531294334,0.0,0.0,0.0,-772701.5507387281,51548.94459780899,0.0,0.0,0.0,2219.059754196647,8691.75355590495,-162060.18432388036,0.0,0.0,-56298.84417709705,0.0,7692.196334990898,11543.99151674223,3439.1231836498882,88666.44937355444,35862.93619521859,0.0,0.0,2022.6653174231851,-6170126.635841819,0.0,0.0,-2846173.250950826,10386.251383518887,0.0,0.0,0.0,67299.73652137117,0.0,0.0,0.0,-417684.15544211655,-250413.4723203237,164284.29599382775,0.0,19903.604120438482,0.0,10470.67618673647,0.0,0.0,203833.24615626014,50119.07073919318,0.0,7568.638554282952,-46305.856479180744,0.0,84150.4886954443,550.6939483396613,0.0,0.0,0.0,0.0,0.0,0.0,0.0,0.0,-1053155.5454675276,21814.402805885737,0.0,0.0,0.0,0.0,0.0,0.0,0.0,0.0,0.0,0.0,0.0,0.0,0.0,0.0,0.0,0.0,-122259.56972641798,0.0,0.0,0.0,0.0,0.0,0.0,0.0,0.0
Minnesota,2030,56402.75765304,46727.18124623998,0.0,4663.623432835557,0.0,0.0,0.0,0.0,0.0,0.0,0.0,0.0,0.0,0.0,0.0,0.0,0.0,0.0,0.0,6272.706171760183,0.0,0.0,0.0,0.0,0.0,0.0,0.0,0.0,0.0,477.38949938743235,-72541.31356338327,0.0,0.0,0.0,0.0,0.0,0.0,0.0,0.0,748612.76548893,-254438.36320651404,-40111.76800536675,45804.032335860014,0.0,0.0,0.0,191170.1927916899,0.0,-216116.121661496,-734126.748740696,-4538218.24663133,0.0,0.0,0.0,0.0,51311.83752789011,-6379584.07266478,5459.657669115702,0.0,-851515.9998221081,0.0,0.0,8237.096240830775,0.0,0.0,0.0,0.0,138241.5493260601,16656.447123356586,0.0,1212931.296419193,0.0,0.0,0.0,-745008.8221654897,-306667.400091752,0.0,0.0,-64320.38679854649,0.0,-1276639.9076163648,0.0,-675086.874985032,3807.017746784335,0.0,4239.0151671833155,20561.296202004683,0.0,5168.213927835721,0.0,0.0,0.0,0.0,267098.293108338,-394429.0189324381,-61013.46707555719,0.0,0.0,0.0,0.0,0.0,-412929.1403684899,0.0,0.0,-30353.23563814751,17477.868647296127,0.0,0.0,0.0,30442.109074560023,-1216.4628121550468,-82683.36400852597,-9099.266024759738,-177422.515222642,83162.83385595004,-825335.0839772744,-463717.46334375,17405.32935031761,0.0,0.0,0.0,-402782.06082706014,55628.35747965,0.0,0.0,0.0,2394.668799492787,9379.590168242743,62682.151831354015,0.0,0.0,-33568.22960476957,0.0,8300.931296752773,12457.544802239805,3711.2840111329715,95683.21874844003,38701.01028261002,0.0,0.0,2182.732356931492,-3733937.649517774,0.0,0.0,-1585039.3975468865,11208.184946243404,0.0,0.0,0.0,72625.61495111999,0.0,0.0,0.0,-239831.04136243596,-135546.88675394404,282214.5594020034,0.0,21478.709482487582,0.0,11299.290848996185,0.0,0.0,219963.93470099987,54085.32813581999,0.0,8167.595562175848,-1108.2417795236688,0.0,90809.87988717004,594.2740449708576,0.0,0.0,0.0,0.0,0.0,0.0,0.0,0.0,-619591.0450607361,23540.722452394722,0.0,0.0,0.0,0.0,0.0,0.0,0.0,0.0,0.0,0.0,0.0,0.0,0.0,0.0,0.0,0.0,-77687.82567429898,0.0,0.0,0.0,0.0,0.0,0.0,0.0,0.0
Minnesota,2031,67871.31837582478,56228.374766308756,0.0,5611.893530845453,0.0,0.0,0.0,0.0,0.0,0.0,0.0,0.0,0.0,0.0,0.0,0.0,0.0,0.0,0.0,7548.156426684756,0.0,0.0,0.0,0.0,0.0,0.0,0.0,0.0,0.0,574.4586975962097,-34364.91040841631,0.0,0.0,0.0,0.0,0.0,0.0,0.0,0.0,900830.6944716787,-53161.41779416951,-13863.96495350435,55117.51891081821,0.0,0.0,0.0,230041.46532600024,0.0,-5048.368078345666,-343933.5887536007,-1950484.2991349287,0.0,0.0,0.0,0.0,61745.24449189432,-2263555.1234068032,6569.78806183589,0.0,-376894.4494529738,0.0,0.0,9911.972476466362,0.0,0.0,0.0,0.0,166350.66435569222,20043.25803843909,0.0,1459560.660024426,0.0,0.0,0.0,-344846.09418079053,-145277.1836027876,0.0,0.0,-18397.83593373181,0.0,-276912.47302796645,0.0,-224297.9894805617,4581.111355297151,0.0,5100.9482511772585,24742.09309641231,0.0,6219.084093162324,0.0,0.0,0.0,0.0,414954.006766262,-136011.04984565917,-28903.83736884447,0.0,0.0,0.0,0.0,0.0,-161240.0697926386,0.0,0.0,16094.88606932928,21031.701938913,0.0,0.0,0.0,36632.00458638722,-117.59016062256887,-7087.649199386127,-1388.5260003247458,-43301.68881090009,100072.6100733265,-260277.9044139476,-87141.69630215177,20944.412984882205,0.0,0.0,0.0,-34267.59473332949,66939.45683384553,0.0,0.0,0.0,2881.5847887229884,11286.773502452103,323656.00954563776,0.0,0.0,-11987.83535604462,0.0,9988.787327092497,14990.578912028592,4465.9117600633435,115138.80656062288,46570.21570674068,0.0,0.0,2626.5546028408953,-1437458.454357768,0.0,0.0,-354256.6860042289,13487.182551979553,0.0,0.0,0.0,87392.82332451432,0.0,0.0,0.0,-68224.59992155188,-22380.452175059414,449236.4217181569,0.0,25846.04707726004,0.0,13596.813321625421,0.0,0.0,264689.9347568699,65082.67819010338,0.0,9828.339993151603,49721.294861750735,0.0,109274.55546422792,715.1097674482648,0.0,0.0,0.0,0.0,0.0,0.0,0.0,0.0,-205469.67670828348,28327.33601771493,0.0,0.0,0.0,0.0,0.0,0.0,0.0,0.0,0.0,0.0,0.0,0.0,0.0,0.0,0.0,0.0,-36802.96148468909,0.0,0.0,0.0,0.0,0.0,0.0,0.0,0.0
Minnesota,2032,79339.87909860961,65729.56828637759,0.0,6560.163628855342,0.0,0.0,0.0,0.0,0.0,0.0,0.0,0.0,0.0,0.0,0.0,0.0,0.0,0.0,0.0,8823.606681609323,0.0,0.0,0.0,0.0,0.0,0.0,0.0,0.0,0.0,671.5278958049876,0.0,0.0,0.0,0.0,0.0,0.0,0.0,0.0,0.0,1053048.6234544273,129894.84822249343,9906.248492655177,64431.005485776404,0.0,0.0,0.0,268912.7378603106,0.0,187654.7758224043,7410.027561908348,384441.0962777159,0.0,0.0,0.0,0.0,72178.65145589865,1462642.1493024034,7679.918454556078,0.0,51078.52437832116,0.0,0.0,11586.848712101957,0.0,0.0,0.0,0.0,194459.77938532433,23430.06895352158,0.0,1706190.0236296607,0.0,0.0,0.0,15589.786560818568,0.0,0.0,0.0,23275.763603230676,0.0,632125.8551102635,0.0,184142.0814367301,5355.204963809967,0.0,5962.881335171194,28922.88999081991,0.0,7269.954258488913,0.0,0.0,0.0,0.0,556073.037252815,98021.35018963827,0.0,0.0,0.0,0.0,0.0,0.0,66277.11476190062,0.0,0.0,58753.58931257139,24585.535230529873,0.0,0.0,0.0,42821.90009821442,884.3346293872428,61853.31581058138,5633.685339891053,78562.44206177403,116982.38629070309,252001.35650496185,255524.79122365057,24483.49661944677,0.0,0.0,0.0,301810.4038701139,78250.556188041,0.0,0.0,0.0,3368.5007779531825,13193.956836661462,566753.7256490346,0.0,0.0,7546.909297699996,0.0,11676.643357432236,17523.613021817335,5220.539508993712,134594.3943728056,54439.4211308714,0.0,0.0,3070.3768487502984,638963.9604845531,0.0,0.0,764681.6030658558,15766.180157715717,0.0,0.0,0.0,102160.03169790877,0.0,0.0,0.0,87511.77488918998,80651.5004119146,608362.7010413487,0.0,30213.384672032524,0.0,15894.335794254628,0.0,0.0,309415.93481273996,76080.02824438678,0.0,11489.084424127359,96874.12114241702,0.0,127739.23104128591,835.945489925673,0.0,0.0,0.0,0.0,0.0,0.0,0.0,0.0,169756.11016757262,33113.949583035195,0.0,0.0,0.0,0.0,0.0,0.0,0.0,0.0,0.0,0.0,0.0,0.0,0.0,0.0,0.0,0.0,0.0,0.0,0.0,0.0,0.0,0.0,0.0,0.0,0.0
Minnesota,2033,84980.1548639136,70402.28641100158,0.0,7026.525972138901,0.0,0.0,0.0,0.0,0.0,0.0,0.0,0.0,0.0,0.0,0.0,0.0,0.0,0.0,0.0,9450.877298785344,0.0,0.0,0.0,0.0,0.0,0.0,0.0,0.0,0.0,719.2668457437312,0.0,0.0,0.0,0.0,0.0,0.0,0.0,0.0,0.0,1127909.9000033205,139129.07913878444,10610.484167488488,69011.4087193624,0.0,0.0,0.0,288029.7571394795,0.0,200995.1627292107,7936.806772470562,411771.032032056,0.0,0.0,0.0,0.0,77309.83520868764,1566621.4490158437,8225.884221467662,0.0,54709.69909715917,0.0,0.0,12410.55833618503,0.0,0.0,0.0,0.0,208283.93431793014,25095.71366585724,0.0,1827483.153271581,0.0,0.0,0.0,16698.06522627962,0.0,0.0,0.0,24930.438740901096,0.0,677063.7121086237,0.0,197232.7507331801,5735.9067384884,0.0,6386.782851889526,30979.019611020398,0.0,7786.775651272481,0.0,0.0,0.0,0.0,595604.29582529,104989.69262018119,0.0,0.0,0.0,0.0,0.0,0.0,70988.75799141964,0.0,0.0,62930.38476133236,26333.3220952595,0.0,0.0,0.0,45866.11100567042,947.2020201019759,66250.4709629924,6034.184297703217,84147.44979128405,125298.66967629804,269916.144882092,273690.06074191956,26224.02955447852,0.0,0.0,0.0,323266.11978505086,83813.39193600602,0.0,0.0,0.0,3607.9676579024617,14131.915853485734,607044.2748657907,0.0,0.0,8083.419437346922,0.0,12506.736487107504,18769.367502041307,5591.667910107011,144162.71624764963,58309.52215913241,0.0,0.0,3288.6500844434504,684387.9387180507,0.0,0.0,819042.8544686418,16886.99865234003,0.0,0.0,0.0,109422.59319302079,0.0,0.0,0.0,93732.99111354002,86385.01939854358,651611.2342907339,0.0,32361.25562028127,0.0,17024.264879154274,0.0,0.0,331412.3282828396,81488.56105796876,0.0,12305.843980344944,103760.907005622,0.0,136820.21903000283,895.3728944227591,0.0,0.0,0.0,0.0,0.0,0.0,0.0,0.0,181824.08008469862,35468.02182827465,0.0,0.0,0.0,0.0,0.0,0.0,0.0,0.0,0.0,0.0,0.0,0.0,0.0,0.0,0.0,0.0,0.0,0.0,0.0,0.0,0.0,0.0,0.0,0.0,0.0
Mississippi,2024,0.0,0.0,0.0,0.0,0.0,0.0,0.0,0.0,0.0,0.0,0.0,0.0,0.0,0.0,0.0,0.0,0.0,0.0,0.0,0.0,0.0,0.0,0.0,0.0,0.0,0.0,0.0,0.0,0.0,0.0,0.0,0.0,0.0,0.0,0.0,0.0,0.0,0.0,0.0,0.0,0.0,0.0,0.0,0.0,0.0,0.0,0.0,0.0,0.0,0.0,0.0,0.0,0.0,0.0,0.0,0.0,0.0,0.0,0.0,0.0,0.0,0.0,0.0,0.0,0.0,0.0,0.0,0.0,0.0,0.0,0.0,0.0,0.0,0.0,0.0,0.0,0.0,0.0,0.0,0.0,0.0,0.0,0.0,0.0,0.0,0.0,0.0,0.0,0.0,0.0,0.0,0.0,0.0,0.0,0.0,0.0,-3.637978807091713e-12,0.0,0.0,0.0,0.0,0.0,0.0,0.0,0.0,0.0,0.0,0.0,0.0,0.0,0.0,0.0,0.0,0.0,0.0,0.0,0.0,0.0,0.0,0.0,0.0,0.0,0.0,0.0,0.0,0.0,0.0,0.0,0.0,0.0,0.0,0.0,0.0,0.0,0.0,0.0,0.0,0.0,0.0,0.0,0.0,0.0,0.0,0.0,0.0,0.0,0.0,0.0,0.0,0.0,0.0,0.0,0.0,0.0,0.0,0.0,0.0,0.0,0.0,0.0,0.0,0.0,0.0,0.0,0.0,0.0,0.0,0.0,0.0,0.0,0.0,0.0,0.0,0.0,0.0,0.0,0.0,0.0,0.0,0.0,0.0,0.0,0.0,0.0,0.0,0.0,0.0,0.0,0.0,0.0,0.0,0.0,0.0,0.0,0.0,0.0,0.0,0.0,0.0,0.0,0.0,0.0,0.0,0.0,0.0
Mississippi,2025,3363.948008693791,2901.4315501443925,0.0,21334.392064124666,0.0,0.0,0.0,0.0,0.0,0.0,0.0,0.0,0.0,0.0,0.0,0.0,0.0,0.0,0.0,0.0,0.0,0.0,0.0,0.0,0.0,0.0,0.0,0.0,0.0,2110.355974071059,0.0,0.0,0.0,0.0,0.0,23424.924080986704,0.0,0.0,0.0,0.0,-153.8161710090335,-39445.21110537555,28789.335419258103,0.0,0.0,0.0,61013.111412426224,0.0,13062.100020663434,-21713.482232557144,-24922.984425626346,0.0,0.0,0.0,0.0,128249.13506604498,118940.91509352252,16877.454765156697,0.0,-112143.64842323167,0.0,0.0,0.0,0.0,0.0,608553.2517848676,0.0,0.0,8119.961394126236,0.0,0.0,0.0,0.0,0.0,-2166723.6710427986,0.0,48580.3584185075,0.0,0.0,0.0,-364425.2163667148,0.0,10780.750736976755,0.0,0.0,0.0,0.0,0.0,9647.500665481086,0.0,0.0,0.0,0.0,406574.8430196494,0.0,4507.512034663363,1895.930387911205,0.0,-805973.5541417189,168532.44614129304,7958.950935696455,48024.645162807545,1902.743577103949,0.0,100260.74613144458,23447.34560940176,372481.0551913837,0.0,12611.430151735229,0.0,0.0,8150.283685754286,-124222.14573369687,0.0,0.0,-407179.13345785346,-114608.51879119314,0.0,0.0,0.0,0.0,-142817.55745126214,-52439.002928500064,0.0,0.0,719.3600291096827,0.0,0.0,-249986.3430908611,0.0,0.0,0.0,0.0,0.0,4014.556362878968,37493.841774889326,470876.9794324571,0.0,0.0,0.0,351421.18042162526,32238.54566338414,0.0,0.0,136306.63224840374,2118.0180789489023,0.0,0.0,0.0,0.0,0.0,0.0,0.0,-11666.714511571452,-94485.8023586527,6700.812609583576,1224.1632447271277,0.0,0.0,0.0,0.0,0.0,0.0,-37990.262063516304,0.0,7954.177040702576,0.0,9639.650024633738,359.92274984119103,0.0,0.0,0.0,0.0,0.0,0.0,0.0,0.0,0.0,33737.73528061295,-10236.687829305134,-1879943.6642777948,0.0,0.0,0.0,0.0,0.0,0.0,0.0,0.0,0.0,0.0,0.0,0.0,0.0,0.0,0.0,-19636.28416404852,0.0,0.0,0.0,1165.030044715344,0.0,0.0,0.0,0.0
Mississippi,2026,3879.8909548124575,3346.4363891235844,0.0,24606.538086229644,0.0,0.0,0.0,0.0,0.0,0.0,0.0,0.0,0.0,0.0,0.0,0.0,0.0,0.0,0.0,0.0,0.0,0.0,0.0,0.0,0.0,0.0,0.0,0.0,0.0,2434.0302032230647,0.0,0.0,0.0,0.0,0.0,27017.70384800923,0.0,0.0,0.0,0.0,-1296.5206703830372,-163440.29967717477,33204.87766147556,0.0,0.0,0.0,70370.95058611117,0.0,15065.489594384824,-161298.8510931367,-90169.39825363725,0.0,0.0,0.0,0.0,30107.14088734612,-1286481.0459600277,19466.021446929197,0.0,-362353.54221123573,0.0,0.0,0.0,0.0,0.0,701889.6400954295,0.0,0.0,9365.354245986076,0.0,0.0,0.0,0.0,0.0,-4684426.874459118,0.0,56031.33363607002,0.0,0.0,0.0,-1193936.2698227474,0.0,12434.240113813707,0.0,0.0,0.0,0.0,0.0,-39986.9906620509,0.0,0.0,0.0,0.0,468932.9477772638,0.0,5198.848236298851,2186.717257222743,0.0,-2662325.4194224495,194380.9808255413,9179.648931968914,55390.3882859376,2194.5754140830795,0.0,115638.16118227923,22244.112915227073,429610.0513863815,0.0,14545.69857991545,0.0,0.0,9400.32719583933,-392631.17631778726,0.0,0.0,-1026421.8197598485,-333304.36493769125,0.0,0.0,0.0,0.0,-477734.48655220633,-303091.14557725703,0.0,0.0,829.6913219179169,0.0,0.0,-836205.8313202132,0.0,0.0,0.0,0.0,0.0,4630.285866388018,43244.43100416678,543097.3750509322,0.0,0.0,0.0,339107.82141342945,8403.162733755074,0.0,0.0,141719.60924903234,2442.867477560707,0.0,0.0,0.0,0.0,0.0,0.0,0.0,-459755.2746768752,-285481.61014720285,7728.5446049184975,1411.9183436116546,0.0,0.0,0.0,0.0,0.0,0.0,-127323.89005303523,0.0,9174.142844491347,0.0,11118.123954792274,415.1256255837052,0.0,0.0,0.0,0.0,0.0,0.0,0.0,0.0,0.0,135.07954176480416,-25523.06003295358,-4146405.1170236846,0.0,0.0,0.0,0.0,0.0,0.0,0.0,0.0,0.0,0.0,0.0,0.0,0.0,0.0,0.0,-40720.67188001801,0.0,0.0,0.0,1343.715634395614,0.0,0.0,0.0,0.0
Mississippi,2027,4519.66020799963,3898.242389457795,0.0,28663.999153639772,0.0,0.0,0.0,0.0,0.0,0.0,0.0,0.0,0.0,0.0,0.0,0.0,0.0,0.0,0.0,0.0,0.0,0.0,0.0,0.0,0.0,0.0,0.0,0.0,0.0,2835.386247371549,0.0,0.0,0.0,0.0,0.0,31472.75075911713,0.0,0.0,0.0,0.0,-2902.2849971739233,-337093.2920427241,38680.15004182531,0.0,0.0,0.0,81974.6711614806,0.0,17549.692665799346,-357372.9340838834,-181438.0570100731,0.0,0.0,0.0,0.0,-111465.55806641513,-3269397.2974106073,22675.844132327096,0.0,-711925.9979071883,0.0,0.0,0.0,0.0,0.0,817626.761600527,0.0,0.0,10909.641382292277,0.0,0.0,0.0,0.0,0.0,-8175085.038551832,0.0,65270.54290584754,0.0,0.0,0.0,-2353050.586790167,0.0,14484.5669410915,0.0,0.0,0.0,0.0,0.0,-110157.46813917591,0.0,0.0,0.0,0.0,546256.9976767078,0.0,6056.105126326853,2547.29297516905,0.0,-5256539.6964552365,226433.16383400885,10693.314447346784,64523.9097586188,2556.446891937201,0.0,134706.15584531426,19942.366710560396,500450.00666817836,0.0,16944.191430859006,0.0,0.0,10950.38114834472,-767528.473333938,0.0,0.0,-1888221.6906744395,-638418.7384702305,0.0,0.0,0.0,0.0,-945841.249553821,-654831.5496107419,0.0,0.0,966.5021250001264,0.0,0.0,-1655553.0355931353,0.0,0.0,0.0,0.0,0.0,5393.790450739238,50375.16164847091,632650.6656178413,0.0,0.0,0.0,312668.27026296593,-26008.309931176715,0.0,0.0,145817.81368926982,2845.6807318393257,0.0,0.0,0.0,0.0,0.0,0.0,0.0,-1090682.2919925936,-552095.2393721114,9002.932279133776,1644.7346662284745,0.0,0.0,0.0,0.0,0.0,0.0,-252186.42471252184,0.0,10686.900441189384,0.0,12951.431628188904,483.57719150442244,0.0,0.0,0.0,0.0,0.0,0.0,0.0,0.0,0.0,-48074.48698255955,-46792.306795495955,-7290556.2072744705,0.0,0.0,0.0,0.0,0.0,0.0,0.0,0.0,0.0,0.0,0.0,0.0,0.0,0.0,0.0,-69914.439486745,0.0,0.0,0.0,1565.2857655991447,0.0,0.0,0.0,0.0
Mississippi,2028,4478.384772310135,3862.6420023394603,0.0,28402.22747187136,0.0,0.0,0.0,0.0,0.0,0.0,0.0,0.0,0.0,0.0,0.0,0.0,0.0,0.0,0.0,0.0,0.0,0.0,0.0,0.0,0.0,0.0,0.0,0.0,0.0,2809.492309039386,0.0,0.0,0.0,0.0,0.0,31185.3283777553,0.0,0.0,0.0,0.0,-4346.462429937421,-489012.4998417478,38326.9066624479,0.0,0.0,0.0,81226.04402758577,0.0,17389.421499901655,-533168.854298169,-260501.26133593312,0.0,0.0,0.0,0.0,-265270.37628347613,-5110448.259616006,22468.758797785296,0.0,-1011634.3900892849,0.0,0.0,0.0,0.0,0.0,810159.8505356824,0.0,0.0,10810.009954143476,0.0,0.0,0.0,0.0,0.0,-10972348.395834653,0.0,64674.46488844254,0.0,0.0,0.0,-3348211.0521556074,0.0,14352.287790944509,0.0,0.0,0.0,0.0,0.0,-176323.1443924231,0.0,0.0,0.0,0.0,541268.3492960976,0.0,6000.798230196015,2524.0300256241208,0.0,-7485609.989176866,224365.28105926816,10595.658607645004,63934.65030876838,2533.100344978873,0.0,133475.962641248,13453.046134137898,495879.68697257806,0.0,16789.44995660457,0.0,0.0,10850.37766753792,-1088210.9716929784,0.0,0.0,-2602685.675277074,-896887.4360515855,0.0,0.0,0.0,0.0,-1348548.6384770316,-967676.406873642,0.0,0.0,957.6756215754685,0.0,0.0,-2360427.680949536,0.0,0.0,0.0,0.0,0.0,5344.53209045851,49915.11451012874,626873.033968363,0.0,0.0,0.0,222799.947686404,-63591.95315542864,0.0,0.0,124126.0878431059,2819.6927799503865,0.0,0.0,0.0,0.0,0.0,0.0,0.0,-1667225.7547577098,-779006.1457602174,8920.71371950698,1629.7142583177156,0.0,0.0,0.0,0.0,0.0,0.0,-359623.9375124397,0.0,10589.303176886271,0.0,12833.153713776206,479.1609614450208,0.0,0.0,0.0,0.0,0.0,0.0,0.0,0.0,0.0,-98594.44495465397,-64390.29093781075,-9823530.573210936,0.0,0.0,0.0,0.0,0.0,0.0,0.0,0.0,0.0,0.0,0.0,0.0,0.0,0.0,0.0,-93026.17217540387,0.0,0.0,0.0,1550.9909184247244,0.0,0.0,0.0,0.0
Mississippi,2029,5737.285560839708,4948.453809448707,0.0,36386.26376580761,0.0,0.0,0.0,0.0,0.0,0.0,0.0,0.0,0.0,0.0,0.0,0.0,0.0,0.0,0.0,0.0,0.0,0.0,0.0,0.0,0.0,0.0,0.0,0.0,0.0,3599.2574281702764,0.0,0.0,0.0,0.0,0.0,39951.711009290244,0.0,0.0,0.0,0.0,-4849.276607500717,-550699.9644947811,49100.82973345858,0.0,0.0,0.0,104059.17161137727,0.0,22277.69205978184,-595505.2959287679,-294266.4098171996,0.0,0.0,0.0,0.0,-264148.104772076,-5632356.711224098,28784.861501310195,0.0,-1146307.7519989556,0.0,0.0,0.0,0.0,0.0,1037900.6380134542,0.0,0.0,13848.768512681534,0.0,0.0,0.0,0.0,0.0,-12652686.362564236,0.0,82854.84441929497,0.0,0.0,0.0,-3792383.0624419963,0.0,18386.80187042663,0.0,0.0,0.0,0.0,0.0,-193049.0475998642,0.0,0.0,0.0,0.0,693422.1249046782,0.0,7687.658562186603,3233.5499867442704,0.0,-8476619.61196259,287435.7056888321,13574.161718549803,81907.06352920562,3245.170027207958,0.0,170996.85536528542,20318.306725172035,635274.437688373,0.0,21509.064921364392,0.0,0.0,13900.483832145357,-1233908.1792402295,0.0,0.0,-2976591.193327386,-1019794.6237888322,0.0,0.0,0.0,0.0,-1526531.0207659923,-1083825.5374162034,0.0,0.0,1226.8839760275587,0.0,0.0,-2671959.969207338,0.0,0.0,0.0,0.0,0.0,6846.912079020578,63946.55222956586,803090.7992774425,0.0,0.0,0.0,327970.1204603417,-62977.629548571305,0.0,0.0,168972.51059150975,3612.3253125631636,0.0,0.0,0.0,0.0,0.0,0.0,0.0,-1849156.7184763635,-884589.9104448138,11428.379788124163,2087.8366995959605,0.0,0.0,0.0,0.0,0.0,0.0,-407065.2634488825,0.0,13566.019738130824,0.0,16440.630103363073,613.8559782567554,0.0,0.0,0.0,0.0,0.0,0.0,0.0,0.0,0.0,-101396.57152395579,-73678.38609878415,-11314086.517587157,0.0,0.0,0.0,0.0,0.0,0.0,0.0,0.0,0.0,0.0,0.0,0.0,0.0,0.0,0.0,-107565.13183669052,0.0,0.0,0.0,1986.9837572445758,0.0,0.0,0.0,0.0
Mississippi,2030,6191.31535342415,5340.058067750411,0.0,39265.75226526003,0.0,0.0,0.0,0.0,0.0,0.0,0.0,0.0,0.0,0.0,0.0,0.0,0.0,0.0,0.0,0.0,0.0,0.0,0.0,0.0,0.0,0.0,0.0,0.0,0.0,3884.0907498240376,0.0,0.0,0.0,0.0,0.0,43113.357204270025,0.0,0.0,0.0,0.0,-2277.6389612576386,-282806.65696455375,52986.50690660998,0.0,0.0,0.0,112294.07008422003,0.0,24040.674884656648,-282804.38027130393,-155343.35112360795,0.0,0.0,0.0,0.0,26070.466453123838,-2318419.403758377,31062.800181269995,0.0,-621681.844235332,0.0,0.0,0.0,0.0,0.0,1120036.65972675,0.0,0.0,14944.714222318216,0.0,0.0,0.0,0.0,0.0,-7882739.739657595,0.0,89411.70261074998,0.0,0.0,0.0,-2049502.9519964214,0.0,19841.872522043122,0.0,0.0,0.0,0.0,0.0,-73342.20443377795,0.0,0.0,0.0,0.0,748297.2570913797,0.0,8296.03441962583,3489.442431738422,0.0,-4571559.968817275,310182.4162109697,14648.375955269556,88388.91747756,3501.9820437495946,0.0,184528.98061002,34600.79111369769,685547.9543399699,0.0,23211.221138163004,0.0,0.0,15000.522121020156,-673045.982797208,0.0,0.0,-1741753.0334664602,-569378.6586384701,0.0,0.0,0.0,0.0,-820721.4303355524,-528904.5508599561,0.0,0.0,1323.9755136988042,0.0,0.0,-1436554.3771250788,0.0,0.0,0.0,0.0,0.0,7388.754042108543,69007.07075133006,866644.7474217005,0.0,0.0,0.0,528780.4081857093,8041.626140553504,0.0,0.0,223258.76134130592,3898.1927833415466,0.0,0.0,0.0,0.0,0.0,0.0,0.0,-816890.1869940273,-488475.10600190377,12332.783944018869,2253.0611866143463,0.0,0.0,0.0,0.0,0.0,0.0,-218751.08495255793,0.0,14639.589645464905,0.0,17741.687161902606,662.4345089101671,0.0,0.0,0.0,0.0,0.0,0.0,0.0,0.0,0.0,-7016.678418002324,-43286.48556804987,-6985539.377466775,0.0,0.0,0.0,0.0,0.0,0.0,0.0,0.0,0.0,0.0,0.0,0.0,0.0,0.0,0.0,-68350.48765067034,0.0,0.0,0.0,2144.22707616321,0.0,0.0,0.0,0.0
Mississippi,2031,7450.216141953722,6425.869874859665,0.0,47249.788559196226,0.0,0.0,0.0,0.0,0.0,0.0,0.0,0.0,0.0,0.0,0.0,0.0,0.0,0.0,0.0,0.0,0.0,0.0,0.0,0.0,0.0,0.0,0.0,0.0,0.0,4673.855868954932,0.0,0.0,0.0,0.0,0.0,51879.73983580491,0.0,0.0,0.0,0.0,347.262892306082,-14858.863793805707,63760.42997762066,0.0,0.0,0.0,135127.19766801142,0.0,28928.945444536832,35667.170620219316,-17440.032818011357,0.0,0.0,0.0,0.0,356455.99826346524,1138553.474742379,37378.902884794894,0.0,-105135.0805413425,0.0,0.0,0.0,0.0,0.0,1347777.4472045228,0.0,0.0,17983.47278085626,0.0,0.0,0.0,0.0,0.0,-3455330.7592206355,0.0,107592.08214160253,0.0,0.0,0.0,-331555.42363065947,0.0,23876.386601525213,0.0,0.0,0.0,0.0,0.0,52786.63357115188,0.0,0.0,0.0,0.0,900451.0326999603,0.0,9982.894751616419,4198.962392858568,0.0,-719889.0315374993,373252.8408405336,17626.879066174355,106361.33069799724,4214.051725978679,0.0,222049.8733340574,54879.639146071044,824942.705055764,0.0,27930.836102922825,0.0,0.0,18050.628285627594,-121837.29353368375,0.0,0.0,-559527.1762716877,-130198.28560275282,0.0,0.0,0.0,0.0,-123891.49805121217,32995.01757072937,0.0,0.0,1593.1838681508943,0.0,0.0,-216867.9364058189,0.0,0.0,0.0,0.0,0.0,8891.134030670612,83038.50847076712,1042862.5127307791,0.0,0.0,0.0,819001.8684752407,89090.62508310738,0.0,0.0,311405.1365850158,4690.825315954324,0.0,0.0,0.0,0.0,0.0,0.0,0.0,248503.33188171405,-100762.18302472658,14840.450012636065,2711.1836278925966,0.0,0.0,0.0,0.0,0.0,0.0,-32805.91866701364,0.0,17616.306206709414,0.0,21349.163551489473,797.1295257219017,0.0,0.0,0.0,0.0,0.0,0.0,0.0,0.0,0.0,98556.2408316452,-14239.956098020266,-2947593.9716604417,0.0,0.0,0.0,0.0,0.0,0.0,0.0,0.0,0.0,0.0,0.0,0.0,0.0,0.0,0.0,-32379.595420953152,0.0,0.0,0.0,2580.219914983063,0.0,0.0,0.0,0.0
Mississippi,2032,8709.116930483302,7511.681681968912,0.0,55233.82485313242,0.0,0.0,0.0,0.0,0.0,0.0,0.0,0.0,0.0,0.0,0.0,0.0,0.0,0.0,0.0,0.0,0.0,0.0,0.0,0.0,0.0,0.0,0.0,0.0,0.0,5463.620988085815,0.0,0.0,0.0,0.0,0.0,60646.122467339854,0.0,0.0,0.0,0.0,2749.7812665924266,229651.56012800382,74534.3530486314,0.0,0.0,0.0,157960.3252518027,0.0,33817.216004417016,327062.9238782879,108257.50000503304,0.0,0.0,0.0,0.0,663430.6101901671,4312624.240322556,43695.00558831979,0.0,365109.33477257076,0.0,0.0,0.0,0.0,0.0,1575518.2346822955,0.0,0.0,21022.231339394275,0.0,0.0,0.0,0.0,0.0,537811.8098352179,0.0,125772.46167245496,0.0,0.0,0.0,1232663.421941027,0.0,27910.900681007333,0.0,0.0,0.0,0.0,0.0,168758.3684164869,0.0,0.0,0.0,0.0,1052604.8083085408,0.0,11669.755083607,4908.482353978714,0.0,2787462.875095425,436323.26547009754,20605.382177079155,124333.74391843437,4926.121408207764,0.0,259570.76605809503,74204.7688053216,964337.455771558,0.0,32650.451067682647,0.0,0.0,21100.73445023503,379820.7471033863,0.0,0.0,512056.3124996945,269017.1461853457,0.0,0.0,0.0,0.0,510738.4760868619,546684.7014413904,0.0,0.0,1862.3922226029845,0.0,0.0,893947.447895349,0.0,0.0,0.0,0.0,0.0,10393.514019232687,97069.94619020418,1219080.2780398587,0.0,0.0,0.0,1096066.0124505907,164420.6448160134,0.0,0.0,396472.8454815836,5483.4578485671045,0.0,0.0,0.0,0.0,0.0,0.0,0.0,1225210.935710607,251876.89289393043,17348.116081253218,3169.306069170847,0.0,0.0,0.0,0.0,0.0,0.0,136545.25390549947,0.0,20593.02276795394,0.0,24956.63994107631,931.8245425336354,0.0,0.0,0.0,0.0,0.0,0.0,0.0,0.0,0.0,196423.59489691758,12080.946391364669,697269.9161283216,0.0,0.0,0.0,0.0,0.0,0.0,0.0,0.0,0.0,0.0,0.0,0.0,0.0,0.0,0.0,0.0,0.0,0.0,0.0,3016.2127538029163,0.0,0.0,0.0,0.0
Mississippi,2033,9328.248465825716,8045.687488743955,0.0,59160.40007965843,0.0,0.0,0.0,0.0,0.0,0.0,0.0,0.0,0.0,0.0,0.0,0.0,0.0,0.0,0.0,0.0,0.0,0.0,0.0,0.0,0.0,0.0,0.0,0.0,0.0,5852.030063068218,0.0,0.0,0.0,0.0,0.0,64957.45818776684,0.0,0.0,0.0,0.0,2945.2633471558693,245977.50042146398,79833.00373929238,0.0,0.0,0.0,169189.73226022488,0.0,36221.28349288271,350313.84263740806,115953.53081107797,0.0,0.0,0.0,0.0,710593.9237107951,4619208.90195686,46801.28560644679,0.0,391064.97468531295,0.0,0.0,0.0,0.0,0.0,1687521.9006549697,0.0,0.0,22516.70276162609,0.0,0.0,0.0,0.0,0.0,576044.8768851147,0.0,134713.63193352998,0.0,0.0,0.0,1320293.5230268817,0.0,29895.087933211646,0.0,0.0,0.0,0.0,0.0,180755.40882524184,0.0,0.0,0.0,0.0,1127434.5340176793,0.0,12499.35852556958,5257.4265971525565,0.0,2985623.742993204,467341.5070911946,22070.219772606113,133172.6356661904,5276.3196125827235,0.0,278023.6641190967,79479.98933650559,1032892.2512055552,0.0,34971.57318149894,0.0,0.0,22600.78666233708,406822.2220159492,0.0,0.0,548458.4200233701,288141.5878572897,0.0,0.0,0.0,0.0,547046.8985574916,585548.5427760864,0.0,0.0,1994.789773972865,0.0,0.0,957498.2143334066,0.0,0.0,0.0,0.0,0.0,11132.389423443536,103970.65326533717,1305744.7527820282,0.0,0.0,0.0,1173985.3972219601,176109.31624843122,0.0,0.0,424658.1188570515,5873.2771269012555,0.0,0.0,0.0,0.0,0.0,0.0,0.0,1312311.2391971424,269782.8331470534,18581.394475655106,3394.612187832283,0.0,0.0,0.0,0.0,0.0,0.0,146252.26247698045,0.0,22056.98173250044,0.0,26730.808657266578,998.0679934246518,0.0,0.0,0.0,0.0,0.0,0.0,0.0,0.0,0.0,210387.35756731464,12939.78144288349,746838.8675118526,0.0,0.0,0.0,0.0,0.0,0.0,0.0,0.0,0.0,0.0,0.0,0.0,0.0,0.0,0.0,0.0,0.0,0.0,0.0,3230.6354614192387,0.0,0.0,0.0,0.0
Missouri,2024,0.0,0.0,0.0,0.0,0.0,0.0,0.0,0.0,0.0,0.0,0.0,0.0,0.0,0.0,0.0,0.0,0.0,0.0,0.0,0.0,0.0,0.0,0.0,0.0,0.0,0.0,0.0,0.0,0.0,0.0,0.0,0.0,0.0,0.0,0.0,0.0,0.0,0.0,0.0,0.0,0.0,0.0,0.0,0.0,0.0,0.0,0.0,0.0,0.0,0.0,0.0,0.0,0.0,0.0,0.0,0.0,0.0,0.0,0.0,0.0,0.0,0.0,0.0,0.0,0.0,0.0,0.0,0.0,0.0,0.0,0.0,0.0,0.0,0.0,0.0,0.0,0.0,0.0,0.0,0.0,0.0,0.0,0.0,0.0,0.0,0.0,0.0,0.0,0.0,0.0,0.0,0.0,0.0,0.0,0.0,0.0,0.0,0.0,0.0,0.0,0.0,0.0,0.0,0.0,0.0,0.0,0.0,0.0,0.0,0.0,0.0,0.0,0.0,0.0,0.0,0.0,0.0,0.0,0.0,0.0,0.0,0.0,0.0,0.0,0.0,0.0,0.0,0.0,0.0,0.0,0.0,0.0,0.0,0.0,0.0,0.0,0.0,0.0,0.0,0.0,0.0,0.0,0.0,0.0,0.0,0.0,0.0,0.0,0.0,0.0,0.0,0.0,0.0,0.0,0.0,0.0,0.0,0.0,0.0,0.0,0.0,0.0,0.0,0.0,0.0,0.0,0.0,0.0,0.0,0.0,0.0,0.0,0.0,0.0,0.0,0.0,0.0,0.0,0.0,0.0,0.0,0.0,0.0,0.0,0.0,0.0,0.0,0.0,0.0,0.0,0.0,0.0,0.0,0.0,0.0,0.0,0.0,0.0,0.0,0.0,0.0,0.0,0.0,0.0,0.0
Missouri,2025,15820.573116275482,25441.587767759163,2511.5041256805525,74399.00391249114,0.0,0.0,0.0,0.0,-14266.282551482305,0.0,0.0,6962.360874395687,0.0,0.0,3307.878298527263,6324.147183929032,0.0,0.0,0.0,4110.68393948899,0.0,1004.1092470448984,0.0,0.0,29608.998723356926,0.0,0.0,0.0,0.0,477.5341628720953,2135.9563510471016,0.0,0.0,0.0,0.0,18680.832138656988,0.0,0.0,0.0,84134.83604506776,-95647.69445293793,-27495.20016263053,0.0,0.0,0.0,0.0,149966.4162844855,0.0,8740.448333077598,1438.9021388715119,51463.36555447476,0.0,0.0,0.0,-361413.1021182285,-5293.6839403673075,-3220331.9220391084,-2011.6098085704652,0.0,-21424.984237412384,0.0,0.0,-1194.647191713062,0.0,0.0,-66022.0614312789,0.0,24035.837976730836,9218.825223625303,0.0,360363.3834122112,0.0,0.0,0.0,-75113.1981965783,0.0,24030.562832311203,0.0,543.7900388476837,8951.564418280512,-155908.633410139,0.0,0.0,1101.6796149676084,0.0,0.0,0.0,0.0,3368.904054671264,0.0,0.0,0.0,0.0,74321.58856295515,13090.54841253112,211361.9405091782,0.0,0.0,59537.58488723473,0.0,6644.14335408443,0.0,0.0,0.0,14447.099818493385,0.0,0.0,76068.29779474624,0.0,0.0,5710.260181144346,-3276.716120548619,-846.7969692199076,0.0,0.0,-523955.2634709645,-107954.97021310357,0.0,0.0,0.0,0.0,-65602.39023413695,-32319.873443941993,0.0,0.0,-722.0041633517388,0.0,0.0,17591.424986449303,0.0,0.0,0.0,519.7759003936499,0.0,24618.54249294463,16097.01294255763,0.0,0.0,0.0,0.0,-36719.22051062157,-955806.7223668982,0.0,0.0,3503.1922053207018,315278.8751567956,0.0,0.0,0.0,4689.974061376037,0.0,0.0,0.0,1738.6341823812982,-67163.3238343501,156236.1318279514,0.0,0.0,0.0,107759.42180530354,0.0,0.0,30736.306195448793,-57945.29756949027,100968.42712661484,-351934.07908507827,-15769.330146836095,-30222.40530942181,0.0,3564.287671197162,0.0,0.0,3667.839085330568,0.0,-426190.9568267901,29361.190174132877,0.0,0.0,-46247.16688041319,-4757.5425998770515,-119626.92040696507,0.0,0.0,0.0,0.0,0.0,0.0,0.0,0.0,0.0,0.0,0.0,0.0,0.0,0.0,0.0,-32691.58020935941,0.0,0.0,0.0,26085.08369751292,15633.595881954476,0.0,0.0,0.0
Missouri,2026,18247.041385642893,29343.671781219193,2896.704144956715,85809.89408311865,0.0,0.0,0.0,0.0,-34618.62100765815,0.0,0.0,8030.20763427233,0.0,0.0,3815.22159584739,7294.108408458022,0.0,0.0,0.0,4741.156936343119,0.0,1158.1137327879806,0.0,0.0,34150.25619626441,0.0,0.0,0.0,0.0,550.7755988954223,2463.5570183856144,0.0,0.0,0.0,0.0,21545.990442131995,0.0,0.0,0.0,97038.95200290007,-312261.5758255662,-83179.44699743763,0.0,0.0,0.0,0.0,172967.4003771979,0.0,10081.007893365546,1099.6608304931142,48601.47547017899,0.0,0.0,0.0,-749479.0878734945,-74672.22736843652,-7445425.101922475,-8966.514617778666,0.0,-44429.98206165459,0.0,0.0,-2867.0237226805248,0.0,0.0,-136913.00644893528,0.0,27722.316194020794,10632.755472647608,0.0,415633.84099077154,0.0,0.0,0.0,-254095.02391243353,0.0,27716.231978371216,0.0,627.1934190390466,10324.503746237679,-750732.0381658049,0.0,0.0,-708.8777335891064,0.0,0.0,0.0,0.0,-4001.475402373064,0.0,0.0,0.0,0.0,85720.60521371523,7972.3056553163915,243779.41604739567,0.0,0.0,68669.11631165713,0.0,7663.183745815171,0.0,0.0,0.0,16662.912674090534,0.0,0.0,87735.21463443118,0.0,0.0,-13296.266335514141,-12403.180711244771,-2535.125686017691,0.0,0.0,-1841123.077763252,-441623.2874335521,0.0,0.0,0.0,0.0,-271329.5040510271,-102380.86754355731,0.0,0.0,-1497.2534714934288,0.0,0.0,-54408.36082480266,0.0,0.0,0.0,599.4961305153747,0.0,28394.392568549607,18565.879958287318,0.0,0.0,0.0,0.0,-85287.36540125991,-1998271.4910171945,0.0,0.0,4040.4916233146723,363634.5308556906,0.0,0.0,0.0,5409.295236433711,0.0,0.0,0.0,-14498.682032064884,-271173.8361677418,180198.72873407882,0.0,0.0,0.0,124286.94048709841,0.0,0.0,35450.463587388804,-227749.46252514957,113027.73957412713,-729821.998810649,-36994.69286904114,-69551.99982287103,0.0,2788.4376295551265,0.0,0.0,2696.2079273348354,0.0,-883811.9252189777,33864.440200840414,0.0,0.0,-221379.8830854483,-13523.674771341677,-375299.38289995,0.0,0.0,0.0,0.0,0.0,0.0,0.0,0.0,0.0,0.0,0.0,0.0,0.0,0.0,0.0,-134974.1399147699,0.0,0.0,0.0,30085.863405720447,18031.38666139543,0.0,0.0,0.0
Missouri,2027,21255.862039658474,34182.25595790963,3374.35216885915,99959.3978946968,0.0,0.0,0.0,0.0,-62920.09683552953,0.0,0.0,9354.337616519377,0.0,0.0,4444.3272845243555,8496.860326873983,0.0,0.0,0.0,5522.943452442254,0.0,1349.0792951094027,0.0,0.0,39781.41546266974,0.0,0.0,0.0,0.0,641.5949795643483,2869.7818458853617,0.0,0.0,0.0,0.0,25098.786738441006,0.0,0.0,0.0,113040.05579061282,-614933.6944577936,-160911.1813225465,0.0,0.0,0.0,0.0,201488.62065216154,0.0,11743.301748122685,584.5329175035986,43238.1984310518,0.0,0.0,0.0,-1286801.2219961705,-172269.81469666364,-13314044.837199442,-18711.93740594994,0.0,-76283.0559721438,0.0,0.0,-5192.011749968948,0.0,0.0,-235069.6995503057,0.0,32293.549183460418,12386.028981435229,0.0,484169.2083881851,0.0,0.0,0.0,-504285.6755618495,0.0,32286.461719485582,0.0,730.6136104763345,12026.948512904492,-1584634.105242949,0.0,0.0,-3287.9439485830153,0.0,0.0,0.0,0.0,-14471.412150057207,0.0,0.0,0.0,0.0,99855.38586065767,423.4249198025209,283977.0857147849,0.0,0.0,79992.2152779412,0.0,8926.793831561285,0.0,0.0,0.0,19410.520615030982,0.0,0.0,102202.19151564059,0.0,0.0,-40218.79974549415,-25174.975041555314,-4891.586929230032,0.0,0.0,-3683078.5331108887,-908873.233553539,0.0,0.0,0.0,0.0,-559442.7405698022,-200240.49054189597,0.0,0.0,-2570.675590458846,0.0,0.0,-156290.7166491279,0.0,0.0,0.0,698.3492158663139,0.0,33076.4466622998,21627.27505779217,0.0,0.0,0.0,0.0,-152755.85764830597,-3442073.9523062664,0.0,0.0,4706.7429016272,423595.5439223205,0.0,0.0,0.0,6301.2534935052245,0.0,0.0,0.0,-37417.41668286204,-556828.47959805,209912.34889767715,0.0,0.0,0.0,144781.06365252403,0.0,0.0,41296.018753394426,-465455.65397012,127403.1622608467,-1253051.426122978,-66487.11717707544,-124174.12567260352,0.0,1603.255115669992,0.0,0.0,1232.5461445205874,0.0,-1517440.958377391,39448.47023395769,0.0,0.0,-466895.1890504621,-25749.54497797603,-732373.3983379309,0.0,0.0,0.0,0.0,0.0,0.0,0.0,0.0,0.0,0.0,0.0,0.0,0.0,0.0,0.0,-278215.13536120206,0.0,0.0,0.0,35046.83024389768,21004.647227902024,0.0,0.0,0.0
Missouri,2028,21061.744578109123,33870.089236832806,3343.536167317059,99046.52668104682,0.0,0.0,0.0,0.0,-86216.04231990888,0.0,0.0,9268.909875729252,0.0,0.0,4403.739820738745,8419.263428911669,0.0,0.0,0.0,5472.5056126939235,0.0,1336.7589362499566,0.0,0.0,39418.11486483709,0.0,0.0,0.0,0.0,635.7356646824819,2843.573792498286,0.0,0.0,0.0,0.0,24869.574074163014,0.0,0.0,0.0,112007.72651398613,-874702.535338548,-227077.27750220156,0.0,0.0,0.0,0.0,199648.54192474438,0.0,11636.056983299597,-156.63962850636017,28709.588634582586,0.0,0.0,0.0,-1712181.244843289,-260803.4026425084,-18095781.584440738,-27275.386090614542,0.0,-101500.07281794776,0.0,0.0,-7101.56038318801,0.0,0.0,-312777.0815888906,0.0,31998.630926077196,12272.914561513418,0.0,479747.57178190164,0.0,0.0,0.0,-719749.7044392787,0.0,31991.608187800797,0.0,723.9413400610265,11917.113366667923,-2320425.2439284744,0.0,0.0,-5859.31176578423,0.0,0.0,0.0,0.0,-24704.0618564263,0.0,0.0,0.0,0.0,98943.46452859673,-8945.06835447019,281383.68767172797,0.0,0.0,79261.69276398723,0.0,8845.270600222837,0.0,0.0,0.0,19233.255586583196,0.0,0.0,101268.838168466,0.0,0.0,-65979.87107807392,-36278.164925727906,-6894.954285991253,0.0,0.0,-5274792.352866039,-1317304.1559428042,0.0,0.0,0.0,0.0,-811467.3370226212,-283968.1705424015,0.0,0.0,-3420.468101306468,0.0,0.0,-253027.58563896967,0.0,0.0,0.0,691.9715974565761,0.0,32774.378656251414,21429.76569653381,0.0,0.0,0.0,0.0,-207785.6436042828,-4587945.177946028,0.0,0.0,4663.7589481876785,419727.0914664087,0.0,0.0,0.0,6243.707799500611,0.0,0.0,0.0,-58764.40601936169,-806306.462235441,207995.34114518645,0.0,0.0,0.0,143458.86215798068,0.0,0.0,40918.88616203918,-672673.7789121128,121736.54098849697,-1667274.722745238,-90594.82252202534,-168633.5688057922,0.0,-149.37591705565865,0.0,0.0,-794.8566373576614,0.0,-2019063.942961136,39088.21023182111,0.0,0.0,-683460.5196498437,-36075.48628794936,-1037565.3865324918,0.0,0.0,0.0,0.0,0.0,0.0,0.0,0.0,0.0,0.0,0.0,0.0,0.0,0.0,0.0,-403499.76536415727,0.0,0.0,0.0,34726.767867241055,20812.823965546762,0.0,0.0,0.0
Missouri,2029,26982.327155365463,43391.174229675205,4283.424214350882,126889.09869737772,0.0,0.0,0.0,0.0,-98781.80182371016,0.0,0.0,11874.455969828254,0.0,0.0,5641.6574661998675,10785.968816762397,0.0,0.0,0.0,7010.859725018017,0.0,1712.5298814630787,0.0,0.0,50498.78309873142,0.0,0.0,0.0,0.0,814.4447685794012,3642.9194208042572,0.0,0.0,0.0,0.0,31860.56033464198,0.0,0.0,0.0,143493.76945109712,-990842.6419243603,-257843.66352273023,0.0,0.0,0.0,0.0,255770.94311096333,0.0,14907.02231040223,159.07037279840006,43689.87583106663,0.0,0.0,0.0,-1979776.1965591456,-290064.4392590937,-20785425.145561546,-30672.528599025172,0.0,-117363.40922971915,0.0,0.0,-8141.1105305500805,0.0,0.0,-361660.6727961207,0.0,40993.637776264804,15722.90436912782,0.0,614607.4882735871,0.0,0.0,0.0,-814485.8547353628,0.0,40984.640904187225,0.0,927.4455877279515,15267.085326883345,-2605914.4665215537,0.0,0.0,-6234.602538025574,0.0,0.0,0.0,0.0,-26581.26627758713,0.0,0.0,0.0,0.0,126757.0651564512,-6881.304827055486,360482.3279849789,0.0,0.0,101542.62943957828,0.0,11331.729156045869,0.0,0.0,0.0,24639.83895424026,0.0,0.0,129736.11525729706,0.0,0.0,-71753.30095228227,-40935.53157363017,-7831.900471932035,0.0,0.0,-5962950.461803243,-1483870.3995506284,0.0,0.0,0.0,0.0,-913865.490571012,-321965.64225131413,0.0,0.0,-3955.049354997578,0.0,0.0,-276163.63097187853,0.0,0.0,0.0,886.488958953586,0.0,41987.45284072764,27453.801214914303,0.0,0.0,0.0,0.0,-238609.8822976951,-5302070.616124693,0.0,0.0,5974.7695280929765,537714.8913717126,0.0,0.0,0.0,7998.851466641332,0.0,0.0,0.0,-64680.0351833303,-908510.5500092227,266464.07759613777,0.0,0.0,0.0,183786.00774156023,0.0,0.0,52421.43019837281,-758381.3141323815,158158.94505800214,-1927851.2827757827,-103978.69591664258,-193747.2740884261,0.0,658.3199472681154,0.0,0.0,-32.62087946110114,0.0,-2334621.2590777264,50076.14029698743,0.0,0.0,-767624.0861388389,-41053.302801523816,-1176755.9369236992,0.0,0.0,0.0,0.0,0.0,0.0,0.0,0.0,0.0,0.0,0.0,0.0,0.0,0.0,0.0,-454433.3535473801,0.0,0.0,0.0,44488.670355267415,26663.43346738245,0.0,0.0,0.0
Missouri,2030,29117.61923240882,46825.00816152,4622.400231313906,136930.68204752996,0.0,0.0,0.0,0.0,-58630.25103763331,0.0,0.0,12814.161118519696,0.0,0.0,6088.1195678415825,11639.534694347909,0.0,0.0,0.0,7565.675962249661,0.0,1848.0538289169908,0.0,0.0,54495.08967488998,0.0,0.0,0.0,0.0,878.8972322799291,3931.2080080621454,0.0,0.0,0.0,0.0,34381.8996417,0.0,0.0,0.0,154849.3914939901,-535953.8206247757,-142332.178187242,0.0,0.0,0.0,0.0,276011.8091125502,0.0,16086.714723455661,1650.3464277610074,75549.64935900795,0.0,0.0,0.0,-1258016.10766817,-131946.0012656561,-12576890.103843037,-15547.867032064387,0.0,-74576.64129836758,0.0,0.0,-4852.77523146119,0.0,0.0,-229811.305277018,0.0,44237.738607480016,16967.162988267402,0.0,663245.4909427203,0.0,0.0,0.0,-436703.59201589576,0.0,44228.02975271997,0.0,1000.840562296351,16475.271935485624,-1304455.85641783,0.0,0.0,-1500.3844654671411,0.0,0.0,0.0,0.0,-7856.333264431596,0.0,0.0,0.0,0.0,136788.19980912004,11392.71260524186,389009.7064586105,0.0,0.0,109578.37709307007,0.0,12228.48470076891,0.0,0.0,0.0,26589.7542671657,0.0,0.0,140003.00207621988,0.0,0.0,-24925.650884494185,-21400.731960367775,-4336.076318645959,0.0,0.0,-3168636.081288496,-763861.5608243863,0.0,0.0,0.0,0.0,-469465.6802018143,-175516.10237865604,0.0,0.0,-2513.1708340856985,0.0,0.0,-100753.56419985229,0.0,0.0,0.0,956.6427614607046,0.0,45310.200907260005,29626.404188756424,0.0,0.0,0.0,0.0,-144104.81403905063,-3355817.3388737966,0.0,0.0,6447.593015927676,580267.8683867394,0.0,0.0,0.0,8631.854100692093,0.0,0.0,0.0,-26214.31066208426,-468852.46372173587,287551.1628735298,0.0,0.0,0.0,198330.22418153984,0.0,0.0,56569.88870328001,-393442.1953294398,179724.3196066171,-1225021.278231246,-62541.68531064558,-117457.97333425011,0.0,4202.974607624914,0.0,0.0,4016.32276658302,0.0,-1483496.545886762,54039.00032049004,0.0,0.0,-384606.41794036794,-23079.189988236736,-643144.8484338303,0.0,0.0,0.0,0.0,0.0,0.0,0.0,0.0,0.0,0.0,0.0,0.0,0.0,0.0,0.0,-233525.57473670004,0.0,0.0,0.0,48009.35649849003,28773.48935329044,0.0,0.0,0.0
Missouri,2031,35038.201809665276,56346.0931543624,5562.288278347733,164773.25406386086,0.0,0.0,0.0,0.0,-20430.23554124401,0.0,0.0,15419.707212618698,0.0,0.0,7326.037213302705,14006.240082198652,0.0,0.0,0.0,9104.030074573755,0.0,2223.824774130111,0.0,0.0,65575.75790878432,0.0,0.0,0.0,0.0,1057.6063361768483,4730.553636368113,0.0,0.0,0.0,0.0,41372.88590217903,0.0,0.0,0.0,186335.4344311012,-87697.46450720541,-29257.190462429775,0.0,0.0,0.0,0.0,332134.2102987687,0.0,19357.68005055831,3530.963309830866,120588.31550252018,0.0,0.0,0.0,-595958.4781241586,30424.130664705182,-4838576.68135393,-369.60682040138636,0.0,-35329.103801514815,0.0,0.0,-1730.4282589332543,0.0,0.0,-108868.23699140087,0.0,53232.745457667625,20417.15279588179,0.0,798105.4074344067,0.0,0.0,0.0,-63415.811304185074,0.0,53221.0624691064,0.0,1204.344809963275,19825.24389570106,5646.702848226763,0.0,0.0,3656.739078919498,0.0,0.0,0.0,0.0,12309.413390921836,0.0,0.0,0.0,0.0,164601.80043697427,33372.32858035603,468108.34677186096,0.0,0.0,131859.313768661,0.0,14714.943256591898,0.0,0.0,0.0,31996.337634822732,0.0,0.0,168470.2791650513,0.0,0.0,24868.39913434483,-1955.875519310226,-917.4349441373342,0.0,0.0,-400146.3402034454,-44161.18261417141,0.0,0.0,0.0,0.0,-25014.885869415477,-31559.935133934137,0.0,0.0,-1190.5614375033097,0.0,0.0,84877.21943420055,0.0,0.0,0.0,1151.1601229577145,0.0,54523.27509173623,35650.43970713689,0.0,0.0,0.0,0.0,-54929.78350611805,-1566154.0004970198,0.0,0.0,7758.603595832967,698255.6682920433,0.0,0.0,0.0,10386.997767832821,0.0,0.0,0.0,13995.655522324902,-29674.28904531151,346019.8993244809,0.0,0.0,0.0,238657.36976511963,0.0,0.0,68072.43273961358,-29416.610170552973,225723.56221006252,-580327.8767214123,-23364.126479958373,-45607.58694772882,0.0,8706.871442334887,0.0,0.0,9066.3194685598,0.0,-702775.0586022881,65026.930385656306,0.0,0.0,869.8982323328964,-5596.607075066066,-119056.12037701276,0.0,0.0,0.0,0.0,0.0,0.0,0.0,0.0,0.0,0.0,0.0,0.0,0.0,0.0,0.0,-12611.482999278931,0.0,0.0,0.0,57771.25898651633,34624.09885512618,0.0,0.0,0.0
Missouri,2032,40958.78438692176,65867.1781472048,6502.176325381559,192615.82608019223,0.0,0.0,0.0,0.0,14160.286778526235,0.0,0.0,18025.253306717685,0.0,0.0,8563.954858763835,16372.94547004941,0.0,0.0,0.0,10642.384186897856,0.0,2599.595719343235,0.0,0.0,76656.4261426786,0.0,0.0,0.0,0.0,1236.3154400737667,5529.899264674088,0.0,0.0,0.0,0.0,48363.87216265799,0.0,0.0,0.0,217821.47736821254,320429.78531723516,73590.54362452542,0.0,0.0,0.0,0.0,388256.61148498766,0.0,22628.645377660985,5300.313876983928,163489.8033264043,0.0,0.0,0.0,0.0,179169.1107029674,2158299.4326674975,13487.925216210519,0.0,0.0,0.0,0.0,1096.004010116264,0.0,0.0,0.0,0.0,62227.75230785529,23867.142603496148,0.0,932965.323926093,0.0,0.0,0.0,276595.03853311855,0.0,62214.09518549277,0.0,1407.8490576301992,23175.215855916438,1202301.2225784268,0.0,0.0,8420.502889784446,0.0,0.0,0.0,0.0,30907.886001844163,0.0,0.0,0.0,0.0,192415.40106482874,53935.909175014385,547206.9870851114,0.0,0.0,154140.2504442518,0.0,17201.4018124149,0.0,0.0,0.0,37402.921002479765,0.0,0.0,196937.55625388294,0.0,0.0,70711.55035344895,15775.290747990977,2191.5201588714517,0.0,0.0,2122572.567508463,612524.8256961373,0.0,0.0,0.0,0.0,380554.4465723762,99459.16145124019,0.0,0.0,0.0,0.0,0.0,255664.4899995008,0.0,0.0,0.0,1345.6774844547244,0.0,63736.34927621245,41674.47522551738,0.0,0.0,0.0,0.0,25713.18889374868,45487.65881274143,0.0,0.0,9069.614175738257,816243.4681973471,0.0,0.0,0.0,12142.141434973535,0.0,0.0,0.0,50926.04956040438,371011.1100899293,404488.635775432,0.0,0.0,0.0,278984.5153486994,0.0,0.0,79574.9767759472,302632.5375301831,271041.8828076543,0.0,12076.26629801227,19348.563563233314,0.0,12947.964997040333,0.0,0.0,13811.452433686849,0.0,0.0,76014.86045082263,0.0,0.0,352954.38788551,10289.020832991977,357872.8424690503,0.0,0.0,0.0,0.0,0.0,0.0,0.0,0.0,0.0,0.0,0.0,0.0,0.0,0.0,0.0,188973.98929424328,0.0,0.0,0.0,67533.16147454263,40474.70835696193,0.0,0.0,0.0
Missouri,2033,43870.54631016264,70549.67896335683,6964.416348512947,206308.89428494486,0.0,0.0,0.0,0.0,15166.942236715302,0.0,0.0,19306.669418569654,0.0,0.0,9172.766815547991,17536.898939484192,0.0,0.0,0.0,11398.95178312283,0.0,2784.4011022349296,0.0,0.0,82105.9351101676,0.0,0.0,0.0,0.0,1324.20516330176,5923.020065480301,0.0,0.0,0.0,0.0,51802.06212682798,0.0,0.0,0.0,233306.4165176116,343209.15394168324,78822.0988584964,0.0,0.0,0.0,0.0,415857.79239624226,0.0,24237.31685000655,5677.113441698424,175112.30119321053,0.0,0.0,0.0,0.0,191906.25127426838,2311733.041624902,14446.782459069094,0.0,0.0,0.0,0.0,1173.918987138747,0.0,0.0,0.0,0.0,66651.52616860322,25563.858902322885,0.0,999289.8730203649,0.0,0.0,0.0,296258.1929312076,0.0,66636.89816076477,0.0,1507.9331138598354,24822.743049465003,1287772.8734726282,0.0,0.0,9019.116839295188,0.0,0.0,0.0,0.0,33105.12908254401,0.0,0.0,0.0,0.0,206094.22104574088,57770.21551447039,586107.9577309727,0.0,0.0,165098.0881535589,0.0,18424.250282491805,0.0,0.0,0.0,40061.89642919632,0.0,0.0,210937.8564615046,0.0,0.0,75738.43781933392,16896.756914909754,2347.3154308291378,0.0,0.0,2273466.351928495,656069.2445844882,0.0,0.0,0.0,0.0,407608.08021496213,106529.71795251325,0.0,0.0,0.0,0.0,0.0,273839.6907103658,0.0,0.0,0.0,1441.3417606007934,0.0,68267.36936693842,44637.11564439302,0.0,0.0,0.0,0.0,27541.140710839827,48721.378633552435,0.0,0.0,9714.37347733102,874270.2550360211,0.0,0.0,0.0,13005.32684504275,0.0,0.0,0.0,54546.38483721041,397386.3074896871,433243.752062785,0.0,0.0,0.0,298817.5377668536,0.0,0.0,85231.9656462752,324146.6989659781,290310.26310203713,0.0,12934.768641472852,20724.053863937093,0.0,13868.436442327562,0.0,0.0,14793.309241768846,0.0,0.0,81418.76048287167,0.0,0.0,378045.9320479864,11020.467811640687,383314.0398009729,0.0,0.0,0.0,0.0,0.0,0.0,0.0,0.0,0.0,0.0,0.0,0.0,0.0,0.0,0.0,202408.15914928447,0.0,0.0,0.0,72334.09712439164,43352.057292290934,0.0,0.0,0.0
Montana,2024,0.0,0.0,0.0,0.0,0.0,0.0,0.0,0.0,0.0,0.0,0.0,0.0,0.0,0.0,0.0,0.0,0.0,0.0,0.0,0.0,0.0,0.0,0.0,0.0,0.0,0.0,0.0,0.0,0.0,0.0,0.0,0.0,0.0,0.0,0.0,0.0,0.0,0.0,0.0,0.0,0.0,0.0,0.0,0.0,0.0,0.0,0.0,0.0,0.0,0.0,0.0,0.0,0.0,0.0,0.0,0.0,0.0,0.0,0.0,0.0,0.0,0.0,0.0,0.0,0.0,0.0,0.0,0.0,0.0,0.0,0.0,0.0,0.0,0.0,0.0,0.0,0.0,0.0,0.0,0.0,0.0,0.0,0.0,0.0,0.0,0.0,0.0,0.0,0.0,0.0,0.0,0.0,0.0,0.0,0.0,0.0,0.0,0.0,0.0,0.0,0.0,0.0,0.0,0.0,0.0,0.0,0.0,0.0,0.0,0.0,0.0,0.0,0.0,4.656612873077393e-10,0.0,0.0,0.0,0.0,0.0,0.0,0.0,0.0,0.0,0.0,0.0,0.0,0.0,0.0,0.0,0.0,0.0,0.0,0.0,0.0,0.0,0.0,0.0,0.0,0.0,0.0,0.0,0.0,0.0,0.0,0.0,0.0,0.0,0.0,0.0,0.0,0.0,0.0,0.0,0.0,0.0,0.0,0.0,0.0,0.0,0.0,0.0,0.0,0.0,0.0,0.0,0.0,0.0,0.0,0.0,0.0,0.0,0.0,0.0,0.0,0.0,0.0,0.0,0.0,0.0,0.0,0.0,0.0,0.0,0.0,0.0,0.0,0.0,0.0,0.0,0.0,0.0,0.0,0.0,0.0,0.0,0.0,0.0,0.0,0.0,0.0,0.0,0.0,0.0,0.0,0.0
Montana,2025,0.0,0.0,0.0,0.0,0.0,0.0,0.0,0.0,0.0,0.0,0.0,0.0,0.0,0.0,0.0,0.0,0.0,0.0,0.0,0.0,0.0,0.0,0.0,0.0,0.0,0.0,0.0,0.0,0.0,-46696.57880274908,-19769.75707225849,0.0,6139.1878081038885,0.0,0.0,0.0,0.0,0.0,0.0,0.0,149426.2771657696,-444273.42719596345,0.0,0.0,0.0,0.0,104417.87051896704,0.0,19950.366198443808,-285086.4177319935,-981171.7942840954,0.0,0.0,0.0,0.0,0.0,-178072.32449518517,138676.58635007613,0.0,3712.0336825283957,0.0,0.0,743.7149746517571,0.0,373.81388671793593,0.0,0.0,0.0,0.0,0.0,0.0,0.0,0.0,0.0,0.0,0.0,0.0,0.0,1338.8696063613534,0.0,146534.84689497948,46983.96319611359,-434496.75114762597,0.0,0.0,0.0,-4427.210927576916,0.0,0.0,0.0,0.0,0.0,0.0,0.0,0.0,0.0,0.0,0.0,83451.38608942996,0.0,1124.9132227970367,233735.34667815687,0.0,0.0,7840.84457399846,0.0,0.0,0.0,0.0,0.0,0.0,4921.596411715094,864.4059958981707,175339.72059325734,1104.3610419162596,-27870.456137861358,111840.8024321394,0.0,0.0,0.0,0.0,-167306.75325831817,85719.80239304015,0.0,66265.77144250623,0.0,1256.172648898173,0.0,0.0,0.0,0.0,0.0,14273.142956198455,0.0,6290.577158141023,0.0,0.0,0.0,0.0,0.0,38050.35022188246,22449.97968671599,0.0,0.0,5097.06509595408,0.0,0.0,0.0,0.0,0.0,0.0,0.0,0.0,13155.313910055003,76571.23809493892,0.0,0.0,0.0,0.0,0.0,0.0,0.0,0.0,48264.11661745026,8188.532210249803,1749.773779401814,25243.71355748031,0.0,0.0,12854.157006649388,0.0,0.0,0.0,0.0,0.0,0.0,0.0,5096.998685963546,-181674.0514875017,0.0,0.0,0.0,0.0,0.0,0.0,0.0,0.0,0.0,0.0,0.0,0.0,0.0,0.0,0.0,0.0,-1179447.4679191639,0.0,0.0,0.0,0.0,0.0,0.0,0.0,0.0,0.0
Montana,2026,0.0,0.0,0.0,0.0,0.0,0.0,0.0,0.0,0.0,0.0,0.0,0.0,0.0,0.0,0.0,0.0,0.0,0.0,0.0,0.0,0.0,0.0,0.0,0.0,0.0,0.0,0.0,0.0,0.0,-103563.21303387315,-40997.460831261706,0.0,-2995.990194754617,0.0,0.0,0.0,0.0,0.0,0.0,0.0,-32331.17837016564,-1295322.5543118399,0.0,0.0,0.0,0.0,120432.88133475953,0.0,-42477.015578854596,-627734.108238249,-2089646.5681843504,0.0,0.0,0.0,0.0,0.0,-569445.2954396056,159946.00143444375,0.0,4281.364001934606,0.0,0.0,857.7816885553948,0.0,431.1473049262095,0.0,0.0,0.0,0.0,0.0,0.0,0.0,0.0,0.0,0.0,0.0,0.0,0.0,1544.2177054965305,0.0,-405177.5474818628,43266.41816241783,-1389478.4474749723,0.0,0.0,0.0,-10248.19650197323,0.0,0.0,0.0,0.0,0.0,0.0,0.0,0.0,0.0,0.0,0.0,73300.22900457983,0.0,1297.4459256800164,189646.67816519085,0.0,0.0,9043.428097617842,0.0,0.0,0.0,0.0,0.0,0.0,5676.4424871315205,996.9836026310204,202232.31577627268,1273.7415698175228,-137607.39872472244,-48102.027283475734,0.0,0.0,0.0,0.0,-589366.0016637417,39757.926311255665,0.0,76429.23332019115,0.0,1448.8371656003455,0.0,0.0,0.0,0.0,0.0,16462.275311443635,0.0,7255.389605708668,0.0,0.0,0.0,0.0,0.0,29277.52719933726,23161.87167769944,0.0,0.0,5878.823546253778,0.0,0.0,0.0,0.0,0.0,0.0,0.0,0.0,15173.00009257879,-58516.44389473973,0.0,0.0,0.0,0.0,0.0,0.0,0.0,0.0,-27845.566239830106,9444.442058447632,2018.1439909665096,29115.448765682755,0.0,0.0,14825.653480061883,0.0,0.0,0.0,0.0,0.0,0.0,0.0,5878.746950681867,-834340.5185627136,0.0,0.0,0.0,0.0,0.0,0.0,0.0,0.0,0.0,0.0,0.0,0.0,0.0,0.0,0.0,0.0,-2625040.9052179996,0.0,0.0,0.0,0.0,0.0,0.0,0.0,0.0,0.0
Montana,2027,0.0,0.0,0.0,0.0,0.0,0.0,0.0,0.0,0.0,0.0,0.0,0.0,0.0,0.0,0.0,0.0,0.0,0.0,0.0,0.0,0.0,0.0,0.0,0.0,0.0,0.0,0.0,0.0,0.0,-182463.72974771803,-70389.6660360354,0.0,-16023.709659415472,0.0,0.0,0.0,0.0,0.0,0.0,0.0,-292242.19096845295,-2482711.6803667173,0.0,0.0,0.0,0.0,140291.49474634207,0.0,-130935.62687303452,-1103049.8910253656,-3625781.930971342,0.0,0.0,0.0,0.0,0.0,-1116170.2414320037,186320.07613905962,0.0,4987.333597998288,0.0,0.0,999.2244137959151,0.0,502.2407435044679,0.0,0.0,0.0,0.0,0.0,0.0,0.0,0.0,0.0,0.0,0.0,0.0,0.0,1798.8493484241517,0.0,-1186174.6752883438,36813.678629705915,-2723531.890373096,0.0,0.0,0.0,-18333.743426207555,0.0,0.0,0.0,0.0,0.0,0.0,0.0,0.0,0.0,0.0,0.0,56840.717607454164,0.0,1511.3864772549114,121490.07839519158,0.0,0.0,10534.631666905887,0.0,0.0,0.0,0.0,0.0,0.0,6612.451620647895,1161.3798349797526,235579.1338032107,1483.773424415096,-291474.246109999,-276309.87763478654,0.0,0.0,0.0,0.0,-1179597.7307516132,-27207.36751410854,0.0,89031.9260485206,0.0,1687.7411663110397,0.0,0.0,0.0,0.0,0.0,19176.799431947642,0.0,8451.757040692537,0.0,0.0,0.0,0.0,0.0,15934.514031116618,23583.797954167123,0.0,0.0,6848.204024625411,0.0,0.0,0.0,0.0,0.0,0.0,0.0,0.0,17674.930958908255,-250797.8319066069,0.0,0.0,0.0,0.0,0.0,0.0,0.0,0.0,-136311.29537077877,11001.77027021296,2350.923053306731,33916.40042385389,0.0,0.0,17270.309107093344,0.0,0.0,0.0,0.0,0.0,0.0,0.0,6848.114798932613,-1749060.2355910856,0.0,0.0,0.0,0.0,0.0,0.0,0.0,0.0,0.0,0.0,0.0,0.0,0.0,0.0,0.0,0.0,-4630949.58564781,0.0,0.0,0.0,0.0,0.0,0.0,0.0,0.0,0.0
Montana,2028,0.0,0.0,0.0,0.0,0.0,0.0,0.0,0.0,0.0,0.0,0.0,0.0,0.0,0.0,0.0,0.0,0.0,0.0,0.0,0.0,0.0,0.0,0.0,0.0,0.0,0.0,0.0,0.0,0.0,-246116.6661295829,-93658.49515648124,0.0,-29119.76230837204,0.0,0.0,0.0,0.0,0.0,0.0,0.0,-558547.7267855322,-3488898.3389808973,0.0,0.0,0.0,0.0,139010.29388107918,0.0,-215799.935875081,-1485805.7172171008,-4851609.998939027,0.0,0.0,0.0,0.0,0.0,-1584407.9805149334,184618.5229323099,0.0,4941.787172445795,0.0,0.0,990.0990766836221,0.0,497.6540700478063,0.0,0.0,0.0,0.0,0.0,0.0,0.0,0.0,0.0,0.0,0.0,0.0,0.0,1782.4215004933358,0.0,-1929909.9027455524,22122.135086490307,-3866072.8079777267,0.0,0.0,0.0,-24923.62541813784,0.0,0.0,0.0,0.0,0.0,0.0,0.0,0.0,0.0,0.0,0.0,26161.293474176666,0.0,1497.5838610242754,15330.527756618336,0.0,0.0,10438.424985016318,0.0,0.0,0.0,0.0,0.0,0.0,6552.063934614584,1150.7736264411233,233427.72618857073,1470.222982182997,-427405.694879137,-506517.6201912267,0.0,0.0,0.0,0.0,-1689752.4651802792,-104637.0965922533,0.0,88218.8490983058,0.0,1672.3280049748646,0.0,0.0,0.0,0.0,0.0,19001.668843528023,0.0,8374.572044887129,0.0,0.0,0.0,0.0,0.0,-3409.115426998469,19779.009028366534,0.0,0.0,6785.66334860144,0.0,0.0,0.0,0.0,0.0,0.0,0.0,0.0,17513.516064306372,-441466.35311866924,0.0,0.0,0.0,0.0,0.0,0.0,0.0,0.0,-244813.9331418369,10901.297482357142,2329.4534363815546,33606.66160719772,0.0,0.0,17112.589389220346,0.0,0.0,0.0,0.0,0.0,0.0,0.0,6785.57493775514,-2554171.026844536,0.0,0.0,0.0,0.0,0.0,0.0,0.0,0.0,0.0,0.0,0.0,0.0,0.0,0.0,0.0,0.0,-6250658.701068582,0.0,0.0,0.0,0.0,0.0,0.0,0.0,0.0,0.0
Montana,2029,0.0,0.0,0.0,0.0,0.0,0.0,0.0,0.0,0.0,0.0,0.0,0.0,0.0,0.0,0.0,0.0,0.0,0.0,0.0,0.0,0.0,0.0,0.0,0.0,0.0,0.0,0.0,0.0,0.0,-283367.57123176265,-108296.27989139828,0.0,-30831.425778780307,0.0,0.0,0.0,0.0,0.0,0.0,0.0,-584059.8330116272,-3966648.883839368,0.0,0.0,0.0,0.0,178086.9202716127,0.0,-234388.6505005376,-1711424.1162134337,-5599942.85550251,0.0,0.0,0.0,0.0,0.0,-1795894.2017032304,236515.89573816652,0.0,6330.953151796915,0.0,0.0,1268.4218586085117,0.0,637.547610475991,0.0,0.0,0.0,0.0,0.0,0.0,0.0,0.0,0.0,0.0,0.0,0.0,0.0,2283.470862383165,0.0,-2103518.15749182,35358.990259604994,-4382111.866367285,0.0,0.0,0.0,-28626.220242404062,0.0,0.0,0.0,0.0,0.0,0.0,0.0,0.0,0.0,0.0,0.0,48260.48565152986,0.0,1918.5636560587482,70997.99179391935,0.0,0.0,13372.728782647639,0.0,0.0,0.0,0.0,0.0,0.0,8393.888358630647,1474.2629868692748,299045.65843512677,1883.5114702620867,-479795.0570539122,-535122.7497608876,0.0,0.0,0.0,0.0,-1910075.647925762,-96075.08680638531,0.0,113017.69607985718,0.0,2142.429425728169,0.0,0.0,0.0,0.0,0.0,24343.15179032623,0.0,10728.714416952178,0.0,0.0,0.0,0.0,0.0,5018.332665617694,27093.835875708202,0.0,0.0,8693.153967332713,0.0,0.0,0.0,0.0,0.0,0.0,0.0,0.0,22436.670349664375,-471229.4320608978,0.0,0.0,0.0,0.0,0.0,0.0,0.0,0.0,-259978.10344946128,13965.717511959825,2984.2767525994095,43053.69551521179,0.0,0.0,21923.040784346813,0.0,0.0,0.0,0.0,0.0,0.0,0.0,8693.040703667873,-2870743.7554943636,0.0,0.0,0.0,0.0,0.0,0.0,0.0,0.0,0.0,0.0,0.0,0.0,0.0,0.0,0.0,0.0,-7195220.046149673,0.0,0.0,0.0,0.0,0.0,0.0,0.0,0.0,0.0
Montana,2030,0.0,0.0,0.0,0.0,0.0,0.0,0.0,0.0,0.0,0.0,0.0,0.0,0.0,0.0,0.0,0.0,0.0,0.0,0.0,0.0,0.0,0.0,0.0,0.0,0.0,0.0,0.0,0.0,0.0,-174530.72452736477,-68815.0836143511,0.0,-6660.228992532298,0.0,0.0,0.0,0.0,0.0,0.0,0.0,-89765.84304353967,-2213022.495021362,0.0,0.0,0.0,0.0,192180.12978951004,0.0,-79996.33675360982,-1057454.709493814,-3513214.4151397333,0.0,0.0,0.0,0.0,0.0,-976589.4635678176,255232.9810124098,0.0,6831.963832874368,0.0,0.0,1368.80056684372,0.0,688.0010184992707,0.0,0.0,0.0,0.0,0.0,0.0,0.0,0.0,0.0,0.0,0.0,0.0,0.0,2464.1771896221217,0.0,-753650.119527055,67004.8092666904,-2382935.1322645163,0.0,0.0,0.0,-17312.520270388788,0.0,0.0,0.0,0.0,0.0,0.0,0.0,0.0,0.0,0.0,0.0,112688.0192138101,0.0,2070.392434595771,287718.7057088278,0.0,0.0,14431.00228343271,0.0,0.0,0.0,0.0,0.0,0.0,9058.152904997114,1590.9312807941824,322711.14219617983,2032.5663348152011,-239255.79232476605,-109788.3503073696,0.0,0.0,0.0,0.0,-1014408.9999440694,52419.21078066621,0.0,121961.54253222002,0.0,2311.9742004260806,0.0,0.0,0.0,0.0,0.0,26269.58826294201,0.0,11577.749370811696,0.0,0.0,0.0,0.0,0.0,43994.813573756604,36451.0150243626,0.0,0.0,9381.101403596454,0.0,0.0,0.0,0.0,0.0,0.0,0.0,0.0,24212.234190285264,-120762.52668025903,0.0,0.0,0.0,0.0,0.0,0.0,0.0,0.0,-60010.058787837625,15070.918178373904,3220.442538776344,46460.822498429974,0.0,0.0,23657.957680949796,0.0,0.0,0.0,0.0,0.0,0.0,0.0,9380.979176620014,-1447924.7788751023,0.0,0.0,0.0,0.0,0.0,0.0,0.0,0.0,0.0,0.0,0.0,0.0,0.0,0.0,0.0,0.0,-4424770.48095491,0.0,0.0,0.0,0.0,0.0,0.0,0.0,0.0,0.0
Montana,2031,0.0,0.0,0.0,0.0,0.0,0.0,0.0,0.0,0.0,0.0,0.0,0.0,0.0,0.0,0.0,0.0,0.0,0.0,0.0,0.0,0.0,0.0,0.0,0.0,0.0,0.0,0.0,0.0,0.0,-72866.42611429337,-32599.687915612085,0.0,19790.837443089375,0.0,0.0,0.0,0.0,0.0,0.0,0.0,456752.8536143191,-502685.69656681083,0.0,0.0,0.0,0.0,231256.7561800438,0.0,84439.82856713771,-447638.6898016734,-1584145.4322771162,0.0,0.0,0.0,0.0,0.0,-170591.1315154396,307130.3538182669,0.0,8221.129812225488,0.0,0.0,1647.1233487686077,0.0,827.8945589274563,0.0,0.0,0.0,0.0,0.0,0.0,0.0,0.0,0.0,0.0,0.0,0.0,0.0,2965.226551511958,0.0,677489.3015521821,110771.33348407899,-416223.5523119541,0.0,0.0,0.0,-6644.263346002561,0.0,0.0,0.0,0.0,0.0,0.0,0.0,0.0,0.0,0.0,0.0,198929.5139289042,0.0,2491.372229630244,566797.254657601,0.0,0.0,17365.30608106403,0.0,0.0,0.0,0.0,0.0,0.0,10899.977329013185,1914.420641222332,388329.07444273634,2445.854822894289,3102.748989077285,356558.3170728367,0.0,0.0,0.0,0.0,-126870.41124566225,226180.2867900401,0.0,146760.3895137714,0.0,2782.0756211793887,0.0,0.0,0.0,0.0,0.0,31611.071209740185,0.0,13931.891742876745,0.0,0.0,0.0,0.0,0.0,93251.08774674532,51399.482808841276,0.0,0.0,11288.592022327743,0.0,0.0,0.0,0.0,0.0,0.0,0.0,0.0,29135.388475643325,259842.20525418082,0.0,0.0,0.0,0.0,0.0,0.0,0.0,0.0,158226.94723941293,18135.338207976587,3875.265854994199,55907.85640644404,0.0,0.0,28468.409076076234,0.0,0.0,0.0,0.0,0.0,0.0,0.0,11288.444942532755,-18289.38196158968,0.0,0.0,0.0,0.0,0.0,0.0,0.0,0.0,0.0,0.0,0.0,0.0,0.0,0.0,0.0,0.0,-1834736.5096927318,0.0,0.0,0.0,0.0,0.0,0.0,0.0,0.0,0.0
Montana,2032,0.0,0.0,0.0,0.0,0.0,0.0,0.0,0.0,0.0,0.0,0.0,0.0,0.0,0.0,0.0,0.0,0.0,0.0,0.0,0.0,0.0,0.0,0.0,0.0,0.0,0.0,0.0,0.0,0.0,18920.87388370288,0.0,0.0,44239.50794502543,0.0,0.0,0.0,0.0,0.0,0.0,0.0,962599.635388229,1052076.0843586046,0.0,0.0,0.0,0.0,270333.3825705773,0.0,235862.75701097609,102777.17626812187,154557.8234703428,0.0,0.0,0.0,0.0,0.0,563063.1153294598,359027.7266241233,0.0,9610.295791576616,0.0,0.0,1925.446130693501,0.0,967.788099355641,0.0,0.0,0.0,0.0,0.0,0.0,0.0,0.0,0.0,0.0,0.0,0.0,0.0,3466.2759134017833,0.0,1994529.690634653,152367.170223549,1373962.1795016043,0.0,0.0,0.0,3002.2128347868256,0.0,0.0,0.0,0.0,0.0,0.0,0.0,0.0,0.0,0.0,0.0,280610.43208741536,0.0,2912.3520246647167,829991.0705048717,0.0,0.0,20299.60987869535,0.0,0.0,0.0,0.0,0.0,0.0,12741.801753029271,2237.9100016504817,453947.0066892933,2859.1433109733825,224504.44395395927,787713.4576056921,0.0,0.0,0.0,0.0,681898.1891161385,388195.55763214617,0.0,171559.23649532278,0.0,3252.177041932693,0.0,0.0,0.0,0.0,0.0,36952.55415653842,0.0,16286.03411494181,0.0,0.0,0.0,0.0,0.0,139604.3949277812,65805.19171934924,0.0,0.0,13196.082641059016,0.0,0.0,0.0,0.0,0.0,0.0,0.0,0.0,34058.54276100133,611269.4093510588,0.0,0.0,0.0,0.0,0.0,0.0,0.0,0.0,359868.9154997349,21199.758237579284,4530.089171212057,65354.89031445817,0.0,0.0,33278.8604712027,0.0,0.0,0.0,0.0,0.0,0.0,0.0,13195.91070844548,1287189.0151985688,0.0,0.0,0.0,0.0,0.0,0.0,0.0,0.0,0.0,0.0,0.0,0.0,0.0,0.0,0.0,0.0,503984.4918294423,0.0,0.0,0.0,0.0,0.0,0.0,0.0,0.0,0.0
Montana,2033,0.0,0.0,0.0,0.0,0.0,0.0,0.0,0.0,0.0,0.0,0.0,0.0,0.0,0.0,0.0,0.0,0.0,0.0,0.0,0.0,0.0,0.0,0.0,0.0,0.0,0.0,0.0,0.0,0.0,20265.959704819223,0.0,0.0,47384.49666149641,0.0,0.0,0.0,0.0,0.0,0.0,0.0,1031030.8890888141,1126868.2230570838,0.0,0.0,0.0,0.0,289551.3955495283,0.0,252630.25158521603,110083.61059997877,165545.34646586468,0.0,0.0,0.0,0.0,0.0,603091.2988836868,384551.0247253643,0.0,10293.492174864048,0.0,0.0,2062.32618737787,0.0,1036.588201205568,0.0,0.0,0.0,0.0,0.0,0.0,0.0,0.0,0.0,0.0,0.0,0.0,0.0,3712.6936323639966,0.0,2136320.9008693453,163198.959575934,1471637.2159590647,0.0,0.0,0.0,3215.6402874967916,0.0,0.0,0.0,0.0,0.0,0.0,0.0,0.0,0.0,0.0,0.0,300559.04100358253,0.0,3119.3912681242946,888995.1750431326,0.0,0.0,21742.71010703864,0.0,0.0,0.0,0.0,0.0,0.0,13647.617043528982,2397.003129729903,486218.12090891134,3062.3999444549027,240464.4755146671,843712.0446392721,0.0,0.0,0.0,0.0,730374.3636978548,415792.39822210954,0.0,183755.39074854483,0.0,3483.3744619752943,0.0,0.0,0.0,0.0,0.0,39579.51298283259,0.0,17443.80905202296,0.0,0.0,0.0,0.0,0.0,149528.8779795192,70483.28591740725,0.0,0.0,14134.192781418671,0.0,0.0,0.0,0.0,0.0,0.0,0.0,0.0,36479.76618002987,654724.5806319397,0.0,0.0,0.0,0.0,0.0,0.0,0.0,0.0,385452.01375801,22706.850055416682,4852.133425089687,70000.97256430116,0.0,0.0,35644.65623929771,0.0,0.0,0.0,0.0,0.0,0.0,0.0,14134.008626107483,1378695.3432932543,0.0,0.0,0.0,0.0,0.0,0.0,0.0,0.0,0.0,0.0,0.0,0.0,0.0,0.0,0.0,0.0,539812.7732391185,0.0,0.0,0.0,0.0,0.0,0.0,0.0,0.0,0.0
Nebraska,2024,0.0,0.0,0.0,0.0,0.0,0.0,0.0,0.0,0.0,0.0,0.0,0.0,0.0,0.0,0.0,0.0,0.0,0.0,0.0,0.0,0.0,0.0,0.0,0.0,0.0,0.0,0.0,0.0,0.0,0.0,0.0,0.0,0.0,0.0,0.0,0.0,0.0,0.0,0.0,0.0,0.0,0.0,0.0,0.0,0.0,0.0,0.0,0.0,0.0,0.0,0.0,0.0,0.0,0.0,0.0,0.0,0.0,0.0,0.0,0.0,0.0,0.0,0.0,0.0,0.0,0.0,0.0,0.0,0.0,0.0,0.0,0.0,0.0,0.0,0.0,0.0,0.0,0.0,0.0,0.0,0.0,0.0,0.0,0.0,0.0,0.0,0.0,0.0,0.0,0.0,0.0,0.0,0.0,0.0,0.0,0.0,0.0,0.0,0.0,0.0,0.0,0.0,0.0,0.0,0.0,0.0,0.0,0.0,0.0,0.0,0.0,0.0,0.0,0.0,0.0,0.0,0.0,0.0,0.0,0.0,0.0,0.0,0.0,0.0,0.0,0.0,0.0,0.0,0.0,0.0,0.0,0.0,0.0,0.0,0.0,0.0,0.0,0.0,0.0,0.0,0.0,0.0,0.0,0.0,0.0,0.0,0.0,0.0,0.0,0.0,0.0,0.0,0.0,-3.637978807091713e-12,0.0,0.0,0.0,0.0,0.0,0.0,0.0,0.0,0.0,0.0,0.0,0.0,0.0,0.0,0.0,0.0,0.0,0.0,0.0,0.0,0.0,0.0,0.0,0.0,0.0,0.0,0.0,0.0,0.0,0.0,0.0,0.0,0.0,0.0,0.0,0.0,0.0,0.0,0.0,0.0,0.0,0.0,0.0,0.0,0.0,0.0,0.0,0.0,0.0,0.0,0.0
Nebraska,2025,8297.46348980756,6719.329535620433,0.0,0.0,0.0,4855.56434507919,0.0,0.0,0.0,0.0,0.0,0.0,0.0,0.0,0.0,0.0,0.0,0.0,0.0,0.0,0.0,2963.366292755112,0.0,0.0,0.0,0.0,0.0,0.0,0.0,1496.109758383278,0.0,0.0,0.0,0.0,0.0,0.0,0.0,0.0,0.0,40843.33777472243,-530589.5457182876,-12626.935243377782,0.0,0.0,0.0,0.0,78472.60919492273,0.0,-33840.32971701544,41003.86377346655,-24834.626116551197,0.0,0.0,0.0,0.0,39736.59995763801,-1047743.7335604429,14060.190665589587,0.0,0.0,0.0,0.0,3424.413245723117,0.0,0.0,0.0,0.0,0.0,14265.324897639744,0.0,0.0,0.0,0.0,0.0,0.0,0.0,29875.916381817893,0.0,-34863.67475190153,0.0,-119829.38435259229,10426.163599917592,17700.589992890513,0.0,0.0,0.0,0.0,884.9160951804843,-5931.769339861756,0.0,0.0,0.0,0.0,0.0,29462.86748383718,3891.881727884873,0.0,0.0,-189767.63542391057,0.0,199519.878047002,-520342.6782899485,0.0,0.0,84281.35521402396,0.0,810.6647844369454,0.0,5293.173742216342,0.0,0.0,-48819.764783548744,-2819.1572329926403,474.24652343779144,0.0,-44516.19808028522,-42648.08724706713,11760.153982436663,0.0,0.0,0.0,-325243.0646697809,-520697.7731168312,0.0,9404.50862192073,0.0,0.0,0.0,-21098.60356857159,0.0,0.0,0.0,0.0,0.0,-65056.4895983892,0.0,0.0,0.0,0.0,0.0,-3614.3215222487634,-324213.31888425327,0.0,0.0,-60287.66101858392,209100.98436872475,0.0,0.0,0.0,0.0,0.0,0.0,0.0,-16763.563798323656,-179987.73889058363,105410.26412381185,0.0,37364.08819438866,0.0,7240.867666855396,0.0,905.5610093840569,21937.623219694826,-176739.24161312054,0.0,0.0,20465.678366502165,0.0,0.0,0.0,3508.8143100654634,0.0,0.0,0.0,-11982.828650373092,0.0,0.0,0.0,24314.02586311777,0.0,0.0,0.0,0.0,0.0,0.0,0.0,0.0,0.0,0.0,0.0,0.0,0.0,0.0,0.0,20043.220944193716,0.0,-19526.46124161097,0.0,0.0,0.0,8435.089661244507,13961.357831464935,-15651.825948867248,2540.5205172565475,2076.780147897851
Nebraska,2026,9570.080589471283,7749.901550286144,0.0,0.0,0.0,5600.282802913425,0.0,0.0,0.0,0.0,0.0,0.0,0.0,0.0,0.0,0.0,0.0,0.0,0.0,0.0,0.0,3417.8703253862623,0.0,0.0,0.0,0.0,0.0,0.0,0.0,1725.5744452518775,0.0,0.0,0.0,0.0,0.0,0.0,0.0,0.0,0.0,47107.65338434244,-1407290.9146903642,-27259.372771059065,0.0,0.0,0.0,0.0,90508.28545181279,0.0,-94620.18515652593,-149930.04869751353,-66729.23955542617,0.0,0.0,0.0,0.0,45831.17050328798,-2569495.7735063536,16216.661626569548,0.0,0.0,0.0,0.0,3949.630001202124,0.0,0.0,0.0,0.0,0.0,16453.258164148923,0.0,0.0,0.0,0.0,0.0,0.0,0.0,34458.112145900435,0.0,-82405.65483314096,0.0,-441276.85145753203,12025.26844653074,20415.404408977978,0.0,0.0,0.0,0.0,1020.6394226621524,-14958.809959706428,0.0,0.0,0.0,0.0,0.0,33981.71218994714,4488.796103327339,0.0,0.0,-455448.0480247368,0.0,230121.086336419,-1318860.108252199,0.0,0.0,-21014.22972570872,0.0,934.9998740745159,0.0,6105.010205746454,0.0,0.0,-114372.73882215912,-6671.680928248317,546.9837202840781,0.0,-173258.60672373697,-268854.6112983851,13563.858580969885,0.0,0.0,0.0,-963439.1777771758,-1294964.421225666,0.0,10846.917919761341,0.0,0.0,0.0,-59758.90501278025,0.0,0.0,0.0,0.0,0.0,-134910.6554208484,0.0,0.0,0.0,0.0,0.0,-20350.394694200397,-763737.1508847333,0.0,0.0,-204033.96123694303,241171.68749276176,0.0,0.0,0.0,0.0,0.0,0.0,0.0,-36874.43924925283,-525946.7351461295,121577.48254770925,0.0,43094.77656776109,0.0,8351.4301924467,0.0,1044.450734749711,25302.289357684844,-448857.18997498695,0.0,0.0,3278.910892404616,0.0,0.0,0.0,4046.976014063235,0.0,0.0,0.0,-62033.86790220812,0.0,0.0,0.0,-37110.825951024424,0.0,0.0,0.0,0.0,0.0,0.0,0.0,0.0,0.0,0.0,0.0,0.0,0.0,0.0,0.0,23117.334585941222,0.0,-40492.92699956495,0.0,0.0,0.0,9728.815069410834,16102.670382303128,-47156.107575140864,-9877.956748845987,-2230.762921617701
Nebraska,2027,11148.125793054322,9027.810848471621,0.0,0.0,0.0,6523.733690627865,0.0,0.0,0.0,0.0,0.0,0.0,0.0,0.0,0.0,0.0,0.0,0.0,0.0,0.0,0.0,3981.4553258488886,0.0,0.0,0.0,0.0,0.0,0.0,0.0,2010.1106569689364,0.0,0.0,0.0,0.0,0.0,0.0,0.0,0.0,0.0,54875.404740271275,-2628583.172100381,-47545.5610050364,0.0,0.0,0.0,0.0,105432.52401035628,0.0,-179365.98827793018,-419962.48033690033,-125104.16184010557,0.0,0.0,0.0,0.0,53388.43797989405,-4686098.220455237,18890.68561818474,0.0,0.0,0.0,0.0,4600.898777996088,0.0,0.0,0.0,0.0,0.0,19166.295414620283,0.0,0.0,0.0,0.0,0.0,0.0,0.0,40140.03489336267,0.0,-148476.58868662696,0.0,-891003.8392073242,14008.158456331017,23781.774284926534,0.0,0.0,0.0,0.0,1188.9363487394203,-27521.84086354018,0.0,0.0,0.0,0.0,0.0,39585.07962552359,5228.9699288759875,0.0,0.0,-824805.4145965581,0.0,268066.58461529715,-2430278.65968378,0.0,0.0,-171526.5653982591,0.0,1089.1753852251004,0.0,7111.6874205238055,0.0,0.0,-205454.88894098272,-12025.837567070588,637.1778443734747,0.0,-353467.99905456905,-586411.469150627,15800.452283151099,0.0,0.0,0.0,-1854059.2351586102,-2372211.3528386094,0.0,12635.505449083677,0.0,0.0,0.0,-113674.27977085082,0.0,0.0,0.0,0.0,0.0,-231631.8080980996,0.0,0.0,0.0,0.0,0.0,-43833.219932316046,-1374511.3052461536,0.0,0.0,-404971.4452537629,280939.35936656874,0.0,0.0,0.0,0.0,0.0,0.0,0.0,-64771.14176753601,-1008646.7863555206,141624.8333933421,0.0,50200.83015074313,0.0,9728.52772417992,0.0,1216.67399420312,29474.475368792366,-827620.3362975453,0.0,0.0,-21461.91957099468,0.0,0.0,0.0,4714.296527020459,0.0,0.0,0.0,-132231.42581194162,0.0,0.0,0.0,-124270.07475760882,0.0,0.0,0.0,0.0,0.0,0.0,0.0,0.0,0.0,0.0,0.0,0.0,0.0,0.0,0.0,26929.235501708114,0.0,-69523.41804903967,0.0,0.0,0.0,11333.034575537094,18757.89794534247,-91131.63593116679,-27437.7870922813,-8352.601622365648
Nebraska,2028,11046.316425081226,8945.365087298385,0.0,0.0,0.0,6464.15621400113,0.0,0.0,0.0,0.0,0.0,0.0,0.0,0.0,0.0,0.0,0.0,0.0,0.0,0.0,0.0,3945.095003238399,0.0,0.0,0.0,0.0,0.0,0.0,0.0,1991.753482019456,0.0,0.0,0.0,0.0,0.0,0.0,0.0,0.0,0.0,54374.25949150155,-3649750.9671763238,-63795.527464357685,0.0,0.0,0.0,0.0,104469.66990980518,0.0,-250781.0373615611,-675307.5933399843,-174011.87402938583,0.0,0.0,0.0,0.0,52900.87233624206,-6431933.289860593,18718.167941306398,0.0,0.0,0.0,0.0,4558.881437557771,0.0,0.0,0.0,0.0,0.0,18991.260753299546,0.0,0.0,0.0,0.0,0.0,0.0,0.0,39773.45923223614,0.0,-202570.91808413455,0.0,-1281144.555334411,13880.230068601973,23564.589131639485,0.0,0.0,0.0,0.0,1178.0784825408864,-37937.79632863942,0.0,0.0,0.0,0.0,0.0,39223.57204903482,5181.216778840593,0.0,0.0,-1128167.8880440905,0.0,265618.48795214435,-3352577.3643700965,0.0,0.0,-325321.76977858506,0.0,1079.2285780540951,0.0,7046.740503441397,0.0,0.0,-279885.0705574555,-16410.58607305809,631.3588686257708,0.0,-510454.2647790732,-869729.3850762043,15656.155915268435,0.0,0.0,0.0,-2610257.6159457536,-3263099.618265249,0.0,12520.11270525644,0.0,0.0,0.0,-159189.02416025143,0.0,0.0,0.0,0.0,0.0,-308202.7206342568,0.0,0.0,0.0,0.0,0.0,-64698.13459975942,-1874211.5130423948,0.0,0.0,-578025.8779369246,278373.70311664557,0.0,0.0,0.0,0.0,0.0,0.0,0.0,-87229.52029801074,-1417799.6398385656,140331.45591943013,0.0,49742.375080873375,0.0,9639.682722132624,0.0,1205.5628161738696,29205.302077753237,-1142042.9501681007,0.0,0.0,-47976.904334487976,0.0,0.0,0.0,4671.243590700644,0.0,0.0,0.0,-194383.1813104843,0.0,0.0,0.0,-208757.30671740393,0.0,0.0,0.0,0.0,0.0,0.0,0.0,0.0,0.0,0.0,0.0,0.0,0.0,0.0,0.0,26683.30641036827,0.0,-92505.89012987382,0.0,0.0,0.0,11229.536542883798,18586.59294127542,-128546.00118943697,-44019.01336670027,-14355.668471298239
Nebraska,2029,14151.502148260726,11459.960803082708,0.0,0.0,0.0,8281.269251116646,0.0,0.0,0.0,0.0,0.0,0.0,0.0,0.0,0.0,0.0,0.0,0.0,0.0,0.0,0.0,5054.084842858414,0.0,0.0,0.0,0.0,0.0,0.0,0.0,2551.647317978848,0.0,0.0,0.0,0.0,0.0,0.0,0.0,0.0,0.0,69659.18957897439,-4164742.7357338015,-73572.10084514829,0.0,0.0,0.0,0.0,133836.7199766168,0.0,-285562.13351401594,-738429.8034367305,-198458.5847620822,0.0,0.0,0.0,0.0,67771.62446762802,-7365544.016174571,23979.957086097536,0.0,0.0,0.0,0.0,5840.410320926552,0.0,0.0,0.0,0.0,0.0,24329.817923581926,0.0,0.0,0.0,0.0,0.0,0.0,0.0,50954.0168965974,0.0,-232405.70779030756,0.0,-1446567.807054996,17782.045894338007,30188.73630689297,0.0,0.0,0.0,0.0,1509.2434015961626,-43387.19943374972,0.0,0.0,0.0,0.0,0.0,50249.55313194316,6637.687854920216,0.0,0.0,-1293309.0904986705,0.0,340285.4361783224,-3833253.3814441827,0.0,0.0,-340816.8473188714,0.0,1382.6061967697624,0.0,9027.621474454878,0.0,0.0,-321256.9349996048,-18826.346342325705,808.8376289307116,0.0,-575618.793078274,-973085.9375549755,20057.195135689515,0.0,0.0,0.0,-2966040.6336176572,-3734238.422870558,0.0,16039.591391987517,0.0,0.0,0.0,-181178.76393384978,0.0,0.0,0.0,0.0,0.0,-356371.3899239196,0.0,0.0,0.0,0.0,0.0,-72488.8071146378,-2150628.1159329507,0.0,0.0,-654099.6689781444,356626.21873929724,0.0,0.0,0.0,0.0,0.0,0.0,0.0,-100481.38850922255,-1611817.3566331626,179779.46887374017,0.0,63725.254711902235,0.0,12349.455284575437,0.0,1544.453746066063,37415.0874544488,-1305664.7514306486,0.0,0.0,-48404.756200915086,0.0,0.0,0.0,5984.358148455198,0.0,0.0,0.0,-218049.68161119858,0.0,0.0,0.0,-225580.40547733358,0.0,0.0,0.0,0.0,0.0,0.0,0.0,0.0,0.0,0.0,0.0,0.0,0.0,0.0,0.0,34184.143696232204,0.0,-106963.53547395748,0.0,0.0,0.0,14386.226538809657,23811.395565320563,-145982.64845462228,-48164.11665008188,-15418.99889764491
Nebraska,2030,15271.405195964806,12366.864175988521,0.0,0.0,0.0,8936.621494010767,0.0,0.0,0.0,0.0,0.0,0.0,0.0,0.0,0.0,0.0,0.0,0.0,0.0,0.0,0.0,5454.04839157383,0.0,0.0,0.0,0.0,0.0,0.0,0.0,2753.5762424232125,0.0,0.0,0.0,0.0,0.0,0.0,0.0,0.0,0.0,75171.78731544001,-2394010.6352591896,-45866.85955534618,0.0,0.0,0.0,0.0,144428.11508268001,0.0,-161357.53928630002,-276033.62140166154,-113586.08379552007,0.0,0.0,0.0,0.0,73134.84654779994,-4354106.228551915,25877.65153175997,0.0,0.0,0.0,0.0,6302.601065748073,0.0,0.0,0.0,0.0,0.0,26255.19919811003,0.0,0.0,0.0,0.0,0.0,0.0,0.0,54986.34916898998,0.0,-139368.0309945552,0.0,-760689.7841259479,19189.258159357574,32577.77299304999,0.0,0.0,0.0,0.0,1628.6799297800317,-25384.371436964495,0.0,0.0,0.0,0.0,0.0,54226.13647331996,7162.972505309583,0.0,0.0,-770901.8058757802,0.0,367214.4994730102,-2238608.87019461,0.0,0.0,-55582.6692172098,0.0,1492.0210756508222,0.0,9742.03756236138,0.0,0.0,-193339.3007866859,-11284.180726497585,872.8463621554438,0.0,-299214.5212348581,-469992.5653027659,21644.455182398757,0.0,0.0,0.0,-1647127.591997872,-2195944.3439840376,0.0,17308.91157408725,0.0,0.0,0.0,-101966.85662383205,0.0,0.0,0.0,0.0,0.0,-226450.317776104,0.0,0.0,0.0,0.0,0.0,-35492.04824564795,-1291429.7274239243,0.0,0.0,-350671.3183037378,384848.4374884502,0.0,0.0,0.0,0.0,0.0,0.0,0.0,-62113.49048505844,-898652.0284362468,194006.62108676997,0.0,68768.26048047002,0.0,13326.75030709579,0.0,1666.6767043878372,40375.99365587998,-761957.811040472,0.0,0.0,1441.4134132571053,0.0,0.0,0.0,6457.940447973233,0.0,0.0,0.0,-107982.33559236804,0.0,0.0,0.0,-71371.11326156394,0.0,0.0,0.0,0.0,0.0,0.0,0.0,0.0,0.0,0.0,0.0,0.0,0.0,0.0,0.0,36889.36370096999,0.0,-67968.21317138923,0.0,0.0,0.0,15524.704897996038,25695.750610058167,-80677.16567493483,-18151.509018899756,-4422.524451568766
Nebraska,2031,18376.59091914432,14881.459891772873,0.0,0.0,0.0,10753.734531126298,0.0,0.0,0.0,0.0,0.0,0.0,0.0,0.0,0.0,0.0,0.0,0.0,0.0,0.0,0.0,6563.038231193837,0.0,0.0,0.0,0.0,0.0,0.0,0.0,3313.470078382601,0.0,0.0,0.0,0.0,0.0,0.0,0.0,0.0,0.0,90456.7174029128,-686221.3966090744,-20161.02240997774,0.0,0.0,0.0,0.0,173795.1651494915,0.0,-40775.82707571081,212045.9069689964,-31590.457654096448,0.0,0.0,0.0,0.0,88005.59867918602,-1483817.107094014,31139.440676551138,0.0,0.0,0.0,0.0,7584.129949116847,0.0,0.0,0.0,0.0,0.0,31593.75636839238,0.0,0.0,0.0,0.0,0.0,0.0,0.0,66166.9068333513,0.0,-51276.109112636215,0.0,-79091.45365448156,23091.073985093608,39201.920168303535,0.0,0.0,0.0,0.0,1959.8448488353042,-8147.519475254994,0.0,0.0,0.0,0.0,0.0,65252.11755622836,8619.44358138919,0.0,0.0,-274859.36255515215,0.0,441881.4476991887,-710621.3200430721,0.0,0.0,259331.57358502364,0.0,1795.3986943664877,0.0,11722.918533374846,0.0,0.0,-72429.34275266557,-4141.282791985563,1050.3251224603837,0.0,-23649.594851411646,40575.45898414031,26045.494402819837,0.0,0.0,0.0,-358685.74538695347,-726348.2872791952,0.0,20828.390260818327,0.0,0.0,0.0,-24952.112289457582,0.0,0.0,0.0,0.0,0.0,-107276.0403702052,0.0,0.0,0.0,0.0,0.0,1942.2490014235955,-478432.69927954604,0.0,0.0,-50843.00899237022,463100.9531111014,0.0,0.0,0.0,0.0,0.0,0.0,0.0,-26344.895391517355,-202929.98110862868,233454.6340410798,0.0,82751.14011149888,0.0,16036.522869538589,0.0,2005.5676342800307,48585.77903257561,-240819.57452658308,0.0,0.0,57820.10086468374,0.0,0.0,0.0,7771.055005727794,0.0,0.0,0.0,3098.177311012987,0.0,0.0,0.0,93899.27562565194,0.0,0.0,0.0,0.0,0.0,0.0,0.0,0.0,0.0,0.0,0.0,0.0,0.0,0.0,0.0,44390.20098683392,0.0,-32198.500985429306,0.0,0.0,0.0,18681.394893921897,30920.55323410334,-16774.3165571891,13499.758540885494,7443.156840291282
Nebraska,2032,21481.776642323835,17396.05560755718,0.0,0.0,0.0,12570.847568241828,0.0,0.0,0.0,0.0,0.0,0.0,0.0,0.0,0.0,0.0,0.0,0.0,0.0,0.0,0.0,7672.0280708138525,0.0,0.0,0.0,0.0,0.0,0.0,0.0,3873.3639143419896,0.0,0.0,0.0,0.0,0.0,0.0,0.0,0.0,0.0,105741.64749038557,863526.0731799495,3021.9827943105993,0.0,0.0,0.0,0.0,203162.21521630324,0.0,68759.4469255794,660934.486044954,42837.02068205716,0.0,0.0,0.0,0.0,102876.35081057198,1116011.2453709338,36401.229821342306,0.0,0.0,0.0,0.0,8865.658832485627,0.0,0.0,0.0,0.0,0.0,36932.31353867473,0.0,0.0,0.0,0.0,0.0,0.0,0.0,77347.46449771262,0.0,28431.11538572586,0.0,542282.8652391094,26992.88981082964,45826.06734355699,0.0,0.0,0.0,0.0,2291.0097678905768,7476.31893812558,0.0,0.0,0.0,0.0,0.0,76278.09863913676,10075.914657468806,0.0,0.0,174172.31696035748,0.0,516548.39592536725,674548.4076681128,0.0,0.0,550753.4105830868,0.0,2098.776313082157,0.0,13703.799504388327,0.0,0.0,36942.22882089304,2321.985774826533,1227.8038827653245,0.0,227689.15470826812,507492.88262944994,30446.533623240917,0.0,0.0,0.0,812850.2049102774,605259.740295798,0.0,24347.868947549403,0.0,0.0,0.0,45023.322395038005,0.0,0.0,0.0,0.0,0.0,0.0,0.0,0.0,0.0,0.0,0.0,36161.00940762262,257106.02023620158,0.0,0.0,222258.31611961615,541353.4687337531,0.0,0.0,0.0,0.0,0.0,0.0,0.0,5938.299788153683,429530.7527148861,272902.64699538983,0.0,96734.01974252774,0.0,18746.295431981416,0.0,2344.458564172224,56795.56440927123,231631.5950811829,0.0,0.0,110159.79125451972,0.0,0.0,0.0,9084.169563482355,0.0,0.0,0.0,104598.0539544698,0.0,0.0,0.0,246222.65048291,0.0,0.0,0.0,0.0,0.0,0.0,0.0,0.0,0.0,0.0,0.0,0.0,0.0,0.0,0.0,51891.0382726978,0.0,0.0,0.0,0.0,0.0,21838.084889847756,36145.35585814851,41345.21974433912,42605.87129301441,18389.57353750817
Nebraska,2033,23008.917161920326,18632.742025156025,0.0,0.0,0.0,13464.509717642904,0.0,0.0,0.0,0.0,0.0,0.0,0.0,0.0,0.0,0.0,0.0,0.0,0.0,0.0,0.0,8217.432909971234,0.0,0.0,0.0,0.0,0.0,0.0,0.0,4148.721538584308,0.0,0.0,0.0,0.0,0.0,0.0,0.0,0.0,0.0,113258.82622192963,924914.1826477186,3236.8156943800714,0.0,0.0,0.0,0.0,217605.02672457113,0.0,73647.55926626042,707920.3499817983,45882.3065125352,0.0,0.0,0.0,0.0,110189.835465352,1195348.537695882,38988.99497451834,0.0,0.0,0.0,0.0,9495.91893906043,0.0,0.0,0.0,0.0,0.0,39557.83345848572,0.0,0.0,0.0,0.0,0.0,0.0,0.0,82846.09941461158,0.0,30452.284725943347,0.0,580833.7798295673,28911.815626765383,49083.84464286201,0.0,0.0,0.0,0.0,2453.8777608685796,8007.810805764835,0.0,0.0,0.0,0.0,0.0,81700.71228646877,10792.211907999765,0.0,0.0,186554.23522768158,0.0,553269.8458726685,722502.0859383577,0.0,0.0,589906.4966434957,0.0,2247.9784206472377,0.0,14678.003260624464,0.0,0.0,39568.45361858688,2487.0558536056706,1315.0885189808687,0.0,243875.58750743442,543570.5757073737,32610.979141480784,0.0,0.0,0.0,870635.7645010548,648287.683918722,0.0,26078.760104958114,0.0,0.0,0.0,48224.032517907995,0.0,0.0,0.0,0.0,0.0,0.0,0.0,0.0,0.0,0.0,0.0,38731.69728020244,275383.6993999125,0.0,0.0,238058.67034612922,579838.3124825982,0.0,0.0,0.0,0.0,0.0,0.0,0.0,6360.453801529537,460066.1142822949,292303.3091040668,0.0,103610.8457905748,0.0,20078.970462690995,0.0,2511.126234611009,60833.16377485922,248098.29615330487,0.0,0.0,117991.0560356467,0.0,0.0,0.0,9729.963608279679,0.0,0.0,0.0,112033.93456734676,0.0,0.0,0.0,263726.63037506,0.0,0.0,0.0,0.0,0.0,0.0,0.0,0.0,0.0,0.0,0.0,0.0,0.0,0.0,0.0,55579.97464279478,0.0,0.0,0.0,0.0,0.0,23390.555379647354,38714.930919154314,44284.45337545322,45634.72470247041,19696.889191833397
Nevada,2024,0.0,0.0,0.0,0.0,0.0,0.0,0.0,0.0,0.0,0.0,0.0,0.0,0.0,0.0,0.0,0.0,0.0,0.0,0.0,0.0,0.0,0.0,0.0,0.0,0.0,0.0,0.0,0.0,0.0,0.0,0.0,0.0,0.0,0.0,0.0,0.0,0.0,0.0,0.0,0.0,0.0,0.0,0.0,0.0,0.0,0.0,0.0,0.0,0.0,0.0,0.0,0.0,0.0,0.0,0.0,0.0,0.0,0.0,0.0,0.0,0.0,0.0,0.0,0.0,0.0,0.0,0.0,0.0,0.0,0.0,0.0,0.0,0.0,0.0,0.0,0.0,0.0,0.0,0.0,0.0,0.0,0.0,0.0,0.0,0.0,0.0,0.0,0.0,0.0,0.0,0.0,0.0,0.0,0.0,0.0,0.0,0.0,0.0,0.0,0.0,0.0,0.0,0.0,0.0,0.0,0.0,0.0,0.0,0.0,0.0,0.0,0.0,0.0,0.0,0.0,0.0,0.0,0.0,0.0,0.0,0.0,0.0,0.0,0.0,0.0,0.0,0.0,0.0,0.0,0.0,0.0,0.0,0.0,0.0,0.0,0.0,0.0,0.0,0.0,0.0,0.0,0.0,0.0,0.0,0.0,0.0,0.0,0.0,0.0,0.0,0.0,0.0,0.0,0.0,0.0,0.0,0.0,0.0,0.0,0.0,0.0,0.0,0.0,0.0,0.0,0.0,0.0,0.0,0.0,0.0,0.0,0.0,0.0,0.0,0.0,0.0,0.0,0.0,0.0,0.0,0.0,0.0,0.0,0.0,0.0,0.0,0.0,0.0,0.0,0.0,0.0,0.0,0.0,0.0,0.0,0.0,0.0,0.0,0.0,0.0,0.0,0.0,0.0,0.0,0.0
Nevada,2025,0.0,0.0,0.0,0.0,0.0,0.0,0.0,0.0,0.0,0.0,0.0,0.0,0.0,0.0,0.0,0.0,0.0,0.0,0.0,0.0,0.0,0.0,0.0,0.0,0.0,0.0,0.0,0.0,0.0,0.0,0.0,0.0,0.0,0.0,0.0,0.0,0.0,0.0,0.0,0.0,-88156.39480562333,-110439.76680782615,0.0,0.0,0.0,0.0,4354.004968974579,0.0,0.0,-1918.0953978199807,-8003.209553177161,0.0,0.0,0.0,0.0,0.0,0.0,0.0,0.0,-11045.902550314217,0.0,0.0,0.0,0.0,0.0,0.0,0.0,0.0,0.0,0.0,0.0,0.0,0.0,0.0,0.0,0.0,0.0,0.0,0.0,0.0,-85819.10082740587,0.0,0.0,0.0,0.0,0.0,0.0,0.0,0.0,0.0,0.0,0.0,0.0,8597.08185735326,0.0,0.0,-1163.4705644372898,72810.15497133427,-284217.15066049714,0.0,-3624.971957189546,38444.70076853922,0.0,0.0,7356.608480505325,0.0,0.0,48635.96709586494,0.0,1251.3391423337198,0.0,0.0,0.0,0.0,0.0,-7674.649766367962,35367.361914132955,0.0,0.0,0.0,0.0,-24345.601933813374,42948.89855566027,0.0,-31400.77815124381,0.0,0.0,0.0,0.0,0.0,0.0,0.0,0.0,0.0,0.0,0.0,0.0,0.0,0.0,0.0,132643.72635478317,0.0,0.0,0.0,0.0,0.0,0.0,0.0,0.0,0.0,0.0,0.0,0.0,-950.0770146514784,-5171.956401187286,0.0,0.0,0.0,0.0,0.0,0.0,0.0,0.0,5866.791953930529,-33853.45951920512,0.0,-19832.53844296842,0.0,0.0,746.3920250500287,0.0,0.0,0.0,0.0,0.0,0.0,0.0,0.0,0.0,0.0,0.0,0.0,0.0,0.0,0.0,0.0,0.0,0.0,0.0,0.0,0.0,0.0,0.0,0.0,0.0,0.0,0.0,0.0,0.0,0.0,0.0,0.0,0.0,0.0,0.0
Nevada,2026,0.0,0.0,0.0,0.0,0.0,0.0,0.0,0.0,0.0,0.0,0.0,0.0,0.0,0.0,0.0,0.0,0.0,0.0,0.0,0.0,0.0,0.0,0.0,0.0,0.0,0.0,0.0,0.0,0.0,0.0,0.0,0.0,0.0,0.0,0.0,0.0,0.0,0.0,0.0,0.0,-235590.08803783916,-235559.31068548711,0.0,0.0,0.0,0.0,5021.797142130192,0.0,0.0,-3977.643258606037,-16596.62630054143,0.0,0.0,0.0,0.0,0.0,0.0,0.0,0.0,-22906.39968398493,0.0,0.0,0.0,0.0,0.0,0.0,0.0,0.0,0.0,0.0,0.0,0.0,0.0,0.0,0.0,0.0,0.0,0.0,0.0,0.0,-203807.8818773196,0.0,0.0,0.0,0.0,0.0,0.0,0.0,0.0,0.0,0.0,0.0,0.0,9915.652694370598,0.0,0.0,-2412.742792918628,83977.35665405437,-936936.7488549352,0.0,-7517.272229806051,-167881.2890606462,0.0,0.0,3912.39632369997,0.0,0.0,56095.47125167248,0.0,1443.2623236732506,0.0,0.0,0.0,0.0,0.0,-21673.631553211904,15535.075889240252,0.0,0.0,0.0,0.0,-52905.23554513556,49536.15293536277,0.0,-80822.74857409444,0.0,0.0,0.0,0.0,0.0,0.0,0.0,0.0,0.0,0.0,0.0,0.0,0.0,0.0,0.0,119498.52913169749,0.0,0.0,0.0,0.0,0.0,0.0,0.0,0.0,0.0,0.0,0.0,0.0,-1970.2187058996733,-35854.752125964966,0.0,0.0,0.0,0.0,0.0,0.0,0.0,0.0,6766.606670791036,-70203.48684956106,0.0,-48781.818714981375,0.0,0.0,860.8693295055564,0.0,0.0,0.0,0.0,0.0,0.0,0.0,0.0,0.0,0.0,0.0,0.0,0.0,0.0,0.0,0.0,0.0,0.0,0.0,0.0,0.0,0.0,0.0,0.0,0.0,0.0,0.0,0.0,0.0,0.0,0.0,0.0,0.0,0.0,0.0
Nevada,2027,0.0,0.0,0.0,0.0,0.0,0.0,0.0,0.0,0.0,0.0,0.0,0.0,0.0,0.0,0.0,0.0,0.0,0.0,0.0,0.0,0.0,0.0,0.0,0.0,0.0,0.0,0.0,0.0,0.0,0.0,0.0,0.0,0.0,0.0,0.0,0.0,0.0,0.0,0.0,0.0,-441000.9118904342,-408959.2506919397,0.0,0.0,0.0,0.0,5849.859436843159,0.0,0.0,-6829.324912002114,-28495.20333535349,0.0,0.0,0.0,0.0,0.0,0.0,0.0,0.0,-39328.626484452085,0.0,0.0,0.0,0.0,0.0,0.0,0.0,0.0,0.0,0.0,0.0,0.0,0.0,0.0,0.0,0.0,0.0,0.0,0.0,0.0,-367799.70805798535,0.0,0.0,0.0,0.0,0.0,0.0,0.0,0.0,0.0,0.0,0.0,0.0,11550.680532272134,0.0,0.0,-4142.504340046634,97824.68674062716,-1849077.8583025048,0.0,-12906.611068813518,-459530.5431563221,0.0,0.0,-1129.878846096748,0.0,0.0,65345.25640487368,0.0,1681.247068534265,0.0,0.0,0.0,0.0,0.0,-41195.609118981054,-13318.138338110875,0.0,0.0,0.0,0.0,-92507.63086281171,57704.34836619382,0.0,-149631.65989322937,0.0,0.0,0.0,0.0,0.0,0.0,0.0,0.0,0.0,0.0,0.0,0.0,0.0,0.0,0.0,97548.34511501435,0.0,0.0,0.0,0.0,0.0,0.0,0.0,0.0,0.0,0.0,0.0,0.0,-3382.7225860894823,-78944.22337842354,0.0,0.0,0.0,0.0,0.0,0.0,0.0,0.0,7882.376919698072,-120534.2939223616,0.0,-89049.8971690168,0.0,0.0,1002.8211870304076,0.0,0.0,0.0,0.0,0.0,0.0,0.0,0.0,0.0,0.0,0.0,0.0,0.0,0.0,0.0,0.0,0.0,0.0,0.0,0.0,0.0,0.0,0.0,0.0,0.0,0.0,0.0,0.0,0.0,0.0,0.0,0.0,0.0,0.0,0.0
Nevada,2028,0.0,0.0,0.0,0.0,0.0,0.0,0.0,0.0,0.0,0.0,0.0,0.0,0.0,0.0,0.0,0.0,0.0,0.0,0.0,0.0,0.0,0.0,0.0,0.0,0.0,0.0,0.0,0.0,0.0,0.0,0.0,0.0,0.0,0.0,0.0,0.0,0.0,0.0,0.0,0.0,-612954.9645705069,-547390.4204773444,0.0,0.0,0.0,0.0,5796.43606299071,0.0,0.0,-9086.906220940677,-37914.91015457971,0.0,0.0,0.0,0.0,0.0,0.0,0.0,0.0,-52329.55603482192,0.0,0.0,0.0,0.0,0.0,0.0,0.0,0.0,0.0,0.0,0.0,0.0,0.0,0.0,0.0,0.0,0.0,0.0,0.0,0.0,-502198.3338231577,0.0,0.0,0.0,0.0,0.0,0.0,0.0,0.0,0.0,0.0,0.0,0.0,11445.194865310768,0.0,0.0,-5511.898898189639,96931.31060600956,-2632676.8167905835,0.0,-17173.170983027765,-734225.9843728817,0.0,0.0,-7128.545351225126,0.0,0.0,64748.49607240909,0.0,1665.8932140271045,0.0,0.0,0.0,0.0,0.0,-57669.27669026944,-46387.63812560879,0.0,0.0,0.0,0.0,-124287.43197712114,57177.3680158176,0.0,-206883.99994051617,0.0,0.0,0.0,0.0,0.0,0.0,0.0,0.0,0.0,0.0,0.0,0.0,0.0,0.0,0.0,52647.49687995622,0.0,0.0,0.0,0.0,0.0,0.0,0.0,0.0,0.0,0.0,0.0,0.0,-4500.954824573081,-117502.62186224794,0.0,0.0,0.0,0.0,0.0,0.0,0.0,0.0,7810.391742349224,-160379.51618832868,0.0,-122282.96821371543,0.0,0.0,993.6630026739658,0.0,0.0,0.0,0.0,0.0,0.0,0.0,0.0,0.0,0.0,0.0,0.0,0.0,0.0,0.0,0.0,0.0,0.0,0.0,0.0,0.0,0.0,0.0,0.0,0.0,0.0,0.0,0.0,0.0,0.0,0.0,0.0,0.0,0.0,0.0
Nevada,2029,0.0,0.0,0.0,0.0,0.0,0.0,0.0,0.0,0.0,0.0,0.0,0.0,0.0,0.0,0.0,0.0,0.0,0.0,0.0,0.0,0.0,0.0,0.0,0.0,0.0,0.0,0.0,0.0,0.0,0.0,0.0,0.0,0.0,0.0,0.0,0.0,0.0,0.0,0.0,0.0,-699224.6336764201,-631761.5767842925,0.0,0.0,0.0,0.0,7425.848965490397,0.0,0.0,-10507.08894912007,-43840.59038421825,0.0,0.0,0.0,0.0,0.0,0.0,0.0,0.0,-60508.08565172122,0.0,0.0,0.0,0.0,0.0,0.0,0.0,0.0,0.0,0.0,0.0,0.0,0.0,0.0,0.0,0.0,0.0,0.0,0.0,0.0,-576020.963015672,0.0,0.0,0.0,0.0,0.0,0.0,0.0,0.0,0.0,0.0,0.0,0.0,14662.507707633122,0.0,0.0,-6373.34760519188,124179.2827118464,-2981388.3676633723,0.0,-19857.14726991441,-804273.6560731735,0.0,0.0,-6194.687127083511,0.0,0.0,82949.68621257937,0.0,2134.185776495551,0.0,0.0,0.0,0.0,0.0,-65642.70991683559,-43200.65830960451,0.0,0.0,0.0,0.0,-143275.5107016862,73250.26870229188,0.0,-236382.14463460204,0.0,0.0,0.0,0.0,0.0,0.0,0.0,0.0,0.0,0.0,0.0,0.0,0.0,0.0,0.0,88963.08758513769,0.0,0.0,0.0,0.0,0.0,0.0,0.0,0.0,0.0,0.0,0.0,0.0,-5204.404177604117,-131330.01597141032,0.0,0.0,0.0,0.0,0.0,0.0,0.0,0.0,10005.93965148888,-185445.0570122829,0.0,-140012.5283899341,0.0,0.0,1272.9876255454492,0.0,0.0,0.0,0.0,0.0,0.0,0.0,0.0,0.0,0.0,0.0,0.0,0.0,0.0,0.0,0.0,0.0,0.0,0.0,0.0,0.0,0.0,0.0,0.0,0.0,0.0,0.0,0.0,0.0,0.0,0.0,0.0,0.0,0.0,0.0
Nevada,2030,0.0,0.0,0.0,0.0,0.0,0.0,0.0,0.0,0.0,0.0,0.0,0.0,0.0,0.0,0.0,0.0,0.0,0.0,0.0,0.0,0.0,0.0,0.0,0.0,0.0,0.0,0.0,0.0,0.0,0.0,0.0,0.0,0.0,0.0,0.0,0.0,0.0,0.0,0.0,0.0,-400917.3687118039,-396069.0735130844,0.0,0.0,0.0,0.0,8013.506077867343,0.0,0.0,-6676.5562519987525,-27857.779565631416,0.0,0.0,0.0,0.0,0.0,0.0,0.0,0.0,-38448.86433442706,0.0,0.0,0.0,0.0,0.0,0.0,0.0,0.0,0.0,0.0,0.0,0.0,0.0,0.0,0.0,0.0,0.0,0.0,0.0,0.0,-344776.244180908,0.0,0.0,0.0,0.0,0.0,0.0,0.0,0.0,0.0,0.0,0.0,0.0,15822.85004420839,0.0,0.0,-4049.838542879062,134006.42019264004,-1608718.785771586,0.0,-12617.896488152404,-307476.7498449539,0.0,0.0,5390.375091008842,0.0,0.0,89514.04986968997,0.0,2303.0781760743357,0.0,0.0,0.0,0.0,0.0,-36976.96080262428,20079.445096252486,0.0,0.0,0.0,0.0,-89053.41771349408,79047.05255642999,0.0,-137291.80678729198,0.0,0.0,0.0,0.0,0.0,0.0,0.0,0.0,0.0,0.0,0.0,0.0,0.0,0.0,0.0,184443.13101786887,0.0,0.0,0.0,0.0,0.0,0.0,0.0,0.0,0.0,0.0,0.0,0.0,-3307.052735365028,-62789.65589139116,0.0,0.0,0.0,0.0,0.0,0.0,0.0,0.0,10797.776602326136,-117838.00068631872,0.0,-82675.26747074812,0.0,0.0,1373.7276534663106,0.0,0.0,0.0,0.0,0.0,0.0,0.0,0.0,0.0,0.0,0.0,0.0,0.0,0.0,0.0,0.0,0.0,0.0,0.0,0.0,0.0,0.0,0.0,0.0,0.0,0.0,0.0,0.0,0.0,0.0,0.0,0.0,0.0,0.0,0.0
Nevada,2031,0.0,0.0,0.0,0.0,0.0,0.0,0.0,0.0,0.0,0.0,0.0,0.0,0.0,0.0,0.0,0.0,0.0,0.0,0.0,0.0,0.0,0.0,0.0,0.0,0.0,0.0,0.0,0.0,0.0,0.0,0.0,0.0,0.0,0.0,0.0,0.0,0.0,0.0,0.0,0.0,-112925.36264042358,-178094.34681111315,0.0,0.0,0.0,0.0,9642.918980367023,0.0,0.0,-3162.877071921443,-13197.032862023696,0.0,0.0,0.0,0.0,0.0,0.0,0.0,0.0,-18214.33488385146,0.0,0.0,0.0,0.0,0.0,0.0,0.0,0.0,0.0,0.0,0.0,0.0,0.0,0.0,0.0,0.0,0.0,0.0,0.0,0.0,-125628.44677977514,0.0,0.0,0.0,0.0,0.0,0.0,0.0,0.0,0.0,0.0,0.0,0.0,19040.1628865308,0.0,0.0,-1918.5252080249115,161254.39229847677,-255029.1150904866,0.0,-5977.461132946774,215598.3612991087,0.0,0.0,19103.606931264338,0.0,0.0,107715.24000986025,0.0,2771.370738542786,0.0,0.0,0.0,0.0,0.0,-9115.56479529875,93854.35373547231,0.0,0.0,0.0,0.0,-38658.364109731534,95119.95324290416,0.0,-42124.630594869,0.0,0.0,0.0,0.0,0.0,0.0,0.0,0.0,0.0,0.0,0.0,0.0,0.0,0.0,0.0,314355.25685164286,0.0,0.0,0.0,0.0,0.0,0.0,0.0,0.0,0.0,0.0,0.0,0.0,-1566.6461687025856,6918.770114497049,0.0,0.0,0.0,0.0,0.0,0.0,0.0,0.0,12993.324511465777,-55823.25625733234,0.0,-27998.16656420294,0.0,0.0,1653.0522763377958,0.0,0.0,0.0,0.0,0.0,0.0,0.0,0.0,0.0,0.0,0.0,0.0,0.0,0.0,0.0,0.0,0.0,0.0,0.0,0.0,0.0,0.0,0.0,0.0,0.0,0.0,0.0,0.0,0.0,0.0,0.0,0.0,0.0,0.0,0.0
Nevada,2032,0.0,0.0,0.0,0.0,0.0,0.0,0.0,0.0,0.0,0.0,0.0,0.0,0.0,0.0,0.0,0.0,0.0,0.0,0.0,0.0,0.0,0.0,0.0,0.0,0.0,0.0,0.0,0.0,0.0,0.0,0.0,0.0,0.0,0.0,0.0,0.0,0.0,0.0,0.0,0.0,148456.2949665162,18383.310227379814,0.0,0.0,0.0,0.0,11272.331882866718,0.0,0.0,0.0,0.0,0.0,0.0,0.0,0.0,0.0,0.0,0.0,0.0,0.0,0.0,0.0,0.0,0.0,0.0,0.0,0.0,0.0,0.0,0.0,0.0,0.0,0.0,0.0,0.0,0.0,0.0,0.0,0.0,0.0,72688.88451034151,0.0,0.0,0.0,0.0,0.0,0.0,0.0,0.0,0.0,0.0,0.0,0.0,22257.475728853155,0.0,0.0,0.0,188502.3644043135,977618.2669021478,0.0,0.0,696501.8984335959,0.0,0.0,31908.213583218138,0.0,0.0,125916.43015003053,0.0,3239.6633010112328,0.0,0.0,0.0,0.0,0.0,16197.941977506925,162610.39587579365,0.0,0.0,0.0,0.0,6803.485131237092,111192.85392937821,0.0,44178.72691066924,0.0,0.0,0.0,0.0,0.0,0.0,0.0,0.0,0.0,0.0,0.0,0.0,0.0,0.0,0.0,437612.58316939324,0.0,0.0,0.0,0.0,0.0,0.0,0.0,0.0,0.0,0.0,0.0,0.0,0.0,70687.72267183801,0.0,0.0,0.0,0.0,0.0,0.0,0.0,0.0,15188.872420605418,0.0,0.0,21530.754311228287,0.0,0.0,1932.3768992092791,0.0,0.0,0.0,0.0,0.0,0.0,0.0,0.0,0.0,0.0,0.0,0.0,0.0,0.0,0.0,0.0,0.0,0.0,0.0,0.0,0.0,0.0,0.0,0.0,0.0,0.0,0.0,0.0,0.0,0.0,0.0,0.0,0.0,0.0,0.0
Nevada,2033,0.0,0.0,0.0,0.0,0.0,0.0,0.0,0.0,0.0,0.0,0.0,0.0,0.0,0.0,0.0,0.0,0.0,0.0,0.0,0.0,0.0,0.0,0.0,0.0,0.0,0.0,0.0,0.0,0.0,0.0,0.0,0.0,0.0,0.0,0.0,0.0,0.0,0.0,0.0,0.0,159010.06001152925,19690.180622691172,0.0,0.0,0.0,0.0,12073.682490653446,0.0,0.0,0.0,0.0,0.0,0.0,0.0,0.0,0.0,0.0,0.0,0.0,0.0,0.0,0.0,0.0,0.0,0.0,0.0,0.0,0.0,0.0,0.0,0.0,0.0,0.0,0.0,0.0,0.0,0.0,0.0,0.0,0.0,77856.3407551524,0.0,0.0,0.0,0.0,0.0,0.0,0.0,0.0,0.0,0.0,0.0,0.0,23839.760733274,0.0,0.0,0.0,201903.00642357767,1047117.1958288411,0.0,0.0,746016.2514028098,0.0,0.0,34176.56999908673,0.0,0.0,134867.8351369996,0.0,3469.971118618667,0.0,0.0,0.0,0.0,0.0,17349.45444036284,174170.37662525766,0.0,0.0,0.0,0.0,7287.1452116567925,119097.55918502121,0.0,47319.39470052719,0.0,0.0,0.0,0.0,0.0,0.0,0.0,0.0,0.0,0.0,0.0,0.0,0.0,0.0,0.0,468722.48244683817,0.0,0.0,0.0,0.0,0.0,0.0,0.0,0.0,0.0,0.0,0.0,0.0,0.0,75712.91622670798,0.0,0.0,0.0,0.0,0.0,0.0,0.0,0.0,16268.650080838037,0.0,0.0,23061.376655628424,0.0,0.0,2069.7496645559095,0.0,0.0,0.0,0.0,0.0,0.0,0.0,0.0,0.0,0.0,0.0,0.0,0.0,0.0,0.0,0.0,0.0,0.0,0.0,0.0,0.0,0.0,0.0,0.0,0.0,0.0,0.0,0.0,0.0,0.0,0.0,0.0,0.0,0.0,0.0
New Hampshire,2024,0.0,0.0,0.0,0.0,0.0,0.0,0.0,0.0,0.0,0.0,0.0,0.0,0.0,0.0,0.0,0.0,0.0,0.0,0.0,0.0,0.0,0.0,0.0,0.0,0.0,0.0,0.0,0.0,0.0,0.0,0.0,0.0,0.0,0.0,0.0,0.0,0.0,0.0,0.0,0.0,0.0,0.0,0.0,0.0,0.0,0.0,0.0,0.0,0.0,0.0,0.0,0.0,0.0,0.0,0.0,0.0,0.0,0.0,0.0,-3.637978807091713e-12,0.0,0.0,0.0,0.0,0.0,0.0,0.0,0.0,0.0,0.0,0.0,0.0,0.0,0.0,0.0,0.0,0.0,0.0,0.0,0.0,0.0,0.0,0.0,0.0,0.0,0.0,0.0,0.0,0.0,0.0,0.0,0.0,0.0,0.0,0.0,0.0,0.0,0.0,0.0,0.0,0.0,0.0,0.0,0.0,0.0,0.0,0.0,0.0,0.0,0.0,0.0,0.0,0.0,0.0,0.0,0.0,0.0,0.0,0.0,0.0,0.0,0.0,0.0,0.0,0.0,0.0,0.0,0.0,0.0,0.0,0.0,0.0,0.0,0.0,0.0,0.0,0.0,0.0,0.0,0.0,0.0,0.0,0.0,0.0,0.0,0.0,0.0,0.0,0.0,0.0,0.0,0.0,0.0,0.0,0.0,0.0,0.0,0.0,0.0,0.0,0.0,0.0,0.0,0.0,0.0,0.0,0.0,0.0,0.0,0.0,0.0,0.0,0.0,0.0,0.0,0.0,0.0,0.0,0.0,0.0,0.0,0.0,0.0,0.0,0.0,0.0,0.0,0.0,0.0,0.0,0.0,0.0,0.0,0.0,0.0,0.0,0.0,0.0,0.0,0.0,0.0,0.0,0.0,0.0,0.0
New Hampshire,2025,0.0,6009.13546326496,0.0,24309.333309221023,0.0,0.0,0.0,0.0,0.0,0.0,0.0,0.0,0.0,0.0,0.0,0.0,0.0,0.0,0.0,0.0,0.0,0.0,0.0,0.0,16935.609485985915,0.0,0.0,0.0,0.0,494.74911754697496,649.8958351514448,0.0,0.0,0.0,0.0,0.0,0.0,0.0,0.0,40864.88582419115,-225595.6450950629,-1777.1540480309523,0.0,0.0,0.0,0.0,43290.54778534867,0.0,268.4663368247002,-9080.849119583872,3832.094898389616,0.0,0.0,0.0,-2393.541663521107,0.0,-67973.10607969959,-7047.131914947746,0.0,2027.6034010346084,0.0,0.0,0.0,0.0,0.0,0.0,0.0,0.0,-4566.078287582513,0.0,-72128.19056391588,0.0,7149.422286302899,0.0,-174844.3448156433,0.0,0.0,0.0,0.0,0.0,-61398.31982935383,0.0,0.0,0.0,0.0,0.0,7824.269231475351,0.0,0.0,90633.64833153423,0.0,15863.62245441589,0.0,0.0,-295.9950196081736,-1654.4420470195164,0.0,0.0,1299.7799503073984,0.0,3195.9560600462137,0.0,0.0,0.0,-1592.0724227704304,0.0,0.0,0.0,0.0,-1745.7833145409968,1977.9838257952579,-33074.77900002469,-1028.5054026153412,-5032.667573921024,0.0,-21675.009825774818,1045.2003821854596,0.0,0.0,0.0,0.0,6479.043487595423,-11060.665427842461,0.0,0.0,0.0,-1568.088931649676,37533.8090766808,-55393.85330063608,0.0,0.0,0.0,0.0,3110.843574190112,0.0,11117.073790135415,0.0,0.0,0.0,0.0,-6904.0239041535315,-4632.9522669022845,0.0,0.0,24613.91324558726,0.0,0.0,0.0,0.0,-6051.0885650424025,0.0,0.0,0.0,820.6913967489254,-34.50011860021914,-1211.4080354367616,0.0,0.0,0.0,-16969.816227935105,0.0,0.0,0.0,5798.749300574942,43882.87655136234,2032.955949967145,279.12644745365014,0.0,46825.12311231706,-42.06714639764732,0.0,0.0,-148658.81377495895,0.0,0.0,0.0,0.0,0.0,-271620.5890536711,-1782.1759393576804,-689.1116544038621,0.0,0.0,0.0,0.0,0.0,0.0,0.0,0.0,0.0,0.0,0.0,0.0,-944.368397396062,0.0,0.0,0.0,0.0,0.0,0.0,-16386.44338382558,3201.7212112872876,0.0,0.0,0.0
New Hampshire,2026,0.0,6930.782006710506,0.0,28037.758663396,0.0,0.0,0.0,0.0,0.0,0.0,0.0,0.0,0.0,0.0,0.0,0.0,0.0,0.0,0.0,0.0,0.0,0.0,0.0,0.0,19533.09560346839,0.0,0.0,0.0,0.0,570.6308840419097,-1602.490805643618,0.0,0.0,0.0,0.0,0.0,0.0,0.0,0.0,10777.46927627665,-553253.2102741501,-4485.352048482064,0.0,0.0,0.0,0.0,49930.20235365367,0.0,309.6421553560963,-21963.728584867975,4419.839514707033,0.0,0.0,0.0,-4963.598198983298,0.0,-160665.12332767085,-16096.125416639505,0.0,2338.585517757725,0.0,0.0,0.0,0.0,0.0,0.0,0.0,0.0,-9468.88801230238,0.0,-188967.6217656174,0.0,8245.959446778812,0.0,-362582.8153551541,0.0,0.0,0.0,0.0,0.0,-140307.8328671099,0.0,0.0,0.0,0.0,0.0,9024.310524646411,0.0,0.0,104534.51464005164,0.0,18296.69338300728,0.0,0.0,-2541.339631716979,-4341.0670659777825,0.0,0.0,-796.387606167089,0.0,544.2103128861345,0.0,0.0,0.0,-4701.965350683018,0.0,0.0,0.0,0.0,-10813.828289382145,2281.3555782178446,-76244.22805804404,-4252.116030414141,-11072.361650627954,0.0,-65661.00614480051,-4556.436432511531,0.0,0.0,0.0,0.0,7472.761813913734,-26428.880218811122,0.0,0.0,0.0,-7432.680675749907,43290.52826022077,-133134.99506239354,0.0,0.0,0.0,0.0,3587.966821765265,0.0,8126.525185359351,0.0,0.0,0.0,0.0,-17049.180614740726,-26050.74721462498,0.0,0.0,4987.75618948217,0.0,0.0,0.0,0.0,-13654.067326981965,0.0,0.0,0.0,946.5643103607235,-2516.951938595441,-7709.574924061468,0.0,0.0,0.0,-35191.09382961174,0.0,0.0,0.0,6688.128027656989,50613.379089914844,2344.759009778052,4.192206699826784,0.0,29821.73882630968,-309.7206017583785,0.0,0.0,-360962.64071118715,0.0,0.0,0.0,0.0,0.0,-623975.0470621602,-3695.780782797786,-1429.042752347832,0.0,0.0,0.0,0.0,0.0,0.0,0.0,0.0,0.0,0.0,0.0,0.0,-1958.380481915728,0.0,0.0,0.0,0.0,0.0,0.0,-40473.83958742747,3692.7827467608004,0.0,0.0,0.0
New Hampshire,2027,0.0,8073.6237205829675,0.0,32661.00610257307,0.0,0.0,0.0,0.0,0.0,0.0,0.0,0.0,0.0,0.0,0.0,0.0,0.0,0.0,0.0,0.0,0.0,0.0,0.0,0.0,22753.97838914671,0.0,0.0,0.0,0.0,664.7242744956284,-4792.277836446461,0.0,0.0,0.0,0.0,0.0,0.0,0.0,0.0,-32664.553915945813,-1008991.5958096762,-8254.443709789464,0.0,0.0,0.0,0.0,58163.37401835178,0.0,360.700170335027,-39877.048994840574,5148.642838940636,0.0,0.0,0.0,-8522.138017315563,0.0,-289482.81969386485,-28661.22001210585,0.0,2724.2033424943656,0.0,0.0,0.0,0.0,0.0,0.0,0.0,0.0,-16257.393784991424,0.0,-351694.61452573666,0.0,9605.665525768927,0.0,-622528.3899483229,0.0,0.0,0.0,0.0,0.0,-249880.0462038879,0.0,0.0,0.0,0.0,0.0,10512.361728178541,0.0,0.0,121771.58886261331,0.0,21313.70133446061,0.0,0.0,-5696.730130556989,-8082.943906911181,0.0,0.0,-3782.9232386878066,0.0,-3274.042803475604,0.0,0.0,0.0,-9041.71979404529,0.0,0.0,0.0,0.0,-23542.941199907887,2657.5365512218523,-136201.80380375555,-8766.649390571994,-19450.33935694636,0.0,-127063.84983108239,-12474.590275999959,0.0,0.0,0.0,0.0,8704.972538548463,-47792.098194042184,0.0,0.0,0.0,-15653.640254343263,50428.86004781036,-241216.68112908927,0.0,0.0,0.0,0.0,4179.599648758478,0.0,3626.0249041829375,0.0,0.0,0.0,0.0,-31162.15949195982,-56102.423842354765,0.0,0.0,-23296.81977452943,0.0,0.0,0.0,0.0,-24207.913894613564,0.0,0.0,0.0,1102.6467232393552,-6013.125397191878,-16832.290723796104,0.0,0.0,0.0,-60420.55512424093,0.0,0.0,0.0,7790.957649238728,58959.2022377199,2731.394803943589,-390.33449002186535,0.0,4657.153372621164,-685.679390868032,0.0,0.0,-656191.381578017,0.0,0.0,0.0,0.0,0.0,-1113313.3434600518,-6345.387489099469,-2453.562734116406,0.0,0.0,0.0,0.0,0.0,0.0,0.0,0.0,0.0,0.0,0.0,0.0,-3362.397214327572,0.0,0.0,0.0,0.0,0.0,0.0,-73982.08361915432,4301.6990507479495,0.0,0.0,0.0
New Hampshire,2028,0.0,7999.891997107334,0.0,32362.732074239,0.0,0.0,0.0,0.0,0.0,0.0,0.0,0.0,0.0,0.0,0.0,0.0,0.0,0.0,0.0,0.0,0.0,0.0,0.0,0.0,22546.179499748163,0.0,0.0,0.0,0.0,658.6537331760346,-7839.477302075065,0.0,0.0,0.0,0.0,0.0,0.0,0.0,0.0,-80142.21581937117,-1384897.8959510778,-11379.841429347634,0.0,0.0,0.0,0.0,57632.201652887394,0.0,357.40610485251545,-54612.603509150045,5101.623269635253,0.0,0.0,0.0,-11339.315373495274,0.0,-394949.90896533994,-38870.810728781784,0.0,2699.324773156517,0.0,0.0,0.0,0.0,0.0,0.0,0.0,0.0,-21631.627521703587,0.0,-487489.3959287731,0.0,9517.942552930821,0.0,-828318.6365012482,0.0,0.0,0.0,0.0,0.0,-338921.720548473,0.0,0.0,0.0,0.0,0.0,10416.358424724836,0.0,0.0,120659.51955793216,0.0,21119.055660173326,0.0,0.0,-8535.764806016869,-11206.291133283015,0.0,0.0,-6765.033779652877,0.0,-7373.1007401470415,0.0,0.0,0.0,-12725.119574151537,0.0,0.0,0.0,0.0,-34892.83318539965,2633.266811028043,-185022.63447033986,-12715.594060560521,-26195.406018509544,0.0,-179338.89786654478,-19932.72471114836,0.0,0.0,0.0,0.0,8625.47507244299,-65322.42701631458,0.0,0.0,0.0,-22901.578406969245,49968.322513127176,-330012.29862515035,0.0,0.0,0.0,0.0,4141.429788952468,0.0,-2577.839703219739,0.0,0.0,0.0,0.0,-42818.277733108196,-82802.46330352913,0.0,0.0,-53836.87570408604,0.0,0.0,0.0,0.0,-32758.653191646612,0.0,0.0,0.0,1092.5768901504125,-9213.571089655197,-24973.969094181535,0.0,0.0,0.0,-80393.8786491557,0.0,0.0,0.0,7719.807351072173,58420.76203463576,2706.4505591587185,-804.3344113352323,0.0,-27168.29230891913,-1022.6753236036734,0.0,0.0,-899234.6342921144,0.0,0.0,0.0,0.0,0.0,-1511445.7154715043,-8442.992798254969,-3264.6410530165267,0.0,0.0,0.0,0.0,0.0,0.0,0.0,0.0,0.0,0.0,0.0,0.0,-4473.9104608202815,0.0,0.0,0.0,0.0,0.0,0.0,-101658.09946717156,4262.414127910066,0.0,0.0,0.0
New Hampshire,2029,0.0,10248.709563114462,0.0,41460.0899384261,0.0,0.0,0.0,0.0,0.0,0.0,0.0,0.0,0.0,0.0,0.0,0.0,0.0,0.0,0.0,0.0,0.0,0.0,0.0,0.0,28884.045626405423,0.0,0.0,0.0,0.0,843.8052434236752,-8532.058471466109,0.0,0.0,0.0,0.0,0.0,0.0,0.0,0.0,-79313.46107837092,-1585919.1163249288,-13013.952076303072,0.0,0.0,0.0,0.0,73832.95879955159,0.0,457.87510206912066,-62582.42140494436,6535.720133449766,0.0,0.0,0.0,-13111.524687783762,0.0,-453118.3790626519,-44678.292467508676,0.0,3458.121137960883,0.0,0.0,0.0,0.0,0.0,0.0,0.0,0.0,-25012.411150562617,0.0,-556566.5927439184,0.0,12193.493224492064,0.0,-957775.658768878,0.0,0.0,0.0,0.0,0.0,-389547.3752934979,0.0,0.0,0.0,0.0,0.0,13344.459180062244,0.0,0.0,154577.63335071458,0.0,27055.74872593634,0.0,0.0,-9521.808173670248,-12793.383922880816,0.0,0.0,-7191.910306173486,0.0,-7427.115710899598,0.0,0.0,0.0,-14461.079129880207,0.0,0.0,0.0,0.0,-39047.45112271914,3373.4938869391553,-212557.46324379012,-14320.281714199959,-30174.652370694625,0.0,-203628.0592609237,-21834.026841056693,0.0,0.0,0.0,0.0,11050.147788659699,-74901.1634278324,0.0,0.0,0.0,-25726.012367729258,64014.717320964846,-378292.43610147096,0.0,0.0,0.0,0.0,5305.610513035877,0.0,-285.66541189255076,0.0,0.0,0.0,0.0,-49017.0566160797,-92774.85569064805,0.0,0.0,-53935.989646793576,0.0,0.0,0.0,0.0,-37678.85025442352,0.0,0.0,0.0,1399.706799363199,-10212.04686516233,-27938.761107491475,0.0,0.0,0.0,-92958.55084152064,0.0,0.0,0.0,9889.891445152345,74843.1882287038,3467.250025097339,-826.294303698598,0.0,-19267.10056711326,-1142.340022479682,0.0,0.0,-1030263.6348003816,0.0,0.0,0.0,0.0,0.0,-1736708.402346068,-9762.538995242514,-3774.868266159209,0.0,0.0,0.0,0.0,0.0,0.0,0.0,0.0,0.0,0.0,0.0,0.0,-5173.13307954126,0.0,0.0,0.0,0.0,0.0,0.0,-116373.95041088904,5460.6042744654405,0.0,0.0,0.0
New Hampshire,2030,0.0,11059.75852134655,0.0,44741.10425010009,0.0,0.0,0.0,0.0,0.0,0.0,0.0,0.0,0.0,0.0,0.0,0.0,0.0,0.0,0.0,0.0,0.0,0.0,0.0,0.0,31169.833409790008,0.0,0.0,0.0,0.0,910.5811979392174,-2995.8437788327064,0.0,0.0,0.0,0.0,0.0,0.0,0.0,0.0,10417.60159437405,-937508.2018583277,-7611.739669838089,0.0,0.0,0.0,0.0,79675.85481966008,0.0,494.10982237674943,-37191.49516416984,7052.9353958091015,0.0,0.0,0.0,-8331.501955619193,0.0,-271723.872778736,-27171.425459910653,0.0,3731.785400677214,0.0,0.0,0.0,0.0,0.0,0.0,0.0,0.0,-15893.723832883084,0.0,-321272.25027166994,0.0,13158.445925710854,0.0,-608602.734166546,0.0,0.0,0.0,0.0,0.0,-236856.3688802269,0.0,0.0,0.0,0.0,0.0,14400.495518052761,0.0,0.0,166810.39570221002,0.0,29196.85114309675,0.0,0.0,-4465.635776870706,-7380.984384958465,0.0,0.0,-1698.9630784227993,0.0,282.42844570252055,0.0,0.0,0.0,-8037.612660613082,0.0,0.0,0.0,0.0,-18897.428607438836,3640.4610290710298,-128771.62925302012,-7357.09829309881,-18651.14884389999,0.0,-112361.896876944,-8345.554995850209,0.0,0.0,0.0,0.0,11924.619915819814,-44723.63732136075,0.0,0.0,0.0,-12909.59520887438,69080.63020248007,-225364.20153265801,0.0,0.0,0.0,0.0,5725.478970902033,0.0,12092.090676541906,0.0,0.0,0.0,0.0,-28900.794569256148,-45432.39337227316,0.0,0.0,3594.6675995031837,0.0,0.0,0.0,0.0,-23033.32390066426,0.0,0.0,0.0,1510.4749633415813,-4478.421700391365,-13479.817276073154,0.0,0.0,0.0,-59068.97684060007,0.0,0.0,0.0,10672.544724984546,80766.03046262998,3741.6367177309403,-52.5721477843872,0.0,43077.16853860754,-542.9510345043791,0.0,0.0,-611348.021538116,0.0,0.0,0.0,0.0,0.0,-1053651.788769826,-6203.444272690451,-2398.6777350930893,0.0,0.0,0.0,0.0,0.0,0.0,0.0,0.0,0.0,0.0,0.0,0.0,-3287.18203223408,0.0,0.0,0.0,0.0,0.0,0.0,-68609.6531369403,5892.7384256821315,0.0,0.0,0.0
New Hampshire,2031,0.0,13308.576087353678,0.0,53838.46211428713,0.0,0.0,0.0,0.0,0.0,0.0,0.0,0.0,0.0,0.0,0.0,0.0,0.0,0.0,0.0,0.0,0.0,0.0,0.0,0.0,37507.699536447326,0.0,0.0,0.0,0.0,1095.7327081868589,2885.162891844462,0.0,0.0,0.0,0.0,0.0,0.0,0.0,0.0,112852.02614330035,-319488.7666445032,-2438.7151585056854,0.0,0.0,0.0,0.0,95876.61196632427,0.0,594.5788195933546,-13048.556804764412,8487.032259623615,0.0,0.0,0.0,-3946.872536602651,0.0,-99972.00052356551,-10709.401238580922,0.0,4490.581765481576,0.0,0.0,0.0,0.0,0.0,0.0,0.0,0.0,-7529.314934391224,0.0,-94722.59455930337,0.0,15833.996597272053,0.0,-288312.6511856773,0.0,0.0,0.0,0.0,0.0,-93262.9550043231,0.0,0.0,0.0,0.0,0.0,17328.596273390154,0.0,0.0,200728.50949499267,0.0,35133.54420885976,0.0,0.0,696.7686671682568,-2168.6336944133836,0.0,0.0,4289.719211419317,0.0,9009.512942621179,0.0,0.0,0.0,-1764.4375370373054,0.0,0.0,0.0,0.0,1543.1431889464438,4380.688104982139,-49833.35443974474,-393.2564932550158,-7907.823983167702,0.0,-23009.310653509398,5856.719935912683,0.0,0.0,0.0,0.0,14349.292632036493,-16092.214439130315,0.0,0.0,0.0,-15.735258678832906,83127.02501031762,-80116.82217756327,0.0,0.0,0.0,0.0,6889.659694985443,0.0,27507.666370102932,0.0,0.0,0.0,0.0,-9705.148434914925,2468.0998467397294,0.0,0.0,68897.89292337373,0.0,0.0,0.0,0.0,-9298.40448804708,0.0,0.0,0.0,1817.6048725543696,1446.3120980314488,1197.3034012796852,0.0,0.0,0.0,-27982.676316860543,0.0,0.0,0.0,12842.628819064746,97188.45665669802,4502.436183669564,813.5071638610389,0.0,118571.429331369,67.39444692289999,0.0,0.0,-212749.74153212528,0.0,0.0,0.0,0.0,0.0,-410579.25331266376,-2938.7502952830187,-1136.322757556811,0.0,0.0,0.0,0.0,0.0,0.0,0.0,0.0,0.0,0.0,0.0,0.0,-1557.232844083772,0.0,0.0,0.0,0.0,0.0,0.0,-23029.73985886415,7090.928572237492,0.0,0.0,0.0
New Hampshire,2032,0.0,15557.393653360807,0.0,62935.81997847406,0.0,0.0,0.0,0.0,0.0,0.0,0.0,0.0,0.0,0.0,0.0,0.0,0.0,0.0,0.0,0.0,0.0,0.0,0.0,0.0,43845.565663104615,0.0,0.0,0.0,0.0,1280.8842184344994,8298.781436278252,0.0,0.0,0.0,0.0,0.0,0.0,0.0,0.0,208062.19435267255,240296.12654359243,2250.315797994328,0.0,0.0,0.0,0.0,112077.36911298847,0.0,695.0478168099603,8811.13512365205,9921.129123438135,0.0,0.0,0.0,0.0,0.0,55432.324454249756,4169.240678249367,0.0,5249.378130285946,0.0,0.0,0.0,0.0,0.0,0.0,0.0,0.0,0.0,0.0,110807.72072106146,0.0,18509.547268833252,0.0,0.0,0.0,0.0,0.0,0.0,0.0,36521.30491000097,0.0,0.0,0.0,0.0,0.0,20256.69702872756,0.0,0.0,234646.62328777555,0.0,41070.23727462275,0.0,0.0,5422.012831018092,2560.270326671998,0.0,0.0,9822.249383584254,0.0,17112.253211333824,0.0,0.0,0.0,3939.2807630099596,0.0,0.0,0.0,0.0,20234.97443087111,5120.915180893244,21534.585026768036,5961.355001409916,1788.712557380104,0.0,58263.243055814644,18914.015764666838,0.0,0.0,0.0,0.0,16773.965348253216,9822.431062122596,0.0,0.0,0.0,11760.539573994654,97173.4198181553,51370.57318263722,0.0,0.0,0.0,0.0,8053.8404190688525,0.0,41990.156184147345,0.0,0.0,0.0,0.0,7684.930783057745,46253.77780476617,0.0,0.0,129550.95192324452,0.0,0.0,0.0,0.0,3110.1190283838114,0.0,0.0,0.0,2124.734781767158,6878.799344179417,14620.067901085393,0.0,0.0,0.0,0.0,0.0,0.0,0.0,15012.712913144933,113610.88285076618,5263.235649608192,1616.4460733865708,0.0,189259.7609026177,625.8355347965057,0.0,0.0,148191.5529327141,0.0,0.0,0.0,0.0,0.0,170753.85119889455,0.0,0.0,0.0,0.0,0.0,0.0,0.0,0.0,0.0,0.0,0.0,0.0,0.0,0.0,0.0,0.0,0.0,0.0,0.0,0.0,0.0,18263.089265827613,8289.118718792859,0.0,0.0,0.0
New Hampshire,2033,0.0,16663.369505495444,0.0,67409.93040348409,0.0,0.0,0.0,0.0,0.0,0.0,0.0,0.0,0.0,0.0,0.0,0.0,0.0,0.0,0.0,0.0,0.0,0.0,0.0,0.0,46962.549004083616,0.0,0.0,0.0,0.0,1371.9423382284212,8888.742201890454,0.0,0.0,0.0,0.0,0.0,0.0,0.0,0.0,222853.34560997167,257378.7895680184,2410.2908547237785,0.0,0.0,0.0,0.0,120044.95459495438,0.0,744.4587990476348,9437.519137181815,10626.422663019046,0.0,0.0,0.0,0.0,0.0,59373.0110268268,4465.632195660459,0.0,5622.556670353668,0.0,0.0,0.0,0.0,0.0,0.0,0.0,0.0,0.0,0.0,118685.04683867248,0.0,19825.391861404336,0.0,0.0,0.0,0.0,0.0,0.0,0.0,39117.60620692049,0.0,0.0,0.0,0.0,0.0,21696.74658053284,0.0,0.0,251327.66285799653,0.0,43989.922388932435,0.0,0.0,5807.463980142598,2742.2800655349365,0.0,0.0,10520.513557772712,0.0,18328.764103134832,0.0,0.0,0.0,4219.32441914811,0.0,0.0,0.0,0.0,21673.47972216524,5484.961283800356,23065.479696917435,6385.148010988822,1915.8722178573626,0.0,62405.17976594361,20258.614041775843,0.0,0.0,0.0,0.0,17966.42733983518,10520.70815184695,0.0,0.0,0.0,12596.596889681474,104081.48283840326,55022.50966481521,0.0,0.0,0.0,0.0,8626.38831615905,0.0,44975.238377333124,0.0,0.0,0.0,0.0,8231.25287664005,49541.9610610292,0.0,0.0,138760.73523532355,0.0,0.0,0.0,0.0,3331.21753751062,0.0,0.0,0.0,2275.7822781013165,7367.8135155665805,15659.409221067777,0.0,0.0,0.0,0.0,0.0,0.0,0.0,16079.967385643395,121687.48589702917,5637.399321381286,1731.3593013524405,0.0,202714.2462748416,670.3262126256409,0.0,0.0,158726.49745399714,0.0,0.0,0.0,0.0,0.0,182892.75057322357,0.0,0.0,0.0,0.0,0.0,0.0,0.0,0.0,0.0,0.0,0.0,0.0,0.0,0.0,0.0,0.0,0.0,0.0,0.0,0.0,0.0,19561.413147284562,8878.392561361077,0.0,0.0,0.0
New Jersey,2024,0.0,0.0,0.0,0.0,0.0,0.0,0.0,0.0,0.0,0.0,0.0,0.0,0.0,0.0,0.0,0.0,0.0,0.0,0.0,0.0,0.0,0.0,0.0,0.0,0.0,0.0,0.0,0.0,0.0,0.0,0.0,0.0,0.0,0.0,0.0,0.0,0.0,0.0,0.0,0.0,0.0,0.0,0.0,0.0,0.0,0.0,0.0,0.0,0.0,0.0,-3.637978807091713e-12,0.0,0.0,0.0,0.0,0.0,0.0,0.0,0.0,0.0,0.0,0.0,0.0,0.0,0.0,0.0,0.0,0.0,0.0,0.0,0.0,0.0,0.0,0.0,0.0,0.0,0.0,0.0,0.0,0.0,0.0,0.0,0.0,0.0,0.0,0.0,0.0,0.0,0.0,0.0,0.0,0.0,0.0,0.0,0.0,0.0,0.0,0.0,0.0,0.0,0.0,0.0,0.0,0.0,0.0,0.0,0.0,0.0,0.0,0.0,0.0,0.0,0.0,0.0,0.0,0.0,0.0,0.0,0.0,0.0,0.0,0.0,0.0,0.0,0.0,0.0,0.0,0.0,0.0,0.0,0.0,0.0,0.0,0.0,0.0,0.0,0.0,0.0,0.0,0.0,0.0,0.0,0.0,0.0,0.0,0.0,0.0,0.0,0.0,0.0,0.0,0.0,0.0,0.0,0.0,0.0,0.0,0.0,0.0,0.0,0.0,0.0,0.0,0.0,0.0,0.0,0.0,0.0,0.0,0.0,0.0,0.0,0.0,0.0,0.0,0.0,0.0,0.0,0.0,0.0,0.0,0.0,0.0,0.0,0.0,0.0,0.0,0.0,0.0,0.0,0.0,0.0,0.0,0.0,0.0,0.0,0.0,0.0,0.0,0.0,0.0,0.0,0.0,0.0,0.0
New Jersey,2025,7443.31267493077,15172.982087042503,0.0,20581.454552512092,0.0,0.0,0.0,0.0,0.0,0.0,0.0,0.0,0.0,0.0,0.0,0.0,0.0,0.0,0.0,5337.766027463935,0.0,0.0,0.0,0.0,11183.06601837759,0.0,0.0,0.0,0.0,0.0,0.0,0.0,0.0,0.0,0.0,0.0,0.0,65157.15680956666,0.0,89123.03891097778,-42397.498310347524,-809.0127042752702,0.0,0.0,0.0,0.0,235847.62765206303,0.0,3691.9206229733027,520.3426259353364,-66085.45677115157,0.0,0.0,5513.482399492088,0.0,5712.893502594801,-1565307.5627917326,2908.9517002777648,0.0,-301319.1124541847,0.0,0.0,0.0,0.0,0.0,0.0,0.0,0.0,4540.602975237089,0.0,71451.17570028617,0.0,5104.4131762786055,0.0,17922.83118264019,0.0,0.0,0.0,0.0,0.0,16978.67240320507,0.0,0.0,0.0,0.0,0.0,0.0,0.0,438.5871261770717,42982.70388998347,0.0,122317.71493735048,0.0,0.0,2431.0260120524363,-23530.341262292124,0.0,0.0,34051.43996580248,0.0,48456.663452651934,78942.5155943369,0.0,0.0,9573.806150781398,0.0,0.0,0.0,0.0,42956.15857742063,0.0,-1471.9830167093314,0.0,-1116887.5557746333,0.0,697.9298007614998,8779.123475184097,0.0,0.0,0.0,0.0,1381.2690968361567,12680.786647598929,0.0,0.0,0.0,8920.384454765823,0.0,33573.087919661484,0.0,0.0,0.0,0.0,1389.074284083681,0.0,0.0,0.0,0.0,0.0,0.0,1957.3959279264018,920.1691418094015,0.0,0.0,0.0,0.0,0.0,0.0,0.0,2397.197399989942,0.0,0.0,0.0,-88607.71967212224,3461.6401658466857,7879.386019131882,0.0,0.0,0.0,0.0,0.0,0.0,0.0,3648.238172109188,52024.461008388316,0.0,-2777.247262358447,0.0,4620.5252661344275,712.4152246981139,0.0,0.0,-3204.069606213867,0.0,0.0,0.0,0.0,0.0,-8575.490581553255,0.0,0.0,0.0,0.0,0.0,0.0,0.0,0.0,0.0,0.0,0.0,0.0,0.0,0.0,0.0,0.0,0.0,0.0,0.0,0.0,0.0,2130.7662869768683,0.0,6156.055354078344,2266.00882375901,1836.7855070094993
New Jersey,2026,8584.925048386402,17500.1265789202,0.0,23738.11936117959,0.0,0.0,0.0,0.0,0.0,0.0,0.0,0.0,0.0,0.0,0.0,0.0,0.0,0.0,0.0,6156.441798547363,0.0,0.0,0.0,0.0,12898.260192975373,0.0,0.0,0.0,0.0,0.0,0.0,0.0,0.0,0.0,0.0,0.0,0.0,75150.58576808916,0.0,102792.21665806044,-99594.27748217323,-1822.0299561555598,0.0,0.0,0.0,0.0,272020.5766784521,0.0,4258.166117294357,-329.06683645129306,-139375.46766604017,0.0,0.0,6359.108534383515,0.0,6589.104162501972,-3397731.680290511,3355.1099365166883,0.0,-630665.5520716188,0.0,0.0,0.0,0.0,0.0,0.0,0.0,0.0,5237.0144745065845,0.0,82409.94497947139,0.0,5887.29863276305,0.0,20671.731670775218,0.0,0.0,0.0,0.0,0.0,-12286.064037078177,0.0,0.0,0.0,0.0,0.0,0.0,0.0,505.8550903146597,49575.143136913655,0.0,141078.10066393786,0.0,0.0,2803.8827623672296,-52214.62745669513,0.0,0.0,39274.053457489994,0.0,55888.66704968433,91050.26338487957,0.0,0.0,11042.18132728165,0.0,0.0,0.0,0.0,49544.526457393134,0.0,-7970.334714324694,0.0,-2319685.5699784555,0.0,-5841.651641682503,8239.66035410625,0.0,0.0,0.0,0.0,221.06205148924346,14625.692575144756,0.0,0.0,0.0,10288.541579729921,0.0,38722.33453310642,0.0,0.0,0.0,0.0,1602.1224871640006,0.0,0.0,0.0,0.0,0.0,0.0,2257.610027301609,1061.2993782832364,0.0,0.0,0.0,0.0,0.0,0.0,0.0,2764.8657128718332,0.0,0.0,0.0,-187283.9793011137,3992.566571651383,9087.880807342299,0.0,0.0,0.0,0.0,0.0,0.0,0.0,4207.783904027776,60003.67281949078,0.0,-6510.506027885072,0.0,5211.604099321412,148.1619440098366,0.0,0.0,-8285.531172339452,0.0,0.0,0.0,0.0,0.0,-28434.80108044346,0.0,0.0,0.0,0.0,0.0,0.0,0.0,0.0,0.0,0.0,0.0,0.0,0.0,0.0,0.0,0.0,0.0,0.0,0.0,0.0,0.0,2457.5709322187176,0.0,7100.2356231087615,2613.5561893662125,2118.5010755692347
New Jersey,2027,10000.524391471408,20385.785748848517,0.0,27652.383723927283,0.0,0.0,0.0,0.0,0.0,0.0,0.0,0.0,0.0,0.0,0.0,0.0,0.0,0.0,0.0,7171.599754690818,0.0,0.0,0.0,0.0,15025.100969476654,0.0,0.0,0.0,0.0,0.0,0.0,0.0,0.0,0.0,0.0,0.0,0.0,87542.43767665711,0.0,119741.9970644426,-179071.1192626693,-3228.1477817770733,0.0,0.0,0.0,0.0,316875.03347117687,0.0,4960.310530252471,-1539.107008099163,-240910.11952186463,0.0,0.0,7407.684941648869,0.0,7675.605380786874,-5938589.69978303,3908.3461494529474,0.0,-1086823.6231635455,0.0,0.0,0.0,0.0,0.0,0.0,0.0,0.0,6100.564733600753,0.0,95998.81888566061,0.0,6858.076598803775,0.0,24080.368276062567,0.0,0.0,0.0,0.0,0.0,-53951.07466833503,0.0,0.0,0.0,0.0,0.0,0.0,0.0,589.2673658452686,57749.767803106806,0.0,164340.97896490642,0.0,0.0,3266.225132757565,-92013.71876614,0.0,0.0,45750.09418718249,0.0,65104.351510004606,106063.87064515264,0.0,0.0,12862.96654614192,0.0,0.0,0.0,0.0,57714.10262855911,0.0,-17086.568094631584,0.0,-3985183.615639918,0.0,-15072.115666277328,7252.537974164006,0.0,0.0,0.0,0.0,-1449.0809668017464,17037.375925301574,0.0,0.0,0.0,11985.056414685372,0.0,45107.400333778176,0.0,0.0,0.0,0.0,1866.3022589835964,0.0,0.0,0.0,0.0,0.0,0.0,2629.875510526879,1236.3008715107899,0.0,0.0,0.0,0.0,0.0,0.0,0.0,3220.774420845388,0.0,0.0,0.0,-323997.8143584572,4650.915314849219,10586.41434472322,0.0,0.0,0.0,0.0,0.0,0.0,0.0,4901.620611606828,69897.89546525793,0.0,-11697.736897605262,0.0,5924.70258322297,-665.1447045155,0.0,0.0,-15360.950394475207,0.0,0.0,0.0,0.0,0.0,-56188.998859838,0.0,0.0,0.0,0.0,0.0,0.0,0.0,0.0,0.0,0.0,0.0,0.0,0.0,0.0,0.0,0.0,0.0,0.0,0.0,0.0,0.0,2862.8086923186165,0.0,8271.019156706476,3044.5149227191578,2467.828380583316
New Jersey,2028,9909.195401594916,20199.6141894983,0.0,27399.850539233885,0.0,0.0,0.0,0.0,0.0,0.0,0.0,0.0,0.0,0.0,0.0,0.0,0.0,0.0,0.0,7106.105693004138,0.0,0.0,0.0,0.0,14887.885435508797,0.0,0.0,0.0,0.0,0.0,0.0,0.0,0.0,0.0,0.0,0.0,0.0,86742.96335997526,0.0,118648.4628446761,-244055.40694894412,-4366.86154258591,0.0,0.0,0.0,0.0,313981.1975490651,0.0,4915.010890706777,-2746.1811561244795,-321704.1188166711,0.0,0.0,7340.034850857555,0.0,7605.508527994287,-7976937.695867587,3872.6534905538356,0.0,-1448975.9880073734,0.0,0.0,0.0,0.0,0.0,0.0,0.0,0.0,6044.851813659196,0.0,95122.11734332598,0.0,6795.44576228501,0.0,23860.45623701185,0.0,0.0,0.0,0.0,0.0,-95338.78699711396,0.0,0.0,0.0,0.0,0.0,0.0,0.0,583.8859287142614,57222.372663352406,0.0,162840.1481067792,0.0,0.0,3236.3965927323807,-124126.1639503797,0.0,0.0,45332.28510784748,0.0,64509.79122224217,105095.25082190894,0.0,0.0,12745.49653202189,0.0,0.0,0.0,0.0,57187.03319816128,0.0,-25173.64652200548,0.0,-5304329.927729666,0.0,-23669.13352316541,4707.877896760183,0.0,0.0,0.0,0.0,-3238.9374099346533,16881.78345109793,0.0,0.0,0.0,11875.603844688245,0.0,44695.46060470253,0.0,0.0,0.0,0.0,1849.2584027371704,0.0,0.0,0.0,0.0,0.0,0.0,2605.8583825768583,1225.0104525928837,0.0,0.0,0.0,0.0,0.0,0.0,0.0,3191.360955814831,0.0,0.0,0.0,-432854.84442056157,4608.441202384849,10489.734761666376,0.0,0.0,0.0,0.0,0.0,0.0,0.0,4856.856953053335,69259.5585203697,0.0,-15937.196998035088,0.0,5716.063921867535,-1544.175801323694,0.0,0.0,-21252.668148621873,0.0,0.0,0.0,0.0,0.0,-80045.52035619447,0.0,0.0,0.0,0.0,0.0,0.0,0.0,0.0,0.0,0.0,0.0,0.0,0.0,0.0,0.0,0.0,0.0,0.0,0.0,0.0,0.0,2836.664320699263,0.0,8195.484735184058,3016.7111334705733,2445.291135098534
New Jersey,2029,12694.729592826683,25877.846749679826,0.0,35102.11267238262,0.0,0.0,0.0,0.0,0.0,0.0,0.0,0.0,0.0,0.0,0.0,0.0,0.0,0.0,0.0,9103.674574447694,0.0,0.0,0.0,0.0,19072.959221527417,0.0,0.0,0.0,0.0,0.0,0.0,0.0,0.0,0.0,0.0,0.0,0.0,111126.93001877028,0.0,152001.25654755742,-280091.1420561712,-5023.293389547913,0.0,0.0,0.0,0.0,402243.19317345694,0.0,6296.649896850169,-2921.1504498973445,-371562.0601296634,0.0,0.0,9403.362619992637,0.0,9743.462538167805,-9196259.593761288,4961.2795869768015,0.0,-1674386.609976854,0.0,0.0,0.0,0.0,0.0,0.0,0.0,0.0,7744.095871876758,0.0,121861.51438453724,0.0,8705.686276107073,0.0,30567.77342806125,0.0,0.0,0.0,0.0,0.0,-101664.15822274738,0.0,0.0,0.0,0.0,0.0,0.0,0.0,748.0197612099755,73307.92442586157,0.0,208615.48927965295,0.0,0.0,4146.167063500481,-142908.4879731219,0.0,0.0,58075.462027564994,0.0,82643.8799990014,134638.15543083276,0.0,0.0,16328.331962682409,0.0,0.0,0.0,0.0,73262.6508252942,0.0,-28220.12715835274,0.0,-6132698.036256206,0.0,-26052.376087809054,7242.9696450803895,0.0,0.0,0.0,0.0,-3267.908719922387,21627.353914309817,0.0,0.0,0.0,15213.907229600605,0.0,57259.62234150845,0.0,0.0,0.0,0.0,2369.096018253149,0.0,0.0,0.0,0.0,0.0,0.0,3338.380785052377,1569.3682295890412,0.0,0.0,0.0,0.0,0.0,0.0,0.0,4088.471639246658,0.0,0.0,0.0,-499867.20857869624,5903.901632548332,13438.462044899774,0.0,0.0,0.0,0.0,0.0,0.0,0.0,6222.148538934693,88728.83533945982,0.0,-18292.37975564512,0.0,7398.4328401081,-1545.5333089869528,0.0,0.0,-24277.93346286308,0.0,0.0,0.0,0.0,0.0,-90632.70163130123,0.0,0.0,0.0,0.0,0.0,0.0,0.0,0.0,0.0,0.0,0.0,0.0,0.0,0.0,0.0,0.0,0.0,0.0,0.0,0.0,0.0,3634.067655089384,0.0,10499.28459161827,3864.7267055521806,3132.6771223843025
New Jersey,2030,13699.348481467663,27925.73390253214,0.0,37879.97770401003,0.0,0.0,0.0,0.0,0.0,0.0,0.0,0.0,0.0,0.0,0.0,0.0,0.0,0.0,0.0,9824.109253001108,0.0,0.0,0.0,0.0,20582.33009517347,0.0,0.0,0.0,0.0,0.0,0.0,0.0,0.0,0.0,0.0,0.0,0.0,119921.14750226983,0.0,164030.1329649901,-168381.86836559328,-3073.2877724043587,0.0,0.0,0.0,0.0,434075.3883166802,0.0,6794.945931852693,-698.4125367929264,-234186.39503261066,0.0,0.0,10147.513618697092,0.0,10514.527918886131,-5718896.804070047,5353.898834867054,0.0,-1059187.41863505,0.0,0.0,0.0,0.0,0.0,0.0,0.0,0.0,8356.937991233914,0.0,131505.23135022004,0.0,9394.62547781338,0.0,32986.80585762,0.0,0.0,0.0,0.0,0.0,-25549.19716876396,0.0,0.0,0.0,0.0,0.0,0.0,0.0,807.2155696510526,79109.27096315997,0.0,225124.62871904997,0.0,0.0,4474.281003777494,-87997.95306969286,0.0,0.0,62671.36190025002,0.0,89184.04316439002,145292.97348651,0.0,0.0,17620.50211800261,0.0,0.0,0.0,0.0,79060.41455967003,0.0,-13888.503928733306,0.0,-3894007.711871969,0.0,-10561.430222436116,12796.649501104606,0.0,0.0,0.0,0.0,96.85943778825458,23338.871130550164,0.0,0.0,0.0,16417.88549956899,0.0,61790.959361340036,0.0,0.0,0.0,0.0,2556.5784369638277,0.0,0.0,0.0,0.0,0.0,0.0,3602.5691925025676,1693.5628376860132,0.0,0.0,0.0,0.0,0.0,0.0,0.0,4412.019754582725,0.0,0.0,0.0,-314726.6144412751,6371.116869656471,14501.937458524946,0.0,0.0,0.0,0.0,0.0,0.0,0.0,6714.548783023056,95750.54173323,0.0,-11005.941784165432,0.0,8294.457973356315,110.81219983196206,0.0,0.0,-14077.66922879581,0.0,0.0,0.0,0.0,0.0,-48833.287511438015,0.0,0.0,0.0,0.0,0.0,0.0,0.0,0.0,0.0,0.0,0.0,0.0,0.0,0.0,0.0,0.0,0.0,0.0,0.0,0.0,0.0,3921.655742902214,0.0,11330.16322836504,4170.568387286523,3380.5868227168758
New Jersey,2031,16484.8826726994,33603.96646271375,0.0,45582.239837158704,0.0,0.0,0.0,0.0,0.0,0.0,0.0,0.0,0.0,0.0,0.0,0.0,0.0,0.0,0.0,11821.678134444664,0.0,0.0,0.0,0.0,24767.40388119209,0.0,0.0,0.0,0.0,0.0,0.0,0.0,0.0,0.0,0.0,0.0,0.0,144305.11416106485,0.0,197382.92666787142,-62736.89204271152,-1245.3075785449223,0.0,0.0,0.0,0.0,522337.3839410716,0.0,8176.584937996078,1723.60840855911,-107539.90173591737,0.0,0.0,12210.841387832159,0.0,12652.481929059635,-2487902.5312115056,6442.524931290027,0.0,-493296.37338148593,0.0,0.0,0.0,0.0,0.0,0.0,0.0,0.0,10056.182049451469,0.0,158244.6283914314,0.0,11304.865991635445,0.0,39694.1230486694,0.0,0.0,0.0,0.0,0.0,57192.96679379628,0.0,0.0,0.0,0.0,0.0,0.0,0.0,971.3494021467668,95194.82272566913,0.0,270899.9698919235,0.0,0.0,5384.051474545584,-36699.29978331946,0.0,0.0,75414.53881996754,0.0,107318.13194114936,174835.8780954337,0.0,0.0,21203.337548663127,0.0,0.0,0.0,0.0,95136.03218680294,0.0,595.7484142141911,0.0,-1839532.753937895,0.0,5631.429176461563,20602.63850912417,0.0,0.0,0.0,0.0,3902.5393047959587,28084.44159376205,0.0,0.0,0.0,19756.18888448135,0.0,74355.12109814584,0.0,0.0,0.0,0.0,3076.4160524798062,0.0,0.0,0.0,0.0,0.0,0.0,4335.09159497809,2037.9206146821743,0.0,0.0,0.0,0.0,0.0,0.0,0.0,5309.130438014545,0.0,0.0,0.0,-143938.8616091416,7666.577299819954,17450.66474175836,0.0,0.0,0.0,0.0,0.0,0.0,0.0,8079.840368904399,115219.81855232012,0.0,-4117.825141939102,0.0,10305.471321426921,1991.8181072802472,0.0,0.0,-4274.613884182509,0.0,0.0,0.0,0.0,0.0,-7593.242202349909,0.0,0.0,0.0,0.0,0.0,0.0,0.0,0.0,0.0,0.0,0.0,0.0,0.0,0.0,0.0,0.0,0.0,0.0,0.0,0.0,0.0,4719.059077292328,0.0,13633.963084799252,5018.583959368116,4067.9728100026405
New Jersey,2032,19270.41686393114,39282.19902289531,0.0,53284.50197030738,0.0,0.0,0.0,0.0,0.0,0.0,0.0,0.0,0.0,0.0,0.0,0.0,0.0,0.0,0.0,13819.247015888235,0.0,0.0,0.0,0.0,28952.477667210682,0.0,0.0,0.0,0.0,0.0,0.0,0.0,0.0,0.0,0.0,0.0,0.0,168689.08081985987,0.0,230735.72037075274,32834.45571518541,406.02863993500887,0.0,0.0,0.0,0.0,610599.3795654634,0.0,9558.223944139456,3960.9809653495213,6556.964329353341,0.0,0.0,14274.16915696724,0.0,14790.435939233153,426670.17904767836,7531.151027712993,0.0,16332.39736768762,0.0,0.0,0.0,0.0,0.0,0.0,0.0,0.0,11755.42610766903,0.0,184984.0254326429,0.0,13215.106505457494,0.0,46401.440239718795,0.0,0.0,0.0,0.0,0.0,133602.34729114082,0.0,0.0,0.0,0.0,0.0,0.0,0.0,1135.48323464248,111280.37448817841,0.0,316675.3110647972,0.0,0.0,6293.8219453136735,9616.531721901258,0.0,0.0,88157.715739685,0.0,125452.2207179087,204378.7827043574,0.0,0.0,24786.172979323674,0.0,0.0,0.0,0.0,111211.64981393574,0.0,13833.549559092586,0.0,9969.417160676356,0.0,20503.510683456072,28033.86188629357,0.0,0.0,0.0,0.0,7435.571955090672,32830.01205697388,0.0,0.0,0.0,23094.49226939371,0.0,86919.28283495165,0.0,0.0,0.0,0.0,3596.2536679957884,0.0,0.0,0.0,0.0,0.0,0.0,5067.613997453613,2382.2783916783283,0.0,0.0,0.0,0.0,0.0,0.0,0.0,6206.241121446365,0.0,0.0,0.0,9941.084739738857,8962.037729983444,20399.392024991786,0.0,0.0,0.0,0.0,0.0,0.0,0.0,9445.131954785757,134689.09537141025,0.0,2113.084432867672,0.0,12293.117749027937,3738.9862489751868,0.0,0.0,4616.336092484715,0.0,0.0,0.0,0.0,0.0,29961.839748687577,0.0,0.0,0.0,0.0,0.0,0.0,0.0,0.0,0.0,0.0,0.0,0.0,0.0,0.0,0.0,0.0,0.0,0.0,0.0,0.0,0.0,5516.462411682445,0.0,15937.762941233494,5866.599531449712,4755.358797288398
New Jersey,2033,20640.351712077943,42074.772413148516,0.0,57072.49974070839,0.0,0.0,0.0,0.0,0.0,0.0,0.0,0.0,0.0,0.0,0.0,0.0,0.0,0.0,0.0,14801.657941188343,0.0,0.0,0.0,0.0,31010.71067672805,0.0,0.0,0.0,0.0,0.0,0.0,0.0,0.0,0.0,0.0,0.0,0.0,180681.19557008683,0.0,247138.73366725142,35168.65872811328,434.89323519105164,0.0,0.0,0.0,0.0,654006.9183971314,0.0,10237.718537324727,4242.5672899004385,7023.099234283673,0.0,0.0,15288.920518836952,0.0,15841.888731121755,457002.18229751405,8066.540911199692,0.0,17493.46827060377,0.0,0.0,0.0,0.0,0.0,0.0,0.0,0.0,12591.119906792432,0.0,198134.54856766493,0.0,14154.569053238833,0.0,49700.120825480815,0.0,0.0,0.0,0.0,0.0,143100.14449193282,0.0,0.0,0.0,0.0,0.0,0.0,0.0,1216.2047916075853,119191.30158449442,0.0,339187.77393670194,0.0,0.0,6741.250045691431,10300.17141777101,0.0,0.0,94424.85192971001,0.0,134370.62503434764,218908.0800530085,0.0,0.0,26548.223191123936,0.0,0.0,0.0,0.0,119117.69126990275,0.0,14816.977252866942,0.0,10678.143499113059,0.0,21961.106229673314,30026.790456409217,0.0,0.0,0.0,0.0,7964.167117774843,35163.89917002889,0.0,0.0,0.0,24736.280819350606,0.0,93098.37877108564,0.0,0.0,0.0,0.0,3851.911511692171,0.0,0.0,0.0,0.0,0.0,0.0,5427.870916703872,2551.6346754469305,0.0,0.0,0.0,0.0,0.0,0.0,0.0,6647.443096904637,0.0,0.0,0.0,10647.79692502835,9599.149416949083,21849.585770844264,0.0,0.0,0.0,0.0,0.0,0.0,0.0,10116.586833088062,144264.14954473323,0.0,2263.303705346416,0.0,13167.03607241856,4004.7909586179703,0.0,0.0,4944.511644083152,0.0,0.0,0.0,0.0,0.0,32091.82835641419,0.0,0.0,0.0,0.0,0.0,0.0,0.0,0.0,0.0,0.0,0.0,0.0,0.0,0.0,0.0,0.0,0.0,0.0,0.0,0.0,0.0,5908.627985972667,0.0,17070.77926406999,6283.65637017836,5093.417479560088
New Mexico,2024,0.0,0.0,0.0,0.0,0.0,0.0,0.0,0.0,0.0,0.0,0.0,0.0,0.0,0.0,0.0,0.0,0.0,0.0,0.0,0.0,0.0,0.0,0.0,0.0,0.0,0.0,0.0,0.0,0.0,0.0,0.0,0.0,0.0,0.0,0.0,0.0,0.0,0.0,0.0,0.0,0.0,0.0,0.0,0.0,0.0,0.0,0.0,0.0,0.0,0.0,0.0,0.0,0.0,0.0,0.0,0.0,0.0,0.0,0.0,0.0,0.0,0.0,0.0,0.0,0.0,0.0,0.0,0.0,0.0,0.0,0.0,0.0,0.0,0.0,0.0,0.0,0.0,0.0,0.0,0.0,0.0,0.0,0.0,0.0,0.0,0.0,0.0,0.0,0.0,0.0,0.0,0.0,0.0,0.0,0.0,0.0,0.0,0.0,0.0,0.0,0.0,0.0,0.0,0.0,0.0,0.0,0.0,0.0,0.0,0.0,0.0,0.0,0.0,0.0,0.0,0.0,0.0,0.0,0.0,0.0,0.0,0.0,0.0,0.0,0.0,0.0,0.0,0.0,0.0,0.0,0.0,0.0,0.0,0.0,0.0,0.0,0.0,0.0,0.0,0.0,0.0,0.0,0.0,0.0,0.0,0.0,0.0,0.0,0.0,0.0,0.0,0.0,0.0,0.0,0.0,0.0,0.0,0.0,0.0,0.0,0.0,0.0,0.0,0.0,0.0,0.0,0.0,0.0,0.0,0.0,0.0,0.0,0.0,0.0,0.0,0.0,0.0,0.0,0.0,0.0,0.0,0.0,0.0,0.0,0.0,0.0,0.0,0.0,0.0,0.0,0.0,0.0,0.0,0.0,0.0,0.0,0.0,0.0,0.0,0.0,0.0,0.0,0.0,0.0,0.0
New Mexico,2025,0.0,0.0,0.0,0.0,0.0,0.0,0.0,0.0,0.0,0.0,0.0,0.0,0.0,0.0,0.0,0.0,0.0,0.0,0.0,0.0,0.0,0.0,0.0,0.0,0.0,0.0,0.0,0.0,0.0,0.0,0.0,0.0,0.0,0.0,0.0,0.0,0.0,0.0,0.0,0.0,-1697704.2615556633,-4318.1611953472775,0.0,0.0,0.0,0.0,-15126.281822272227,0.0,8014.791040776341,-17997.684220511394,2126.4140349417867,0.0,0.0,0.0,0.0,0.0,-310936.6499269882,0.0,0.0,-4613.069209272992,0.0,0.0,0.0,0.0,0.0,0.0,0.0,0.0,13160.18186326488,0.0,0.0,0.0,0.0,0.0,0.0,0.0,38739.321679274784,0.0,711.8976380766635,0.0,-262830.79552380415,37885.76357652596,-8913.24564193294,0.0,0.0,0.0,0.0,0.0,0.0,0.0,0.0,0.0,0.0,28935.011548319715,0.0,0.0,-368.77302930703445,169379.3856809903,-104979.81951850979,-21477.90211918659,49698.839430273045,-324540.0143835619,13015.365405358141,0.0,7189.1965338054,0.0,-8303.31971746192,-10767.44203708903,2868.3264720931256,0.0,0.0,-1730.2463929919584,0.0,-24150.997855930706,90.05516361841228,-161708.77586949145,-209795.3037520619,0.0,-23555.11399043356,0.0,0.0,-883825.4656917037,-144355.68936760817,0.0,-547663.951716288,0.0,0.0,0.0,0.0,0.0,0.0,0.0,2867.554129351971,0.0,0.0,0.0,0.0,0.0,0.0,0.0,41864.09081780026,-31769.86453727239,0.0,0.0,1690.3493232869332,0.0,0.0,0.0,0.0,0.0,0.0,0.0,0.0,607.0079816453526,-259307.18599846587,0.0,0.0,0.0,0.0,0.0,0.0,3811.3326835371554,0.0,-83852.26441633003,0.0,0.0,3779.8961096362546,0.0,0.0,2019.6825724837727,0.0,0.0,0.0,0.0,0.0,0.0,0.0,0.0,-396843.27391995257,0.0,0.0,0.0,0.0,0.0,0.0,0.0,0.0,0.0,0.0,0.0,0.0,0.0,0.0,0.0,0.0,0.0,0.0,0.0,0.0,0.0,0.0,0.0,0.0,0.0,0.0
New Mexico,2026,0.0,0.0,0.0,0.0,0.0,0.0,0.0,0.0,0.0,0.0,0.0,0.0,0.0,0.0,0.0,0.0,0.0,0.0,0.0,0.0,0.0,0.0,0.0,0.0,0.0,0.0,0.0,0.0,0.0,0.0,0.0,0.0,0.0,0.0,0.0,0.0,0.0,0.0,0.0,0.0,-4099128.2747759083,-8954.770856428131,0.0,0.0,0.0,0.0,-97938.5895302241,0.0,9244.053470343279,-39238.817627001845,2452.5511568653747,0.0,0.0,0.0,0.0,0.0,-698250.4889602255,0.0,0.0,-9695.218879671676,0.0,0.0,0.0,0.0,0.0,0.0,0.0,0.0,15178.61466437907,0.0,0.0,0.0,0.0,0.0,0.0,0.0,44680.935433764826,0.0,821.0843923828998,0.0,-842912.5390808415,43696.463511576,-78331.78928766074,0.0,0.0,0.0,0.0,0.0,0.0,0.0,0.0,0.0,0.0,33372.896755117225,0.0,0.0,-6360.660645503114,195357.81906764559,-458215.01720608305,-55628.10512694833,-1768.459365401417,-1262796.2878121529,15011.58709329649,0.0,8291.834038990273,0.0,-17218.978647126045,-53499.821894232475,3308.253845113548,0.0,0.0,-3660.6556840596204,0.0,-78111.89673794119,103.86730527767781,-358293.7147160935,-620110.6184104965,0.0,-48847.3307825215,0.0,0.0,-1884035.3413695395,-421550.3308005356,0.0,-1247527.697502765,0.0,0.0,0.0,0.0,0.0,0.0,0.0,3307.3630448967597,0.0,0.0,0.0,0.0,0.0,0.0,0.0,-89553.33751500631,-68839.37340344684,0.0,0.0,1949.6053544659153,0.0,0.0,0.0,0.0,0.0,0.0,0.0,0.0,700.1073653332905,-781565.3217527289,0.0,0.0,0.0,0.0,0.0,0.0,4395.892911073526,0.0,-320455.8420369928,0.0,0.0,4359.634776758379,0.0,0.0,2329.449838202141,0.0,0.0,0.0,0.0,0.0,0.0,0.0,0.0,-1129964.5015886175,0.0,0.0,0.0,0.0,0.0,0.0,0.0,0.0,0.0,0.0,0.0,0.0,0.0,0.0,0.0,0.0,0.0,0.0,0.0,0.0,0.0,0.0,0.0,0.0,0.0,0.0
New Mexico,2027,0.0,0.0,0.0,0.0,0.0,0.0,0.0,0.0,0.0,0.0,0.0,0.0,0.0,0.0,0.0,0.0,0.0,0.0,0.0,0.0,0.0,0.0,0.0,0.0,0.0,0.0,0.0,0.0,0.0,0.0,0.0,0.0,0.0,0.0,0.0,0.0,0.0,0.0,0.0,0.0,-7438118.812379984,-15374.691925617004,0.0,0.0,0.0,0.0,-214206.08415717166,0.0,10768.338883006247,-68695.79637539444,2856.96118805062,0.0,0.0,0.0,0.0,0.0,-1235819.2157540657,0.0,0.0,-16735.147498287988,0.0,0.0,0.0,0.0,0.0,0.0,0.0,0.0,17681.47133776074,0.0,0.0,0.0,0.0,0.0,0.0,0.0,52048.536489332386,0.0,956.4759677226357,0.0,-1653281.0434508882,50901.731431038,-175892.06400197907,0.0,0.0,0.0,0.0,0.0,0.0,0.0,0.0,0.0,0.0,38875.8744115461,0.0,0.0,-14791.97785219182,227571.07646709774,-953106.100546517,-103180.22331906005,-75557.22709272988,-2576133.6757492274,17486.90198634006,0.0,9659.104545419541,0.0,-29563.73716512253,-113418.92715770705,3853.7637876588633,0.0,0.0,-6335.278815325386,0.0,-153502.4617619391,120.99436093516738,-631041.3408981896,-1192699.042193585,0.0,-83867.32326387404,0.0,0.0,-3270175.33803346,-808303.0611812396,0.0,-2219264.3823037157,0.0,0.0,0.0,0.0,0.0,0.0,0.0,3852.7261001722873,0.0,0.0,0.0,0.0,0.0,0.0,0.0,-275766.28679560777,-120237.6407406528,0.0,0.0,2271.0828331278462,0.0,0.0,0.0,0.0,0.0,0.0,0.0,0.0,815.5506011063317,-1510568.042382508,0.0,0.0,0.0,0.0,0.0,0.0,5120.747593218628,0.0,-651592.9624236687,0.0,0.0,5078.510723989813,0.0,0.0,2713.56124769292,0.0,0.0,0.0,0.0,0.0,0.0,0.0,0.0,-2152454.195542002,0.0,0.0,0.0,0.0,0.0,0.0,0.0,0.0,0.0,0.0,0.0,0.0,0.0,0.0,0.0,0.0,0.0,0.0,0.0,0.0,0.0,0.0,0.0,0.0,0.0,0.0
New Mexico,2028,0.0,0.0,0.0,0.0,0.0,0.0,0.0,0.0,0.0,0.0,0.0,0.0,0.0,0.0,0.0,0.0,0.0,0.0,0.0,0.0,0.0,0.0,0.0,0.0,0.0,0.0,0.0,0.0,0.0,0.0,0.0,0.0,0.0,0.0,0.0,0.0,0.0,0.0,0.0,0.0,-10183838.18861802,-20457.129438724864,0.0,0.0,0.0,0.0,-318028.8461502942,0.0,10669.997888640894,-92354.91640991061,2830.870218296739,0.0,0.0,0.0,0.0,0.0,-1670850.2629629183,0.0,0.0,-22331.226422396783,0.0,0.0,0.0,0.0,0.0,0.0,0.0,0.0,17519.9967136716,0.0,0.0,0.0,0.0,0.0,0.0,0.0,51573.207388973155,0.0,947.741027378137,0.0,-2347521.635175909,50436.875436234,-263715.59129563347,0.0,0.0,0.0,0.0,0.0,0.0,0.0,0.0,0.0,0.0,38520.843595002254,0.0,0.0,-22456.801120682954,225492.8017961653,-1387446.5454750853,-142787.40825473086,-152520.08803183283,-3720203.503588319,17327.204251304996,0.0,9570.893545004728,0.0,-39336.67099186975,-166369.64014095854,3818.5695978172444,0.0,0.0,-8465.526754022489,0.0,-218145.52643306187,119.88938960242604,-851026.991411851,-1678736.9871514216,0.0,-111591.48397827812,0.0,0.0,-4376595.457601477,-1136100.7472119394,0.0,-3008337.642211671,0.0,0.0,0.0,0.0,0.0,0.0,0.0,3817.5413869287004,0.0,0.0,0.0,0.0,0.0,0.0,0.0,-454388.06289158855,-161451.04135410275,0.0,0.0,2250.3423506335275,0.0,0.0,0.0,0.0,0.0,0.0,0.0,0.0,808.1026504112979,-2130833.2680023797,0.0,0.0,0.0,0.0,0.0,0.0,5073.98277501572,0.0,-939673.921137196,0.0,0.0,5032.131630620046,0.0,0.0,2688.779866435456,0.0,0.0,0.0,0.0,0.0,0.0,0.0,0.0,-3016241.8337330287,0.0,0.0,0.0,0.0,0.0,0.0,0.0,0.0,0.0,0.0,0.0,0.0,0.0,0.0,0.0,0.0,0.0,0.0,0.0,0.0,0.0,0.0,0.0,0.0,0.0,0.0
New Mexico,2029,0.0,0.0,0.0,0.0,0.0,0.0,0.0,0.0,0.0,0.0,0.0,0.0,0.0,0.0,0.0,0.0,0.0,0.0,0.0,0.0,0.0,0.0,0.0,0.0,0.0,0.0,0.0,0.0,0.0,0.0,0.0,0.0,0.0,0.0,0.0,0.0,0.0,0.0,0.0,0.0,-11671010.940959265,-23654.35203468996,0.0,0.0,0.0,0.0,-355714.33246111975,0.0,13669.398216784175,-106443.01058171495,3626.6447957902856,0.0,0.0,0.0,0.0,0.0,-1922336.157051943,0.0,0.0,-25798.08046147412,0.0,0.0,0.0,0.0,0.0,0.0,0.0,0.0,22444.9727483904,0.0,0.0,0.0,0.0,0.0,0.0,0.0,66070.74494992878,0.0,1214.156707885355,0.0,-2660634.9871438146,64614.98327775602,-294126.23097076186,0.0,0.0,0.0,0.0,0.0,0.0,0.0,0.0,0.0,0.0,49349.2834995882,0.0,0.0,-24956.241504699792,288880.17925960384,-1560865.8296467955,-163101.5579394463,-157430.6511902348,-4195148.453657528,22197.98516987459,0.0,12261.329057655836,0.0,-45484.55668237989,-186743.66059513856,4891.992387987055,0.0,0.0,-9775.493845857081,0.0,-247178.81728438457,153.59101525103415,-979889.4635090504,-1907695.6254955106,0.0,-129031.99610688824,0.0,0.0,-5051363.974570007,-1291599.462249996,0.0,-3458320.5770904943,0.0,0.0,0.0,0.0,0.0,0.0,0.0,4890.675140857973,0.0,0.0,0.0,0.0,0.0,0.0,0.0,-493561.57179398695,-186150.22956049297,0.0,0.0,2882.9270667102355,0.0,0.0,0.0,0.0,0.0,0.0,0.0,0.0,1035.265146609865,-2419837.2455201517,0.0,0.0,0.0,0.0,0.0,0.0,6500.30973020447,0.0,-1060072.6766568725,0.0,0.0,6446.693978398034,0.0,0.0,3444.6119947882726,0.0,0.0,0.0,0.0,0.0,0.0,0.0,0.0,-3432217.8337117666,0.0,0.0,0.0,0.0,0.0,0.0,0.0,0.0,0.0,0.0,0.0,0.0,0.0,0.0,0.0,0.0,0.0,0.0,0.0,0.0,0.0,0.0,0.0,0.0,0.0,0.0
New Mexico,2030,0.0,0.0,0.0,0.0,0.0,0.0,0.0,0.0,0.0,0.0,0.0,0.0,0.0,0.0,0.0,0.0,0.0,0.0,0.0,0.0,0.0,0.0,0.0,0.0,0.0,0.0,0.0,0.0,0.0,0.0,0.0,0.0,0.0,0.0,0.0,0.0,0.0,0.0,0.0,0.0,-6940482.179528268,-15030.767582624743,0.0,0.0,0.0,0.0,-171297.40708032018,0.0,14751.14915480306,-66061.9337424357,3913.645463083045,0.0,0.0,0.0,0.0,0.0,-1177571.963921458,0.0,0.0,-16286.994162140794,0.0,0.0,0.0,0.0,0.0,0.0,0.0,0.0,24221.19361337088,0.0,0.0,0.0,0.0,0.0,0.0,0.0,71299.36505387997,0.0,1310.2410516748441,0.0,-1445744.413537113,69728.39922060003,-137689.64889220346,0.0,0.0,0.0,0.0,0.0,0.0,0.0,0.0,0.0,0.0,53254.62248157,0.0,0.0,-11256.97355266304,311741.2006398607,-794072.2011527773,-94523.1374151581,-13842.7052371779,-2180808.6943771243,23954.660255260358,0.0,13231.650062218527,0.0,-28902.410815944146,-93033.95875902002,5279.128476245023,0.0,0.0,-6152.0132069102,0.0,-134019.9068718779,165.745699911188,-603784.10629519,-1060063.8226729822,0.0,-81991.2522380873,0.0,0.0,-3167703.8116103564,-720256.2231763355,0.0,-2105599.364293498,0.0,0.0,0.0,0.0,0.0,0.0,0.0,5277.706986537385,0.0,0.0,0.0,0.0,0.0,0.0,0.0,-168612.14121766854,-115855.0147914871,0.0,0.0,3111.072374147734,0.0,0.0,0.0,0.0,0.0,0.0,0.0,0.0,1117.1926042552514,-1337166.1747418079,0.0,0.0,0.0,0.0,0.0,0.0,7014.722730436479,0.0,-553095.419500134,0.0,0.0,6956.864005465504,0.0,0.0,3717.2071886204394,0.0,0.0,0.0,0.0,0.0,0.0,0.0,0.0,-1928515.5830526352,0.0,0.0,0.0,0.0,0.0,0.0,0.0,0.0,0.0,0.0,0.0,0.0,0.0,0.0,0.0,0.0,0.0,0.0,0.0,0.0,0.0,0.0,0.0,0.0,0.0,0.0
New Mexico,2031,0.0,0.0,0.0,0.0,0.0,0.0,0.0,0.0,0.0,0.0,0.0,0.0,0.0,0.0,0.0,0.0,0.0,0.0,0.0,0.0,0.0,0.0,0.0,0.0,0.0,0.0,0.0,0.0,0.0,0.0,0.0,0.0,0.0,0.0,0.0,0.0,0.0,0.0,0.0,0.0,-2443840.498435393,-7120.507693802739,0.0,0.0,0.0,0.0,15978.41428826598,0.0,17750.549482946357,-28499.70992737926,4709.420040576591,0.0,0.0,0.0,0.0,0.0,-479870.5119928272,0.0,0.0,-7527.576168073509,0.0,0.0,0.0,0.0,0.0,0.0,0.0,0.0,29146.16964808965,0.0,0.0,0.0,0.0,0.0,0.0,0.0,85796.90261483559,0.0,1576.6567321820621,0.0,-250298.7203430133,83906.507062122,22091.137679497246,0.0,0.0,0.0,0.0,0.0,0.0,0.0,0.0,0.0,0.0,64083.062386155885,0.0,0.0,2831.738848123685,375128.5781032983,-25263.709541069344,-28600.28946900743,146391.956080931,-172614.22673619352,28825.441173829953,0.0,15922.085574869649,0.0,-13691.904784841336,1405.7004565880052,6352.551266414848,0.0,0.0,-2808.5150210451934,0.0,-22594.763874681492,199.44732555979613,-252544.61496659345,-232195.6733084703,0.0,-38841.6186449922,0.0,0.0,-1425923.264786963,-162925.16991314245,0.0,-834349.0525456702,0.0,0.0,0.0,0.0,0.0,0.0,0.0,6350.8407404666505,0.0,0.0,0.0,0.0,0.0,0.0,0.0,177447.15506584477,-50569.959623513314,0.0,0.0,3743.657090224442,0.0,0.0,0.0,0.0,0.0,0.0,0.0,0.0,1344.3551004538185,-277707.0944936611,0.0,0.0,0.0,0.0,0.0,0.0,8441.049685625228,0.0,-48174.027460685,0.0,0.0,8371.426353243485,0.0,0.0,4473.039316973263,0.0,0.0,0.0,0.0,0.0,0.0,0.0,0.0,-465660.04667535145,0.0,0.0,0.0,0.0,0.0,0.0,0.0,0.0,0.0,0.0,0.0,0.0,0.0,0.0,0.0,0.0,0.0,0.0,0.0,0.0,0.0,0.0,0.0,0.0,0.0,0.0
New Mexico,2032,0.0,0.0,0.0,0.0,0.0,0.0,0.0,0.0,0.0,0.0,0.0,0.0,0.0,0.0,0.0,0.0,0.0,0.0,0.0,0.0,0.0,0.0,0.0,0.0,0.0,0.0,0.0,0.0,0.0,0.0,0.0,0.0,0.0,0.0,0.0,0.0,0.0,0.0,0.0,0.0,1627346.486702308,0.0,0.0,0.0,0.0,0.0,187259.28029432544,0.0,20749.94981108964,5390.128893198555,5505.194618070149,0.0,0.0,0.0,0.0,0.0,150342.84881986922,0.0,0.0,362.5426676738582,0.0,0.0,0.0,0.0,0.0,0.0,0.0,0.0,34071.14568280836,0.0,0.0,0.0,0.0,0.0,0.0,0.0,100294.44017579121,0.0,1843.07241268928,0.0,837887.0407409444,98084.61490364396,168349.13935750176,0.0,0.0,0.0,0.0,0.0,0.0,0.0,0.0,0.0,0.0,74911.50229074183,0.0,0.0,15741.01836742209,438515.9555667364,676551.5227832859,31191.028829077026,294884.6404293799,1659026.7501959866,33696.22209239955,0.0,18612.521087520727,0.0,0.0,87682.001714023,7425.974056584666,0.0,0.0,204.11751434117014,0.0,78843.65561493684,233.14895120840447,64559.18630191201,520531.1218840992,0.0,0.0,0.0,0.0,144038.42658333492,343723.0328515668,0.0,314519.9962539319,0.0,0.0,0.0,0.0,0.0,0.0,0.0,7423.974494395916,0.0,0.0,0.0,0.0,0.0,0.0,0.0,496116.0454760478,8317.1332861915,0.0,0.0,4376.24180630115,0.0,0.0,0.0,0.0,0.0,0.0,0.0,0.0,1571.5175966523839,685875.0252252584,0.0,0.0,0.0,0.0,0.0,0.0,9867.376640813978,0.0,412286.5283991005,0.0,0.0,9785.988701021473,0.0,0.0,5228.871445326084,0.0,0.0,0.0,0.0,0.0,0.0,0.0,0.0,863608.8437683629,0.0,0.0,0.0,0.0,0.0,0.0,0.0,0.0,0.0,0.0,0.0,0.0,0.0,0.0,0.0,0.0,0.0,0.0,0.0,0.0,0.0,0.0,0.0,0.0,0.0,0.0
New Mexico,2033,0.0,0.0,0.0,0.0,0.0,0.0,0.0,0.0,0.0,0.0,0.0,0.0,0.0,0.0,0.0,0.0,0.0,0.0,0.0,0.0,0.0,0.0,0.0,0.0,0.0,0.0,0.0,0.0,0.0,0.0,0.0,0.0,0.0,0.0,0.0,0.0,0.0,0.0,0.0,0.0,1743034.6255674027,0.0,0.0,0.0,0.0,0.0,200571.55140529643,0.0,22225.06472656995,5773.313411672389,5896.559164378457,0.0,0.0,0.0,0.0,0.0,161030.72906772722,0.0,0.0,388.3158431009099,0.0,0.0,0.0,0.0,0.0,0.0,0.0,0.0,36493.26504414549,0.0,0.0,0.0,0.0,0.0,0.0,0.0,107424.37668117922,0.0,1974.096517856764,0.0,897452.4701775042,105057.45482570399,180317.0876530588,0.0,0.0,0.0,0.0,0.0,0.0,0.0,0.0,0.0,0.0,80236.96453889878,0.0,0.0,16860.048109181953,469690.07563072257,724647.6026020027,33408.40054678393,315848.00349308015,1776967.0404942809,36091.6881179256,0.0,19935.68609374258,0.0,0.0,93915.31937141804,7953.886904209168,0.0,0.0,218.62823810949976,0.0,84448.65482926881,249.72352119952325,69148.70191579201,557535.7040085606,0.0,0.0,0.0,0.0,154278.12515560992,368158.31954717566,0.0,336879.237693785,0.0,0.0,0.0,0.0,0.0,0.0,0.0,7951.745193049661,0.0,0.0,0.0,0.0,0.0,0.0,0.0,531384.9586615488,8908.398685683787,0.0,0.0,4687.3490437159235,0.0,0.0,0.0,0.0,0.0,0.0,0.0,0.0,1683.2368570779108,734633.9132744474,0.0,0.0,0.0,0.0,0.0,0.0,10568.848913857626,0.0,441595.9972426393,0.0,0.0,10481.67510156802,0.0,0.0,5600.592164188129,0.0,0.0,0.0,0.0,0.0,0.0,0.0,0.0,925002.8374011852,0.0,0.0,0.0,0.0,0.0,0.0,0.0,0.0,0.0,0.0,0.0,0.0,0.0,0.0,0.0,0.0,0.0,0.0,0.0,0.0,0.0,0.0,0.0,0.0,0.0,0.0
New York,2024,0.0,0.0,0.0,0.0,0.0,0.0,0.0,0.0,0.0,0.0,0.0,0.0,0.0,0.0,0.0,0.0,0.0,0.0,0.0,0.0,0.0,0.0,0.0,0.0,0.0,0.0,0.0,0.0,0.0,0.0,0.0,0.0,0.0,0.0,0.0,0.0,0.0,0.0,0.0,0.0,0.0,0.0,0.0,0.0,0.0,0.0,0.0,0.0,0.0,0.0,0.0,0.0,0.0,0.0,0.0,0.0,0.0,-3.637978807091713e-12,0.0,0.0,0.0,0.0,0.0,0.0,0.0,0.0,0.0,0.0,0.0,0.0,0.0,0.0,0.0,0.0,0.0,0.0,0.0,0.0,0.0,0.0,0.0,0.0,0.0,0.0,0.0,0.0,0.0,0.0,0.0,0.0,0.0,0.0,0.0,0.0,0.0,0.0,0.0,0.0,0.0,0.0,0.0,0.0,0.0,0.0,0.0,0.0,0.0,0.0,0.0,0.0,0.0,0.0,0.0,0.0,0.0,0.0,0.0,0.0,0.0,0.0,0.0,0.0,0.0,0.0,0.0,0.0,0.0,0.0,0.0,0.0,0.0,0.0,0.0,0.0,0.0,0.0,0.0,0.0,0.0,0.0,0.0,0.0,0.0,0.0,0.0,0.0,0.0,0.0,0.0,0.0,0.0,0.0,0.0,0.0,0.0,0.0,0.0,0.0,0.0,0.0,0.0,0.0,0.0,0.0,0.0,0.0,0.0,0.0,0.0,0.0,0.0,0.0,0.0,0.0,0.0,0.0,0.0,0.0,0.0,0.0,0.0,0.0,0.0,0.0,0.0,0.0,0.0,0.0,0.0,0.0,0.0,0.0,0.0,0.0,0.0,0.0,0.0,0.0,0.0,0.0,0.0,0.0,0.0,0.0,0.0
New York,2025,17360.630803926208,16925.049051602895,0.0,22514.451945486595,0.0,0.0,0.0,3024.0307687095265,0.0,0.0,0.0,0.0,0.0,0.0,0.0,0.0,0.0,0.0,0.0,9353.436441356942,0.0,0.0,0.0,0.0,11667.933282629034,0.0,46524.35532151,0.0,0.0,0.0,1535.8173958374973,0.0,0.0,0.0,0.0,1924.082543643348,0.0,31857.792592453363,0.0,606141.8432784481,-392165.2823870077,9214.485319085448,0.0,0.0,0.0,0.0,507223.3721591765,0.0,1232.041140686888,53.95829848661492,7835.917946745292,0.0,0.0,0.0,-17410.195273352958,0.0,-39914.40560540417,-5308.523340984248,0.0,13695.870746971428,0.0,0.0,0.0,0.0,-32.58330349937671,0.0,0.0,0.0,4065.766657976368,0.0,260820.59568243986,0.0,0.0,0.0,-53253.287977646105,0.0,0.0,0.0,0.0,0.0,-162428.77598696784,0.0,-14913.932646128684,52.078854478628955,0.0,0.0,3373.3320606045017,0.0,0.0,0.0,0.0,0.0,0.0,0.0,0.0,6736.544490295302,1186.3787628122263,0.0,-47799.972886618794,3845.232571064611,-108642.40357932798,0.0,0.0,0.0,-1311.0296602300186,0.0,0.0,0.0,0.0,20771.795772281912,0.0,-7704.936790996682,5165.334073604528,18282.0099324451,0.0,-14341.205049770884,-36418.34489518014,0.0,111003.41578669217,0.0,0.0,-13032.428852342855,-146989.81808286207,0.0,0.0,0.0,8555.39848296142,-54859.04146840784,-144555.09540453274,0.0,0.0,0.0,6028.416732870624,43522.880859950325,0.0,-7840.553611716372,-78228.57460409706,0.0,-23628.23865908627,0.0,6708.414581104662,-134824.13640573647,0.0,0.0,0.0,0.0,0.0,0.0,0.0,-3943.9196282394405,0.0,0.0,0.0,27585.59359803633,-11656.371351980633,-13527.849971367134,0.0,0.0,0.0,-196842.16794344154,3600.661859254178,0.0,0.0,974.3813120852574,0.0,0.0,19044.224438429315,0.0,71181.99304817058,650.901300657013,0.0,0.0,-9272.196874086432,0.0,0.0,0.0,0.0,934.5347167948439,-341118.4069683885,0.0,0.0,0.0,0.0,0.0,0.0,0.0,0.0,0.0,0.0,0.0,0.0,0.0,0.0,0.0,0.0,0.0,0.0,0.0,0.0,0.0,-23025.299941347508,0.0,9742.651701589522,10047.56118820452,6672.577877915188
New York,2026,20023.304240111145,19520.9154705604,0.0,25967.58874694159,0.0,0.0,0.0,3487.8391688183547,0.0,0.0,0.0,0.0,0.0,0.0,0.0,0.0,0.0,0.0,0.0,10788.01258266934,0.0,0.0,0.0,0.0,12237.052395492035,0.0,53659.99264076003,0.0,0.0,0.0,1771.3722111499956,0.0,0.0,0.0,0.0,2219.1872282512304,0.0,36743.95710049837,0.0,699108.3836585777,-916554.8557710715,10627.749938577035,0.0,0.0,0.0,0.0,585018.3678891109,0.0,1421.0045058229134,62.234111137936225,9037.745852687833,0.0,0.0,0.0,-36104.32825123047,0.0,-163536.1130741043,-13433.101822291763,0.0,15796.464419819793,0.0,0.0,0.0,0.0,-114.64017106279528,0.0,0.0,0.0,4689.350501224282,0.0,300823.7545294403,0.0,0.0,0.0,-139997.31841062964,0.0,0.0,0.0,0.0,0.0,-429833.6756232688,0.0,-36159.46616695318,60.066408846516765,0.0,0.0,3890.714278488631,0.0,0.0,0.0,0.0,0.0,0.0,0.0,0.0,7769.756835432636,1368.3386957588827,0.0,-106906.18599444514,4434.99216785367,-247374.98925025197,0.0,0.0,0.0,-4160.900582940983,0.0,0.0,0.0,0.0,23957.65401956442,0.0,-22361.817617571243,5957.5632259978665,21085.999185887573,0.0,-39938.07041368124,-96525.77792811405,0.0,128028.47955765715,0.0,0.0,-39278.46711931919,-352549.4103311894,0.0,0.0,0.0,9867.576164397236,-160611.8227635827,-529173.8927106871,0.0,0.0,0.0,6953.020526255685,50198.16933540278,0.0,-38258.873774793814,-242151.2366374703,0.0,-48998.972794506335,0.0,7737.3125229918805,-297883.73947180394,0.0,0.0,0.0,0.0,0.0,0.0,0.0,-18750.76784933277,0.0,0.0,0.0,31816.51286153891,-29445.999018823204,-38844.34760941737,0.0,0.0,0.0,-479040.0330413135,4152.910610673534,0.0,0.0,-3729.6667243652773,0.0,0.0,21965.11775720684,0.0,77681.0691603364,750.7327884878432,0.0,0.0,-21118.351997621703,0.0,0.0,0.0,0.0,1077.8682623155255,-840157.9429367736,0.0,0.0,0.0,0.0,0.0,0.0,0.0,0.0,0.0,0.0,0.0,0.0,0.0,0.0,0.0,0.0,0.0,0.0,0.0,0.0,0.0,-47748.63085182093,0.0,11236.923434962126,11588.598180260451,7695.979392932844
New York,2027,23325.01930098061,22739.78983006769,0.0,30249.4783807458,0.0,0.0,0.0,4062.961584953293,0.0,0.0,0.0,0.0,0.0,0.0,0.0,0.0,0.0,0.0,0.0,12566.886997896712,0.0,0.0,0.0,0.0,12736.853807350795,0.0,62508.18291662994,0.0,0.0,0.0,2063.4601821374963,0.0,0.0,0.0,0.0,2585.117037164997,0.0,42802.80109047424,0.0,814386.8937299382,-1645122.2642759613,12380.198066746641,0.0,0.0,0.0,0.0,681484.1625942299,0.0,1655.319078591585,72.49611882557451,10528.012456056604,0.0,0.0,0.0,-61988.51237444549,0.0,-336650.9769159234,-24740.94851831351,0.0,18401.200574151793,0.0,0.0,0.0,0.0,-229.39173988204936,0.0,0.0,0.0,5462.594466851697,0.0,350427.6714997203,0.0,0.0,0.0,-260816.89576146938,0.0,0.0,0.0,0.0,0.0,-802327.7856856915,0.0,-65702.44004803398,69.97097626269772,0.0,0.0,4532.268228664943,0.0,0.0,0.0,0.0,0.0,0.0,0.0,0.0,9050.940143402899,1593.9690126127443,0.0,-188933.07828784065,5166.294067872099,-439998.32983486395,0.0,0.0,0.0,-8141.630619768144,0.0,0.0,0.0,0.0,27908.118246194732,0.0,-42809.803464973375,6939.927374965599,24562.945860156295,0.0,-75625.6492999924,-180257.6198160826,0.0,149139.55863365345,0.0,0.0,-75914.41188977959,-638320.6368457275,0.0,0.0,0.0,11494.676489377613,-308167.7543316615,-1067251.4432907938,0.0,0.0,0.0,8099.529230053173,58475.52704496391,0.0,-80906.72053906089,-471047.20910690306,0.0,-84127.68159739565,0.0,9013.145970932033,-524099.41438287456,0.0,0.0,0.0,0.0,0.0,0.0,0.0,-39507.336834389396,0.0,0.0,0.0,37062.852748281904,-54204.88196977187,-74158.01514231382,0.0,0.0,0.0,-871482.7126369111,4837.69906243353,0.0,0.0,-10381.541575066833,0.0,0.0,25587.025472490903,0.0,84994.4735501454,874.5238333980733,0.0,0.0,-37566.27225302684,0.0,0.0,0.0,0.0,1255.6018587611688,-1534335.296139137,0.0,0.0,0.0,0.0,0.0,0.0,0.0,0.0,0.0,0.0,0.0,0.0,0.0,0.0,0.0,0.0,0.0,0.0,0.0,0.0,0.0,-81980.93518939953,0.0,13089.820384344188,13499.484050409752,8964.997271554777
New York,2028,23112.005426085787,22532.120516551106,0.0,29973.227436629357,0.0,0.0,0.0,4025.8569129445823,0.0,0.0,0.0,0.0,0.0,0.0,0.0,0.0,0.0,0.0,0.0,12452.120906591721,0.0,0.0,0.0,0.0,11016.692818260053,0.0,61937.33193108998,0.0,0.0,0.0,2044.615796912498,0.0,0.0,0.0,0.0,2561.508662396369,0.0,42411.9079298306,0.0,806949.5704995291,-2240181.2688878262,12267.13689718733,0.0,0.0,0.0,0.0,675260.5629358357,0.0,1640.2020093807023,71.83405381346893,10431.866223581179,0.0,0.0,0.0,-82480.15813865738,0.0,-487988.9760725978,-34121.949158944466,0.0,18233.153080323915,0.0,0.0,0.0,0.0,-328.5644782381502,0.0,0.0,0.0,5412.707759391858,0.0,347227.41879196,0.0,0.0,0.0,-361696.1064636099,0.0,0.0,0.0,0.0,0.0,-1113672.0999435317,0.0,-90016.2299729109,69.33197191326667,0.0,0.0,4490.877651234216,0.0,0.0,0.0,0.0,0.0,0.0,0.0,0.0,8968.283155791913,1579.412217977011,0.0,-255247.67971095507,5119.113300128964,-596397.885881332,0.0,0.0,0.0,-11548.188561300456,0.0,0.0,0.0,0.0,27653.24958641213,0.0,-60127.2029388769,6876.5490427741315,24338.626719880907,0.0,-105682.5557188073,-250261.24599037785,0.0,147777.55353197618,0.0,0.0,-107085.58436766316,-873000.5546870856,0.0,0.0,0.0,11389.702274862764,-433271.23471737106,-1533815.5559765445,0.0,0.0,0.0,8025.560926582359,57941.50396692776,0.0,-118561.76240567578,-666396.8620855587,0.0,-111937.90939968303,0.0,8930.83413558107,-706423.166934854,0.0,0.0,0.0,0.0,0.0,0.0,0.0,-57810.033789933426,0.0,0.0,0.0,36724.37920720171,-74738.6775052205,-104023.81658638112,0.0,0.0,0.0,-1194699.398273264,4793.519162319979,0.0,0.0,-16664.950346693062,0.0,0.0,25353.354006988637,0.0,78411.8185590218,866.5373143716051,0.0,0.0,-50921.95113301923,0.0,0.0,0.0,0.0,1244.1351751195161,-2107381.146196745,0.0,0.0,0.0,0.0,0.0,0.0,0.0,0.0,0.0,0.0,0.0,0.0,0.0,0.0,0.0,0.0,0.0,0.0,0.0,0.0,0.0,-109081.50945664923,0.0,12970.278645674363,13376.201091045281,8883.125150353313
New York,2029,29608.928610377276,28866.03457880739,0.0,38398.88123217964,0.0,0.0,0.0,5157.549409210114,0.0,0.0,0.0,0.0,0.0,0.0,0.0,0.0,0.0,0.0,0.0,15952.486691394006,0.0,0.0,0.0,0.0,14897.654443772131,0.0,79348.28699006,0.0,0.0,0.0,2619.3695462749965,0.0,0.0,0.0,0.0,3281.5640928395915,0.0,54334.1493294604,0.0,1033787.9290270451,-2571645.9524317984,15715.502568746902,0.0,0.0,0.0,0.0,865080.3525168775,0.0,2101.272620312606,92.02703668269282,13364.326314080958,0.0,0.0,0.0,-95370.89269208391,0.0,-549674.8442089441,-39017.09022682723,0.0,23358.601642073947,0.0,0.0,0.0,0.0,-371.4171455154135,0.0,0.0,0.0,6934.252336916747,0.0,444835.12637864007,0.0,0.0,0.0,-412887.6894507485,0.0,0.0,0.0,0.0,0.0,-1270936.5613143817,0.0,-103140.2081544896,88.82160457091322,0.0,0.0,5753.290262871473,0.0,0.0,0.0,0.0,0.0,0.0,0.0,0.0,11489.321277926982,2023.3944543668586,0.0,-293735.2209370342,6558.126716294253,-685622.1811618359,0.0,0.0,0.0,-13092.669747920532,0.0,0.0,0.0,0.0,35426.74370978141,0.0,-68371.87456301315,8809.588174613862,31180.360498280614,0.0,-120358.37279435556,-285582.27585497283,0.0,189318.70913313073,0.0,0.0,-121609.75798158004,-1000823.5407419956,0.0,0.0,0.0,14591.415817566114,-492528.5925693256,-1732116.5737202484,0.0,0.0,0.0,10281.594182441928,74229.20784703188,0.0,-133119.76757036772,-756117.335342966,0.0,-129432.56398207437,0.0,11441.345113785894,-813526.6468342934,0.0,0.0,0.0,0.0,0.0,0.0,0.0,-64936.37751181694,0.0,0.0,0.0,47047.8222101478,-85467.38083960103,-118333.33416315942,0.0,0.0,0.0,-1368628.0707384397,6141.006115783202,0.0,0.0,-18231.31855656256,0.0,0.0,32480.333704805817,0.0,103292.56798029854,1110.1261446788321,0.0,0.0,-58539.22951705554,0.0,0.0,0.0,0.0,1593.8690261899774,-2412771.5757420133,0.0,0.0,0.0,0.0,0.0,0.0,0.0,0.0,0.0,0.0,0.0,0.0,0.0,0.0,0.0,0.0,0.0,0.0,0.0,0.0,0.0,-126129.74038667353,0.0,16616.30167510356,17136.33135166172,11380.22484699644
New York,2030,31952.081234220066,31150.39702748999,0.0,41437.64161746,0.0,0.0,0.0,5565.700801305873,0.0,0.0,0.0,0.0,0.0,0.0,0.0,0.0,0.0,0.0,0.0,17214.913695748925,0.0,0.0,0.0,0.0,19299.589810948994,0.0,85627.64783099992,0.0,0.0,0.0,2826.6577837499935,0.0,0.0,0.0,0.0,3541.2562152945175,0.0,58633.97409654001,0.0,1115598.4845615588,-1549172.0694845559,16959.175433899523,0.0,0.0,0.0,0.0,933539.9487592205,0.0,2267.5603816323073,99.30975181585563,14421.934871310397,0.0,0.0,0.0,-60601.859653558975,0.0,-282876.490782266,-22799.243050556608,0.0,25207.124074180552,0.0,0.0,0.0,0.0,-197.3086057936681,0.0,0.0,0.0,7483.006118974918,0.0,480037.9061639998,0.0,0.0,0.0,-238055.05574972997,0.0,0.0,0.0,0.0,0.0,-731131.477460244,0.0,-61237.10777717891,95.85065241465452,0.0,0.0,6208.586614609514,0.0,0.0,0.0,0.0,0.0,0.0,0.0,0.0,12398.548141647829,2183.5191953599206,0.0,-180251.39106036333,7077.11516146861,-417514.22872928006,0.0,0.0,0.0,-7133.754731007612,0.0,0.0,0.0,0.0,38230.29896739,0.0,-38196.96679637325,9506.74982872,33647.87104131002,0.0,-68094.73462948209,-164199.22170499602,0.0,204300.76525157993,0.0,0.0,-67200.68993551456,-596712.5458165539,0.0,0.0,0.0,15746.132177229636,-274449.883037276,-912025.6580524035,0.0,0.0,0.0,11095.245520620781,80103.46170543006,0.0,-66500.35712753661,-414746.5930481837,0.0,-82245.78648295517,0.0,12346.775302646653,-501901.52965069807,0.0,0.0,0.0,0.0,0.0,0.0,0.0,-32570.208961019787,0.0,0.0,0.0,50771.031162030005,-49972.75986541611,-66320.40797984219,0.0,0.0,0.0,-811426.8493533521,6626.985017032232,0.0,0.0,-6856.808766751492,0.0,0.0,35050.719825330016,0.0,123135.08670873067,1197.9778539699619,0.0,0.0,-35643.65950138477,0.0,0.0,0.0,0.0,1720.0025462481772,-1423994.3483798678,0.0,0.0,0.0,0.0,0.0,0.0,0.0,0.0,0.0,0.0,0.0,0.0,0.0,0.0,0.0,0.0,0.0,0.0,0.0,0.0,0.0,-80147.06174274354,0.0,17931.260800471486,18492.4439046709,12280.81818021198
New York,2031,38449.00441851147,37484.311089746305,0.0,49863.29541301023,0.0,0.0,0.0,6697.393297571405,0.0,0.0,0.0,0.0,0.0,0.0,0.0,0.0,0.0,0.0,0.0,20715.279480551224,0.0,0.0,0.0,0.0,26591.4610720161,0.0,103038.60288996994,0.0,0.0,0.0,3401.4115331124995,0.0,0.0,0.0,0.0,4261.31164573774,0.0,70556.21549616981,0.0,1342436.8430890776,-583166.7243897859,20407.54110545911,0.0,0.0,0.0,0.0,1123359.7383402614,0.0,2728.630992564211,119.50273468507953,17354.394961810147,0.0,0.0,0.0,-28708.84707316904,0.0,-16171.754467437742,-7263.189235027727,0.0,30332.572635930585,0.0,0.0,0.0,0.0,-24.79428501210691,0.0,0.0,0.0,9004.55069649982,0.0,577645.6137506799,0.0,0.0,0.0,-69640.13753330061,0.0,0.0,0.0,0.0,0.0,-210673.78655728023,0.0,-21376.611435480445,115.34028507230096,0.0,0.0,7470.999226246779,0.0,0.0,0.0,0.0,0.0,0.0,0.0,0.0,14919.586263782869,2627.50143174977,0.0,-74037.4890757593,8516.1285776339,-165576.23762063205,0.0,0.0,0.0,-1275.3453248394653,0.0,0.0,0.0,0.0,46003.79309075928,0.0,-8781.084492391848,11439.78896055973,40489.6048197097,0.0,-17379.400333936006,-47141.8143268486,0.0,245841.92085273447,0.0,0.0,-13958.382118480426,-213041.73220569862,0.0,0.0,0.0,18947.845719933,-61663.07355415984,-97351.543678822,0.0,0.0,0.0,13351.27877648035,96391.16558553418,0.0,594.3951642425382,-79866.15464335727,0.0,-38962.19885082368,0.0,14857.286280851447,-211076.0407208021,0.0,0.0,0.0,0.0,0.0,0.0,0.0,-4.696481049002614,0.0,0.0,0.0,61094.4741649761,-15979.249491139883,-15673.703622450092,0.0,0.0,0.0,-281041.1404672065,7974.471970495455,0.0,0.0,5141.447053746306,0.0,0.0,42177.69952314714,0.0,160364.47577000374,1441.566684277188,0.0,0.0,-14127.658046191027,0.0,0.0,0.0,0.0,2069.7363973186384,-480882.0700876424,0.0,0.0,0.0,0.0,0.0,0.0,0.0,0.0,0.0,0.0,0.0,0.0,0.0,0.0,0.0,0.0,0.0,0.0,0.0,0.0,0.0,-37967.97246965562,0.0,21577.283829900683,22252.574165287326,14777.917876855092
New York,2032,44945.92760280287,43818.22515200259,0.0,58288.9492085604,0.0,0.0,0.0,7829.08579383693,0.0,0.0,0.0,0.0,0.0,0.0,0.0,0.0,0.0,0.0,0.0,24215.645265353494,0.0,0.0,0.0,0.0,33640.81352872035,0.0,120449.55794893997,0.0,0.0,0.0,3976.165282474991,0.0,0.0,0.0,0.0,4981.367076180959,0.0,82478.45689579961,0.0,1569275.2016165927,290587.311329294,23855.906777018667,0.0,0.0,0.0,0.0,1313179.5279213032,0.0,3189.7016034961107,139.69571755430354,20286.855052309955,0.0,0.0,0.0,0.0,0.0,227184.1085951277,6820.187880075107,0.0,35458.021197680646,0.0,0.0,0.0,0.0,132.407245334079,0.0,0.0,0.0,10526.095274024723,0.0,675253.32133736,0.0,0.0,0.0,83160.5569737007,0.0,0.0,0.0,0.0,0.0,261597.23755557276,0.0,14716.64015800337,134.82991772994728,0.0,0.0,8733.411837884043,0.0,0.0,0.0,0.0,0.0,0.0,0.0,0.0,17440.624385917952,3071.4836681396228,0.0,21888.007542947496,9955.141993799189,62104.80193282402,0.0,0.0,0.0,4056.711768538684,0.0,0.0,0.0,0.0,53777.28721412856,0.0,17957.097876333457,13372.828092399475,47331.3385981094,0.0,28686.563107243303,59081.3463666084,0.0,287383.07645388925,0.0,0.0,34465.66669772923,134261.40298855444,0.0,0.0,0.0,22149.559262636365,131781.14604962803,645299.1094662375,0.0,0.0,0.0,15607.312032339905,112678.86946563818,0.0,61883.56149008003,224824.76940016402,0.0,0.0,0.0,17367.797259056257,51456.333452879626,0.0,0.0,0.0,0.0,0.0,0.0,0.0,29738.688608422934,0.0,0.0,0.0,71417.91716792219,14834.47045889699,30354.553762558353,0.0,0.0,0.0,199267.1697448769,9321.958923958678,0.0,0.0,16175.245661075809,0.0,0.0,49304.6792209642,0.0,196715.86522384605,1685.155514584414,0.0,0.0,5316.940484653795,0.0,0.0,0.0,0.0,2419.4702483891015,373460.5202620097,0.0,0.0,0.0,0.0,0.0,0.0,0.0,0.0,0.0,0.0,0.0,0.0,0.0,0.0,0.0,0.0,0.0,0.0,0.0,0.0,0.0,0.0,0.0,25223.30685932988,26012.70442590375,17275.01757349819
New York,2033,48141.135726224835,46933.264854751586,0.0,62432.71337030642,0.0,0.0,0.0,8385.655873967524,0.0,0.0,0.0,0.0,0.0,0.0,0.0,0.0,0.0,0.0,0.0,25937.136634928407,0.0,0.0,0.0,0.0,36032.34055682842,0.0,129012.32273203996,0.0,0.0,0.0,4258.831060849989,0.0,0.0,0.0,0.0,5335.492697710411,0.0,88341.8543054536,0.0,1680835.05007275,311245.1770636039,25551.824320408617,0.0,0.0,0.0,0.0,1406533.522797225,0.0,3416.4576416593427,149.62669273588915,21729.04853944099,0.0,0.0,0.0,0.0,0.0,243334.63764217473,7305.035359701302,0.0,37978.73360509868,0.0,0.0,0.0,0.0,141.8200826801036,0.0,0.0,0.0,11274.395885922211,0.0,723257.11195376,0.0,0.0,0.0,89072.44491021964,0.0,0.0,0.0,0.0,0.0,280194.1975713717,0.0,15762.84680430693,144.41498297141277,0.0,0.0,9354.270499344995,0.0,0.0,0.0,0.0,0.0,0.0,0.0,0.0,18680.479200082715,3289.835587675614,0.0,23444.027036521977,10662.85350994605,66519.83524558396,0.0,0.0,0.0,4345.103600425326,0.0,0.0,0.0,0.0,57600.31711086756,0.0,19233.6688154093,14323.503075271467,50696.12570224042,0.0,30725.89223808996,63281.442079874396,0.0,307813.15297904704,0.0,0.0,36915.832576714776,143806.0524901104,0.0,0.0,0.0,23724.172480359324,141149.473967848,691173.4537410885,0.0,0.0,0.0,16716.836584401986,120689.21563618118,0.0,66282.86680928,240807.5729120241,0.0,0.0,0.0,18602.474789320928,55114.36663673358,0.0,0.0,0.0,0.0,0.0,0.0,0.0,31852.813391012256,0.0,0.0,0.0,76495.02028412517,15889.05366687545,32512.460428143066,0.0,0.0,0.0,213433.0822859821,9984.657425661899,0.0,0.0,17325.14464172101,0.0,0.0,52809.75120349723,0.0,210700.40540563606,1804.9532999814091,0.0,0.0,5694.9220356955375,0.0,0.0,0.0,0.0,2591.470503013921,400009.8463469867,0.0,0.0,0.0,0.0,0.0,0.0,0.0,0.0,0.0,0.0,0.0,0.0,0.0,0.0,0.0,0.0,0.0,0.0,0.0,0.0,0.0,0.0,0.0,27016.432939377017,27861.948816370845,18503.099391519383
North Carolina,2024,0.0,0.0,0.0,0.0,0.0,0.0,0.0,0.0,0.0,0.0,0.0,0.0,0.0,0.0,0.0,0.0,0.0,0.0,0.0,0.0,0.0,0.0,0.0,0.0,0.0,0.0,0.0,0.0,0.0,0.0,0.0,0.0,0.0,0.0,0.0,0.0,0.0,0.0,0.0,0.0,0.0,0.0,0.0,0.0,0.0,0.0,0.0,0.0,0.0,0.0,0.0,0.0,0.0,0.0,0.0,0.0,0.0,0.0,0.0,0.0,0.0,0.0,0.0,0.0,0.0,0.0,0.0,0.0,0.0,0.0,0.0,0.0,0.0,0.0,0.0,0.0,0.0,0.0,0.0,0.0,0.0,0.0,0.0,0.0,0.0,0.0,0.0,0.0,0.0,0.0,0.0,0.0,0.0,0.0,0.0,0.0,0.0,0.0,0.0,0.0,0.0,0.0,0.0,0.0,0.0,0.0,0.0,0.0,0.0,0.0,0.0,0.0,0.0,0.0,0.0,0.0,0.0,0.0,0.0,0.0,0.0,0.0,0.0,0.0,0.0,0.0,0.0,0.0,0.0,0.0,0.0,0.0,0.0,0.0,0.0,0.0,0.0,0.0,0.0,0.0,0.0,0.0,0.0,0.0,0.0,0.0,0.0,0.0,0.0,0.0,0.0,0.0,0.0,0.0,0.0,0.0,0.0,0.0,0.0,0.0,0.0,0.0,0.0,0.0,0.0,0.0,0.0,0.0,0.0,0.0,0.0,0.0,0.0,0.0,0.0,0.0,0.0,0.0,0.0,0.0,0.0,0.0,0.0,0.0,0.0,0.0,0.0,0.0,0.0,0.0,0.0,0.0,0.0,0.0,0.0,0.0,0.0,0.0,0.0,0.0,0.0,0.0,0.0,0.0,0.0
North Carolina,2025,0.0,14283.552186330955,0.0,5136.542634310565,0.0,0.0,0.0,0.0,0.0,0.0,0.0,5180.875107652733,0.0,0.0,4212.5117787954005,0.0,0.0,0.0,0.0,0.0,0.0,0.0,0.0,0.0,0.0,0.0,0.0,0.0,0.0,0.0,0.0,0.0,0.0,0.0,0.0,5394.42224087489,0.0,0.0,0.0,478601.5446288958,-194349.64239668637,-17683.28734725028,968596.1493819598,0.0,0.0,0.0,108160.54757786589,0.0,0.0,-122950.5093446991,-105402.32911301887,0.0,0.0,0.0,0.0,-77200.20296440576,-3801951.4694024166,1025.4357086316159,0.0,3530.5123431970496,0.0,0.0,0.0,0.0,51.612285508936,0.0,0.0,130855.32536572707,0.0,0.0,986189.1537916772,0.0,0.0,0.0,68450.26565158926,0.0,0.0,0.0,0.0,-4561.894841347239,-135997.66612595879,0.0,0.0,-1649.7903868154,0.0,0.0,1451.849884818963,0.0,21749.865592076792,20407.921186561114,0.0,0.0,0.0,0.0,817.4682220722134,-13186.473046002982,0.0,0.0,-85083.4062860571,0.0,0.0,-287163.5640272775,0.0,0.0,-1948.5793108436646,0.0,0.0,0.0,0.0,2774.864149998608,-424.40536833434635,6880.629321019529,-152510.4273906952,0.0,0.0,-31659.474023795017,-84031.06361488765,0.0,0.0,0.0,0.0,-25882.095630609314,-37502.54326204979,0.0,0.0,248.32547368731184,132205.2212330699,15334.596527949296,-17402.281390437798,0.0,0.0,6481.564654731279,1900.154871046645,-2671.971608929307,0.0,29371.730578586925,136780.41574214748,0.0,77291.03975871077,0.0,73912.46258692746,25110.87060599908,0.0,0.0,0.0,0.0,0.0,0.0,0.0,0.0,0.0,0.0,0.0,-439468.0300288511,-82401.93660142459,2075.400380703646,0.0,0.0,0.0,0.0,0.0,0.0,0.0,-81187.0420133596,0.0,0.0,287.44634402509837,0.0,9087.025387057918,-216.65344248191468,0.0,0.0,9299.161072027506,0.0,0.0,0.0,0.0,0.0,-310403.42740998254,-20966.25997092803,14629.094886531559,0.0,0.0,0.0,0.0,0.0,0.0,0.0,0.0,0.0,0.0,0.0,0.0,0.0,0.0,0.0,0.0,0.0,0.0,0.0,0.0,0.0,0.0,0.0,0.0
North Carolina,2026,0.0,16474.281049265148,0.0,5924.3559217815055,0.0,0.0,0.0,0.0,0.0,0.0,0.0,5975.487854225241,0.0,0.0,4858.602542414323,0.0,0.0,0.0,0.0,0.0,0.0,0.0,0.0,0.0,0.0,0.0,0.0,0.0,0.0,0.0,0.0,0.0,0.0,0.0,0.0,6221.787615242189,0.0,0.0,0.0,552006.6895106286,-455940.8712457027,-38663.286174574016,1117153.8410049602,0.0,0.0,0.0,124749.5886174161,0.0,0.0,-278223.4032833452,-253290.4148303843,0.0,0.0,0.0,0.0,-237078.1416262521,-8239484.890236843,-1190.3689997981492,0.0,4072.001966386786,0.0,0.0,0.0,0.0,59.528280218895475,0.0,0.0,150925.16054451978,0.0,0.0,1137445.15897445,0.0,0.0,0.0,78948.77265336667,0.0,0.0,0.0,0.0,-15509.224973567761,-374234.0961155009,0.0,0.0,-3421.2467313605493,0.0,0.0,1674.5262475212621,0.0,25085.7345479168,23537.97044830359,0.0,0.0,0.0,0.0,942.8467837397329,-35651.20335049066,0.0,0.0,-176441.4000563367,0.0,0.0,-595504.3820388675,0.0,0.0,-4461.148383511534,0.0,0.0,0.0,0.0,3200.4568110413456,-1690.6745657029442,7935.94056657466,-386353.8984472229,0.0,0.0,-80555.68566234125,-225214.20485634753,0.0,0.0,0.0,0.0,-62716.83782337721,-102340.78455462772,0.0,0.0,286.41220278045876,152482.09565531998,17686.5285107636,-71054.41119167965,0.0,0.0,7475.669663125649,2191.5896672194394,-14687.733736314025,0.0,33876.59723174438,157759.0071136423,0.0,89145.49370943301,0.0,74517.45387459989,28962.231128391635,0.0,0.0,0.0,0.0,0.0,0.0,0.0,0.0,0.0,0.0,0.0,-978814.3156148613,-216688.58584609441,2393.713322529362,0.0,0.0,0.0,0.0,0.0,0.0,0.0,-234020.80500210088,0.0,0.0,331.5332066056353,0.0,5791.124296027963,-881.8698879434687,0.0,0.0,10725.412770191193,0.0,0.0,0.0,0.0,0.0,-796293.5691499216,-45460.85435130412,16872.821096122236,0.0,0.0,0.0,0.0,0.0,0.0,0.0,0.0,0.0,0.0,0.0,0.0,0.0,0.0,0.0,0.0,0.0,0.0,0.0,0.0,0.0,0.0,0.0,0.0
North Carolina,2027,0.0,19190.784839303582,0.0,6901.244398245486,0.0,0.0,0.0,0.0,0.0,0.0,0.0,6960.807659975144,0.0,0.0,5659.755089301791,0.0,0.0,0.0,0.0,0.0,0.0,0.0,0.0,0.0,0.0,0.0,0.0,0.0,0.0,0.0,0.0,0.0,0.0,0.0,0.0,7247.720679457663,0.0,0.0,0.0,643029.0691639762,-819419.1786377246,-67760.53630409352,1301365.3786174804,0.0,0.0,0.0,145319.99950645794,0.0,0.0,-493777.07475725835,-458895.08399955457,0.0,0.0,0.0,0.0,-460302.86373824277,-14392322.036256215,-4338.340176206366,0.0,4743.4490991420535,0.0,0.0,0.0,0.0,69.3441136592453,0.0,0.0,175811.75616622227,0.0,0.0,1325002.6054010876,0.0,0.0,0.0,91966.92133557086,0.0,0.0,0.0,0.0,-30812.843335867175,-706322.100227403,0.0,0.0,-5874.032439192295,0.0,0.0,1950.6449372721036,0.0,29222.21205315838,27419.231532864214,0.0,0.0,0.0,0.0,1098.316200207455,-66956.37814797906,0.0,0.0,-302937.0837382623,0.0,0.0,-1022437.8223626076,0.0,0.0,-7950.218830059186,0.0,0.0,0.0,0.0,3728.191710734325,-3463.5043952711585,9244.526511063043,-711826.1849457701,0.0,0.0,-148617.25875169094,-421926.53370478004,0.0,0.0,0.0,0.0,-113936.74063059318,-192708.93002115737,0.0,0.0,333.6397468559594,177625.41993890982,20602.924169453298,-146184.64170155133,0.0,0.0,8708.359873534675,2552.9688144737083,-31545.372438063438,0.0,39462.631881659676,183772.46041429648,0.0,103845.01660832902,0.0,73457.11980177485,33737.91817615833,0.0,0.0,0.0,0.0,0.0,0.0,0.0,0.0,0.0,0.0,0.0,-1727227.4349636342,-403727.88158253976,2788.42137039324,0.0,0.0,0.0,0.0,0.0,0.0,0.0,-447219.1284288239,0.0,0.0,386.200916205501,0.0,913.0000009648211,-1813.3637997333108,0.0,0.0,12493.96487591423,0.0,0.0,0.0,0.0,0.0,-1472741.9737786427,-79424.21489304944,19655.04159601475,0.0,0.0,0.0,0.0,0.0,0.0,0.0,0.0,0.0,0.0,0.0,0.0,0.0,0.0,0.0,0.0,0.0,0.0,0.0,0.0,0.0,0.0,0.0,0.0
North Carolina,2028,0.0,19015.526530268806,0.0,6838.219335247806,0.0,0.0,0.0,0.0,0.0,0.0,0.0,6897.238640249336,0.0,0.0,5608.067828212275,0.0,0.0,0.0,0.0,0.0,0.0,0.0,0.0,0.0,0.0,0.0,0.0,0.0,0.0,0.0,0.0,0.0,0.0,0.0,0.0,7181.531449508286,0.0,0.0,0.0,637156.6575734382,-1116533.5066799088,-91148.3963520704,1289480.7632876392,0.0,0.0,0.0,143992.87622329406,0.0,0.0,-668538.0501128989,-627806.8252430417,0.0,0.0,0.0,0.0,-650642.5410065677,-19326160.488644682,-7417.30363854087,0.0,4700.129929286872,0.0,0.0,0.0,0.0,68.71083408244851,0.0,0.0,174206.16935191886,0.0,0.0,1312902.1249864642,0.0,0.0,0.0,91127.04077542864,0.0,0.0,0.0,0.0,-43998.39968311404,-985538.8054246551,0.0,0.0,-7815.821124559094,0.0,0.0,1932.8308282559192,0.0,28955.342536691227,27168.8275919249,0.0,0.0,0.0,0.0,1088.2859152740548,-93209.1050282126,0.0,0.0,-403079.4999864534,0.0,0.0,-1360426.795952235,0.0,0.0,-10786.757207203125,0.0,0.0,0.0,0.0,3694.1442978509076,-5010.39999760309,9160.10161141865,-981891.3597715975,0.0,0.0,-205135.79498761488,-586672.1076240519,0.0,0.0,0.0,0.0,-156085.88457662475,-268597.30932013365,0.0,0.0,330.59280852850816,176003.26998512982,20414.769610828225,-211849.01616655622,0.0,0.0,8628.831472863123,2529.6540307798787,-46509.245573929016,0.0,39102.24254940712,182094.17310457677,0.0,102896.66029227141,0.0,58683.7732693702,33429.80933436693,0.0,0.0,0.0,0.0,0.0,0.0,0.0,0.0,0.0,0.0,0.0,-2331657.7952264464,-559904.9904892474,2762.95633504718,0.0,0.0,0.0,0.0,0.0,0.0,0.0,-627617.6148542154,0.0,0.0,382.6739671990581,0.0,-5258.197138361313,-2627.3295648909525,0.0,0.0,12379.864740061137,0.0,0.0,0.0,0.0,0.0,-2035260.855758924,-106662.55748576178,19475.543499247462,0.0,0.0,0.0,0.0,0.0,0.0,0.0,0.0,0.0,0.0,0.0,0.0,0.0,0.0,0.0,0.0,0.0,0.0,0.0,0.0,0.0,0.0,0.0,0.0
North Carolina,2029,0.0,24360.90495582827,0.0,8760.483756676913,0.0,0.0,0.0,0.0,0.0,0.0,0.0,8836.093741886252,0.0,0.0,7184.529291442457,0.0,0.0,0.0,0.0,0.0,0.0,0.0,0.0,0.0,0.0,0.0,0.0,0.0,0.0,0.0,0.0,0.0,0.0,0.0,0.0,9200.302962964517,0.0,0.0,0.0,816265.211084866,-1281482.9212790364,-105034.12261249509,1651961.53084776,0.0,0.0,0.0,184470.13635979616,0.0,0.0,-768824.5475332397,-719658.9051306965,0.0,0.0,0.0,0.0,-738431.6800415842,-22282495.6282179,-7977.706868530338,0.0,6021.364609869823,0.0,0.0,0.0,0.0,88.0258611747497,0.0,0.0,223176.5671881726,0.0,0.0,1681966.777632432,0.0,0.0,0.0,116743.39785976568,0.0,0.0,0.0,0.0,-49782.74993623886,-1122919.750980405,0.0,0.0,-9037.347340165776,0.0,0.0,2476.1611532495226,0.0,37094.86278894078,34806.14779057659,0.0,0.0,0.0,0.0,1394.2096057427934,-106277.09335097615,0.0,0.0,-466076.35832804727,0.0,0.0,-1573046.4259547326,0.0,0.0,-12396.727171196097,0.0,0.0,0.0,0.0,4732.59039079518,-5647.12737145043,11735.06105057316,-1122696.5073670938,0.0,0.0,-234505.7874767388,-669162.8265457585,0.0,0.0,0.0,0.0,-178847.55110883157,-306140.12517508416,0.0,0.0,423.5244275157843,225478.84357541986,26153.48364889511,-238645.68397367443,0.0,0.0,11054.447693345384,3240.7549334415125,-52126.73710202027,0.0,50094.11718311143,233281.9360510246,0.0,131821.52793203446,0.0,82074.7127715412,42827.129009004624,0.0,0.0,0.0,0.0,0.0,0.0,0.0,0.0,0.0,0.0,0.0,-2683888.9333760994,-639141.6050937412,3539.6399131019207,0.0,0.0,0.0,0.0,0.0,0.0,0.0,-713852.8775033101,0.0,0.0,490.2459118955676,0.0,-3723.3452061879216,-2959.8513857369235,0.0,0.0,15859.918883580642,0.0,0.0,0.0,0.0,0.0,-2325799.3720532293,-122974.86803828043,24950.235450648877,0.0,0.0,0.0,0.0,0.0,0.0,0.0,0.0,0.0,0.0,0.0,0.0,0.0,0.0,0.0,0.0,0.0,0.0,0.0,0.0,0.0,0.0,0.0,0.0
North Carolina,2030,0.0,26288.746355210373,0.0,9453.759449651348,0.0,0.0,0.0,0.0,0.0,0.0,0.0,9535.352958870055,0.0,0.0,7753.08916342711,0.0,0.0,0.0,0.0,0.0,0.0,0.0,0.0,0.0,0.0,0.0,0.0,0.0,0.0,0.0,0.0,0.0,0.0,0.0,0.0,9928.384492407757,0.0,0.0,0.0,880861.7385807903,-770794.4920441781,-65103.82238992609,1782692.2994760014,0.0,0.0,0.0,199068.4924746002,0.0,0.0,-469416.0233865821,-428753.99098904,0.0,0.0,0.0,0.0,-405926.2743884404,-13866991.00174617,-2342.1222800034157,0.0,6497.875478276794,0.0,0.0,0.0,0.0,94.99193651951407,0.0,0.0,240838.0221455102,0.0,0.0,1815072.0621932726,0.0,0.0,0.0,125982.08402133011,0.0,0.0,0.0,0.0,-26660.027568276622,-637724.6790902137,0.0,0.0,-5742.633204844165,0.0,0.0,2672.1163524275435,0.0,40030.42747007997,37560.591140909964,0.0,0.0,0.0,0.0,1504.542740010209,-60702.85421014215,0.0,0.0,-296160.529255302,0.0,0.0,-999566.38805955,0.0,0.0,-7531.726838406823,0.0,0.0,0.0,0.0,5107.11193251278,-2921.913363071697,12663.734946661672,-655773.1144110358,0.0,0.0,-136760.18449012522,-383312.34033137,0.0,0.0,0.0,0.0,-106209.64772031459,-174329.80491858802,0.0,0.0,457.0407491177525,243322.49306699983,28223.18379377175,-122893.42415011604,0.0,0.0,11929.260100732441,3497.2175540735734,-25602.469993468287,0.0,54058.39983789,251743.09645794006,0.0,142253.44740866998,0.0,116909.36701914668,46216.32626871002,0.0,0.0,0.0,0.0,0.0,0.0,0.0,0.0,0.0,0.0,0.0,-1649958.6943550627,-368467.983456956,3819.7553019085426,0.0,0.0,0.0,0.0,0.0,0.0,0.0,-399619.7087080302,0.0,0.0,529.0423509664402,0.0,8366.507038511161,-1525.109581423285,0.0,0.0,17115.020377964727,0.0,0.0,0.0,0.0,0.0,-1352424.162099291,-76512.59323830059,26924.714515088708,0.0,0.0,0.0,0.0,0.0,0.0,0.0,0.0,0.0,0.0,0.0,0.0,0.0,0.0,0.0,0.0,0.0,0.0,0.0,0.0,0.0,0.0,0.0,0.0
North Carolina,2031,0.0,31634.12478076978,0.0,11376.023871080455,0.0,0.0,0.0,0.0,0.0,0.0,0.0,11474.208060506971,0.0,0.0,9329.550626657292,0.0,0.0,0.0,0.0,0.0,0.0,0.0,0.0,0.0,0.0,0.0,0.0,0.0,0.0,0.0,0.0,0.0,0.0,0.0,0.0,11947.156005864003,0.0,0.0,0.0,1059970.2920922171,-287952.871005418,-27934.286854522623,2145173.06703612,0.0,0.0,0.0,239545.75261110207,0.0,0.0,-188446.31322195014,-152466.97150277055,0.0,0.0,0.0,0.0,-79977.94827576447,-6050950.494491037,3729.798781364094,0.0,7819.11015885973,0.0,0.0,0.0,0.0,114.30696361181526,0.0,0.0,289808.4199817637,0.0,0.0,2184136.714839237,0.0,0.0,0.0,151598.44110566692,0.0,0.0,0.0,0.0,-3804.0646269164135,-167574.23090571864,0.0,0.0,-2720.450814837194,0.0,0.0,3215.4466774211432,0.0,48169.94772232958,45197.91133956172,0.0,0.0,0.0,0.0,1810.466430478953,-16638.45575909299,0.0,0.0,-140299.7761472151,0.0,0.0,-473523.3990892275,0.0,0.0,-2954.7905999826544,0.0,0.0,0.0,0.0,6145.558025457052,-201.57284837872066,15238.694385816241,-208402.6266962823,0.0,0.0,-43045.146329826675,-107242.19689997681,0.0,0.0,0.0,0.0,-37119.39157591903,-46737.185705619166,0.0,0.0,549.9723681050291,292798.06665728986,33961.897831838636,-7201.75432194781,0.0,0.0,14354.876321214688,4208.3184567352,1216.5444591961277,0.0,65050.27447159431,302930.8594043879,0.0,171178.31504843326,0.0,170292.2573389127,55613.645943347714,0.0,0.0,0.0,0.0,0.0,0.0,0.0,0.0,0.0,0.0,0.0,-683194.99219907,-107719.83767193928,4596.438879963283,0.0,0.0,0.0,0.0,0.0,0.0,0.0,-93513.6570783325,0.0,0.0,636.6142956629496,0.0,23007.978529693093,-91.34240279980531,0.0,0.0,20595.074521484217,0.0,0.0,0.0,0.0,0.0,-418044.05423546117,-33354.24686093931,32399.406466490065,0.0,0.0,0.0,0.0,0.0,0.0,0.0,0.0,0.0,0.0,0.0,0.0,0.0,0.0,0.0,0.0,0.0,0.0,0.0,0.0,0.0,0.0,0.0,0.0
North Carolina,2032,0.0,36979.503206329246,0.0,13298.288292509562,0.0,0.0,0.0,0.0,0.0,0.0,0.0,13413.063162143888,0.0,0.0,10906.012089887474,0.0,0.0,0.0,0.0,0.0,0.0,0.0,0.0,0.0,0.0,0.0,0.0,0.0,0.0,0.0,0.0,0.0,0.0,0.0,0.0,13965.927519320248,0.0,0.0,0.0,1239078.8456036448,148830.21309578558,5605.172727507714,2507653.834596241,0.0,0.0,0.0,280023.01274760417,0.0,0.0,65415.73080705298,97645.02027571975,0.0,0.0,0.0,0.0,216553.26448925445,999164.2213611677,9330.15550091493,0.0,9140.344839442674,0.0,0.0,0.0,0.0,133.62199070411646,0.0,0.0,338778.8178180172,0.0,0.0,2553201.367485203,0.0,0.0,0.0,177214.79819000408,0.0,0.0,0.0,0.0,17015.545770799174,259380.177815594,0.0,0.0,0.0,0.0,0.0,3758.777002414743,0.0,56309.467974579195,52835.23153821341,0.0,0.0,0.0,0.0,2116.3901209476953,23363.77757730434,0.0,0.0,0.0,0.0,0.0,0.0,0.0,0.0,1182.2509313889213,0.0,0.0,0.0,0.0,7184.004118401317,2280.0770595602407,17813.653824970796,197148.0337372385,0.0,0.0,41918.43322925133,143333.94026319124,0.0,0.0,0.0,0.0,25440.10859835123,69114.15257362137,0.0,0.0,642.9039870923057,342273.6402475799,39700.61186990555,98358.863977106,0.0,0.0,16780.492541696964,4919.419359396827,25729.29357836643,0.0,76042.14910529862,354118.6223508357,0.0,200103.18268819607,0.0,221542.69243999617,65010.96561798541,0.0,0.0,0.0,0.0,0.0,0.0,0.0,0.0,0.0,0.0,0.0,189786.96672418097,128855.07973675884,5373.122458018021,0.0,0.0,0.0,0.0,0.0,0.0,0.0,184696.5671599831,0.0,0.0,744.1862403594591,0.0,36717.5573458079,1216.840007512773,0.0,0.0,24075.128665003707,0.0,0.0,0.0,0.0,0.0,429243.21567217144,5575.681248471767,37874.09841789139,0.0,0.0,0.0,0.0,0.0,0.0,0.0,0.0,0.0,0.0,0.0,0.0,0.0,0.0,0.0,0.0,0.0,0.0,0.0,0.0,0.0,0.0,0.0,0.0
North Carolina,2033,0.0,39608.377841850306,0.0,14243.664237474688,0.0,0.0,0.0,0.0,0.0,0.0,0.0,14366.598458030894,0.0,0.0,11681.321006230188,0.0,0.0,0.0,0.0,0.0,0.0,0.0,0.0,0.0,0.0,0.0,0.0,0.0,0.0,0.0,0.0,0.0,0.0,0.0,0.0,14958.765968561027,0.0,0.0,0.0,1327165.019461724,159410.5599983296,6003.644722354231,2685923.0645438414,0.0,0.0,0.0,299929.8619950642,0.0,0.0,70066.13821039803,104586.60939484678,0.0,0.0,0.0,0.0,231948.04632498347,1070194.8532114876,9993.436697662437,0.0,9790.13238727035,0.0,0.0,0.0,0.0,143.12118435606783,0.0,0.0,362862.62003256823,0.0,0.0,2734708.5737045296,0.0,0.0,0.0,189813.00659213727,0.0,0.0,0.0,0.0,18225.181726069277,277819.52694940404,0.0,0.0,0.0,0.0,0.0,4025.988637657494,0.0,60312.51072158717,56591.29065230439,0.0,0.0,0.0,0.0,2266.8443949487173,25024.70963256294,0.0,0.0,0.0,0.0,0.0,0.0,0.0,0.0,1266.2972061322098,0.0,0.0,0.0,0.0,7694.715311652602,2442.167845784903,19080.027319636953,211163.29679912748,0.0,0.0,44898.41663417441,153523.55686957925,0.0,0.0,0.0,0.0,27248.647124300376,74027.4809556324,0.0,0.0,688.6080620040811,366605.88955427986,42522.93024928271,105351.20027879596,0.0,0.0,17973.418551770184,5269.141114804184,27558.3902782503,0.0,81447.9890890877,379292.9319966298,0.0,214328.52742906276,0.0,237292.17294520908,69632.5982448564,0.0,0.0,0.0,0.0,0.0,0.0,0.0,0.0,0.0,0.0,0.0,203278.93118324585,138015.3934621208,5755.0979882088795,0.0,0.0,0.0,0.0,0.0,0.0,0.0,197826.65487277787,0.0,0.0,797.0904754561029,0.0,39327.81023768996,1303.3452213169985,0.0,0.0,25786.63070280019,0.0,0.0,0.0,0.0,0.0,459758.136217586,5972.05669267592,40566.569869400264,0.0,0.0,0.0,0.0,0.0,0.0,0.0,0.0,0.0,0.0,0.0,0.0,0.0,0.0,0.0,0.0,0.0,0.0,0.0,0.0,0.0,0.0,0.0,0.0
North Dakota,2024,0.0,0.0,0.0,0.0,0.0,0.0,0.0,0.0,0.0,0.0,0.0,0.0,0.0,0.0,0.0,0.0,0.0,0.0,0.0,0.0,0.0,0.0,0.0,0.0,0.0,0.0,0.0,0.0,0.0,0.0,0.0,0.0,0.0,0.0,0.0,0.0,0.0,0.0,0.0,0.0,0.0,0.0,0.0,0.0,0.0,0.0,0.0,0.0,0.0,0.0,0.0,0.0,0.0,0.0,0.0,0.0,0.0,0.0,0.0,0.0,0.0,0.0,0.0,0.0,0.0,0.0,0.0,0.0,0.0,0.0,0.0,0.0,0.0,0.0,0.0,0.0,0.0,0.0,0.0,0.0,0.0,0.0,0.0,0.0,0.0,0.0,0.0,0.0,0.0,0.0,0.0,0.0,0.0,0.0,0.0,0.0,0.0,0.0,0.0,0.0,0.0,0.0,0.0,0.0,0.0,0.0,0.0,0.0,0.0,0.0,0.0,0.0,0.0,0.0,4.547473508864641e-13,0.0,0.0,0.0,0.0,0.0,0.0,0.0,0.0,0.0,0.0,0.0,0.0,0.0,0.0,0.0,0.0,0.0,0.0,0.0,0.0,0.0,0.0,0.0,0.0,0.0,0.0,0.0,0.0,0.0,0.0,0.0,0.0,0.0,0.0,0.0,0.0,0.0,0.0,0.0,0.0,0.0,0.0,0.0,0.0,0.0,0.0,0.0,0.0,0.0,0.0,0.0,0.0,0.0,0.0,0.0,0.0,0.0,0.0,0.0,0.0,0.0,0.0,0.0,0.0,0.0,0.0,0.0,0.0,0.0,0.0,0.0,0.0,0.0,0.0,0.0,0.0,0.0,0.0,0.0,0.0,0.0,0.0,0.0,0.0,0.0,0.0,0.0,0.0,0.0,0.0
North Dakota,2025,0.0,0.0,0.0,0.0,0.0,0.0,0.0,0.0,0.0,0.0,0.0,0.0,0.0,0.0,0.0,0.0,0.0,0.0,0.0,0.0,0.0,0.0,0.0,0.0,0.0,0.0,0.0,0.0,0.0,0.0,0.0,0.0,0.0,0.0,0.0,0.0,0.0,0.0,0.0,0.0,12600.617353359092,0.0,0.0,0.0,0.0,0.0,20754.238408325997,0.0,22921.742340477707,-15902.576640089128,-1203135.9557991424,0.0,0.0,0.0,0.0,0.0,-428747.322964523,1306.311266505607,0.0,-258381.93896707147,0.0,0.0,3804.7943101178316,0.0,0.0,0.0,0.0,0.0,0.0,0.0,0.0,0.0,0.0,0.0,0.0,0.0,0.0,0.0,79742.0528601387,0.0,135336.87872058433,0.0,0.0,0.0,0.0,0.0,0.0,0.0,0.0,0.0,0.0,0.0,0.0,0.0,4608.878073554995,0.0,0.0,0.0,31890.762013371394,0.0,0.0,125906.85123192333,0.0,0.0,43927.79043529497,0.0,0.0,0.0,0.0,0.0,0.0,21965.323081882205,-12164.251252408918,1968.5394895703757,-1574.8084366677185,-13093.413176312228,236578.42765719863,0.0,0.0,0.0,0.0,-86310.36262337596,55394.248233040795,0.0,11665.310293823102,0.0,0.0,0.0,0.0,0.0,0.0,0.0,0.0,0.0,0.0,0.0,0.0,0.0,0.0,0.0,9905.542785319878,-3155808.772471931,0.0,0.0,0.0,0.0,0.0,0.0,0.0,0.0,0.0,0.0,-2948.636731881141,0.0,130502.69474325958,0.0,0.0,0.0,0.0,0.0,0.0,0.0,0.0,95413.52462680265,0.0,414317.39368655346,5.630431146429373,0.0,0.0,0.0,32488.091395129682,0.0,0.0,0.0,0.0,0.0,0.0,0.0,0.0,0.0,0.0,0.0,0.0,0.0,0.0,0.0,0.0,0.0,0.0,0.0,0.0,0.0,0.0,0.0,0.0,0.0,41671.65014770697,0.0,0.0,0.0,0.0,-113601.75522170308,0.0,0.0,0.0
North Dakota,2026,0.0,0.0,0.0,0.0,0.0,0.0,0.0,0.0,0.0,0.0,0.0,0.0,0.0,0.0,0.0,0.0,0.0,0.0,0.0,0.0,0.0,0.0,0.0,0.0,0.0,0.0,0.0,0.0,0.0,0.0,0.0,0.0,0.0,0.0,0.0,0.0,0.0,0.0,0.0,0.0,14533.227376880415,0.0,0.0,0.0,0.0,0.0,23937.403808376053,0.0,26437.346993925166,-32977.90966956536,-2766489.611729577,0.0,0.0,0.0,0.0,0.0,-1140158.7933927905,1506.6657552334618,0.0,-594603.0530062177,0.0,0.0,4388.351719645099,0.0,0.0,0.0,0.0,0.0,0.0,0.0,0.0,0.0,0.0,0.0,0.0,0.0,0.0,0.0,82517.38731966726,0.0,52051.83113872213,0.0,0.0,0.0,0.0,0.0,0.0,0.0,0.0,0.0,0.0,0.0,0.0,0.0,5315.761213670798,0.0,0.0,0.0,36781.9831810664,0.0,0.0,145217.71798528614,0.0,0.0,50665.181606352446,0.0,0.0,0.0,0.0,0.0,0.0,12299.185007816704,-28077.01709682333,2270.462724167057,-3616.73193594228,-104475.53072092985,249810.43403489003,0.0,0.0,0.0,0.0,-237642.64703947224,39065.15337676648,0.0,13454.468314348109,0.0,0.0,0.0,0.0,0.0,0.0,0.0,0.0,0.0,0.0,0.0,0.0,0.0,0.0,0.0,11424.797813743164,-7132675.713187173,0.0,0.0,0.0,0.0,0.0,0.0,0.0,0.0,0.0,0.0,-6114.724550184195,0.0,122604.16792730195,0.0,0.0,0.0,0.0,0.0,0.0,0.0,0.0,110047.50079655787,0.0,477863.0062151663,6.493994205697689,0.0,0.0,0.0,37470.92749867722,0.0,0.0,0.0,0.0,0.0,0.0,0.0,0.0,0.0,0.0,0.0,0.0,0.0,0.0,0.0,0.0,0.0,0.0,0.0,0.0,0.0,0.0,0.0,0.0,0.0,17079.613080128795,0.0,0.0,0.0,0.0,-235581.2210054787,0.0,0.0,0.0
North Dakota,2027,0.0,0.0,0.0,0.0,0.0,0.0,0.0,0.0,0.0,0.0,0.0,0.0,0.0,0.0,0.0,0.0,0.0,0.0,0.0,0.0,0.0,0.0,0.0,0.0,0.0,0.0,0.0,0.0,0.0,0.0,0.0,0.0,0.0,0.0,0.0,0.0,0.0,0.0,0.0,0.0,16929.663806046883,0.0,0.0,0.0,0.0,0.0,27884.52890443802,0.0,30796.69676420011,-56620.67847960937,-4937675.860505411,0.0,0.0,0.0,0.0,0.0,-2131240.070284292,1755.1053212560037,0.0,-1061556.6413308508,0.0,0.0,5111.962907458925,0.0,0.0,0.0,0.0,0.0,0.0,0.0,0.0,0.0,0.0,0.0,0.0,0.0,0.0,0.0,84363.59816812561,0.0,-68775.07560575195,0.0,0.0,0.0,0.0,0.0,0.0,0.0,0.0,0.0,0.0,0.0,0.0,0.0,6192.2963074143845,0.0,0.0,0.0,42847.09742900822,0.0,0.0,169163.19275945565,0.0,0.0,59019.546658463776,0.0,0.0,0.0,0.0,0.0,0.0,-1886.030306024768,-50178.795195083396,2644.8475350669432,-6452.468950628022,-232868.04533069883,262328.73873473564,0.0,0.0,0.0,0.0,-448593.24214358814,14628.71053777216,0.0,15673.024259799131,0.0,0.0,0.0,0.0,0.0,0.0,0.0,0.0,0.0,0.0,0.0,0.0,0.0,0.0,0.0,13308.674048988061,-12653285.145302493,0.0,0.0,0.0,0.0,0.0,0.0,0.0,0.0,0.0,0.0,-10498.538452449962,0.0,108100.44763397449,0.0,0.0,0.0,0.0,0.0,0.0,0.0,0.0,128193.63124705385,0.0,556659.5657506455,7.564812399190387,0.0,0.0,0.0,43649.6442670761,0.0,0.0,0.0,0.0,0.0,0.0,0.0,0.0,0.0,0.0,0.0,0.0,0.0,0.0,0.0,0.0,0.0,0.0,0.0,0.0,0.0,0.0,0.0,0.0,0.0,-18641.86485264136,0.0,0.0,0.0,0.0,-404475.86593686027,0.0,0.0,0.0
North Dakota,2028,0.0,0.0,0.0,0.0,0.0,0.0,0.0,0.0,0.0,0.0,0.0,0.0,0.0,0.0,0.0,0.0,0.0,0.0,0.0,0.0,0.0,0.0,0.0,0.0,0.0,0.0,0.0,0.0,0.0,0.0,0.0,0.0,0.0,0.0,0.0,0.0,0.0,0.0,0.0,0.0,16775.055004165188,0.0,0.0,0.0,0.0,0.0,27629.87567243402,0.0,30515.448391924263,-75337.87045422755,-6704563.828033,0.0,0.0,0.0,0.0,0.0,-2960261.0935751745,1739.076962157771,0.0,-1441628.3839880647,0.0,0.0,5065.278314696756,0.0,0.0,0.0,0.0,0.0,0.0,0.0,0.0,0.0,0.0,0.0,0.0,0.0,0.0,0.0,71167.81218479667,0.0,-204874.08881511353,0.0,0.0,0.0,0.0,0.0,0.0,0.0,0.0,0.0,0.0,0.0,0.0,0.0,6135.745656205116,0.0,0.0,0.0,42455.79973559256,0.0,0.0,167618.32341918652,0.0,0.0,58480.5553647792,0.0,0.0,0.0,0.0,0.0,0.0,-18998.819430090487,-68180.51425659232,2620.6936762992045,-8759.522612015306,-348192.1315571468,229637.90734269423,0.0,0.0,0.0,0.0,-625973.371904403,-18128.847071176395,0.0,15529.891618157126,0.0,0.0,0.0,0.0,0.0,0.0,0.0,0.0,0.0,0.0,0.0,0.0,0.0,0.0,0.0,13187.133646714195,-17127854.81550198,0.0,0.0,0.0,0.0,0.0,0.0,0.0,0.0,0.0,0.0,-13969.057791743697,0.0,70429.6838935297,0.0,0.0,0.0,0.0,0.0,0.0,0.0,0.0,127022.91315347352,0.0,551575.9167483561,7.495727354448931,0.0,0.0,0.0,43251.01737879228,0.0,0.0,0.0,0.0,0.0,0.0,0.0,0.0,0.0,0.0,0.0,0.0,0.0,0.0,0.0,0.0,0.0,0.0,0.0,0.0,0.0,0.0,0.0,0.0,0.0,-59188.44423063856,0.0,0.0,0.0,0.0,-538184.1265075373,0.0,0.0,0.0
North Dakota,2029,0.0,0.0,0.0,0.0,0.0,0.0,0.0,0.0,0.0,0.0,0.0,0.0,0.0,0.0,0.0,0.0,0.0,0.0,0.0,0.0,0.0,0.0,0.0,0.0,0.0,0.0,0.0,0.0,0.0,0.0,0.0,0.0,0.0,0.0,0.0,0.0,0.0,0.0,0.0,0.0,21490.623461557232,0.0,0.0,0.0,0.0,0.0,35396.799248556024,0.0,39093.52374633617,-87112.34460367408,-7703396.840480074,0.0,0.0,0.0,0.0,0.0,-3377592.3518119454,2227.941914653735,0.0,-1656325.7496855017,0.0,0.0,6489.158393943304,0.0,0.0,0.0,0.0,0.0,0.0,0.0,0.0,0.0,0.0,0.0,0.0,0.0,0.0,0.0,97248.14089988498,0.0,-195620.85939991474,0.0,0.0,0.0,0.0,0.0,0.0,0.0,0.0,0.0,0.0,0.0,0.0,0.0,7860.540518087662,0.0,0.0,0.0,54390.37938476837,0.0,0.0,214736.8382973913,0.0,0.0,74919.78982215945,0.0,0.0,0.0,0.0,0.0,0.0,-15964.802606827929,-78321.56194512101,3357.3863687151133,-10065.171857389625,-388650.4901878813,309001.49920217786,0.0,0.0,0.0,0.0,-713215.9384950995,-7275.433091148734,0.0,19895.437188238167,0.0,0.0,0.0,0.0,0.0,0.0,0.0,0.0,0.0,0.0,0.0,0.0,0.0,0.0,0.0,16894.11591606702,-19698529.523312856,0.0,0.0,0.0,0.0,0.0,0.0,0.0,0.0,0.0,0.0,-16152.2666994197,0.0,108162.1225543092,0.0,0.0,0.0,0.0,0.0,0.0,0.0,0.0,162729.8150076752,0.0,706627.2113181716,9.6028212190636,0.0,0.0,0.0,55409.13747144822,0.0,0.0,0.0,0.0,0.0,0.0,0.0,0.0,0.0,0.0,0.0,0.0,0.0,0.0,0.0,0.0,0.0,0.0,0.0,0.0,0.0,0.0,0.0,0.0,0.0,-55920.60623041354,0.0,0.0,0.0,0.0,-622296.3405507453,0.0,0.0,0.0
North Dakota,2030,0.0,0.0,0.0,0.0,0.0,0.0,0.0,0.0,0.0,0.0,0.0,0.0,0.0,0.0,0.0,0.0,0.0,0.0,0.0,0.0,0.0,0.0,0.0,0.0,0.0,0.0,0.0,0.0,0.0,0.0,0.0,0.0,0.0,0.0,0.0,0.0,0.0,0.0,0.0,0.0,23191.320282255998,0.0,0.0,0.0,0.0,0.0,38197.98480060004,0.0,42187.25584136997,-55354.1015790713,-4671772.048109921,0.0,0.0,0.0,0.0,0.0,-1939821.407473714,2404.2538647342462,0.0,-1004151.2930802796,0.0,0.0,7002.6889143273,0.0,0.0,0.0,0.0,0.0,0.0,0.0,0.0,0.0,0.0,0.0,0.0,0.0,0.0,0.0,129913.24553875998,0.0,63656.77332934551,0.0,0.0,0.0,0.0,0.0,0.0,0.0,0.0,0.0,0.0,0.0,0.0,0.0,8482.597681389561,0.0,0.0,0.0,58694.654012340005,0.0,0.0,231730.4010403501,0.0,0.0,80848.69405269006,0.0,0.0,0.0,0.0,0.0,0.0,17195.2237566649,-47423.63727618053,3623.078815160192,-6107.166729784759,-183385.18128077197,394334.108231958,0.0,0.0,0.0,0.0,-404972.6519566241,57707.93453016598,0.0,21469.896246300195,0.0,0.0,0.0,0.0,0.0,0.0,0.0,0.0,0.0,0.0,0.0,0.0,0.0,0.0,0.0,18231.06034107953,-12033371.584490675,0.0,0.0,0.0,0.0,0.0,0.0,0.0,0.0,0.0,0.0,-10263.691279114297,0.0,190438.72624101676,0.0,0.0,0.0,0.0,0.0,0.0,0.0,0.0,175607.7140370598,0.0,762547.3503433503,10.362756711219703,0.0,0.0,0.0,59794.03324257006,0.0,0.0,0.0,0.0,0.0,0.0,0.0,0.0,0.0,0.0,0.0,0.0,0.0,0.0,0.0,0.0,0.0,0.0,0.0,0.0,0.0,0.0,0.0,0.0,0.0,21476.065772006987,0.0,0.0,0.0,0.0,-395427.938529822,0.0,0.0,0.0
North Dakota,2031,0.0,0.0,0.0,0.0,0.0,0.0,0.0,0.0,0.0,0.0,0.0,0.0,0.0,0.0,0.0,0.0,0.0,0.0,0.0,0.0,0.0,0.0,0.0,0.0,0.0,0.0,0.0,0.0,0.0,0.0,0.0,0.0,0.0,0.0,0.0,0.0,0.0,0.0,0.0,0.0,27906.8887396481,0.0,0.0,0.0,0.0,0.0,45964.908376722015,0.0,50765.33119578188,-26222.83286669564,-1817045.6409509014,0.0,0.0,0.0,0.0,0.0,-552671.6872775117,2893.1188172302154,0.0,-389928.3922345493,0.0,0.0,8426.568993573856,0.0,0.0,0.0,0.0,0.0,0.0,0.0,0.0,0.0,0.0,0.0,0.0,0.0,0.0,0.0,182418.68414258538,0.0,363689.00031035487,0.0,0.0,0.0,0.0,0.0,0.0,0.0,0.0,0.0,0.0,0.0,0.0,0.0,10207.392543272108,0.0,0.0,0.0,70629.23366151581,0.0,0.0,278848.91591855465,0.0,0.0,97287.92851007031,0.0,0.0,0.0,0.0,0.0,0.0,56659.82524831948,-18305.660469375784,4359.771507576104,-2381.0599814210846,25940.21162865823,538126.6924509476,0.0,0.0,0.0,0.0,-106266.38805050286,137943.08235158585,0.0,25835.441816381208,0.0,0.0,0.0,0.0,0.0,0.0,0.0,0.0,0.0,0.0,0.0,0.0,0.0,0.0,0.0,21938.042610432356,-4842178.147393011,0.0,0.0,0.0,0.0,0.0,0.0,0.0,0.0,0.0,0.0,-4862.206292393976,0.0,306186.45783917047,0.0,0.0,0.0,0.0,0.0,0.0,0.0,0.0,211314.6158912622,0.0,917598.6449131649,12.469850575834386,0.0,0.0,0.0,71952.15333522594,0.0,0.0,0.0,0.0,0.0,0.0,0.0,0.0,0.0,0.0,0.0,0.0,0.0,0.0,0.0,0.0,0.0,0.0,0.0,0.0,0.0,0.0,0.0,0.0,0.0,111336.81632816966,0.0,0.0,0.0,0.0,-187325.6081679411,0.0,0.0,0.0
North Dakota,2032,0.0,0.0,0.0,0.0,0.0,0.0,0.0,0.0,0.0,0.0,0.0,0.0,0.0,0.0,0.0,0.0,0.0,0.0,0.0,0.0,0.0,0.0,0.0,0.0,0.0,0.0,0.0,0.0,0.0,0.0,0.0,0.0,0.0,0.0,0.0,0.0,0.0,0.0,0.0,0.0,32622.457197040116,0.0,0.0,0.0,0.0,0.0,53731.83195284405,0.0,59343.40655019379,0.0,763689.1560985111,0.0,0.0,0.0,0.0,0.0,706177.7798649711,3381.9837697261773,0.0,165357.51718265365,0.0,0.0,9850.449072820404,0.0,0.0,0.0,0.0,0.0,0.0,0.0,0.0,0.0,0.0,0.0,0.0,0.0,0.0,0.0,233045.2731901016,0.0,643046.5737947109,0.0,0.0,0.0,0.0,0.0,0.0,0.0,0.0,0.0,0.0,0.0,0.0,0.0,11932.187405154655,0.0,0.0,0.0,82563.81331069156,0.0,0.0,325967.43079675874,0.0,0.0,113727.16296745057,0.0,0.0,0.0,0.0,0.0,0.0,93534.17874749663,8020.963678357097,5096.4641999920095,987.2842994979155,217505.75064417755,677338.31620401,0.0,0.0,0.0,0.0,164998.5599257988,213245.12524391548,0.0,30200.98738646225,0.0,0.0,0.0,0.0,0.0,0.0,0.0,0.0,0.0,0.0,0.0,0.0,0.0,0.0,0.0,25645.02487978521,1654937.508759329,0.0,0.0,0.0,0.0,0.0,0.0,0.0,0.0,0.0,0.0,0.0,0.0,416387.2305358143,0.0,0.0,0.0,0.0,0.0,0.0,0.0,0.0,247021.51774546434,0.0,1072649.9394829795,14.576944440449054,0.0,0.0,0.0,84110.27342788182,0.0,0.0,0.0,0.0,0.0,0.0,0.0,0.0,0.0,0.0,0.0,0.0,0.0,0.0,0.0,0.0,0.0,0.0,0.0,0.0,0.0,0.0,0.0,0.0,0.0,195040.73135856574,0.0,0.0,0.0,0.0,0.0,0.0,0.0,0.0
North Dakota,2033,0.0,0.0,0.0,0.0,0.0,0.0,0.0,0.0,0.0,0.0,0.0,0.0,0.0,0.0,0.0,0.0,0.0,0.0,0.0,0.0,0.0,0.0,0.0,0.0,0.0,0.0,0.0,0.0,0.0,0.0,0.0,0.0,0.0,0.0,0.0,0.0,0.0,0.0,0.0,0.0,34941.58922526572,0.0,0.0,0.0,0.0,0.0,57551.63043290406,0.0,63562.13213433075,0.0,817979.8543993533,0.0,0.0,0.0,0.0,0.0,756379.9917037119,3622.409156199601,0.0,177112.7909160176,0.0,0.0,10550.717964253134,0.0,0.0,0.0,0.0,0.0,0.0,0.0,0.0,0.0,0.0,0.0,0.0,0.0,0.0,0.0,249612.47270598565,0.0,688760.7852019188,0.0,0.0,0.0,0.0,0.0,0.0,0.0,0.0,0.0,0.0,0.0,0.0,0.0,12780.4471732936,0.0,0.0,0.0,88433.27871192555,0.0,0.0,349140.470900794,0.0,0.0,121812.03237271961,0.0,0.0,0.0,0.0,0.0,0.0,100183.52794755559,8591.174366391962,5458.772081508025,1057.470387139947,232968.2447658017,725490.3292042939,0.0,0.0,0.0,0.0,176728.31537076074,228404.73130390956,0.0,32347.97701109227,0.0,0.0,0.0,0.0,0.0,0.0,0.0,0.0,0.0,0.0,0.0,0.0,0.0,0.0,0.0,27468.130913893154,1772587.0946900863,0.0,0.0,0.0,0.0,0.0,0.0,0.0,0.0,0.0,0.0,0.0,0.0,445988.2184885971,0.0,0.0,0.0,0.0,0.0,0.0,0.0,0.0,264582.2891491703,0.0,1148904.674517314,15.613220111571025,0.0,0.0,0.0,90089.67675213882,0.0,0.0,0.0,0.0,0.0,0.0,0.0,0.0,0.0,0.0,0.0,0.0,0.0,0.0,0.0,0.0,0.0,0.0,0.0,0.0,0.0,0.0,0.0,0.0,0.0,208906.18619448307,0.0,0.0,0.0,0.0,0.0,0.0,0.0,0.0
Ohio,2024,0.0,0.0,0.0,0.0,0.0,0.0,0.0,0.0,0.0,0.0,0.0,0.0,0.0,0.0,0.0,0.0,0.0,0.0,0.0,0.0,0.0,0.0,0.0,0.0,0.0,0.0,0.0,0.0,0.0,0.0,0.0,0.0,0.0,0.0,0.0,0.0,0.0,0.0,0.0,0.0,0.0,0.0,0.0,0.0,0.0,0.0,0.0,0.0,0.0,0.0,0.0,0.0,0.0,0.0,0.0,0.0,0.0,0.0,0.0,0.0,0.0,0.0,0.0,0.0,0.0,0.0,0.0,0.0,0.0,0.0,0.0,0.0,0.0,0.0,0.0,0.0,0.0,0.0,0.0,0.0,0.0,0.0,0.0,0.0,0.0,0.0,0.0,0.0,0.0,0.0,0.0,0.0,0.0,0.0,0.0,0.0,0.0,0.0,0.0,0.0,0.0,0.0,0.0,0.0,0.0,0.0,0.0,0.0,0.0,0.0,0.0,0.0,0.0,0.0,0.0,0.0,0.0,0.0,0.0,0.0,0.0,0.0,0.0,0.0,0.0,0.0,0.0,0.0,0.0,0.0,0.0,0.0,0.0,0.0,0.0,0.0,0.0,0.0,0.0,0.0,0.0,0.0,0.0,0.0,0.0,0.0,0.0,0.0,0.0,0.0,0.0,0.0,0.0,0.0,0.0,0.0,0.0,0.0,0.0,0.0,0.0,0.0,0.0,0.0,0.0,0.0,0.0,0.0,0.0,0.0,0.0,0.0,0.0,0.0,0.0,0.0,0.0,0.0,0.0,0.0,0.0,0.0,0.0,0.0,0.0,0.0,0.0,0.0,0.0,0.0,0.0,0.0,0.0,0.0,0.0,0.0,0.0,0.0,0.0,0.0,0.0,0.0,0.0,0.0,0.0
Ohio,2025,0.0,0.0,41029.935780992266,37749.64169076923,0.0,0.0,0.0,0.0,0.0,0.0,0.0,0.0,0.0,0.0,0.0,0.0,0.0,0.0,0.0,18382.811197891948,0.0,0.0,0.0,0.0,0.0,0.0,0.0,0.0,0.0,0.0,0.0,0.0,0.0,0.0,0.0,0.0,0.0,28549.80493184796,0.0,562750.5468006535,-609149.2808839353,29824.547315503587,24725.099974351993,0.0,0.0,0.0,121191.98061001115,0.0,4964.310203033499,1561.0370353475446,-49089.13444288669,0.0,0.0,5793.9172242321365,0.0,117.06604758617777,-1340825.471184183,453.2543467079595,0.0,-5751.919993238259,0.0,0.0,0.0,0.0,0.0,0.0,0.0,13054.288192491658,2962.427887564045,0.0,1035355.3954346813,0.0,0.0,0.0,-19692.074272963524,0.0,0.0,0.0,-4729.184360279407,0.0,-624939.9010765813,0.0,-24411.95025657989,0.0,0.0,0.0,224.90620622368442,0.0,155.5132460125726,0.0,0.0,0.0,0.0,-22817.23970508439,-83756.17989890632,-914.84322793514,833.9406631944039,0.0,-4928.944414137868,0.0,2873.269465636513,0.0,0.0,0.0,2627.9568623854866,0.0,0.0,0.0,0.0,-50326.542313943464,0.0,-211229.15692222322,-7636.403550374685,3362.4133740188117,0.0,-224983.47522857797,-174952.53683286026,6099.047238720741,26174.93599454721,0.0,0.0,-126270.65349913761,-24555.979994715715,0.0,0.0,0.0,31303.152792242996,-82281.52323661093,-75471.46698171087,0.0,0.0,0.0,-28068.683935747133,1717.8680029053794,0.0,-15903.120350993762,0.0,0.0,0.0,0.0,1907.6865706473218,-2111506.8407911323,0.0,0.0,-36416.6286668709,0.0,0.0,0.0,0.0,11782.985489274462,0.0,0.0,0.0,78681.79888073553,-157766.56667082023,-227.8526394139335,0.0,5420.697586224873,0.0,10591.826356560487,0.0,0.0,0.0,-53768.13310565622,0.0,5427.7158477251505,1507.9078732508497,0.0,4815.976196206364,4725.8107645655255,0.0,0.0,4208.981883253728,0.0,0.0,0.0,0.0,0.0,-152163.79432579956,0.0,0.0,0.0,0.0,0.0,0.0,0.0,0.0,0.0,0.0,0.0,0.0,0.0,0.0,0.0,0.0,0.0,0.0,7651.404026050877,0.0,0.0,3791.5088738757695,0.0,0.0,0.0,0.0
Ohio,2026,0.0,0.0,47322.87071672722,43539.46403597918,0.0,0.0,0.0,0.0,0.0,0.0,0.0,0.0,0.0,0.0,0.0,0.0,0.0,0.0,0.0,-3968.4008935916936,0.0,0.0,0.0,0.0,0.0,0.0,0.0,0.0,0.0,0.0,0.0,0.0,0.0,0.0,0.0,0.0,0.0,32928.60936924798,0.0,649061.9803590365,-1619170.4632414998,34398.864388433576,28517.293221951986,0.0,0.0,0.0,139779.70769743598,0.0,5725.707473437404,1800.4598935296817,-117568.14755156214,0.0,0.0,6682.554835310686,0.0,135.02096286013102,-3530902.9452766646,-1944.380788244489,0.0,-12505.394251832962,0.0,0.0,0.0,0.0,0.0,0.0,0.0,15056.47963305784,3416.7879930186464,0.0,1134501.4824523423,0.0,0.0,0.0,-44998.01782692925,0.0,0.0,0.0,-10174.409372916485,0.0,-1407130.3864799372,0.0,-50624.19183001671,0.0,0.0,0.0,259.4010231291577,0.0,179.3649708611265,0.0,0.0,0.0,0.0,-49284.77928327261,-187743.50809402633,-29530.11654922727,608.5732285118829,0.0,-10804.36561183587,0.0,3313.9549665010054,0.0,0.0,0.0,3031.0177308495113,0.0,0.0,0.0,0.0,-108055.90539185218,0.0,-460230.5625206446,-20743.836312740546,3878.1209467210865,0.0,-493425.804831538,-398957.55727444135,7034.483931776078,30189.496729907172,0.0,0.0,-288651.36084550334,-68076.64327002384,0.0,0.0,0.0,36104.24984626798,-221939.11049410026,-350499.520552753,0.0,0.0,0.0,-71406.54901849327,1981.3446904675548,0.0,-36135.22121270331,0.0,0.0,0.0,0.0,2200.2765354705334,-4649586.70091244,0.0,0.0,-75518.84941831931,0.0,0.0,0.0,0.0,13590.191852660093,0.0,0.0,0.0,90749.55944526556,-362331.2424872977,-13605.589348033827,0.0,6252.092921535455,0.0,12216.339601431726,0.0,0.0,0.0,-122068.59290174479,0.0,6260.187603511222,297.57031322275,0.0,1121.704176829182,5450.628366492747,0.0,0.0,4854.531251850931,0.0,0.0,0.0,0.0,0.0,-367863.1490256904,0.0,0.0,0.0,0.0,0.0,0.0,0.0,0.0,0.0,0.0,0.0,0.0,0.0,0.0,0.0,0.0,0.0,0.0,8824.932250905302,0.0,0.0,4373.028639807635,0.0,0.0,0.0,0.0
Ohio,2027,0.0,0.0,55126.11003703863,50718.843744039594,0.0,0.0,0.0,0.0,0.0,0.0,0.0,0.0,0.0,0.0,0.0,0.0,0.0,0.0,0.0,-35930.56278687285,0.0,0.0,0.0,0.0,0.0,0.0,0.0,0.0,0.0,0.0,0.0,0.0,0.0,0.0,0.0,0.0,0.0,38358.32687162404,0.0,756088.1579714306,-3026239.4432049207,40071.01755886682,33219.61284897599,0.0,0.0,0.0,162828.48928584298,0.0,6669.840088738252,2097.3442376755374,-212765.2813820671,0.0,0.0,7784.465473048083,0.0,157.28505779983357,-6581401.286829041,-5333.693108941057,0.0,-21870.272825036234,0.0,0.0,0.0,0.0,0.0,0.0,0.0,17539.19701935997,3980.1945237823675,0.0,1247378.6755981073,0.0,0.0,0.0,-80137.3092576771,0.0,0.0,0.0,-17722.802887324142,0.0,-2492842.3245796245,0.0,-86918.0647778523,0.0,0.0,0.0,302.17459609194475,0.0,208.9411096733338,0.0,0.0,0.0,0.0,-85979.55975691928,-332064.6639061273,-69817.197833404,269.51537933234795,0.0,-18953.613699958893,0.0,3860.404987572976,0.0,0.0,0.0,3530.813207744912,0.0,0.0,0.0,0.0,-188077.83018697315,0.0,-805536.6193226202,-39010.86540061211,4517.598336871895,0.0,-865762.6624193641,-709989.5517102937,8194.42543116468,35167.5520417536,0.0,0.0,-514131.99942840874,-128749.41613039415,0.0,0.0,0.0,42057.610193259025,-416547.6410662718,-735982.6279212995,0.0,0.0,0.0,-131730.9149870667,2308.0557830446523,0.0,-64224.960986058984,0.0,0.0,0.0,0.0,2563.088091851314,-8170378.57648886,0.0,0.0,-129660.3858434017,0.0,0.0,0.0,0.0,15831.127743258316,0.0,0.0,0.0,105713.58254528267,-646422.0513785239,-32445.1067584627,0.0,7283.023137320546,0.0,14230.736025072052,0.0,0.0,0.0,-216893.12006622826,0.0,7292.452580685946,-1446.469259978432,0.0,-4207.091366723296,6349.402192882517,0.0,0.0,5655.0124689114455,0.0,0.0,0.0,0.0,0.0,-667784.5229846651,0.0,0.0,0.0,0.0,0.0,0.0,0.0,0.0,0.0,0.0,0.0,0.0,0.0,0.0,0.0,0.0,0.0,0.0,10280.107249724795,0.0,0.0,5094.113149563134,0.0,0.0,0.0,0.0
Ohio,2028,0.0,0.0,54622.67524217977,50255.65795642277,0.0,0.0,0.0,0.0,0.0,0.0,0.0,0.0,0.0,0.0,0.0,0.0,0.0,0.0,0.0,-68680.45229751815,0.0,0.0,0.0,0.0,0.0,0.0,0.0,0.0,0.0,0.0,0.0,0.0,0.0,0.0,0.0,0.0,0.0,38008.02251663199,0.0,749183.2432867596,-4203143.650006866,39705.07219303242,32916.237389168,0.0,0.0,0.0,161341.471118849,0.0,6608.92830710594,2078.1904090209646,-290919.66210634087,0.0,0.0,7713.374464161781,0.0,155.84866457791713,-9129134.857269745,-8527.192020914139,0.0,-29386.28362425605,0.0,0.0,0.0,0.0,0.0,0.0,0.0,17379.021704114653,3943.8457153459894,0.0,1157597.058731757,0.0,0.0,0.0,-108692.19471504436,0.0,0.0,0.0,-23763.593761685093,0.0,-3372031.3445190396,0.0,-115650.71419488882,0.0,0.0,0.0,299.4150107395062,0.0,207.03297168544873,0.0,0.0,0.0,0.0,-115377.70449249394,-448805.4248413832,-106599.96361274854,-197.19889575921115,0.0,-25508.2435826143,0.0,3825.1501475038167,0.0,0.0,0.0,3498.5683382677853,0.0,0.0,0.0,0.0,-252081.6076862089,0.0,-1082830.6339589872,-54340.56469036992,4476.34173105572,0.0,-1165282.680400902,-962618.9422877245,8119.590495720244,34846.38718292478,0.0,0.0,-697378.6199303094,-179816.87455801322,0.0,0.0,0.0,41673.522428936965,-579690.1623204642,-1075477.6321353847,0.0,0.0,0.0,-181822.91175739054,2286.9776480396795,0.0,-87021.06400060089,0.0,0.0,0.0,0.0,2539.6808946654564,-11005592.22044907,0.0,0.0,-172522.43551325862,0.0,0.0,0.0,0.0,15686.551234187442,0.0,0.0,0.0,104748.16170012031,-877548.3881306329,-49683.230537044,0.0,7216.511510495693,0.0,14100.774965482356,0.0,0.0,0.0,-293832.0741309613,0.0,7225.854840223052,-3327.75346322776,0.0,-9994.190074499376,6291.416784728346,0.0,0.0,5603.368519423675,0.0,0.0,0.0,0.0,0.0,-914477.6823026411,0.0,0.0,0.0,0.0,0.0,0.0,0.0,0.0,0.0,0.0,0.0,0.0,0.0,0.0,0.0,0.0,0.0,0.0,10186.224991736439,0.0,0.0,5047.591568288597,0.0,0.0,0.0,0.0
Ohio,2029,0.0,0.0,69977.43648537318,64382.82447873516,0.0,0.0,0.0,0.0,0.0,0.0,0.0,0.0,0.0,0.0,0.0,0.0,0.0,0.0,0.0,-71815.41161261464,0.0,0.0,0.0,0.0,0.0,0.0,0.0,0.0,0.0,0.0,0.0,0.0,0.0,0.0,0.0,0.0,0.0,48692.305343888,0.0,959783.1411692128,-4795783.945325566,50866.405850981595,42169.188913311984,0.0,0.0,0.0,206695.5252121659,0.0,8466.737646891488,2662.3821829853878,-333540.0520975255,0.0,0.0,9881.650235193447,0.0,199.65865784636412,-10420442.573833449,-9339.152239407493,0.0,-33874.79320446521,0.0,0.0,0.0,0.0,0.0,0.0,0.0,22264.368819096213,5052.484372655235,0.0,1521328.659467047,0.0,0.0,0.0,-124928.2195093692,0.0,0.0,0.0,-27411.269805899057,0.0,-3878972.5712115383,0.0,-133725.63901613234,0.0,0.0,0.0,383.58236398886083,0.0,265.23118031592116,0.0,0.0,0.0,0.0,-133054.72057852635,-516411.29597632505,-118271.39484464977,-25.663882867032953,0.0,-29389.644925340446,0.0,4900.422769613186,0.0,0.0,0.0,4482.036857320021,0.0,0.0,0.0,0.0,-290812.70517597854,0.0,-1248057.9120424872,-61947.30646962607,5734.668208449257,0.0,-1342552.7489087237,-1106538.8853206523,10402.056026775244,44641.9153772032,0.0,0.0,-801532.9442521164,-204823.2513802484,0.0,0.0,0.0,53388.199240758026,-661025.947054208,-1208539.0127419508,0.0,0.0,0.0,-207856.77982858627,2929.8607656913846,0.0,-100051.66220550504,0.0,0.0,0.0,0.0,3253.600408834085,-12676742.708221775,0.0,0.0,-199485.7800424167,0.0,0.0,0.0,0.0,20096.13476084845,0.0,0.0,0.0,134193.4974775737,-1008350.9382411409,-55077.07188150869,0.0,9245.116128653477,0.0,18064.58728296819,0.0,0.0,0.0,-337846.9412240665,0.0,9257.085924341067,-3337.0050053280793,0.0,-9955.57622017659,8059.971733430779,0.0,0.0,7178.508978800841,0.0,0.0,0.0,0.0,0.0,-1047955.4301606206,0.0,0.0,0.0,0.0,0.0,0.0,0.0,0.0,0.0,0.0,0.0,0.0,0.0,0.0,0.0,0.0,0.0,0.0,13049.633860381262,0.0,0.0,6466.499797162345,0.0,0.0,0.0,0.0
Ohio,2030,0.0,0.0,75515.21922881994,69477.86814252002,0.0,0.0,0.0,0.0,0.0,0.0,0.0,0.0,0.0,0.0,0.0,0.0,0.0,0.0,0.0,-11027.072212283383,0.0,0.0,0.0,0.0,0.0,0.0,0.0,0.0,0.0,0.0,0.0,0.0,0.0,0.0,0.0,0.0,0.0,52545.65324880002,0.0,1035737.2027005898,-2754734.2087684916,54891.804875159985,45506.31897119997,0.0,0.0,0.0,223052.72504909988,0.0,9136.767244846924,2873.074298185664,-198976.38011027803,0.0,0.0,10663.651332942565,0.0,215.4589832874433,-6004530.591759678,-3562.8778181855887,0.0,-21050.453826614103,0.0,0.0,0.0,0.0,0.0,0.0,0.0,24026.297286794463,5452.321265455292,0.0,1799249.3922847398,0.0,0.0,0.0,-75961.7956876466,0.0,0.0,0.0,-17116.054597394526,0.0,-2373428.54892667,0.0,-84973.75015564682,0.0,0.0,0.0,413.937802865677,0.0,286.2206981826487,0.0,0.0,0.0,0.0,-82929.62211420664,-316589.2397417957,-52433.32046932285,905.2395260626909,0.0,-18195.82451120071,0.0,5288.226010373939,0.0,0.0,0.0,4836.730421568373,0.0,0.0,0.0,0.0,-181756.98314495425,0.0,-774808.8013477419,-35328.05844909657,6188.490872427254,0.0,-831012.362721552,-673408.424374302,11225.240316663941,48174.72882432002,0.0,0.0,-487287.067616176,-116047.43741968204,0.0,0.0,0.0,57613.16464830004,-377851.64502382604,-608443.6497261263,0.0,0.0,0.0,-121226.54110111014,3161.7202507461006,0.0,-60981.110055244244,0.0,0.0,0.0,0.0,3511.0795778785105,-7832523.619805509,0.0,0.0,-126759.946392058,0.0,0.0,0.0,0.0,21686.47636062783,0.0,0.0,0.0,144813.12677436008,-611828.019341878,-24199.577455032675,0.0,9976.744023726773,0.0,19494.15893845487,0.0,0.0,0.0,-205990.7954546724,0.0,9989.661069432797,205.97481285063986,0.0,963.1808207581635,8697.81122312673,0.0,0.0,7746.592423166374,0.0,0.0,0.0,0.0,0.0,-622892.500890032,0.0,0.0,0.0,0.0,0.0,0.0,0.0,0.0,0.0,0.0,0.0,0.0,0.0,0.0,0.0,0.0,0.0,0.0,14082.338698253137,0.0,0.0,6978.237191182387,0.0,0.0,0.0,0.0
Ohio,2031,0.0,0.0,90869.98047201335,83605.03466483235,0.0,0.0,0.0,0.0,0.0,0.0,0.0,0.0,0.0,0.0,0.0,0.0,0.0,0.0,0.0,56185.35754293844,0.0,0.0,0.0,0.0,0.0,0.0,0.0,0.0,0.0,0.0,0.0,0.0,0.0,0.0,0.0,0.0,0.0,63229.93607605598,0.0,1246337.100583043,-785663.894882855,66053.13853310922,54759.27049534401,0.0,0.0,0.0,268406.779142417,0.0,10994.576584632465,3457.2660721500906,-71252.67044242349,0.0,0.0,12831.927103974216,0.0,259.26897655589005,-1749721.616701899,2520.4017985420505,0.0,-9129.816949756923,0.0,0.0,0.0,0.0,0.0,0.0,0.0,28911.644401775993,6560.95992276453,0.0,2329693.9213511106,0.0,0.0,0.0,-29913.407837972336,0.0,0.0,0.0,-7572.502623005485,0.0,-962172.9297607439,0.0,-40254.51384492082,0.0,0.0,0.0,498.1051561150316,0.0,344.41890681312066,0.0,0.0,0.0,0.0,-36415.38861975804,-129471.90348059917,15477.545847317786,2064.1063153803934,0.0,-7769.306017369503,0.0,6363.498632483308,0.0,0.0,0.0,5820.198940620601,0.0,0.0,0.0,0.0,-80717.70235842626,0.0,-334666.74649314507,-9575.292870202058,7446.817349820798,0.0,-354475.10479518934,-266269.2746072565,13507.705847718942,57970.25701859838,0.0,0.0,-191743.33713526442,-29947.523438008328,0.0,0.0,0.0,69327.84146012104,-104140.26582984335,-5203.057306909934,0.0,0.0,0.0,-38170.73652936745,3804.6033683978058,0.0,-24283.610566059382,0.0,0.0,0.0,0.0,4224.999092047139,-3315309.2832874423,0.0,0.0,-60049.8390111529,0.0,0.0,0.0,0.0,26096.059887288837,0.0,0.0,0.0,174258.46255181322,-238536.86340549064,7697.235334194585,0.0,12005.348641884557,0.0,23457.971255940705,0.0,0.0,0.0,-82166.25299012483,0.0,12020.892153550798,4225.764131772863,0.0,13390.990436205117,10466.36617182917,0.0,0.0,9321.732882543532,0.0,0.0,0.0,0.0,0.0,-218755.51010197867,0.0,0.0,0.0,0.0,0.0,0.0,0.0,0.0,0.0,0.0,0.0,0.0,0.0,0.0,0.0,0.0,0.0,0.0,16945.74756689793,0.0,0.0,8397.145420056142,0.0,0.0,0.0,0.0
Ohio,2032,0.0,0.0,106224.74171520676,97732.20118714479,0.0,0.0,0.0,0.0,0.0,0.0,0.0,0.0,0.0,0.0,0.0,0.0,0.0,0.0,0.0,118396.02339637163,0.0,0.0,0.0,0.0,0.0,0.0,0.0,0.0,0.0,0.0,0.0,0.0,0.0,0.0,0.0,0.0,0.0,73914.218903312,0.0,1456936.998465496,1001266.4444951331,77214.47219105839,64012.22201948799,0.0,0.0,0.0,313760.8332357339,0.0,12852.385924418006,4041.4578461145065,44359.417460682744,0.0,0.0,15000.202875005882,0.0,303.0789698243368,2110753.373401141,8113.423537077375,0.0,1624.1145597400337,0.0,0.0,0.0,0.0,0.0,0.0,0.0,33796.991516757524,7669.598580073769,0.0,2848285.008265499,0.0,0.0,0.0,11706.50113105063,0.0,0.0,0.0,1033.1409372168273,0.0,312697.1338510283,0.0,0.0,0.0,0.0,0.0,582.2725093643858,0.0,402.6171154435922,0.0,0.0,0.0,0.0,5534.788138463664,39534.379043716006,77730.037796975,3152.7729095852665,0.0,1639.9062495505223,0.0,7438.771254592677,0.0,0.0,0.0,6803.667459672837,0.0,0.0,0.0,0.0,10383.776302952188,0.0,62432.99340484396,13805.5811304753,8705.143827214335,0.0,75575.85239846742,101689.06810291018,15790.171378773943,67765.7852128768,0.0,0.0,75381.49495371076,48252.6313351306,0.0,0.0,0.0,81042.51827194204,144326.9342775346,545685.789323776,0.0,0.0,0.0,37128.69223519383,4447.4864860495145,0.0,8878.175554967784,0.0,0.0,0.0,0.0,4938.918606215775,761906.6368246265,0.0,0.0,0.0,0.0,0.0,0.0,0.0,30505.643413949816,0.0,0.0,0.0,203703.79832926637,98912.76755967236,36942.64840290701,0.0,14033.95326004234,0.0,27421.78357342654,0.0,0.0,0.0,29724.753473763878,0.0,14052.123237668799,7959.084949108634,0.0,24937.916866801505,12234.92112053161,0.0,0.0,10896.873341920698,0.0,0.0,0.0,0.0,0.0,147156.57954381104,0.0,0.0,0.0,0.0,0.0,0.0,0.0,0.0,0.0,0.0,0.0,0.0,0.0,0.0,0.0,0.0,0.0,0.0,19809.156435542754,0.0,0.0,9816.053648929897,0.0,0.0,0.0,0.0
Ohio,2033,0.0,0.0,113776.26363808883,104679.98800139682,0.0,0.0,0.0,0.0,0.0,0.0,0.0,0.0,0.0,0.0,0.0,0.0,0.0,0.0,0.0,126812.80231080565,0.0,0.0,0.0,0.0,0.0,0.0,0.0,0.0,0.0,0.0,0.0,0.0,0.0,0.0,0.0,0.0,0.0,79168.784228192,0.0,1560510.7187355561,1072446.5234876787,82703.65267857444,68562.85391660797,0.0,0.0,0.0,336066.10574064404,0.0,13766.062648902705,4328.765275933078,47512.930550304794,0.0,0.0,16066.568008300135,0.0,324.624868153081,2260806.9307519346,8690.207200850651,0.0,1739.5729407642066,0.0,0.0,0.0,0.0,0.0,0.0,0.0,36199.62124543701,8214.830706619301,0.0,3050769.7244929057,0.0,0.0,0.0,12538.716851267505,0.0,0.0,0.0,1106.5869754075975,0.0,334926.7879162673,0.0,0.0,0.0,0.0,0.0,623.6662896509533,0.0,431.2391852618573,0.0,0.0,0.0,0.0,5928.2564895392825,42344.87992360108,83255.86986785004,3376.9036851482015,0.0,1756.4872625517419,0.0,7967.593855630068,0.0,0.0,0.0,7287.34050182968,0.0,0.0,0.0,0.0,11121.959452451156,0.0,66871.35786490398,14787.020547333726,9323.992914457063,0.0,80948.5433272685,108918.14877373318,16912.695410440327,72583.25809530879,0.0,0.0,80740.36900255276,51682.913183599594,0.0,0.0,0.0,86803.834736772,154587.14287546359,584478.617948689,0.0,0.0,0.0,39768.17272584743,4763.658511124126,0.0,9509.325475937047,0.0,0.0,0.0,0.0,5290.02656400362,816070.6157458089,0.0,0.0,0.0,0.0,0.0,0.0,0.0,32674.2910500126,0.0,0.0,0.0,218185.1110067024,105944.4808932984,39568.90302870612,0.0,15031.62766241502,0.0,29371.199467272032,0.0,0.0,0.0,31837.88760696986,0.0,15051.08934461209,8524.896675348587,0.0,26710.75455875421,13104.702242844272,0.0,0.0,11671.532584237335,0.0,0.0,0.0,0.0,0.0,157617.94775782595,0.0,0.0,0.0,0.0,0.0,0.0,0.0,0.0,0.0,0.0,0.0,0.0,0.0,0.0,0.0,0.0,0.0,0.0,21217.390305368055,0.0,0.0,10513.877368048132,0.0,0.0,0.0,0.0
Oklahoma,2024,0.0,0.0,0.0,0.0,0.0,0.0,0.0,0.0,0.0,0.0,0.0,0.0,0.0,0.0,0.0,0.0,0.0,0.0,0.0,0.0,0.0,0.0,0.0,0.0,0.0,0.0,0.0,0.0,0.0,0.0,0.0,0.0,0.0,0.0,0.0,0.0,0.0,0.0,0.0,0.0,0.0,0.0,0.0,0.0,0.0,0.0,0.0,0.0,0.0,0.0,0.0,0.0,0.0,0.0,0.0,0.0,0.0,0.0,0.0,0.0,0.0,0.0,0.0,0.0,0.0,0.0,0.0,0.0,0.0,0.0,0.0,0.0,0.0,0.0,0.0,0.0,0.0,0.0,0.0,0.0,0.0,0.0,0.0,0.0,0.0,0.0,0.0,0.0,0.0,0.0,0.0,0.0,0.0,0.0,0.0,0.0,0.0,0.0,0.0,0.0,0.0,0.0,0.0,0.0,0.0,0.0,0.0,0.0,0.0,0.0,0.0,0.0,0.0,0.0,0.0,0.0,0.0,0.0,0.0,0.0,0.0,0.0,0.0,0.0,0.0,0.0,0.0,0.0,0.0,0.0,0.0,0.0,0.0,0.0,0.0,0.0,0.0,0.0,0.0,0.0,0.0,0.0,0.0,0.0,0.0,0.0,0.0,0.0,0.0,0.0,0.0,0.0,0.0,0.0,0.0,0.0,0.0,0.0,0.0,0.0,0.0,0.0,0.0,0.0,0.0,0.0,0.0,0.0,0.0,0.0,0.0,0.0,0.0,0.0,0.0,0.0,0.0,0.0,0.0,0.0,0.0,0.0,0.0,0.0,0.0,0.0,0.0,0.0,0.0,0.0,0.0,0.0,0.0,0.0,0.0,0.0,0.0,0.0,0.0,0.0,0.0,0.0,0.0,0.0,0.0
Oklahoma,2025,0.0,0.0,0.0,0.0,0.0,0.0,0.0,0.0,0.0,0.0,0.0,0.0,0.0,0.0,0.0,0.0,0.0,0.0,0.0,0.0,0.0,0.0,0.0,0.0,0.0,0.0,0.0,0.0,0.0,0.0,0.0,0.0,0.0,0.0,0.0,2515.277814018442,0.0,0.0,0.0,0.0,258011.19407689944,67895.09159791085,42217.57871960098,0.0,0.0,7684.524305291008,70994.03908874653,0.0,3237.9697080088517,-376615.66590761417,-142974.64542041265,0.0,0.0,0.0,0.0,139963.5232462755,-1450118.070561775,4630.652996325036,0.0,-84083.18721368359,0.0,0.0,0.0,0.0,-3044.1166669702707,0.0,0.0,0.0,3292.806042630691,0.0,52872.62301897339,0.0,0.0,0.0,0.0,0.0,11617.617263262742,0.0,0.0,0.0,51878.206225398346,0.0,30363.155662957346,429.26809553270505,0.0,0.0,0.0,0.0,39898.86075621471,0.0,0.0,0.0,0.0,113797.11310307938,41173.25302383397,0.0,0.0,0.0,0.0,0.0,197320.2697627074,469120.67203908134,0.0,0.0,17241.93382203355,0.0,10218.880628822677,0.0,13291.391643854091,0.0,646.209274701655,0.0,15996.76285475603,0.0,-1674.5387043656701,-4137357.028484024,34552.78293913888,0.0,0.0,0.0,0.0,-64457.16328859306,-102838.53630644176,0.0,58737.85934112896,0.0,0.0,0.0,26706.61523056659,0.0,0.0,0.0,0.0,0.0,0.0,0.0,0.0,0.0,0.0,0.0,6920.345429276989,-386312.8952828066,0.0,0.0,100846.41766239516,37441.78587413841,0.0,0.0,0.0,0.0,0.0,0.0,0.0,26920.315179973783,-73637.09556277742,0.0,0.0,0.0,0.0,0.0,0.0,0.0,0.0,-130086.67812985694,0.0,0.0,1480.334188915389,0.0,0.0,0.0,0.0,0.0,0.0,0.0,0.0,0.0,0.0,0.0,30487.30289570341,0.0,0.0,0.0,0.0,0.0,0.0,0.0,0.0,0.0,0.0,0.0,0.0,0.0,0.0,0.0,0.0,0.0,0.0,0.0,0.0,0.0,0.0,0.0,0.0,0.0,0.0
Oklahoma,2026,0.0,0.0,0.0,0.0,0.0,0.0,0.0,0.0,0.0,0.0,0.0,0.0,0.0,0.0,0.0,0.0,0.0,0.0,0.0,0.0,0.0,0.0,0.0,0.0,0.0,0.0,0.0,0.0,0.0,0.0,0.0,0.0,0.0,0.0,0.0,2901.0566198494853,0.0,0.0,0.0,0.0,142182.11729632597,74770.9710951671,48692.667480276024,0.0,0.0,8863.132327574902,81882.69539070141,0.0,3734.590828869106,-857350.2512271013,-346043.96806479734,0.0,0.0,0.0,0.0,145091.2205448933,-3355938.0659655007,2120.892591365511,0.0,-183479.59069591356,0.0,0.0,0.0,0.0,-7249.388774373909,0.0,0.0,0.0,3797.8376442611625,0.0,60981.92102801835,0.0,0.0,0.0,0.0,0.0,-33334.58097896539,0.0,0.0,0.0,59834.98632131831,0.0,35020.08137813484,495.1067604917089,0.0,0.0,0.0,0.0,35700.11050640349,0.0,0.0,0.0,0.0,131250.65805753926,47488.169131784,0.0,0.0,0.0,0.0,0.0,227584.11481833784,541071.6953579588,0.0,0.0,19886.40219964602,0.0,11786.193608703441,0.0,15329.94864444519,0.0,745.3211266497628,0.0,18450.254090148082,0.0,-4910.167048048766,-9449628.19652173,39852.28952489642,0.0,0.0,0.0,0.0,-245564.2772709923,-257268.0002432405,0.0,67746.73347320408,0.0,0.0,0.0,30802.721861021593,0.0,0.0,0.0,0.0,0.0,0.0,0.0,0.0,0.0,0.0,0.0,7981.748102478989,-815441.5901487125,0.0,0.0,116313.65963515523,43184.39106955839,0.0,0.0,0.0,0.0,0.0,0.0,0.0,31049.19787628879,-179567.86265219166,0.0,0.0,0.0,0.0,0.0,0.0,0.0,0.0,-320887.1313201899,0.0,0.0,1707.3793099146824,0.0,0.0,0.0,0.0,0.0,0.0,0.0,0.0,0.0,0.0,0.0,35163.26959749841,0.0,0.0,0.0,0.0,0.0,0.0,0.0,0.0,0.0,0.0,0.0,0.0,0.0,0.0,0.0,0.0,0.0,0.0,0.0,0.0,0.0,0.0,0.0,0.0,0.0,0.0
Oklahoma,2027,0.0,0.0,0.0,0.0,0.0,0.0,0.0,0.0,0.0,0.0,0.0,0.0,0.0,0.0,0.0,0.0,0.0,0.0,0.0,0.0,0.0,0.0,0.0,0.0,0.0,0.0,0.0,0.0,0.0,0.0,0.0,0.0,0.0,0.0,0.0,3379.422339079989,0.0,0.0,0.0,0.0,-27664.41866127774,82700.23735702038,56721.77754351299,0.0,0.0,10324.60627520697,95384.62920512585,0.0,4350.401018735807,-1524822.608615654,-628411.0138763551,0.0,0.0,0.0,0.0,148692.91983845807,-6003170.630801212,-1534.4685985528195,0.0,-321324.98189681413,0.0,0.0,0.0,0.0,-13094.646104868954,0.0,0.0,0.0,4424.076830282953,0.0,71037.45055923425,0.0,0.0,0.0,0.0,0.0,-96960.02335634478,0.0,0.0,0.0,69701.39364025928,0.0,40794.66926495492,576.746705040875,0.0,0.0,0.0,0.0,28752.82763674145,0.0,0.0,0.0,0.0,152893.05380106973,55318.665105641936,0.0,0.0,0.0,0.0,0.0,265111.2826873185,630290.9642733671,0.0,0.0,23165.54298788539,0.0,13729.661703755584,0.0,17857.759325178195,0.0,868.219823065414,0.0,21492.583222034154,0.0,-9424.912874415688,-16826042.091211542,46423.67769123573,0.0,0.0,0.0,0.0,-499024.59424118744,-472153.9465445322,0.0,78917.73739697703,0.0,0.0,0.0,35881.89408278576,0.0,0.0,0.0,0.0,0.0,0.0,0.0,0.0,0.0,0.0,0.0,9297.88741724944,-1409965.0444634764,0.0,0.0,135493.03968137782,50305.22151187924,0.0,0.0,0.0,0.0,0.0,0.0,0.0,36169.01241971942,-326888.6155244862,0.0,0.0,0.0,0.0,0.0,0.0,0.0,0.0,-586304.336414791,0.0,0.0,1988.9152599538065,0.0,0.0,0.0,0.0,0.0,0.0,0.0,0.0,0.0,0.0,0.0,40961.46830772422,0.0,0.0,0.0,0.0,0.0,0.0,0.0,0.0,0.0,0.0,0.0,0.0,0.0,0.0,0.0,0.0,0.0,0.0,0.0,0.0,0.0,0.0,0.0,0.0,0.0,0.0
Oklahoma,2028,0.0,0.0,0.0,0.0,0.0,0.0,0.0,0.0,0.0,0.0,0.0,0.0,0.0,0.0,0.0,0.0,0.0,0.0,0.0,0.0,0.0,0.0,0.0,0.0,0.0,0.0,0.0,0.0,0.0,0.0,0.0,0.0,0.0,0.0,0.0,3348.560034613507,0.0,0.0,0.0,0.0,-231632.43861606158,77296.20754381362,56203.77044265892,0.0,0.0,10230.31763342423,94513.53670096933,0.0,4310.671329066987,-2066745.1719218045,-860718.1280915282,0.0,0.0,0.0,0.0,125862.96602037572,-8160599.250042085,-5751.995861890886,0.0,-432064.748341683,0.0,0.0,0.0,0.0,-17887.856004222976,0.0,0.0,0.0,4383.674302152511,0.0,70388.7067185106,0.0,0.0,0.0,0.0,0.0,-157490.0794952584,0.0,0.0,0.0,69064.8512325855,0.0,40422.11520774069,571.4796118441536,0.0,0.0,0.0,0.0,14930.573486081557,0.0,0.0,0.0,0.0,151496.77020471287,54813.47181700595,0.0,0.0,0.0,0.0,0.0,262690.1750828689,624534.8824078562,0.0,0.0,22953.985517676512,0.0,13604.276665365149,0.0,17694.674765130912,0.0,860.2908749095659,0.0,21296.303923202795,0.0,-13253.42672407864,-22819588.06387475,45999.71716437512,0.0,0.0,0.0,0.0,-719477.4124702527,-650057.7035203446,0.0,78197.027466411,0.0,0.0,0.0,35554.20555234939,0.0,0.0,0.0,0.0,0.0,0.0,0.0,0.0,0.0,0.0,0.0,9212.975203393275,-1883164.1176471314,0.0,0.0,134255.66032355675,49845.813096245576,0.0,0.0,0.0,0.0,0.0,0.0,0.0,35838.701804014214,-448270.1859174006,0.0,0.0,0.0,0.0,0.0,0.0,0.0,0.0,-805470.5095154239,0.0,0.0,1970.7516502738617,0.0,0.0,0.0,0.0,0.0,0.0,0.0,0.0,0.0,0.0,0.0,40587.39097158058,0.0,0.0,0.0,0.0,0.0,0.0,0.0,0.0,0.0,0.0,0.0,0.0,0.0,0.0,0.0,0.0,0.0,0.0,0.0,0.0,0.0,0.0,0.0,0.0,0.0,0.0
Oklahoma,2029,0.0,0.0,0.0,0.0,0.0,0.0,0.0,0.0,0.0,0.0,0.0,0.0,0.0,0.0,0.0,0.0,0.0,0.0,0.0,0.0,0.0,0.0,0.0,0.0,0.0,0.0,0.0,0.0,0.0,0.0,0.0,0.0,0.0,0.0,0.0,4289.860320841268,0.0,0.0,0.0,0.0,-196904.18545773998,101297.37670067744,72002.98701870593,0.0,0.0,13106.121207796969,121081.8580777396,0.0,5522.426863966,-2375970.933205342,-986292.7353489017,0.0,0.0,0.0,0.0,171741.26770805148,-9373043.801096562,-5300.156792647453,0.0,-497946.4935721567,0.0,0.0,0.0,0.0,-20514.42088633114,0.0,0.0,0.0,5615.951410130874,0.0,90175.3938605804,0.0,0.0,0.0,0.0,0.0,-171736.01916623232,0.0,0.0,0.0,88479.39466663043,0.0,51785.01395277376,732.1259543441229,0.0,0.0,0.0,0.0,25756.84008519398,0.0,0.0,0.0,0.0,194083.41989359516,70221.86712040397,0.0,0.0,0.0,0.0,0.0,336533.95701860543,800095.3793059178,0.0,0.0,29406.48835905103,0.0,17428.520336274232,0.0,22668.753846573207,0.0,1102.123793662944,0.0,27282.822537559317,0.0,-15065.240848543806,-26228999.844372958,58930.51323362335,0.0,0.0,0.0,0.0,-811721.5381234342,-743709.3309879985,0.0,100178.68034867395,0.0,0.0,0.0,45548.70573065954,0.0,0.0,0.0,0.0,0.0,0.0,0.0,0.0,0.0,0.0,0.0,11802.797726006145,-2174895.209156197,0.0,0.0,171995.73073709104,63857.76977307041,0.0,0.0,0.0,0.0,0.0,0.0,0.0,45913.17558302276,-513479.8608197085,0.0,0.0,0.0,0.0,0.0,0.0,0.0,0.0,-922127.1559118624,0.0,0.0,2524.7417455121395,0.0,0.0,0.0,0.0,0.0,0.0,0.0,0.0,0.0,0.0,0.0,51996.74972396041,0.0,0.0,0.0,0.0,0.0,0.0,0.0,0.0,0.0,0.0,0.0,0.0,0.0,0.0,0.0,0.0,0.0,0.0,0.0,0.0,0.0,0.0,0.0,0.0,0.0,0.0
Oklahoma,2030,0.0,0.0,0.0,0.0,0.0,0.0,0.0,0.0,0.0,0.0,0.0,0.0,0.0,0.0,0.0,0.0,0.0,0.0,0.0,0.0,0.0,0.0,0.0,0.0,0.0,0.0,0.0,0.0,0.0,0.0,0.0,0.0,0.0,0.0,0.0,4629.345669972587,0.0,0.0,0.0,0.0,197902.83832191583,118655.61315029976,77701.06512809999,0.0,0.0,14143.296267406797,130663.87562345981,0.0,5959.453450323024,-1446999.457030402,-585981.922734214,0.0,0.0,0.0,0.0,228481.17832107306,-5669188.79617687,2783.851990907351,0.0,-308919.5200770771,0.0,0.0,0.0,0.0,-12265.410114096323,0.0,0.0,0.0,6060.379219565693,0.0,97311.57610853994,0.0,0.0,0.0,0.0,0.0,-61909.73027889,0.0,0.0,0.0,95481.36115103995,0.0,55883.10858212999,790.0639795080469,0.0,0.0,0.0,0.0,55043.8382057026,0.0,0.0,0.0,0.0,209442.53945351997,75778.9932954,0.0,0.0,0.0,0.0,0.0,363166.14066756004,863412.2798265293,0.0,0.0,31733.620531349996,0.0,18807.755758569314,0.0,24462.684007093427,0.0,1189.3422233772799,0.0,29441.89482470433,0.0,-8390.941026985081,-15951621.484576631,63594.079029089946,0.0,0.0,0.0,0.0,-423791.9013206742,-436394.55640039407,0.0,108106.48958489997,0.0,0.0,0.0,49153.27956545999,0.0,0.0,0.0,0.0,0.0,0.0,0.0,0.0,0.0,0.0,0.0,12736.83207842389,-1370221.6539844153,0.0,0.0,185606.90367311984,68911.26234503993,0.0,0.0,0.0,0.0,0.0,0.0,0.0,49546.592355779954,-304194.9239109239,0.0,0.0,0.0,0.0,0.0,0.0,0.0,0.0,-543918.464009308,0.0,0.0,2724.5414519915175,0.0,0.0,0.0,0.0,0.0,0.0,0.0,0.0,0.0,0.0,0.0,56111.60042153997,0.0,0.0,0.0,0.0,0.0,0.0,0.0,0.0,0.0,0.0,0.0,0.0,0.0,0.0,0.0,0.0,0.0,0.0,0.0,0.0,0.0,0.0,0.0,0.0,0.0,0.0
Oklahoma,2031,0.0,0.0,0.0,0.0,0.0,0.0,0.0,0.0,0.0,0.0,0.0,0.0,0.0,0.0,0.0,0.0,0.0,0.0,0.0,0.0,0.0,0.0,0.0,0.0,0.0,0.0,0.0,0.0,0.0,0.0,0.0,0.0,0.0,0.0,0.0,5570.645956200351,0.0,0.0,0.0,0.0,666949.3896134356,152543.38569730532,93500.281704147,0.0,0.0,17019.099841779505,157232.1970002302,0.0,7171.208985222038,-574097.4974065991,-205301.46238600172,0.0,0.0,0.0,0.0,320024.2739118978,-2176812.8322883258,12234.954489751632,0.0,-133049.02423765016,0.0,0.0,0.0,0.0,-4443.879101480605,0.0,0.0,0.0,7292.656327544049,0.0,117098.26325060974,0.0,0.0,0.0,0.0,0.0,54457.41587305989,0.0,0.0,0.0,114895.90458508476,0.0,67246.00732716307,950.7103220080162,0.0,0.0,0.0,0.0,94707.60465719807,0.0,0.0,0.0,0.0,252029.1891424025,91187.38859879802,0.0,0.0,0.0,0.0,0.0,437009.92260329705,1038972.7767245909,0.0,0.0,38186.12337272451,0.0,22631.999429478426,0.0,29436.763088535692,0.0,1431.1751421306599,0.0,35428.41343906088,0.0,-1877.5624247347696,-6287698.394373549,76524.87509833823,0.0,0.0,0.0,0.0,-37504.56437655422,-142526.1532991908,0.0,130088.14246716304,0.0,0.0,0.0,59147.77974377014,0.0,0.0,0.0,0.0,0.0,0.0,0.0,0.0,0.0,0.0,0.0,15326.654601036746,-628210.781628227,0.0,0.0,223346.97408665414,82923.21902186476,0.0,0.0,0.0,0.0,0.0,0.0,0.0,59621.06613478856,-104912.26092951058,0.0,0.0,0.0,0.0,0.0,0.0,0.0,0.0,-183084.82133186783,0.0,0.0,3278.5315472297916,0.0,0.0,0.0,0.0,0.0,0.0,0.0,0.0,0.0,0.0,0.0,67520.95917391981,0.0,0.0,0.0,0.0,0.0,0.0,0.0,0.0,0.0,0.0,0.0,0.0,0.0,0.0,0.0,0.0,0.0,0.0,0.0,0.0,0.0,0.0,0.0,0.0,0.0,0.0
Oklahoma,2032,0.0,0.0,0.0,0.0,0.0,0.0,0.0,0.0,0.0,0.0,0.0,0.0,0.0,0.0,0.0,0.0,0.0,0.0,0.0,0.0,0.0,0.0,0.0,0.0,0.0,0.0,0.0,0.0,0.0,0.0,0.0,0.0,0.0,0.0,0.0,6511.946242428108,0.0,0.0,0.0,0.0,1105115.511450531,185728.21167299326,109299.498280194,0.0,0.0,19894.9034161522,183800.51837700047,0.0,8382.964520121051,214754.0967398471,139383.79820126307,0.0,0.0,0.0,0.0,408320.560761902,981046.0766386734,21046.201102546285,0.0,25632.665470659995,0.0,0.0,0.0,0.0,2634.78270761117,0.0,0.0,0.0,8524.933435522405,0.0,136884.95039267954,0.0,0.0,0.0,0.0,0.0,161537.8517944808,0.0,0.0,0.0,134310.44801912957,0.0,78608.90607219614,1111.3566645079864,0.0,0.0,0.0,0.0,132320.9984127673,0.0,0.0,0.0,0.0,294615.8388312848,106595.78390219604,0.0,0.0,0.0,0.0,0.0,510853.7045390345,1214533.2736226516,0.0,0.0,44638.62621409903,0.0,26456.24310038751,0.0,34410.842169978045,0.0,1673.0080608840399,0.0,41414.93205341743,0.0,4043.8873368545756,2446698.59263747,89455.67116758658,0.0,0.0,0.0,0.0,314758.7465572071,123789.22010560299,0.0,152069.795349426,0.0,0.0,0.0,69142.27992208034,0.0,0.0,0.0,0.0,0.0,0.0,0.0,0.0,0.0,0.0,0.0,17916.4771236496,40300.088710019016,0.0,0.0,261087.04450018867,96935.17569868959,0.0,0.0,0.0,0.0,0.0,0.0,0.0,69695.53991379717,75564.75417484931,0.0,0.0,0.0,0.0,0.0,0.0,0.0,0.0,143798.82372793462,0.0,0.0,3832.5216424680657,0.0,0.0,0.0,0.0,0.0,0.0,0.0,0.0,0.0,0.0,0.0,78930.31792629958,0.0,0.0,0.0,0.0,0.0,0.0,0.0,0.0,0.0,0.0,0.0,0.0,0.0,0.0,0.0,0.0,0.0,0.0,0.0,0.0,0.0,0.0,0.0,0.0,0.0,0.0
Oklahoma,2033,0.0,0.0,0.0,0.0,0.0,0.0,0.0,0.0,0.0,0.0,0.0,0.0,0.0,0.0,0.0,0.0,0.0,0.0,0.0,0.0,0.0,0.0,0.0,0.0,0.0,0.0,0.0,0.0,0.0,0.0,0.0,0.0,0.0,0.0,0.0,6974.880809425376,0.0,0.0,0.0,0.0,1183678.2255346915,198931.63904311124,117069.604793004,0.0,0.0,21309.233042892898,196866.9059393464,0.0,8978.909865153357,230020.97565500194,149292.59902125807,0.0,0.0,0.0,0.0,437348.0887781512,1050788.6887219911,22542.3765363766,0.0,27454.892873787467,0.0,0.0,0.0,0.0,2822.089535166466,0.0,0.0,0.0,9130.971357478971,0.0,146616.10800353356,0.0,0.0,0.0,0.0,0.0,173021.58533437282,0.0,0.0,0.0,143858.58413423365,0.0,84197.2169304092,1190.3630624587913,0.0,0.0,0.0,0.0,141727.70446106838,0.0,0.0,0.0,0.0,315560.0927766368,114173.68323173601,0.0,0.0,0.0,0.0,0.0,547170.3186057904,1300874.5016053058,0.0,0.0,47811.98826723403,0.0,28337.01867624445,0.0,36857.110570687364,0.0,1791.9422832217679,0.0,44359.121535887854,0.0,4331.367479284996,2620634.511545349,95815.0790704955,0.0,0.0,0.0,0.0,337134.9607674347,132589.401629698,0.0,162880.44430791598,0.0,0.0,0.0,74057.60787862638,0.0,0.0,0.0,0.0,0.0,0.0,0.0,0.0,0.0,0.0,0.0,19190.160331492007,43165.02392637107,0.0,0.0,279647.7348675006,103826.30193319352,0.0,0.0,0.0,0.0,0.0,0.0,0.0,74650.1991493752,80936.65613040718,0.0,0.0,0.0,0.0,0.0,0.0,0.0,0.0,154021.4889218636,0.0,0.0,4104.975787667223,0.0,0.0,0.0,0.0,0.0,0.0,0.0,0.0,0.0,0.0,0.0,84541.4779684536,0.0,0.0,0.0,0.0,0.0,0.0,0.0,0.0,0.0,0.0,0.0,0.0,0.0,0.0,0.0,0.0,0.0,0.0,0.0,0.0,0.0,0.0,0.0,0.0,0.0,0.0
Oregon,2024,0.0,0.0,0.0,0.0,0.0,0.0,0.0,0.0,0.0,0.0,0.0,-3.637978807091713e-12,0.0,0.0,0.0,0.0,0.0,0.0,0.0,0.0,0.0,0.0,0.0,0.0,0.0,0.0,0.0,0.0,0.0,0.0,0.0,0.0,0.0,0.0,0.0,0.0,0.0,0.0,0.0,0.0,0.0,0.0,0.0,0.0,0.0,0.0,0.0,0.0,0.0,0.0,0.0,0.0,0.0,0.0,0.0,0.0,0.0,0.0,0.0,0.0,0.0,0.0,0.0,0.0,0.0,0.0,0.0,0.0,0.0,0.0,0.0,0.0,0.0,0.0,0.0,0.0,0.0,0.0,0.0,0.0,0.0,0.0,0.0,0.0,0.0,0.0,0.0,0.0,0.0,0.0,0.0,0.0,0.0,0.0,0.0,0.0,0.0,0.0,0.0,0.0,0.0,0.0,0.0,0.0,0.0,0.0,0.0,0.0,0.0,0.0,0.0,0.0,0.0,0.0,0.0,0.0,0.0,0.0,0.0,0.0,0.0,0.0,0.0,0.0,0.0,0.0,0.0,0.0,0.0,0.0,0.0,0.0,0.0,0.0,0.0,0.0,0.0,0.0,0.0,0.0,0.0,0.0,0.0,0.0,0.0,0.0,0.0,0.0,0.0,0.0,0.0,0.0,0.0,0.0,0.0,0.0,0.0,0.0,0.0,0.0,0.0,0.0,0.0,0.0,0.0,0.0,0.0,0.0,0.0,0.0,0.0,0.0,0.0,0.0,0.0,0.0,0.0,0.0,0.0,0.0,0.0,0.0,0.0,0.0,0.0,0.0,0.0,0.0,0.0,0.0,0.0,0.0,0.0,0.0,0.0,0.0,0.0,0.0,0.0,0.0,0.0,0.0,0.0,0.0,0.0
Oregon,2025,0.0,8738.440241950608,0.0,9833.07879464337,0.0,0.0,0.0,0.0,0.0,0.0,0.0,2528.650134534142,0.0,0.0,3603.475933714799,0.0,0.0,0.0,0.0,0.0,0.0,0.0,0.0,0.0,5990.514899888964,0.0,0.0,0.0,0.0,30.792892882385786,0.0,0.0,0.0,0.0,0.0,0.0,0.0,0.0,0.0,0.0,-27880.111448408104,-24946.52413737215,0.0,0.0,0.0,0.0,110799.61232148577,0.0,1207.9636212228506,-7986.114864765053,-85209.67598635107,0.0,0.0,0.0,-1797.9425965393073,0.0,-17891.358956375334,277.57998117030274,0.0,-70858.30764848547,0.0,0.0,0.0,0.0,0.0,0.0,0.0,0.0,0.0,0.0,46134.19790336513,0.0,100963.83561192686,0.0,0.0,0.0,0.0,0.0,-4041.429177918034,-34755.9647233845,106020.25220425567,9821.419233594977,162472.52077475004,462.4788334022751,0.0,0.0,0.0,0.0,0.0,0.0,0.0,0.0,0.0,0.0,0.0,11034.3062743013,10201.118793005764,0.0,73118.80915262969,0.0,78930.51639295137,-253072.7277214015,2340.221191391054,0.0,33442.82833566505,0.0,0.0,0.0,0.0,0.0,0.0,2728.510296493696,-35988.902571635816,22140.49747683201,0.0,-2348.402830711857,96787.22870775824,0.0,0.0,0.0,0.0,113885.16245464003,104194.13324359525,0.0,159209.8058499389,0.0,26395.343913810328,5903.138155152585,-19540.352559042745,0.0,0.0,0.0,8279.78360212216,0.0,0.0,0.0,0.0,0.0,0.0,0.0,52023.54158392153,-47608.328752281406,0.0,0.0,2552.008532937478,0.0,0.0,0.0,0.0,0.0,0.0,0.0,0.0,-66320.13616824272,97719.0650624996,3813.184792228276,0.0,0.0,0.0,0.0,0.0,0.0,0.0,16276.380205028458,17650.391763709893,4357.712214132116,16042.505943963915,0.0,0.0,2882.9985858461005,0.0,0.0,0.0,0.0,0.0,0.0,0.0,17424.8245831331,-1373729.0015990548,0.0,0.0,0.0,0.0,0.0,0.0,0.0,0.0,0.0,0.0,0.0,0.0,0.0,0.0,0.0,1299.0780922724662,0.0,0.0,0.0,0.0,0.0,0.0,3268.9344830977934,-2725.766116924482,498.0585551612321,404.56993800072723
Oregon,2026,0.0,10078.691812801917,0.0,11341.219714067222,0.0,0.0,0.0,0.0,0.0,0.0,0.0,2916.4799097694413,0.0,0.0,4156.156291646519,0.0,0.0,0.0,0.0,0.0,0.0,0.0,0.0,0.0,6909.305528706274,0.0,0.0,0.0,0.0,-1592.9901776105507,0.0,0.0,0.0,0.0,0.0,0.0,0.0,0.0,0.0,0.0,-558237.1667927643,-119783.86614586122,0.0,0.0,0.0,0.0,127793.41789226583,0.0,-9415.851872209954,-17423.562667746817,-185612.99711308198,0.0,0.0,0.0,-3728.476829991543,0.0,-55823.31938066898,320.15359791421406,0.0,-164379.38858111366,0.0,0.0,0.0,0.0,0.0,0.0,0.0,0.0,0.0,0.0,53209.995127807604,0.0,116449.08647265192,0.0,0.0,0.0,0.0,0.0,-8380.89885568253,-72075.0536889065,38241.21542108338,11327.77187678439,-236745.72646712605,533.4111698136658,0.0,0.0,0.0,0.0,0.0,0.0,0.0,0.0,0.0,0.0,0.0,12726.684537230933,8066.35461697352,0.0,-89467.93544551684,0.0,-72177.94741549017,-1000827.7993076453,2699.1508219725038,0.0,20622.25353259174,0.0,0.0,0.0,0.0,0.0,0.0,478.1852808965923,-80279.0727100906,25536.279298431997,0.0,-16298.067546717415,111631.89568747557,0.0,0.0,0.0,0.0,95601.64100321196,120174.8285263551,0.0,183628.48772876407,0.0,30443.709544762794,6808.527442752675,-68885.58300083363,0.0,0.0,0.0,9549.689062570338,0.0,0.0,0.0,0.0,0.0,0.0,0.0,60002.612379001686,-103602.27106699921,0.0,0.0,2943.420884615003,0.0,0.0,0.0,0.0,0.0,0.0,0.0,0.0,-157927.48944617703,112706.65172852669,4398.029085514827,0.0,0.0,0.0,0.0,0.0,0.0,0.0,-9585.612491324777,20357.507064892416,5026.072983170787,18503.01299058416,0.0,0.0,3325.1762830617517,0.0,0.0,0.0,0.0,0.0,0.0,0.0,20097.3436909756,-3901288.9046096206,0.0,0.0,0.0,0.0,0.0,0.0,0.0,0.0,0.0,0.0,0.0,0.0,0.0,0.0,0.0,1498.323198449225,0.0,0.0,0.0,0.0,0.0,0.0,3770.304802591316,-13729.742281529325,574.4479041123404,466.62054198856913
Oregon,2027,0.0,11740.60376065757,0.0,13211.314454152758,0.0,0.0,0.0,0.0,0.0,0.0,0.0,3397.3888310612165,0.0,0.0,4841.479935481853,0.0,0.0,0.0,0.0,0.0,0.0,0.0,0.0,0.0,8048.605908439771,0.0,0.0,0.0,0.0,-3881.233958532699,0.0,0.0,0.0,0.0,0.0,0.0,0.0,0.0,0.0,0.0,-1304637.471359875,-252737.08925672853,0.0,0.0,0.0,0.0,148865.7368000329,0.0,-24413.03404027995,-30511.580950126656,-324847.6983712048,0.0,0.0,0.0,-6401.524230156177,0.0,-108795.6616794889,372.9448826766643,0.0,-294290.3402375402,0.0,0.0,0.0,0.0,0.0,0.0,0.0,0.0,0.0,0.0,61983.98368611629,0.0,135650.79753995105,0.0,0.0,0.0,0.0,0.0,-14389.39533258722,-123747.63841039847,-59983.53602232784,13195.649154339291,-803334.5288834926,621.3672669637917,0.0,0.0,0.0,0.0,0.0,0.0,0.0,0.0,0.0,0.0,0.0,14825.233583263704,4795.1120703216875,0.0,-320398.3186000455,0.0,-287089.09499008814,-2047652.6785567543,3144.2235638935053,0.0,1696.339642540901,0.0,0.0,0.0,0.0,0.0,0.0,-2762.484728003037,-141740.0173872254,29747.04875721602,0.0,-35888.39594051908,130039.28274232522,0.0,0.0,0.0,0.0,66898.43001681962,139990.89067697758,0.0,213907.6532585069,0.0,35463.68292714388,7931.210159376802,-137893.2956180451,0.0,0.0,0.0,11124.371833526078,0.0,0.0,0.0,0.0,0.0,0.0,0.0,69896.66016490082,-181249.82103289035,0.0,0.0,3428.7722006951335,0.0,0.0,0.0,0.0,0.0,0.0,0.0,0.0,-285259.9768460164,131291.25919440086,5123.2360091901355,0.0,0.0,0.0,0.0,0.0,0.0,0.0,-46438.95537617162,23714.33003835869,5854.84033677874,21554.041728393233,0.0,0.0,3873.476627609176,0.0,0.0,0.0,0.0,0.0,0.0,0.0,23411.267384700303,-7426352.254104899,0.0,0.0,0.0,0.0,0.0,0.0,0.0,0.0,0.0,0.0,0.0,0.0,0.0,0.0,0.0,1745.3871301084055,0.0,0.0,0.0,0.0,0.0,0.0,4392.003998763292,-29160.67128148825,669.1706968117178,543.5632909334936
Oregon,2028,0.0,11633.38363498944,0.0,13090.663180598858,0.0,0.0,0.0,0.0,0.0,0.0,0.0,3366.3624490423863,0.0,0.0,4797.2655068473105,0.0,0.0,0.0,0.0,0.0,0.0,0.0,0.0,0.0,7975.102658134376,0.0,0.0,0.0,0.0,-5985.889774053932,0.0,0.0,0.0,0.0,0.0,0.0,0.0,0.0,0.0,0.0,-1984072.2209346024,-370031.3315880805,0.0,0.0,0.0,0.0,147506.2323543704,0.0,-38394.843226604076,-41025.502238747016,-436651.4832142197,0.0,0.0,0.0,-8517.686755286511,0.0,-154044.25212667178,369.53899333715117,0.0,-400221.5073674521,0.0,0.0,0.0,0.0,0.0,0.0,0.0,0.0,0.0,0.0,61417.919908160926,0.0,134411.97747109295,0.0,0.0,0.0,0.0,0.0,-19146.12171013676,-164655.101314913,-169876.65125815244,13075.140942884129,-1353378.1906675529,615.6926800508809,0.0,0.0,0.0,0.0,0.0,0.0,0.0,0.0,0.0,0.0,0.0,14689.843322229339,-110.1832138968166,0.0,-545873.2490054518,0.0,-498955.4263923629,-2960606.394357683,3115.5091934469856,0.0,-21907.936363919987,0.0,0.0,0.0,0.0,0.0,0.0,-6244.470572691775,-191395.70502952317,29475.38621148799,0.0,-53419.26212049814,128851.70938394777,0.0,0.0,0.0,0.0,19305.87626939919,138712.43505435693,0.0,211954.15870820102,0.0,35139.81367666769,7858.77901636879,-197542.53613641736,0.0,0.0,0.0,11022.779396690268,0.0,0.0,0.0,0.0,0.0,0.0,0.0,69258.3345012943,-243583.2260032192,0.0,0.0,3397.4592125609415,0.0,0.0,0.0,0.0,0.0,0.0,0.0,0.0,-389673.3870599642,130092.2522611185,5076.448465727219,0.0,0.0,0.0,0.0,0.0,0.0,0.0,-83282.00446234015,23497.760814264097,5801.371475255648,21357.201164663595,0.0,0.0,3838.1024118319256,0.0,0.0,0.0,0.0,0.0,0.0,0.0,23197.4658560729,-10403239.949451158,0.0,0.0,0.0,0.0,0.0,0.0,0.0,0.0,0.0,0.0,0.0,0.0,0.0,0.0,0.0,1729.4475216142637,0.0,0.0,0.0,0.0,0.0,0.0,4351.894373203802,-42805.84144306995,663.0595488956278,538.5992426144658
Oregon,2029,0.0,14903.597467866668,0.0,16770.52702399301,0.0,0.0,0.0,0.0,0.0,0.0,0.0,4312.66710061652,0.0,0.0,6145.8055802007075,0.0,0.0,0.0,0.0,0.0,0.0,0.0,0.0,0.0,10216.951792448657,0.0,0.0,0.0,0.0,-6622.284501576796,0.0,0.0,0.0,0.0,0.0,0.0,0.0,0.0,0.0,0.0,-2203812.806362359,-415576.91943604534,0.0,0.0,0.0,0.0,188971.11794707365,0.0,-42243.29339416529,-47281.63497418905,-503286.6706705161,0.0,0.0,0.0,-9848.906789892311,0.0,-174739.6675865153,473.41861819229644,0.0,-459623.5077631404,0.0,0.0,0.0,0.0,0.0,0.0,0.0,0.0,0.0,0.0,78682.86513580068,0.0,172195.98957126215,0.0,0.0,0.0,0.0,0.0,-22138.44832859525,-190388.8687059735,-163636.49617446866,16750.64139226629,-1461323.1585435811,788.767580894676,0.0,0.0,0.0,0.0,0.0,0.0,0.0,0.0,0.0,0.0,0.0,18819.24628377767,2235.586354028026,0.0,-587658.4640045012,0.0,-534353.5910713002,-3337374.0290657924,3991.2974920657252,0.0,-16534.05858911178,0.0,0.0,0.0,0.0,0.0,0.0,-6285.185436972868,-220289.16181315342,37761.09385619202,0.0,-59704.831944791105,165072.69681445858,0.0,0.0,0.0,0.0,47701.730914615095,177705.33154429123,0.0,271535.7424925342,0.0,45017.82581619179,10067.928878113016,-223295.32667994493,0.0,0.0,0.0,14121.3487201838,0.0,0.0,0.0,0.0,0.0,0.0,0.0,88727.2672412896,-280772.4919349708,0.0,0.0,4352.505350654112,0.0,0.0,0.0,0.0,0.0,0.0,0.0,0.0,-446892.58275081636,166661.96372622554,6503.4685413463885,0.0,0.0,0.0,0.0,0.0,0.0,0.0,-88473.5238192057,30103.122149149392,7432.17175170999,27360.83835841695,0.0,0.0,4917.015993038134,0.0,0.0,0.0,0.0,0.0,0.0,0.0,29718.412479208608,-11839124.416564574,0.0,0.0,0.0,0.0,0.0,0.0,0.0,0.0,0.0,0.0,0.0,0.0,0.0,0.0,0.0,2215.6055806855566,0.0,0.0,0.0,0.0,0.0,0.0,5575.23795276801,-48037.63219343085,849.4495603363339,690.0027163447985
Oregon,2030,0.0,16083.018850215827,0.0,18097.69103308597,0.0,0.0,0.0,0.0,0.0,0.0,0.0,4653.957302823583,0.0,0.0,6632.164295180621,0.0,0.0,0.0,0.0,0.0,0.0,0.0,0.0,0.0,11025.487545807904,0.0,0.0,0.0,0.0,-2845.7341948355825,0.0,0.0,0.0,0.0,0.0,0.0,0.0,0.0,0.0,0.0,-988922.0437471839,-208118.73790034815,0.0,0.0,0.0,0.0,203925.6668493601,0.0,-17041.271323776222,-29335.26601223119,-312479.46601331333,0.0,0.0,0.0,-6258.325262290215,0.0,-95642.57037735399,510.88340092693807,0.0,-277722.98592755606,0.0,0.0,0.0,0.0,0.0,0.0,0.0,0.0,0.0,0.0,84909.56669331004,0.0,185823.01032870007,0.0,0.0,0.0,0.0,0.0,-14067.51159275304,-120979.46422889,45349.15953855822,18076.23171827299,-456890.536686318,851.1880369367009,0.0,0.0,0.0,0.0,0.0,0.0,0.0,0.0,0.0,0.0,0.0,20308.53915515574,12181.885342961614,0.0,-175183.22828541696,0.0,-145618.28269616608,-1729288.3199554216,4307.155566977399,0.0,29560.070751360385,0.0,0.0,0.0,0.0,0.0,0.0,265.3088309736486,-135335.874241676,40749.38185920002,0.0,-28542.094804382505,178136.00375660998,0.0,0.0,0.0,0.0,145888.0599185438,191768.34339312022,0.0,293024.1825458999,0.0,48580.38757142995,10864.671451201095,-118568.09851543792,0.0,0.0,0.0,15238.86552537819,0.0,0.0,0.0,0.0,0.0,0.0,0.0,95748.84954096004,-174404.20655883854,0.0,0.0,4696.948220130336,0.0,0.0,0.0,0.0,0.0,0.0,0.0,0.0,-267200.29403466405,179851.03999233013,7018.131519438546,0.0,0.0,0.0,0.0,0.0,0.0,0.0,-20585.23931133747,32485.38361419001,8020.329228464019,29526.084559442766,0.0,0.0,5306.132366587917,0.0,0.0,0.0,0.0,0.0,0.0,0.0,32070.229294110002,-6657573.8056967985,0.0,0.0,0.0,0.0,0.0,0.0,0.0,0.0,0.0,0.0,0.0,0.0,0.0,0.0,0.0,2390.9412741211036,0.0,0.0,0.0,0.0,0.0,0.0,6016.4438339223125,-23883.515722096505,916.67218741331,744.6072478540991
Oregon,2031,0.0,19353.232683093054,0.0,21777.55487648012,0.0,0.0,0.0,0.0,0.0,0.0,0.0,5600.26195439772,0.0,0.0,7980.70436853401,0.0,0.0,0.0,0.0,0.0,0.0,0.0,0.0,0.0,13267.336680122171,0.0,0.0,0.0,0.0,1069.2468090535294,0.0,0.0,0.0,0.0,0.0,0.0,0.0,0.0,0.0,0.0,261637.30965058878,695.2750445741694,0.0,0.0,0.0,0.0,245390.55244206334,0.0,9319.694044718955,-12638.73191965078,-135031.13467836007,0.0,0.0,0.0,-2964.749001373076,0.0,-17994.286806219898,614.763025782082,0.0,-106124.31281314598,0.0,0.0,0.0,0.0,0.0,0.0,0.0,0.0,0.0,0.0,102174.5119209498,0.0,223607.02242886904,0.0,0.0,0.0,0.0,0.0,-6664.185576566905,-57311.458054194496,286465.19543050183,21751.732167655166,620550.6909045689,1024.262937780497,0.0,0.0,0.0,0.0,0.0,0.0,0.0,0.0,0.0,0.0,0.0,24437.94211670407,24866.668824645458,0.0,268774.3171954965,0.0,275137.8257680838,-124697.84485257324,5182.9438655961385,0.0,85100.4718745203,0.0,0.0,0.0,0.0,0.0,0.0,7683.42403689865,-55873.1647799958,49035.08950390399,0.0,3152.4435641917808,214356.9911871208,0.0,0.0,0.0,0.0,274200.2121536953,230761.2398830545,0.0,352605.76633023284,0.0,58458.39971095405,13073.821312945307,-14786.036663282546,0.0,0.0,0.0,18337.434848871795,0.0,0.0,0.0,0.0,0.0,0.0,0.0,115217.78228095523,-75508.10728924132,0.0,0.0,5651.994358223503,0.0,0.0,0.0,0.0,0.0,0.0,0.0,0.0,-96822.03417279443,216420.75145743717,8445.15159505773,0.0,0.0,0.0,0.0,0.0,0.0,0.0,53479.69142437971,39090.744949075306,9651.129504918368,35529.72175319612,0.0,0.0,6385.045947794119,0.0,0.0,0.0,0.0,0.0,0.0,0.0,38591.17591724571,-1618244.1992421653,0.0,0.0,0.0,0.0,0.0,0.0,0.0,0.0,0.0,0.0,0.0,0.0,0.0,0.0,0.0,2877.0993331923983,0.0,0.0,0.0,0.0,0.0,0.0,7239.78741348652,470.3838903897413,1103.062198854017,896.0107215844328
Oregon,2032,0.0,22623.446515970267,0.0,25457.418719874273,0.0,0.0,0.0,0.0,0.0,0.0,0.0,6546.566605971835,0.0,0.0,9329.2444418874,0.0,0.0,0.0,0.0,0.0,0.0,0.0,0.0,0.0,15509.185814436438,0.0,0.0,0.0,0.0,4660.620822865178,0.0,0.0,0.0,0.0,0.0,0.0,0.0,0.0,0.0,0.0,1407656.9884988414,191424.0870156897,0.0,0.0,0.0,0.0,286855.43803476635,0.0,33532.74225354052,2425.8465039647326,25062.634540701707,0.0,0.0,0.0,0.0,0.0,52661.66954023455,718.6426506372263,0.0,49050.00048747263,0.0,0.0,0.0,0.0,0.0,0.0,0.0,0.0,0.0,0.0,119439.45714858943,0.0,261391.034529038,0.0,0.0,0.0,0.0,0.0,0.0,0.0,510881.3407145194,25427.23261703734,1613709.8724874817,1197.337838624293,0.0,0.0,0.0,0.0,0.0,0.0,0.0,0.0,0.0,0.0,0.0,28567.34507825243,36816.338931727165,0.0,678195.1067707245,0.0,663460.9469216941,1339016.2508829823,6058.732164214878,0.0,137073.98716327897,0.0,0.0,0.0,0.0,0.0,0.0,14571.20958186865,15885.321852316003,57320.79714860802,0.0,32146.561396117293,250577.97861763136,0.0,0.0,0.0,0.0,395408.223963873,269754.1363729888,0.0,412187.35011456674,0.0,68336.41185047815,15282.971174689534,79785.97834422579,0.0,0.0,0.0,21436.004172365356,0.0,0.0,0.0,0.0,0.0,0.0,0.0,134686.71502095042,13712.197665581087,0.0,0.0,6607.040496316677,0.0,0.0,0.0,0.0,0.0,0.0,0.0,0.0,57373.83779427159,252990.46292254422,9872.171670676893,0.0,0.0,0.0,0.0,0.0,0.0,0.0,121909.41584617482,45696.10628396063,11281.929781372717,41533.358946949535,0.0,0.0,7463.959529000334,0.0,0.0,0.0,0.0,0.0,0.0,0.0,45112.12254038142,2960691.7460184097,0.0,0.0,0.0,0.0,0.0,0.0,0.0,0.0,0.0,0.0,0.0,0.0,0.0,0.0,0.0,3363.2573922636857,0.0,0.0,0.0,0.0,0.0,0.0,8463.13099305072,22720.71377524236,1289.452210294723,1047.4141953147664
Oregon,2033,0.0,24231.748400991826,0.0,27267.18782318286,0.0,0.0,0.0,0.0,0.0,0.0,0.0,7011.962336254197,0.0,0.0,9992.460871405463,0.0,0.0,0.0,0.0,0.0,0.0,0.0,0.0,0.0,16611.734569017208,0.0,0.0,0.0,0.0,4991.944578045168,0.0,0.0,0.0,0.0,0.0,0.0,0.0,0.0,0.0,0.0,1507727.390524826,205032.4344338671,0.0,0.0,0.0,0.0,307248.0047197025,0.0,35916.58648957423,2598.3000469006147,26844.33841800278,0.0,0.0,0.0,0.0,0.0,56405.39012366353,769.7309907299195,0.0,52536.96734677162,0.0,0.0,0.0,0.0,0.0,0.0,0.0,0.0,0.0,0.0,127930.41381792049,0.0,279973.3355619081,0.0,0.0,0.0,0.0,0.0,0.0,0.0,547199.9194383002,27234.855788864632,1728428.5838017575,1282.456642317963,0.0,0.0,0.0,0.0,0.0,0.0,0.0,0.0,0.0,0.0,0.0,30598.19899376799,39433.6142112338,0.0,726408.0290530035,0.0,710626.4170820038,1434206.9796187393,6489.447720912616,0.0,146818.58340711403,0.0,0.0,0.0,0.0,0.0,0.0,15607.07756162234,17014.610135656025,61395.73533452803,0.0,34431.86196930098,268391.5789932925,0.0,0.0,0.0,0.0,423517.81334519107,288930.97071230086,0.0,441489.76836915594,0.0,73194.45060762117,16369.438319809633,85457.96732604282,0.0,0.0,0.0,22959.890724903176,0.0,0.0,0.0,0.0,0.0,0.0,0.0,144261.59997504647,14686.998447494436,0.0,0.0,7076.735318329713,0.0,0.0,0.0,0.0,0.0,0.0,0.0,0.0,61452.5466422055,270975.5669217773,10573.984822620747,0.0,0.0,0.0,0.0,0.0,0.0,0.0,130575.96199637675,48944.64464537962,12083.96270421912,44485.96740289376,0.0,0.0,7994.572765659126,0.0,0.0,0.0,0.0,0.0,0.0,0.0,48319.14546979239,3171167.4625600018,0.0,0.0,0.0,0.0,0.0,0.0,0.0,0.0,0.0,0.0,0.0,0.0,0.0,0.0,0.0,3602.351519675796,0.0,0.0,0.0,0.0,0.0,0.0,9064.775376442944,24335.930394335417,1381.1194290360545,1121.8749201001765
Pennsylvania,2024,0.0,0.0,0.0,0.0,0.0,0.0,0.0,0.0,0.0,0.0,0.0,0.0,0.0,0.0,0.0,0.0,0.0,0.0,0.0,0.0,0.0,0.0,0.0,0.0,0.0,0.0,0.0,0.0,0.0,0.0,0.0,0.0,0.0,0.0,0.0,0.0,0.0,0.0,0.0,0.0,0.0,0.0,0.0,0.0,0.0,0.0,0.0,0.0,0.0,0.0,0.0,0.0,0.0,0.0,0.0,0.0,0.0,0.0,0.0,0.0,0.0,0.0,0.0,0.0,0.0,0.0,0.0,0.0,0.0,0.0,0.0,0.0,0.0,0.0,0.0,0.0,0.0,0.0,0.0,0.0,0.0,0.0,0.0,0.0,0.0,0.0,0.0,0.0,0.0,0.0,0.0,0.0,0.0,0.0,0.0,0.0,0.0,0.0,0.0,0.0,0.0,0.0,0.0,0.0,0.0,0.0,0.0,0.0,0.0,0.0,0.0,0.0,0.0,0.0,0.0,0.0,0.0,0.0,0.0,0.0,0.0,0.0,0.0,0.0,0.0,0.0,0.0,0.0,0.0,0.0,0.0,0.0,0.0,0.0,0.0,0.0,0.0,0.0,0.0,0.0,0.0,0.0,0.0,0.0,0.0,0.0,0.0,0.0,0.0,0.0,0.0,0.0,0.0,0.0,0.0,0.0,0.0,0.0,0.0,0.0,0.0,0.0,0.0,0.0,0.0,0.0,0.0,0.0,0.0,0.0,0.0,0.0,0.0,0.0,0.0,0.0,0.0,0.0,0.0,0.0,0.0,0.0,0.0,0.0,0.0,0.0,0.0,0.0,0.0,0.0,0.0,0.0,0.0,0.0,0.0,0.0,0.0,0.0,0.0,0.0,0.0,0.0,0.0,0.0,0.0
Pennsylvania,2025,14904.534161329648,16111.996391736,0.0,22422.605537406023,0.0,0.0,0.0,0.0,0.0,0.0,0.0,1892.7031214689596,0.0,0.0,0.0,0.0,0.0,0.0,0.0,10796.703625224967,0.0,0.0,0.0,0.0,5740.5764557314105,0.0,0.0,0.0,0.0,0.0,4915.0144888861905,0.0,0.0,0.0,0.0,0.0,0.0,0.0,0.0,660738.9061190886,17603.741484552855,1535.9269265953917,20635.522769730393,0.0,0.0,0.0,28150.502698068914,0.0,1051.4142065296546,5278.962635779142,-4726.249901202507,0.0,0.0,0.0,0.0,0.0,-8252033.225094925,2902.5505075140973,0.0,0.0,0.0,0.0,0.0,0.0,0.0,0.0,0.0,12155.493962281325,22447.232938217,0.0,946907.8585743476,0.0,0.0,0.0,5204.4135242309785,0.0,0.0,0.0,0.0,0.0,180136.4177370309,0.0,0.0,581.113217890701,0.0,1690.8268087394863,15128.473235587706,0.0,0.0,39572.370559885516,0.0,0.0,0.0,0.0,34091.76314917684,11091.768574243048,0.0,0.0,0.0,0.0,0.0,0.0,0.0,0.0,847.4386931550234,0.0,0.0,0.0,0.0,42312.72551369236,0.0,43406.06357993011,1359.8367558308655,38216.31680507847,0.0,16011.06937006305,66878.23923623981,0.0,0.0,0.0,0.0,16466.5017099127,36894.2518109887,0.0,0.0,0.0,42093.457449772046,56644.83524799242,419996.28713621665,0.0,0.0,0.0,13442.316472667386,81409.46554102178,0.0,26441.804486914072,81300.58905354526,0.0,0.0,0.0,20859.75799384294,34145.28048491309,0.0,0.0,0.0,18494.673748179484,0.0,0.0,0.0,50344.38923928572,0.0,0.0,0.0,53198.96801059239,33917.511287083325,80352.31991158752,0.0,0.0,0.0,53275.076833302504,2118.596732887556,0.0,2590.128616729904,4362.786319762585,0.0,0.0,316.1971182279408,0.0,60533.2778492932,162.80984983500252,0.0,0.0,-1529.9094244516514,0.0,0.0,0.0,0.0,0.0,24988.448818540084,460.0531449228338,0.0,0.0,0.0,0.0,0.0,0.0,0.0,0.0,0.0,0.0,0.0,0.0,0.0,0.0,0.0,0.0,1059.459460719796,2247.3631319675114,0.0,0.0,3109.8748032111544,0.0,0.0,0.0,0.0
Pennsylvania,2026,17190.50565846599,18583.161482493073,0.0,25861.655466456024,0.0,0.0,0.0,0.0,0.0,0.0,0.0,2182.995011264815,0.0,0.0,0.0,0.0,0.0,0.0,0.0,12452.639764063191,0.0,0.0,0.0,0.0,6621.032967346648,0.0,0.0,0.0,0.0,0.0,5668.851066936222,0.0,0.0,0.0,0.0,0.0,0.0,0.0,0.0,762079.2291434882,-29296.049586815527,-50994.194460770814,23800.480249750428,0.0,0.0,0.0,32468.064461576345,0.0,1212.6740541568997,6088.619481757531,-25515.358422404563,0.0,0.0,0.0,0.0,0.0,-17451024.45101765,3107.541734418708,0.0,0.0,0.0,0.0,0.0,0.0,0.0,0.0,0.0,14019.83352704838,24092.924121345102,0.0,1092139.1252268553,0.0,0.0,0.0,6002.636457395238,0.0,0.0,0.0,0.0,0.0,207764.70266602375,0.0,0.0,670.2410120457162,0.0,1950.1560738835797,17448.7912165061,0.0,0.0,45641.75254759798,0.0,0.0,0.0,0.0,32605.88280557556,12792.960073360096,0.0,0.0,0.0,0.0,0.0,0.0,0.0,0.0,977.4139528413762,0.0,0.0,0.0,0.0,34342.50583765376,0.0,40270.382874159724,1568.4006754368274,44077.715088066005,0.0,18466.75485626899,77135.6378921048,0.0,0.0,0.0,0.0,18992.038781985175,42552.879389361246,0.0,0.0,0.0,48549.50920587202,65332.693414862384,484412.8955926923,0.0,0.0,0.0,15504.02145313783,93895.57988780434,0.0,17581.83554521372,93770.00455255527,0.0,0.0,0.0,20716.02919120231,39382.2866942556,0.0,0.0,0.0,21331.280151274434,0.0,0.0,0.0,58065.921331200865,0.0,0.0,0.0,61358.318932462484,39119.583570378425,92676.29535814968,0.0,0.0,0.0,61446.10088748997,2443.534882103435,0.0,2987.3876070258993,-10685.195747532649,0.0,0.0,364.6936087536992,0.0,69817.52291820315,187.78068569926631,0.0,0.0,-3172.6440276976723,0.0,0.0,0.0,0.0,0.0,3161.744501517969,530.6134432238814,0.0,0.0,0.0,0.0,0.0,0.0,0.0,0.0,0.0,0.0,0.0,0.0,0.0,0.0,0.0,0.0,1221.9532430387844,2592.0507288950394,0.0,0.0,3586.8494662803496,0.0,0.0,0.0,0.0
Pennsylvania,2027,20025.11031491522,21647.406195031857,0.0,30126.077378478018,0.0,0.0,0.0,0.0,0.0,0.0,0.0,2542.9569546116763,0.0,0.0,0.0,0.0,0.0,0.0,0.0,14506.00057622252,0.0,0.0,0.0,0.0,7712.799041749546,0.0,0.0,0.0,0.0,0.0,6603.608423718266,0.0,0.0,0.0,0.0,0.0,0.0,0.0,0.0,887741.2296937434,-95819.99428508221,-125033.8894170298,27725.027524975216,0.0,0.0,0.0,37821.841048325645,0.0,1412.6362652146836,7092.593970770729,-54678.981068539724,0.0,0.0,0.0,0.0,0.0,-30196244.434000477,3321.2080930564625,0.0,0.0,0.0,0.0,0.0,0.0,0.0,0.0,0.0,16331.614587359538,25830.378058583825,0.0,1272225.895875968,0.0,0.0,0.0,6992.432894518934,0.0,0.0,0.0,0.0,0.0,242023.77597797383,0.0,0.0,780.7594767979353,0.0,2271.724362662251,20325.98551284484,0.0,0.0,53167.786212361476,0.0,0.0,0.0,0.0,29630.526694107335,14902.437532265234,0.0,0.0,0.0,0.0,0.0,0.0,0.0,0.0,1138.5832748524572,0.0,0.0,0.0,0.0,22019.83648974821,0.0,34729.90757135581,1827.0199357482197,51345.848958970455,0.0,21511.804859164404,89854.81222537742,0.0,0.0,0.0,0.0,22123.704751355108,49569.577586543106,0.0,0.0,0.0,56555.01338343602,76105.63754178118,564289.4900787212,0.0,0.0,0.0,18060.535628921207,109378.36167781486,0.0,4416.446914444794,109232.07977132767,0.0,0.0,0.0,19973.77927226323,45876.17439384031,0.0,0.0,0.0,24848.67209111221,0.0,0.0,0.0,67640.62112517538,0.0,0.0,0.0,71475.91407558124,45570.153201664274,107958.02491188736,0.0,0.0,0.0,71578.17071468255,2846.4581871311348,0.0,3479.988754992937,-31996.401796730177,0.0,0.0,424.8292570056383,0.0,81329.98680365155,218.74452217095404,0.0,0.0,-5447.199632192162,0.0,0.0,0.0,0.0,0.0,-28232.46624684718,618.1082131171815,0.0,0.0,0.0,0.0,0.0,0.0,0.0,0.0,0.0,0.0,0.0,0.0,0.0,0.0,0.0,0.0,1423.4455331143254,3019.463349085181,0.0,0.0,4178.298048486162,0.0,0.0,0.0,0.0
Pennsylvania,2028,19842.232595144334,21449.71298777123,0.0,29850.95338415401,0.0,0.0,0.0,0.0,0.0,0.0,0.0,2519.733603427998,0.0,0.0,0.0,0.0,0.0,0.0,0.0,14373.525685115455,0.0,0.0,0.0,0.0,7642.36252082033,0.0,0.0,0.0,0.0,0.0,6543.301497474255,0.0,0.0,0.0,0.0,0.0,0.0,0.0,0.0,879634.0038517928,-160126.43421201792,-193234.05759183585,27471.830926573602,0.0,0.0,0.0,37476.4361072451,0.0,1399.7354774045052,7027.821423092464,-80547.02703621809,0.0,0.0,0.0,0.0,0.0,-40346080.185289815,2975.2380278562778,0.0,0.0,0.0,0.0,0.0,0.0,0.0,0.0,0.0,16182.46742217819,23232.778160074784,0.0,1260607.394543765,0.0,0.0,0.0,6928.5750598657905,0.0,0.0,0.0,0.0,0.0,239813.51318365475,0.0,0.0,773.6292532655343,0.0,2250.9780214507264,20140.360074371332,0.0,0.0,52682.23565334448,0.0,0.0,0.0,0.0,20535.83436531492,14766.342212335847,0.0,0.0,0.0,0.0,0.0,0.0,0.0,0.0,1128.1852540775471,0.0,0.0,0.0,0.0,2816.2639789056266,0.0,21543.20060720737,1810.3348221797423,50876.93709633144,0.0,21315.35002026797,89034.2203329081,0.0,0.0,0.0,0.0,21921.6617855893,49116.887380273314,0.0,0.0,0.0,56038.52924294799,75410.60888843157,559136.1614022031,0.0,0.0,0.0,17895.599230483553,108379.47253007186,0.0,-12596.736962450785,108234.5265314068,0.0,0.0,0.0,15398.06446262775,45457.21389709291,0.0,0.0,0.0,24621.74357886458,0.0,0.0,0.0,67022.8985578221,0.0,0.0,0.0,70823.16600183165,45153.987419000594,106972.1068761627,0.0,0.0,0.0,70924.48879034747,2820.4631351938588,0.0,3448.208035769261,-52358.85030003806,0.0,0.0,420.9495377635776,0.0,80587.24719813885,216.7468553018125,0.0,0.0,-7247.889485750301,0.0,0.0,0.0,0.0,0.0,-61694.78690866241,612.4633892530983,0.0,0.0,0.0,0.0,0.0,0.0,0.0,0.0,0.0,0.0,0.0,0.0,0.0,0.0,0.0,0.0,1410.4460305288067,2991.8883413309813,0.0,0.0,4140.140075440628,0.0,0.0,0.0,0.0
Pennsylvania,2029,25420.003048157232,27479.355809218454,0.0,38242.23521103599,0.0,0.0,0.0,0.0,0.0,0.0,0.0,3228.045814529887,0.0,0.0,0.0,0.0,0.0,0.0,0.0,18414.009863880638,0.0,0.0,0.0,0.0,9790.676409161533,0.0,0.0,0.0,0.0,0.0,8382.662747916336,0.0,0.0,0.0,0.0,0.0,0.0,0.0,0.0,1126904.3920313278,-173272.3211976959,-213652.6567254503,35194.327177822386,0.0,0.0,0.0,48011.2868102034,0.0,1793.2095056149901,9003.384127279744,-90298.51171864639,0.0,0.0,0.0,0.0,0.0,-46590629.13052562,3965.908329277525,0.0,0.0,0.0,0.0,0.0,0.0,0.0,0.0,0.0,20731.45596020986,30918.266664553375,0.0,1614971.6851758827,0.0,0.0,0.0,8876.239016786589,0.0,0.0,0.0,0.0,0.0,307226.52841039654,0.0,0.0,991.1010710037726,0.0,2883.741428402318,25801.935947812162,0.0,0.0,67491.52770336298,0.0,0.0,0.0,0.0,30622.595132383518,18917.249470181414,0.0,0.0,0.0,0.0,0.0,0.0,0.0,0.0,1445.324887712246,0.0,0.0,0.0,0.0,12898.061563950847,0.0,33890.91721188626,2319.230786018288,65178.748906820954,0.0,27307.222606610536,114062.27305321884,0.0,0.0,0.0,0.0,28083.9722414462,62923.93867150223,0.0,0.0,0.0,71791.29552783206,96608.98281559441,716312.6860360019,0.0,0.0,0.0,22926.15938283142,138845.59153622156,0.0,-7839.891452379525,138659.90034899116,0.0,0.0,0.0,21874.397641763208,58235.50904788857,0.0,0.0,0.0,31543.063202416408,0.0,0.0,0.0,85863.4368620948,0.0,0.0,0.0,90731.98225119442,57847.043790240365,137042.60696577514,0.0,0.0,0.0,90861.78748256504,3613.3122192806186,0.0,4417.519972091493,-56979.37541678018,0.0,0.0,539.2809746464268,0.0,103240.8051662792,277.67569481061787,0.0,0.0,-8380.65428084577,0.0,0.0,0.0,0.0,0.0,-62552.10318606952,784.6305171076547,0.0,0.0,0.0,0.0,0.0,0.0,0.0,0.0,0.0,0.0,0.0,0.0,0.0,0.0,0.0,0.0,1806.9308593871356,3832.9260778341595,0.0,0.0,5303.958253329467,0.0,0.0,0.0,0.0
Pennsylvania,2030,27431.657965637307,29653.98108908467,0.0,41268.59914860001,0.0,0.0,0.0,0.0,0.0,0.0,0.0,3483.502677550234,0.0,0.0,0.0,0.0,0.0,0.0,0.0,19871.23366605825,0.0,0.0,0.0,0.0,10565.478139382947,0.0,0.0,0.0,0.0,0.0,9046.038936600358,0.0,0.0,0.0,0.0,0.0,0.0,0.0,0.0,1216083.8762927996,-55999.741754134186,-91214.91292253195,37979.48976023999,0.0,0.0,0.0,51810.74116208998,0.0,1935.1181715269686,9715.882151740734,-44458.125990278466,0.0,0.0,0.0,0.0,0.0,-29327007.34918894,4914.046842234282,0.0,0.0,0.0,0.0,0.0,0.0,0.0,0.0,0.0,22372.074777204893,38110.97614909691,0.0,1742775.1998300906,0.0,0.0,0.0,9578.675197971133,0.0,0.0,0.0,0.0,0.0,331539.4191479101,0.0,0.0,1069.5335298601867,0.0,3111.951181729117,27843.815771020367,0.0,0.0,72832.58385255001,0.0,0.0,0.0,0.0,50778.326064167544,20414.29798940441,0.0,0.0,0.0,0.0,0.0,0.0,0.0,0.0,1559.7031162362382,0.0,0.0,0.0,0.0,52104.990699513466,0.0,62434.77138150891,2502.767035271536,70336.77939584997,0.0,29468.225834471814,123088.78387038002,0.0,0.0,0.0,0.0,30306.44486486999,67903.53094047,0.0,0.0,0.0,77472.62107320008,104254.29800244002,772999.3014776995,0.0,0.0,0.0,24740.45976564547,149833.3721613905,0.0,25647.29010227369,149632.98598812008,0.0,0.0,0.0,32433.98417991487,62844.074512109975,0.0,0.0,0.0,34039.27683714,0.0,0.0,0.0,92658.38510297996,0.0,0.0,0.0,97912.21106243995,62424.86739953997,147887.70535874995,0.0,0.0,0.0,98052.28865024995,3899.2577905905964,0.0,4767.107883551977,-19982.205495695,0.0,0.0,581.9578863090933,0.0,111410.94082691998,299.65003037117026,0.0,0.0,-5325.348439094244,0.0,0.0,0.0,0.0,0.0,259.6867991184117,846.7235796125779,0.0,0.0,0.0,0.0,0.0,0.0,0.0,0.0,0.0,0.0,0.0,0.0,0.0,0.0,0.0,0.0,1949.9253878278432,4136.25116313039,0.0,0.0,5723.695956830357,0.0,0.0,0.0,0.0
Pennsylvania,2031,33009.428418650205,35683.6239105319,0.0,49659.880975481996,0.0,0.0,0.0,0.0,0.0,0.0,0.0,4191.814888652116,0.0,0.0,0.0,0.0,0.0,0.0,0.0,23911.717844823434,0.0,0.0,0.0,0.0,12713.79202772415,0.0,0.0,0.0,0.0,0.0,10885.400187042433,0.0,0.0,0.0,0.0,0.0,0.0,0.0,0.0,1463354.2644723365,69476.5917624454,35836.93528668652,45701.9860114888,0.0,0.0,0.0,62345.59186504828,0.0,2328.5921997374517,11691.444855928014,1866.2192213757662,0.0,0.0,0.0,0.0,0.0,-13399318.596945856,6575.990872670052,0.0,0.0,0.0,0.0,0.0,0.0,0.0,0.0,0.0,26921.063315236534,50819.13048223319,0.0,2097139.4904622082,0.0,0.0,0.0,11526.339154891939,0.0,0.0,0.0,0.0,0.0,398952.4343746514,0.0,0.0,1287.0053475984232,0.0,3744.714588680701,33505.39164446117,0.0,0.0,87641.87590256857,0.0,0.0,0.0,0.0,79631.38301799842,24565.20524724995,0.0,0.0,0.0,0.0,0.0,0.0,0.0,0.0,1876.8427498709389,0.0,0.0,0.0,0.0,102599.56450163585,0.0,102152.27579981915,3011.662999110078,84638.59120633948,0.0,35460.09842081444,148116.83659069065,0.0,0.0,0.0,0.0,36468.755320726894,81710.58223169897,0.0,0.0,0.0,93225.38735808403,125452.67192960274,930175.8261114983,0.0,0.0,0.0,29771.0199179934,180299.4911675395,0.0,66500.481903165,180058.35980570433,0.0,0.0,0.0,48253.608574771264,75622.36966290564,0.0,0.0,0.0,40960.5964606918,0.0,0.0,0.0,111498.92340725253,0.0,0.0,0.0,117821.02731180284,75117.92377077986,177958.2054483625,0.0,0.0,0.0,117989.58734246751,4692.106874677356,0.0,5736.419819874205,19323.74402995041,0.0,0.0,700.2893231919429,0.0,134064.49879506044,360.57886987997495,0.0,0.0,-2522.7709978421035,0.0,0.0,0.0,0.0,0.0,71115.38208449341,1018.8907074671351,0.0,0.0,0.0,0.0,0.0,0.0,0.0,0.0,0.0,0.0,0.0,0.0,0.0,0.0,0.0,0.0,2346.4102166861703,4977.288899633564,0.0,0.0,6887.514134719197,0.0,0.0,0.0,0.0
Pennsylvania,2032,38587.19887166316,41713.26673197915,0.0,58051.16280236398,0.0,0.0,0.0,0.0,0.0,0.0,0.0,4900.127099753998,0.0,0.0,0.0,0.0,0.0,0.0,0.0,27952.202023588616,0.0,0.0,0.0,0.0,14862.105916065353,0.0,0.0,0.0,0.0,0.0,12724.761437484507,0.0,0.0,0.0,0.0,0.0,0.0,0.0,0.0,1710624.6526518716,185096.75822496542,152403.49939584103,53424.48226273761,0.0,0.0,0.0,72880.44256800658,0.0,2722.0662279479347,13667.007560115293,44203.52148184521,0.0,0.0,0.0,0.0,0.0,951903.713504008,8190.206725125419,0.0,0.0,0.0,0.0,0.0,0.0,0.0,0.0,0.0,31470.051853268204,63170.16866700159,0.0,2451503.7810943276,0.0,0.0,0.0,13474.00311181273,0.0,0.0,0.0,0.0,0.0,466365.4496013932,0.0,0.0,1504.4771653366615,0.0,4377.4779956322855,39166.96751790197,0.0,0.0,102451.16795258701,0.0,0.0,0.0,0.0,107150.13909616484,28716.112505095516,0.0,0.0,0.0,0.0,0.0,0.0,0.0,0.0,2193.9823835056413,0.0,0.0,0.0,0.0,150220.75283878238,0.0,139923.76319468324,3520.5589629486276,98940.40301682899,0.0,41451.971007157,173144.88931100105,0.0,0.0,0.0,0.0,42631.0657765838,95517.63352292782,0.0,0.0,0.0,108978.1536429681,146651.0458567656,1087352.350745298,0.0,0.0,0.0,34801.5800703413,210765.61017368874,0.0,104787.19036686514,210483.7336232888,0.0,0.0,0.0,63408.916392363026,88400.66481370135,0.0,0.0,0.0,47881.916084243596,0.0,0.0,0.0,130339.46171152522,0.0,0.0,0.0,137729.84356116562,87810.98014201957,208028.70553797507,0.0,0.0,0.0,137926.88603468495,5484.955958764105,0.0,6705.731756196441,55506.48090900399,0.0,0.0,818.6207600747916,0.0,156718.0567632008,421.50770938877963,0.0,0.0,0.0,0.0,0.0,0.0,0.0,0.0,136872.2164560008,1191.0578353216924,0.0,0.0,0.0,0.0,0.0,0.0,0.0,0.0,0.0,0.0,0.0,0.0,0.0,0.0,0.0,0.0,2742.895045544499,5818.326636136746,0.0,0.0,8051.332312608036,0.0,0.0,0.0,0.0
Pennsylvania,2033,41330.36466822692,44678.66484088759,0.0,62178.02271722403,0.0,0.0,0.0,0.0,0.0,0.0,0.0,5248.477367509022,0.0,0.0,0.0,0.0,0.0,0.0,0.0,29939.325390194426,0.0,0.0,0.0,0.0,15918.653730003643,0.0,0.0,0.0,0.0,0.0,13629.365331144545,0.0,0.0,0.0,0.0,0.0,0.0,0.0,0.0,1832233.0402811514,198255.2955395364,163237.87139080605,57222.43123876161,0.0,0.0,0.0,78061.51668421557,0.0,2915.578045100632,14638.595775289374,47345.9519189432,0.0,0.0,0.0,0.0,0.0,1019574.5936109275,8772.448909376042,0.0,0.0,0.0,0.0,0.0,0.0,0.0,0.0,0.0,33707.25933098869,67660.93895138561,0.0,2625781.301077336,0.0,0.0,0.0,14431.870631609847,0.0,0.0,0.0,0.0,0.0,499519.39151618443,0.0,0.0,1611.4305183226797,0.0,4688.673113805202,41951.34909500397,0.0,0.0,109734.42633784201,0.0,0.0,0.0,0.0,114767.44756271678,30757.542304035975,0.0,0.0,0.0,0.0,0.0,0.0,0.0,0.0,2349.9526951292646,0.0,0.0,0.0,0.0,160899.95327755844,0.0,149870.95015165117,3770.835666475774,105974.08095641405,0.0,44398.79359060418,185453.76769803907,0.0,0.0,0.0,0.0,45661.710263070796,102307.98661697487,0.0,0.0,0.0,116725.41575028811,157076.47565700964,1164652.2808930678,0.0,0.0,0.0,37275.62604690582,225748.9473898278,0.0,112236.51669626322,225447.03222210077,0.0,0.0,0.0,67916.65926385799,94685.07226491236,0.0,0.0,0.0,51285.84376795762,0.0,0.0,0.0,139605.30022182316,0.0,0.0,0.0,147521.06466740964,94053.46688197367,222817.47607384995,0.0,0.0,0.0,147732.11489970994,5874.881737823165,0.0,7182.442544551643,59452.43926746398,0.0,0.0,876.8165487057008,0.0,167859.15084589284,451.47271242589636,0.0,0.0,0.0,0.0,0.0,0.0,0.0,0.0,146602.4688106929,1275.7301932829505,0.0,0.0,0.0,0.0,0.0,0.0,0.0,0.0,0.0,0.0,0.0,0.0,0.0,0.0,0.0,0.0,2937.8875843272835,6231.951752449782,0.0,0.0,8623.701908291077,0.0,0.0,0.0,0.0
Rhode Island,2024,0.0,0.0,0.0,0.0,0.0,0.0,0.0,0.0,0.0,0.0,0.0,0.0,0.0,0.0,0.0,0.0,0.0,0.0,0.0,0.0,0.0,0.0,0.0,0.0,0.0,0.0,0.0,0.0,0.0,0.0,0.0,0.0,0.0,0.0,0.0,0.0,0.0,0.0,0.0,0.0,0.0,0.0,0.0,0.0,0.0,0.0,0.0,0.0,0.0,0.0,0.0,0.0,0.0,0.0,0.0,0.0,0.0,0.0,0.0,0.0,0.0,0.0,0.0,0.0,0.0,0.0,0.0,0.0,0.0,0.0,0.0,0.0,0.0,0.0,0.0,0.0,0.0,0.0,0.0,0.0,0.0,0.0,0.0,0.0,0.0,0.0,0.0,0.0,0.0,0.0,0.0,0.0,0.0,0.0,0.0,0.0,0.0,0.0,0.0,0.0,0.0,0.0,0.0,0.0,0.0,0.0,0.0,0.0,0.0,2.9103830456733704e-11,0.0,0.0,0.0,0.0,0.0,0.0,0.0,0.0,0.0,0.0,0.0,0.0,0.0,0.0,0.0,0.0,0.0,0.0,0.0,0.0,0.0,0.0,0.0,0.0,0.0,0.0,0.0,0.0,0.0,0.0,0.0,0.0,0.0,0.0,0.0,0.0,0.0,0.0,0.0,0.0,0.0,0.0,0.0,0.0,0.0,0.0,0.0,0.0,0.0,0.0,0.0,0.0,0.0,0.0,0.0,0.0,0.0,0.0,0.0,0.0,0.0,0.0,0.0,0.0,0.0,0.0,0.0,0.0,0.0,0.0,0.0,0.0,0.0,0.0,0.0,0.0,0.0,0.0,0.0,0.0,0.0,0.0,0.0,0.0,0.0,0.0,0.0,0.0,0.0,0.0,0.0,0.0,0.0,0.0,0.0
Rhode Island,2025,0.0,5037.761189899371,0.0,5146.982120819834,0.0,0.0,0.0,5879.999756944206,0.0,0.0,0.0,0.0,0.0,0.0,0.0,0.0,0.0,0.0,0.0,0.0,0.0,0.0,0.0,0.0,5596.017577213337,0.0,0.0,0.0,0.0,0.0,0.0,0.0,0.0,0.0,0.0,0.0,0.0,0.0,0.0,0.0,-75339.67470590185,10332.07575499569,0.0,0.0,0.0,0.0,52828.789983118186,0.0,-1102.5786470461794,0.0,0.0,0.0,0.0,0.0,0.0,0.0,-8033.945509370853,759.8736034701978,0.0,0.0,0.0,0.0,0.0,0.0,0.0,0.0,0.0,0.0,0.0,0.0,0.0,0.0,0.0,0.0,0.0,0.0,0.0,0.0,0.0,0.0,6816.10940685989,-6148.724461917536,1570.99071345813,0.0,0.0,0.0,0.0,0.0,0.0,0.0,0.0,0.0,0.0,0.0,0.0,837.0574304358342,0.0,0.0,9332.706262839027,0.0,4358.9479625179665,14802.168882665079,0.0,0.0,2324.1635445934808,0.0,0.0,0.0,0.0,24099.05591951823,1943.671752006976,-955.7034219234702,0.0,2306.9518616005553,0.0,-10762.675558528339,6867.8261228786,0.0,0.0,0.0,0.0,648.3817382589305,8944.655753838408,0.0,0.0,0.0,2025.5781122493354,19670.951742954814,34112.21631703398,0.0,677.7859193689164,0.0,0.0,0.0,0.0,0.0,0.0,0.0,0.0,0.0,0.0,196.2439855828411,0.0,0.0,0.0,0.0,0.0,0.0,0.0,0.0,0.0,0.0,0.0,-13084.62277677745,2570.511111104628,2148.3974107281065,0.0,0.0,0.0,0.0,0.0,0.0,0.0,14300.356706739549,151453.12065202068,0.0,-177.56494424418997,0.0,0.0,1982.8501687342105,0.0,0.0,-53208.118387525785,0.0,0.0,0.0,10263.689476696338,0.0,-103654.84191272553,0.0,0.0,0.0,0.0,0.0,0.0,0.0,0.0,0.0,0.0,0.0,0.0,0.0,0.0,0.0,0.0,0.0,0.0,0.0,0.0,0.0,0.0,0.0,0.0,0.0,0.0
Rhode Island,2026,0.0,5810.423949086384,0.0,5936.396556528394,0.0,0.0,0.0,6781.84021046327,0.0,0.0,0.0,0.0,0.0,0.0,0.0,0.0,0.0,0.0,0.0,0.0,0.0,0.0,0.0,0.0,6454.302481693914,0.0,0.0,0.0,0.0,0.0,0.0,0.0,0.0,0.0,0.0,0.0,0.0,0.0,0.0,0.0,-172886.65658945063,11916.749950547164,0.0,0.0,0.0,0.0,60931.36513390322,0.0,-2286.468403756531,0.0,0.0,0.0,0.0,0.0,0.0,0.0,-23658.995533755835,876.418634677284,0.0,0.0,0.0,0.0,0.0,0.0,0.0,0.0,0.0,0.0,0.0,0.0,0.0,0.0,0.0,0.0,0.0,0.0,0.0,0.0,0.0,0.0,7861.524960059265,-12750.894680613652,-6862.999920790782,0.0,0.0,0.0,0.0,0.0,0.0,0.0,0.0,0.0,0.0,0.0,0.0,965.4404719137237,0.0,0.0,6970.927624975244,0.0,5027.498263517649,17072.440183687286,0.0,0.0,2680.6303459114934,0.0,0.0,0.0,0.0,27795.230140303203,2241.7809164252285,-4818.649769875839,0.0,2660.778834238674,0.0,-25373.387441126193,7921.1736877372605,0.0,0.0,0.0,0.0,747.8267901391346,10316.535470684757,0.0,0.0,0.0,2336.2496018581332,22687.9688814448,39344.151334983995,0.0,280.35414463251436,0.0,0.0,0.0,0.0,0.0,0.0,0.0,0.0,0.0,0.0,226.34275637775545,0.0,0.0,0.0,0.0,0.0,0.0,0.0,0.0,0.0,0.0,0.0,-29393.24632029646,2964.7612815194334,2477.9062160545036,0.0,0.0,0.0,0.0,0.0,0.0,0.0,16493.66295010454,174682.12688699272,0.0,-2367.216491973544,0.0,0.0,2286.968292773203,0.0,0.0,-126865.38377418899,0.0,0.0,0.0,11837.874979257118,0.0,-242652.25831706077,0.0,0.0,0.0,0.0,0.0,0.0,0.0,0.0,0.0,0.0,0.0,0.0,0.0,0.0,0.0,0.0,0.0,0.0,0.0,0.0,0.0,0.0,0.0,0.0,0.0,0.0
Rhode Island,2027,0.0,6768.5257704783,0.0,6915.2704568070185,0.0,0.0,0.0,7900.122372826896,0.0,0.0,0.0,0.0,0.0,0.0,0.0,0.0,0.0,0.0,0.0,0.0,0.0,0.0,0.0,0.0,7518.5757632498135,0.0,0.0,0.0,0.0,0.0,0.0,0.0,0.0,0.0,0.0,0.0,0.0,0.0,0.0,0.0,-308352.9918268834,13881.745953031,0.0,0.0,0.0,0.0,70978.55832087656,0.0,-3925.7003745862494,0.0,0.0,0.0,0.0,0.0,0.0,0.0,-45462.341909017574,1020.9344733740672,0.0,0.0,0.0,0.0,0.0,0.0,0.0,0.0,0.0,0.0,0.0,0.0,0.0,0.0,0.0,0.0,0.0,0.0,0.0,0.0,0.0,0.0,9157.840246026477,-21892.36113726981,-18784.737632185454,0.0,0.0,0.0,0.0,0.0,0.0,0.0,0.0,0.0,0.0,0.0,0.0,1124.6354433463057,0.0,0.0,3402.3579414632404,0.0,5856.500636757271,19887.576596954925,0.0,0.0,3122.6491795458387,0.0,0.0,0.0,0.0,32378.48617407668,2611.4362803038493,-10235.708572068288,0.0,3099.5242803099463,0.0,-45677.21091419647,9227.324668162037,0.0,0.0,0.0,0.0,871.1386544705865,12017.666319574259,0.0,0.0,0.0,2721.4822489730395,26429.070133172383,45831.75075724197,0.0,-297.05252322696833,0.0,0.0,0.0,0.0,0.0,0.0,0.0,0.0,0.0,0.0,263.6652321634492,0.0,0.0,0.0,0.0,0.0,0.0,0.0,0.0,0.0,0.0,0.0,-52028.85897841812,3453.6314928338215,2886.497134659243,0.0,0.0,0.0,0.0,0.0,0.0,0.0,19213.36269187712,203486.09461835935,0.0,-5447.2159093074115,0.0,0.0,2664.0747665815506,0.0,0.0,-229250.61255879543,0.0,0.0,0.0,13789.865002432503,0.0,-435777.73035628145,0.0,0.0,0.0,0.0,0.0,0.0,0.0,0.0,0.0,0.0,0.0,0.0,0.0,0.0,0.0,0.0,0.0,0.0,0.0,0.0,0.0,0.0,0.0,0.0,0.0,0.0
Rhode Island,2028,0.0,6706.712749743339,0.0,6852.117301950326,0.0,0.0,0.0,7827.975136545356,0.0,0.0,0.0,0.0,0.0,0.0,0.0,0.0,0.0,0.0,0.0,0.0,0.0,0.0,0.0,0.0,7449.912970891382,0.0,0.0,0.0,0.0,0.0,0.0,0.0,0.0,0.0,0.0,0.0,0.0,0.0,0.0,0.0,-418543.12054269714,13754.97201738687,0.0,0.0,0.0,0.0,70330.35230881372,0.0,-5223.425684826443,0.0,0.0,0.0,0.0,0.0,0.0,0.0,-63961.52281952476,1011.6108708775027,0.0,0.0,0.0,0.0,0.0,0.0,0.0,0.0,0.0,0.0,0.0,0.0,0.0,0.0,0.0,0.0,0.0,0.0,0.0,0.0,0.0,0.0,9074.207001770541,-29129.35541545594,-30013.359220871527,0.0,0.0,0.0,0.0,0.0,0.0,0.0,0.0,0.0,0.0,0.0,0.0,1114.3648000280718,0.0,0.0,-1613.5147666867706,0.0,5803.016612677289,19705.954892873124,0.0,0.0,3094.1318354403957,0.0,0.0,0.0,0.0,32082.792236413807,2587.5875471503823,-15026.09387853236,0.0,3071.2181224989,0.0,-62291.44326887703,9143.056862973346,0.0,0.0,0.0,0.0,863.1830503201709,11907.915942226566,0.0,0.0,0.0,2696.6285298043367,26187.708762093185,45413.195955805946,0.0,-953.2369574603727,0.0,0.0,0.0,0.0,0.0,0.0,0.0,0.0,0.0,0.0,261.257330499855,0.0,0.0,0.0,0.0,0.0,0.0,0.0,0.0,0.0,0.0,0.0,-70348.39175822234,3422.0914792006406,2860.1364302331276,0.0,0.0,0.0,0.0,0.0,0.0,0.0,19037.898192407883,201627.7741195613,0.0,-8239.210597566424,0.0,0.0,2639.7453166584346,0.0,0.0,-313229.2330787412,0.0,0.0,0.0,13663.930162227654,0.0,-593569.1346077903,0.0,0.0,0.0,0.0,0.0,0.0,0.0,0.0,0.0,0.0,0.0,0.0,0.0,0.0,0.0,0.0,0.0,0.0,0.0,0.0,0.0,0.0,0.0,0.0,0.0,0.0
Rhode Island,2029,0.0,8592.009882159662,0.0,8778.28852507921,0.0,0.0,0.0,10028.465843131853,0.0,0.0,0.0,0.0,0.0,0.0,0.0,0.0,0.0,0.0,0.0,0.0,0.0,0.0,0.0,0.0,9544.12813782398,0.0,0.0,0.0,0.0,0.0,0.0,0.0,0.0,0.0,0.0,0.0,0.0,0.0,0.0,0.0,-480950.4845205575,17621.577054532478,0.0,0.0,0.0,0.0,90100.63567672914,0.0,-6039.789225854735,0.0,0.0,0.0,0.0,0.0,0.0,0.0,-72694.44021953213,1295.9807470227897,0.0,0.0,0.0,0.0,0.0,0.0,0.0,0.0,0.0,0.0,0.0,0.0,0.0,0.0,0.0,0.0,0.0,0.0,0.0,0.0,0.0,0.0,11625.020951576997,-33681.95081351288,-32876.85992714041,0.0,0.0,0.0,0.0,0.0,0.0,0.0,0.0,0.0,0.0,0.0,0.0,1427.6194212341252,0.0,0.0,369.9378377182293,0.0,7434.279347116528,25245.41686736734,0.0,0.0,3963.910830656354,0.0,0.0,0.0,0.0,41101.457335129206,3314.973908330914,-16862.345647458693,0.0,3934.555935735909,0.0,-71475.46519711273,11713.224921228539,0.0,0.0,0.0,0.0,1105.8289769078692,15255.302451331707,0.0,0.0,0.0,3454.6669644497997,33549.23058000882,58179.117399604,0.0,-899.0690478390643,0.0,0.0,0.0,0.0,0.0,0.0,0.0,0.0,0.0,0.0,334.6983312394459,0.0,0.0,0.0,0.0,0.0,0.0,0.0,0.0,0.0,0.0,0.0,-80935.20665078089,4384.061895012794,3664.1379152295303,0.0,0.0,0.0,0.0,0.0,0.0,0.0,24389.56542621838,258306.5493328937,0.0,-9166.002217473648,0.0,0.0,3381.793539313563,0.0,0.0,-359199.9593431422,0.0,0.0,0.0,17504.942788475964,0.0,-681336.6336807427,0.0,0.0,0.0,0.0,0.0,0.0,0.0,0.0,0.0,0.0,0.0,0.0,0.0,0.0,0.0,0.0,0.0,0.0,0.0,0.0,0.0,0.0,0.0,0.0,0.0,0.0
Rhode Island,2030,0.0,9271.953110244242,0.0,9472.97322850275,0.0,0.0,0.0,10822.085442228607,0.0,0.0,0.0,0.0,0.0,0.0,0.0,0.0,0.0,0.0,0.0,0.0,0.0,0.0,0.0,0.0,10299.418853766882,0.0,0.0,0.0,0.0,0.0,0.0,0.0,0.0,0.0,0.0,0.0,0.0,0.0,0.0,0.0,-291921.0828791561,19016.0903466178,0.0,0.0,0.0,0.0,97230.90180941997,0.0,-3837.884376148943,0.0,0.0,0.0,0.0,0.0,0.0,0.0,-40438.09094730546,1398.5403744850282,0.0,0.0,0.0,0.0,0.0,0.0,0.0,0.0,0.0,0.0,0.0,0.0,0.0,0.0,0.0,0.0,0.0,0.0,0.0,0.0,0.0,0.0,12544.986638392438,-21402.639719948947,-12569.537157632265,0.0,0.0,0.0,0.0,0.0,0.0,0.0,0.0,0.0,0.0,0.0,0.0,1540.5964977346648,0.0,0.0,10416.364972615323,0.0,8022.603611996252,27243.25561226695,0.0,0.0,4277.601615816213,0.0,0.0,0.0,0.0,44354.09064941999,3577.309973018975,-8382.464944957486,0.0,4245.92367165746,0.0,-42906.584483028455,12640.170778304178,0.0,0.0,0.0,0.0,1193.3406225624476,16462.556602156532,0.0,0.0,0.0,3728.057875305538,36204.20566188003,62783.22021539998,0.0,353.8612523663396,0.0,0.0,0.0,0.0,0.0,0.0,0.0,0.0,0.0,0.0,361.1852495389703,0.0,0.0,0.0,0.0,0.0,0.0,0.0,0.0,0.0,0.0,0.0,-49571.50585551106,4731.002044977835,3954.105663916758,0.0,0.0,0.0,0.0,0.0,0.0,0.0,26319.674920379533,278748.0748196698,0.0,-4180.7802729703035,0.0,0.0,3649.417488467876,0.0,0.0,-214660.352953044,0.0,0.0,0.0,18890.226030729464,0.0,-410170.020318406,0.0,0.0,0.0,0.0,0.0,0.0,0.0,0.0,0.0,0.0,0.0,0.0,0.0,0.0,0.0,0.0,0.0,0.0,0.0,0.0,0.0,0.0,0.0,0.0,0.0,0.0
Rhode Island,2031,0.0,11157.250242660579,0.0,11399.144451631633,0.0,0.0,0.0,13022.576148815104,0.0,0.0,0.0,0.0,0.0,0.0,0.0,0.0,0.0,0.0,0.0,0.0,0.0,0.0,0.0,0.0,12393.63402069948,0.0,0.0,0.0,0.0,0.0,0.0,0.0,0.0,0.0,0.0,0.0,0.0,0.0,0.0,0.0,-113997.06851359375,22882.695383763406,0.0,0.0,0.0,0.0,117001.1851773354,0.0,-1818.1164120908973,0.0,0.0,0.0,0.0,0.0,0.0,0.0,-8945.629379585604,1682.910250630317,0.0,0.0,0.0,0.0,0.0,0.0,0.0,0.0,0.0,0.0,0.0,0.0,0.0,0.0,0.0,0.0,0.0,0.0,0.0,0.0,0.0,0.0,15095.800588198894,-10139.047121569034,8811.830892474245,0.0,0.0,0.0,0.0,0.0,0.0,0.0,0.0,0.0,0.0,0.0,0.0,1853.8511189407127,0.0,0.0,23001.04779117572,0.0,9653.86634643549,32782.71758676125,0.0,0.0,5147.380611032178,0.0,0.0,0.0,0.0,53372.75574813539,4304.696334199496,167.84575568038417,0.0,5109.2614848944795,0.0,-15869.794783189129,15210.338836559356,0.0,0.0,0.0,0.0,1435.986549150146,19809.943111261688,0.0,0.0,0.0,4486.096309950997,43565.727479795634,75549.14165919798,0.0,1809.313071305458,0.0,0.0,0.0,0.0,0.0,0.0,0.0,0.0,0.0,0.0,434.6262502785612,0.0,0.0,0.0,0.0,0.0,0.0,0.0,0.0,0.0,0.0,0.0,-20187.466402593716,5692.972460789995,4758.107148913165,0.0,0.0,0.0,0.0,0.0,0.0,0.0,31671.34215419006,335426.85003300314,0.0,935.9893986563111,0.0,0.0,4391.465711123008,0.0,0.0,-77580.32726293139,0.0,0.0,0.0,22731.23865697779,0.0,-153897.14688906365,0.0,0.0,0.0,0.0,0.0,0.0,0.0,0.0,0.0,0.0,0.0,0.0,0.0,0.0,0.0,0.0,0.0,0.0,0.0,0.0,0.0,0.0,0.0,0.0,0.0,0.0
Rhode Island,2032,0.0,13042.547375076902,0.0,13325.315674760532,0.0,0.0,0.0,15223.066855401587,0.0,0.0,0.0,0.0,0.0,0.0,0.0,0.0,0.0,0.0,0.0,0.0,0.0,0.0,0.0,0.0,14487.849187632077,0.0,0.0,0.0,0.0,0.0,0.0,0.0,0.0,0.0,0.0,0.0,0.0,0.0,0.0,0.0,46839.16436424799,26749.300420909043,0.0,0.0,0.0,0.0,136771.4685452507,0.0,0.0,0.0,0.0,0.0,0.0,0.0,0.0,0.0,19686.77083951146,1967.2801267756058,0.0,0.0,0.0,0.0,0.0,0.0,0.0,0.0,0.0,0.0,0.0,0.0,0.0,0.0,0.0,0.0,0.0,0.0,0.0,0.0,0.0,0.0,17646.61453800535,0.0,28469.366531003616,0.0,0.0,0.0,0.0,0.0,0.0,0.0,0.0,0.0,0.0,0.0,0.0,2167.1057401467624,0.0,0.0,34831.97341561029,0.0,11285.129080874722,38322.1795612555,0.0,0.0,6017.159606248137,0.0,0.0,0.0,0.0,62391.420846850786,5032.082695380024,7979.662335775836,0.0,5972.599298131492,0.0,8591.661979791643,17780.50689481452,0.0,0.0,0.0,0.0,1678.6324757378443,23157.329620366843,0.0,0.0,0.0,5244.134744596457,50927.24929771118,88315.06310299598,0.0,3165.132318710508,0.0,0.0,0.0,0.0,0.0,0.0,0.0,0.0,0.0,0.0,508.06725101815164,0.0,0.0,0.0,0.0,0.0,0.0,0.0,0.0,0.0,0.0,0.0,6354.608635851706,6654.942876602156,5562.108633909575,0.0,0.0,0.0,0.0,0.0,0.0,0.0,37023.00938800056,392105.6252463355,0.0,5623.056317903225,0.0,0.0,5133.513933778144,0.0,0.0,46484.62202674561,0.0,0.0,0.0,26572.251283226113,0.0,77914.14042199618,0.0,0.0,0.0,0.0,0.0,0.0,0.0,0.0,0.0,0.0,0.0,0.0,0.0,0.0,0.0,0.0,0.0,0.0,0.0,0.0,0.0,0.0,0.0,0.0,0.0,0.0
Rhode Island,2033,0.0,13969.742686101323,0.0,14272.612997610799,0.0,0.0,0.0,16305.275399624443,0.0,0.0,0.0,0.0,0.0,0.0,0.0,0.0,0.0,0.0,0.0,0.0,0.0,0.0,0.0,0.0,15517.791073008775,0.0,0.0,0.0,0.0,0.0,0.0,0.0,0.0,0.0,0.0,0.0,0.0,0.0,0.0,0.0,50168.96277876798,28650.90945557083,0.0,0.0,0.0,0.0,146494.5587261928,0.0,0.0,0.0,0.0,0.0,0.0,0.0,0.0,0.0,21086.304311514657,2107.134164224106,0.0,0.0,0.0,0.0,0.0,0.0,0.0,0.0,0.0,0.0,0.0,0.0,0.0,0.0,0.0,0.0,0.0,0.0,0.0,0.0,0.0,0.0,18901.113201844593,0.0,30493.255146951735,0.0,0.0,0.0,0.0,0.0,0.0,0.0,0.0,0.0,0.0,0.0,0.0,2321.1653899202283,0.0,0.0,37308.18005653049,0.0,12087.389442074353,41046.50512248225,0.0,0.0,6444.9197678297605,0.0,0.0,0.0,0.0,66826.82991179277,5389.813692681921,8546.936909409189,0.0,6397.191665297243,0.0,9202.4436371228,19044.523972644965,0.0,0.0,0.0,0.0,1797.966537994087,24803.585280582498,0.0,0.0,0.0,5616.940532127006,54547.66986389918,94593.385124536,0.0,3390.1417252539104,0.0,0.0,0.0,0.0,0.0,0.0,0.0,0.0,0.0,0.0,544.1857759720488,0.0,0.0,0.0,0.0,0.0,0.0,0.0,0.0,0.0,0.0,0.0,6806.358064940701,7128.043081099942,5957.519200301249,0.0,0.0,0.0,0.0,0.0,0.0,0.0,39654.97688003848,419980.4327283029,0.0,6022.79965803853,0.0,0.0,5498.455682624932,0.0,0.0,49789.21600968958,0.0,0.0,0.0,28461.273886299037,0.0,83453.06035720924,0.0,0.0,0.0,0.0,0.0,0.0,0.0,0.0,0.0,0.0,0.0,0.0,0.0,0.0,0.0,0.0,0.0,0.0,0.0,0.0,0.0,0.0,0.0,0.0,0.0,0.0
South Carolina,2024,0.0,0.0,0.0,0.0,0.0,0.0,0.0,0.0,0.0,0.0,0.0,0.0,0.0,0.0,0.0,0.0,0.0,0.0,0.0,0.0,0.0,0.0,0.0,0.0,0.0,0.0,0.0,0.0,0.0,0.0,0.0,0.0,0.0,0.0,0.0,0.0,0.0,0.0,0.0,0.0,0.0,0.0,0.0,0.0,0.0,0.0,0.0,0.0,0.0,0.0,0.0,0.0,0.0,0.0,0.0,0.0,0.0,0.0,0.0,0.0,0.0,0.0,0.0,0.0,0.0,0.0,0.0,0.0,0.0,0.0,0.0,0.0,0.0,0.0,0.0,0.0,0.0,0.0,0.0,0.0,0.0,0.0,0.0,0.0,0.0,0.0,0.0,0.0,0.0,0.0,0.0,0.0,0.0,0.0,0.0,0.0,0.0,0.0,0.0,0.0,0.0,0.0,0.0,0.0,0.0,0.0,0.0,0.0,0.0,0.0,0.0,0.0,0.0,0.0,0.0,0.0,0.0,0.0,0.0,0.0,0.0,0.0,0.0,0.0,0.0,0.0,0.0,0.0,4.656612873077393e-10,0.0,0.0,0.0,0.0,0.0,0.0,0.0,0.0,0.0,0.0,0.0,0.0,0.0,0.0,0.0,0.0,0.0,0.0,0.0,0.0,0.0,0.0,0.0,0.0,0.0,0.0,0.0,0.0,0.0,0.0,0.0,0.0,0.0,0.0,0.0,0.0,0.0,0.0,0.0,0.0,0.0,0.0,0.0,0.0,0.0,0.0,0.0,0.0,0.0,0.0,0.0,0.0,0.0,0.0,0.0,0.0,0.0,0.0,0.0,0.0,0.0,0.0,0.0,0.0,0.0,0.0,0.0,0.0,0.0,0.0,0.0,0.0,0.0,0.0,0.0,0.0
South Carolina,2025,15905.967988663062,21155.085554360994,0.0,2860.75751322983,0.0,0.0,0.0,13019.99946180504,-125605.1807792976,0.0,0.0,20818.4985877671,0.0,26666.832292321196,0.0,0.0,0.0,0.0,0.0,11027.785903526354,0.0,0.0,0.0,17075.8781885418,0.0,0.0,0.0,0.0,0.0,0.0,-1471.7358962297867,0.0,0.0,0.0,0.0,0.0,0.0,0.0,0.0,76061.75007978897,-64477.52416180383,-4232.204593579518,121655.48074464756,0.0,0.0,0.0,82150.39013124956,0.0,10649.679589207211,0.0,-6569.184981953935,0.0,0.0,0.0,0.0,17128.125526871125,-279870.25335081667,-2679.2508495255315,0.0,-17849.444453399054,0.0,0.0,0.0,0.0,0.0,0.0,0.0,239234.673398796,0.0,0.0,264320.7416468584,0.0,0.0,0.0,-3208957.7035344075,0.0,0.0,0.0,0.0,0.0,93338.85344805196,0.0,0.0,0.0,0.0,0.0,0.0,0.0,22571.17705964262,0.0,0.0,0.0,0.0,0.0,5342.340752770411,11141.729876517202,1753.4660975985098,0.0,-14011.113051313208,0.0,60901.85110520641,-49380.67653724598,0.0,0.0,-5303.207955819904,0.0,0.0,0.0,0.0,3574.7111431514422,0.0,6516.276518435479,-10277.229180590017,1173.22086061578,0.0,14278.573398357723,43670.1221175642,0.0,0.0,0.0,0.0,1120.8849100746593,6184.343520561233,0.0,0.0,0.0,20464.09654039491,71581.71554697934,98778.94696051162,0.0,2545.189479483848,0.0,0.0,0.0,6772.001061367948,43487.456063984544,89448.54821163788,0.0,0.0,0.0,-58697.350019529375,-60556.576081564766,0.0,0.0,0.0,0.0,0.0,0.0,0.0,-16332.301287695882,0.0,0.0,0.0,96002.25631589442,34253.788866573595,9203.545040672761,0.0,0.0,0.0,11611.943134968402,0.0,0.0,0.0,28481.409846768365,0.0,0.0,0.0,0.0,1708.953153590206,1997.8962028139686,0.0,0.0,-4567.555306335096,0.0,0.0,0.0,0.0,0.0,4690.410809373017,-37311.54137495786,-1274431.843319091,0.0,0.0,0.0,0.0,0.0,0.0,0.0,0.0,0.0,0.0,0.0,0.0,-653.7725952036641,0.0,0.0,0.0,0.0,0.0,0.0,2146.6018745761976,0.0,0.0,0.0,0.0
South Carolina,2026,18345.533631095925,24399.73057803602,0.0,3299.524002989019,0.0,0.0,0.0,15016.931894597219,-296878.50847694324,0.0,0.0,24011.519843559596,0.0,30756.837245131203,0.0,0.0,0.0,0.0,0.0,12719.164109588659,0.0,0.0,0.0,2780.5835750408005,0.0,0.0,0.0,0.0,0.0,0.0,-3052.0068880517406,0.0,0.0,0.0,0.0,0.0,0.0,0.0,0.0,31808.28754123207,-166196.53431388526,-47576.2421352535,140314.29680977762,0.0,0.0,0.0,94750.14321886469,0.0,12283.06602926967,0.0,-71366.42342362483,0.0,0.0,0.0,0.0,1235.8565392266028,-1089527.4442330422,-16154.003740274115,0.0,-38089.58726762806,0.0,0.0,0.0,0.0,0.0,0.0,0.0,275927.1079691639,0.0,0.0,222265.7853179071,0.0,0.0,0.0,-7365546.636143539,0.0,0.0,0.0,0.0,0.0,5353.984066977631,0.0,0.0,0.0,0.0,0.0,0.0,0.0,6223.236694362247,0.0,0.0,0.0,0.0,0.0,6161.718168839485,8621.822923427215,2022.4026156350847,0.0,-54676.51073272474,0.0,70242.62581459398,-378551.16596457735,0.0,0.0,-15911.136987345759,0.0,0.0,0.0,0.0,4122.979723389399,0.0,5400.324046194117,-165391.65024235775,1353.1627104034742,0.0,-66882.49182828004,38074.262659510714,0.0,0.0,0.0,0.0,-1075.7768771940828,-30516.172541309963,0.0,0.0,0.0,23602.761653952388,6235.394204785582,31140.24528511148,0.0,2935.555964067258,0.0,0.0,0.0,7810.651530902891,50157.311288521974,103167.65069808532,0.0,0.0,0.0,-135611.63463755662,-161121.53760376113,0.0,0.0,0.0,0.0,0.0,0.0,0.0,-44896.35229750993,0.0,0.0,0.0,-168591.38174199313,29362.36356562923,10615.131703352657,0.0,0.0,0.0,13392.916008429806,0.0,0.0,0.0,3182.594894379261,0.0,0.0,0.0,0.0,1971.0625329752002,2304.3220007915697,0.0,0.0,-32720.772150758654,0.0,0.0,0.0,0.0,0.0,-218387.29376938846,-89725.92919253692,-2849696.954404146,0.0,0.0,0.0,0.0,0.0,0.0,0.0,0.0,0.0,0.0,0.0,0.0,-1355.7585086376869,0.0,0.0,0.0,0.0,0.0,0.0,2475.8352909222413,0.0,0.0,0.0,0.0
South Carolina,2027,21370.595027712843,28423.09040739303,0.0,3843.594450290395,0.0,0.0,0.0,17493.128111259546,-534903.5315482388,0.0,0.0,27970.866200742283,0.0,35828.4433866156,0.0,0.0,0.0,0.0,0.0,14816.473085105972,0.0,0.0,0.0,-17799.2706769043,0.0,0.0,0.0,0.0,0.0,0.0,-5240.074415189831,0.0,0.0,0.0,0.0,0.0,0.0,0.0,0.0,-32500.422759314533,-307821.14100575953,-108526.10745080479,163451.22873053886,0.0,0.0,0.0,110373.8370475074,0.0,14308.465214947122,0.0,-162477.25391383073,0.0,0.0,0.0,0.0,-21595.030856317433,-2222861.3190775206,-35066.75571608718,0.0,-66140.29184593853,0.0,0.0,0.0,0.0,0.0,0.0,0.0,321425.7268364192,0.0,0.0,156182.6633822387,0.0,0.0,0.0,-13137957.760690099,0.0,0.0,0.0,0.0,0.0,-121006.8694675602,0.0,0.0,0.0,0.0,0.0,0.0,0.0,-17390.408636669395,0.0,0.0,0.0,0.0,0.0,7177.746164765151,4783.684410386253,2355.883898000444,0.0,-111599.89318379026,0.0,81825.18645423453,-840980.6526373904,0.0,0.0,-30717.453481353426,0.0,0.0,0.0,0.0,4802.832762884456,0.0,3659.6471901655023,-383637.66621904774,1576.2906041402184,0.0,-181584.75107723847,29061.26464822353,0.0,0.0,0.0,0.0,-4199.2510295615575,-82376.7555150144,0.0,0.0,0.0,27494.706394763693,-87671.20739535894,-66699.43456880795,0.0,3419.610404950694,0.0,0.0,0.0,9098.578113126248,58427.931766948546,120179.33778128028,0.0,0.0,0.0,-242443.0320904859,-301221.8794291024,0.0,0.0,0.0,0.0,0.0,0.0,0.0,-84712.32646038817,0.0,0.0,0.0,-543812.5111969933,21585.37379069219,12365.4991650757,0.0,0.0,0.0,15601.322371521965,0.0,0.0,0.0,-33193.214433586574,0.0,0.0,0.0,0.0,2296.0781634125997,2684.2899902838,0.0,0.0,-72262.42839477427,0.0,0.0,0.0,0.0,0.0,-532761.4914169372,-162597.35294866428,-5035818.157928905,0.0,0.0,0.0,0.0,0.0,0.0,0.0,0.0,0.0,0.0,0.0,0.0,-2327.739004161718,0.0,0.0,0.0,0.0,0.0,0.0,2884.084727191341,0.0,0.0,0.0,0.0
South Carolina,2028,21175.429776318284,28163.518805498985,0.0,3808.4931311096516,0.0,0.0,0.0,17333.373516636173,-729780.8243451,0.0,0.0,27715.424500278867,0.0,35501.242990390805,0.0,0.0,0.0,0.0,0.0,14681.162828620989,0.0,0.0,0.0,-39864.63846851961,0.0,0.0,0.0,0.0,0.0,0.0,-6972.294540840819,0.0,0.0,0.0,0.0,0.0,0.0,0.0,0.0,-105690.05647395086,-425688.1369166517,-163642.53471324686,161958.52344532823,0.0,0.0,0.0,109365.85680049832,0.0,14177.79429974212,0.0,-244822.66432601726,0.0,0.0,0.0,0.0,-45734.928688221844,-3210162.398126849,-51914.335486287455,0.0,-88537.17685788043,0.0,0.0,0.0,0.0,0.0,0.0,0.0,318490.33207078977,0.0,0.0,46214.19585557934,0.0,0.0,0.0,-17833570.30970952,0.0,0.0,0.0,0.0,0.0,-254340.1655690181,0.0,0.0,0.0,0.0,0.0,0.0,0.0,-43264.609025480226,0.0,0.0,0.0,0.0,0.0,7112.195971479625,-817.2283507021784,2334.3689765575145,0.0,-161197.1101970973,0.0,81077.9244774835,-1255926.8219304862,0.0,0.0,-43308.440396735416,0.0,0.0,0.0,0.0,4758.971276465418,0.0,846.2975177476328,-581906.2820665077,1561.8952561571987,0.0,-289462.1912025139,12640.059675254626,0.0,0.0,0.0,0.0,-7273.5664737068,-131100.9319647937,0.0,0.0,0.0,27243.613185679103,-187173.19548945734,-174887.26220152946,0.0,3388.3810861840175,0.0,0.0,0.0,9015.486075563429,57894.34334898554,119081.80958236428,0.0,0.0,0.0,-329474.9937951603,-418422.84316330124,0.0,0.0,0.0,0.0,0.0,0.0,0.0,-118184.25739276168,0.0,0.0,0.0,-905911.791027166,8056.099238703377,12252.572232061299,0.0,0.0,0.0,15458.844541645056,0.0,0.0,0.0,-71877.13511680043,0.0,0.0,0.0,0.0,2275.1094130618003,2659.775926445589,0.0,0.0,-107679.42311502103,0.0,0.0,0.0,0.0,0.0,-821999.0166993183,-222472.41573443683,-6803093.120193889,0.0,0.0,0.0,0.0,0.0,0.0,0.0,0.0,0.0,0.0,0.0,0.0,-3097.2235631182434,0.0,0.0,0.0,0.0,0.0,0.0,2857.746053883653,0.0,0.0,0.0,0.0
South Carolina,2029,27127.969943854725,36080.45266326604,0.0,4879.083366122046,0.0,0.0,0.0,22205.888652649126,-837264.7387967505,0.0,0.0,35506.39636441259,0.0,45480.85507524718,0.0,0.0,0.0,0.0,0.0,18808.12565141305,0.0,0.0,0.0,-40203.811592068,0.0,0.0,0.0,0.0,0.0,0.0,-8061.986900586177,0.0,0.0,0.0,0.0,0.0,0.0,0.0,0.0,-99473.34970761044,-486353.2357976433,-182212.99782725982,207486.03464424564,0.0,0.0,0.0,140109.25433427875,0.0,18163.257213494508,0.0,-272660.48154304374,0.0,0.0,0.0,0.0,-46693.11063325347,-3619951.746022639,-58114.58199657113,0.0,-102180.58583602111,0.0,0.0,0.0,0.0,0.0,0.0,0.0,408019.872422487,0.0,0.0,112270.49306801427,0.0,0.0,0.0,-20492396.188585825,0.0,0.0,0.0,0.0,0.0,-260111.07715410274,0.0,0.0,0.0,0.0,0.0,0.0,0.0,-42699.25806038268,0.0,0.0,0.0,0.0,0.0,9111.476866688186,1669.918313753442,2990.574080566774,0.0,-181764.71498070727,0.0,103869.41476838896,-1402357.4112227056,0.0,0.0,-49189.944133726385,0.0,0.0,0.0,0.0,6096.746612246025,0.0,2443.2770159253996,-646839.1561916317,2000.9533696391845,0.0,-317280.7726786798,24091.674102696823,0.0,0.0,0.0,0.0,-7796.45769558414,-143765.61596221547,0.0,0.0,0.0,34901.95606275942,-190751.70619772002,-170859.3337662313,0.0,4340.875308567542,0.0,0.0,0.0,11549.793221228741,74168.790096857,152556.41964929597,0.0,0.0,0.0,-378460.85067665635,-477400.70524410356,0.0,0.0,0.0,0.0,0.0,0.0,0.0,-134664.2352786827,0.0,0.0,0.0,-981114.1767677218,16838.675940363668,15696.843689000205,0.0,0.0,0.0,19804.418352890876,0.0,0.0,0.0,-73021.83189988753,0.0,0.0,0.0,0.0,2914.656298761194,3407.4548735109383,0.0,0.0,-120311.09187457588,0.0,0.0,0.0,0.0,0.0,-909283.7704335959,-255012.44494698578,-7828995.9278688375,0.0,0.0,0.0,0.0,0.0,0.0,0.0,0.0,0.0,0.0,0.0,0.0,-3581.2852781510446,0.0,0.0,0.0,0.0,0.0,0.0,3661.075589767999,0.0,0.0,0.0,0.0
South Carolina,2030,29274.78770919572,38935.7402841,0.0,5265.19787711012,0.0,0.0,0.0,23963.18919350623,-502093.0713692239,0.0,0.0,38316.25506950999,0.0,49080.05943372002,0.0,0.0,0.0,0.0,0.0,20296.538472747896,0.0,0.0,0.0,1282.4584198645316,0.0,0.0,0.0,0.0,0.0,0.0,-5122.85651195029,0.0,0.0,0.0,0.0,0.0,0.0,0.0,0.0,40328.52187239332,-282334.18714986,-83882.46001308796,223905.79278155998,0.0,0.0,0.0,151197.03705138003,0.0,19600.637280749477,0.0,-125779.84811166185,0.0,0.0,0.0,0.0,-1481.8738138009794,-1881608.9618661162,-28214.16707089753,0.0,-64045.60370485128,0.0,0.0,0.0,0.0,0.0,0.0,0.0,440309.2148444103,0.0,0.0,339274.86614622455,0.0,0.0,0.0,-12436973.274542024,0.0,0.0,0.0,0.0,0.0,-10536.247535066213,0.0,0.0,0.0,0.0,0.0,0.0,0.0,6236.024479314685,0.0,0.0,0.0,0.0,0.0,9832.528992828971,12969.53231473238,3227.2382164389637,0.0,-94433.35934154195,0.0,112089.29651264998,-664051.2236606926,0.0,0.0,-27216.870076810475,0.0,0.0,0.0,0.0,6579.222962855427,0.0,8223.003842840699,-292558.8668370461,2159.302197452358,0.0,-122272.97426693211,58463.928888686,0.0,0.0,0.0,0.0,-2158.4225783095317,-55717.84802995203,0.0,0.0,0.0,37663.981362690014,-4285.109962486196,34251.13854325842,0.0,4684.3978150009425,0.0,0.0,0.0,12463.805634419507,80038.26269444998,164629.2298373701,0.0,0.0,0.0,-229067.57288739955,-274132.70987420797,0.0,0.0,0.0,0.0,0.0,0.0,0.0,-76503.33279900317,0.0,0.0,0.0,-321123.69044949766,44962.70293938543,16939.039952158477,0.0,0.0,0.0,21371.67448153693,0.0,0.0,0.0,-454.5337416109396,0.0,0.0,0.0,0.0,3145.3125526199947,3677.1095757312287,0.0,0.0,-57334.12770500546,0.0,0.0,0.0,0.0,0.0,-390230.20236175833,-151888.03821242912,-4804731.847755097,0.0,0.0,0.0,0.0,0.0,0.0,0.0,0.0,0.0,0.0,0.0,0.0,-2275.668620472932,0.0,0.0,0.0,0.0,0.0,0.0,3950.8009961525167,0.0,0.0,0.0,0.0
South Carolina,2031,35227.32787673219,46852.67414186703,0.0,6335.788112122507,0.0,0.0,0.0,28835.704329519125,-184740.4291100211,0.0,0.0,46107.22693364372,0.0,59059.67151857639,0.0,0.0,0.0,0.0,0.0,24423.501295539987,0.0,0.0,0.0,48215.63993176038,0.0,0.0,0.0,0.0,0.0,0.0,-2426.844737440858,0.0,0.0,0.0,0.0,0.0,0.0,0.0,0.0,202829.6398922447,-86351.76061155956,16871.57615290617,269433.30398047715,0.0,0.0,0.0,181940.43458516046,0.0,23586.100194501865,0.0,24662.847688964335,0.0,0.0,0.0,0.0,49317.94572205754,-148521.95134146605,2096.5840859989985,0.0,-28772.736654929933,0.0,0.0,0.0,0.0,0.0,0.0,0.0,529838.7551961071,0.0,0.0,636168.9131408576,0.0,0.0,0.0,-4854423.402031489,0.0,0.0,0.0,0.0,0.0,269604.4046668592,0.0,0.0,0.0,0.0,0.0,0.0,0.0,62166.07473182003,0.0,0.0,0.0,0.0,0.0,11831.809888037533,27275.292070649855,3883.4433204482193,0.0,-7354.52999953524,0.0,134880.78680355556,88322.24424139969,0.0,0.0,-5724.390539363594,0.0,0.0,0.0,0.0,7916.998298636026,0.0,15732.0868606203,71619.29106682446,2598.360310934335,0.0,82859.30779855116,104274.26958965568,0.0,0.0,0.0,0.0,3938.4241087510745,36839.62499561894,0.0,0.0,0.0,45322.32423977027,205451.08781025023,269658.730448165,0.0,5636.892037384467,0.0,0.0,0.0,14998.112780084819,96312.70944232144,198103.8399043018,0.0,0.0,0.0,-88252.88062045642,-78007.67535590322,0.0,0.0,0.0,0.0,0.0,0.0,0.0,-20152.908060719958,0.0,0.0,0.0,384316.32361100614,82098.90301376418,20383.311409097383,0.0,0.0,0.0,25717.24829278278,0.0,0.0,0.0,81314.962147546,0.0,0.0,0.0,0.0,3784.859438319396,4424.788522796578,0.0,0.0,6759.392274863727,0.0,0.0,0.0,0.0,0.0,147956.92729565594,-53933.15374809323,-1974346.0885694493,0.0,0.0,0.0,0.0,0.0,0.0,0.0,0.0,0.0,0.0,0.0,0.0,-1078.0497956308209,0.0,0.0,0.0,0.0,0.0,0.0,4754.130532036859,0.0,0.0,0.0,0.0
South Carolina,2032,41179.86804426863,54769.607999634,0.0,7406.378347134909,0.0,0.0,0.0,33708.21946553208,102405.94420873141,0.0,0.0,53898.19879777738,0.0,69039.28360343282,0.0,0.0,0.0,0.0,0.0,28550.46411833205,0.0,0.0,0.0,91787.71365994355,0.0,0.0,0.0,0.0,0.0,0.0,0.0,0.0,0.0,0.0,0.0,0.0,0.0,0.0,0.0,354218.7928917776,91382.79141298379,109141.53094807424,314960.81517939456,0.0,0.0,0.0,212683.83211894135,0.0,27571.563108254253,0.0,162429.63545393187,0.0,0.0,0.0,0.0,96437.72386821994,1432204.5841578776,29811.3698124309,0.0,3022.138292078751,0.0,0.0,0.0,0.0,0.0,0.0,0.0,619368.2955478043,0.0,0.0,916650.1843482247,0.0,0.0,0.0,1999955.258797871,0.0,0.0,0.0,0.0,0.0,529416.482379342,0.0,0.0,0.0,0.0,0.0,0.0,0.0,114159.64407168841,0.0,0.0,0.0,0.0,0.0,13831.090783246094,40740.737593000085,4539.648424457475,0.0,72070.53911794396,0.0,157672.2770944609,776789.9190860996,0.0,0.0,13821.773673524658,0.0,0.0,0.0,0.0,9254.773634416626,0.0,22820.813894208026,405287.2609135872,3037.4184244163152,0.0,271428.5697498347,147641.67333081015,0.0,0.0,0.0,0.0,9564.601357332147,121915.70612276613,0.0,0.0,0.0,52980.667116850585,400020.4141084193,488615.0160054611,0.0,6589.386259767998,0.0,0.0,0.0,17532.419925750117,112587.15619019303,231578.44997123373,0.0,0.0,0.0,39066.818473088526,99979.30917485041,0.0,0.0,0.0,0.0,0.0,0.0,0.0,31019.208234099322,0.0,0.0,0.0,1034251.946859967,117219.13445384416,23827.58286603629,0.0,0.0,0.0,30062.82210402863,0.0,0.0,0.0,157189.18286963983,0.0,0.0,0.0,0.0,4424.406324018797,5172.467469861927,0.0,0.0,65397.68094527838,0.0,0.0,0.0,0.0,0.0,641672.4322165037,34743.42263371195,581854.0156329903,0.0,0.0,0.0,0.0,0.0,0.0,0.0,0.0,0.0,0.0,0.0,0.0,0.0,0.0,0.0,0.0,0.0,0.0,0.0,5557.460067921205,0.0,0.0,0.0,0.0
South Carolina,2033,44107.34681518824,58663.182028044015,0.0,7932.898134845913,0.0,0.0,0.0,36104.53838488273,109685.98763589235,0.0,0.0,57729.82430472839,0.0,73947.28954680474,0.0,0.0,0.0,0.0,0.0,30580.117965606827,0.0,0.0,0.0,98312.90657415753,0.0,0.0,0.0,0.0,0.0,0.0,0.0,0.0,0.0,0.0,0.0,0.0,0.0,0.0,0.0,379400.2236660747,97879.19838547078,116900.40755575715,337351.3944575505,0.0,0.0,0.0,227803.53582407918,0.0,29531.626836329204,0.0,173976.7659364387,0.0,0.0,0.0,0.0,103293.48622851999,1534020.0759226559,31930.66150525774,0.0,3236.9822464919343,0.0,0.0,0.0,0.0,0.0,0.0,0.0,663399.2170322444,0.0,0.0,981814.8893966768,0.0,0.0,0.0,2142132.1729304213,0.0,0.0,0.0,0.0,0.0,567052.725202518,0.0,0.0,0.0,0.0,0.0,0.0,0.0,122275.2585791545,0.0,0.0,0.0,0.0,0.0,14814.343682528997,43636.99855932713,4862.372246101371,0.0,77194.03715950396,0.0,168881.20674572606,832011.9512486188,0.0,0.0,14804.36421903588,0.0,0.0,0.0,0.0,9912.695930702168,0.0,24443.14663550243,434099.1514998614,3253.3486441615496,0.0,290724.43963726354,158137.52688513324,0.0,0.0,0.0,0.0,10244.549321123537,130582.69944902917,0.0,0.0,0.0,56747.065253119596,428457.88430570066,523350.68065039907,0.0,7057.8260412680975,0.0,0.0,0.0,18778.800489192086,120590.98245963792,248041.37295497092,0.0,0.0,0.0,41844.08044984841,107086.8430024464,0.0,0.0,0.0,0.0,0.0,0.0,0.0,33224.36521756608,0.0,0.0,0.0,1107776.966778922,125552.24827757722,25521.486861252124,0.0,0.0,0.0,32199.98955218232,0.0,0.0,0.0,168363.76932956686,0.0,0.0,0.0,0.0,4738.937579280795,5540.178427435054,0.0,0.0,70046.8051830944,0.0,0.0,0.0,0.0,0.0,687288.9558337908,37213.33419535024,623218.0451803594,0.0,0.0,0.0,0.0,0.0,0.0,0.0,0.0,0.0,0.0,0.0,0.0,0.0,0.0,0.0,0.0,0.0,0.0,0.0,5952.540167536452,0.0,0.0,0.0,0.0
South Dakota,2024,0.0,0.0,0.0,0.0,0.0,0.0,0.0,0.0,0.0,0.0,0.0,0.0,0.0,0.0,0.0,0.0,0.0,0.0,0.0,0.0,0.0,0.0,0.0,0.0,0.0,0.0,0.0,0.0,0.0,0.0,0.0,0.0,0.0,0.0,0.0,0.0,0.0,0.0,0.0,0.0,0.0,0.0,0.0,0.0,0.0,0.0,0.0,0.0,0.0,0.0,0.0,0.0,0.0,0.0,0.0,0.0,0.0,0.0,0.0,0.0,0.0,0.0,0.0,0.0,0.0,0.0,0.0,0.0,0.0,0.0,0.0,0.0,0.0,0.0,0.0,0.0,0.0,0.0,0.0,0.0,0.0,0.0,0.0,0.0,0.0,0.0,0.0,0.0,0.0,0.0,0.0,0.0,0.0,0.0,0.0,0.0,0.0,0.0,0.0,0.0,0.0,0.0,0.0,0.0,0.0,0.0,0.0,0.0,0.0,0.0,0.0,0.0,0.0,0.0,0.0,0.0,0.0,0.0,0.0,0.0,0.0,0.0,0.0,0.0,0.0,0.0,0.0,0.0,0.0,0.0,0.0,0.0,0.0,0.0,0.0,0.0,0.0,0.0,0.0,0.0,0.0,0.0,0.0,0.0,0.0,0.0,0.0,0.0,0.0,0.0,0.0,0.0,0.0,0.0,0.0,0.0,0.0,0.0,0.0,0.0,0.0,0.0,0.0,0.0,0.0,0.0,0.0,0.0,0.0,0.0,0.0,0.0,0.0,0.0,0.0,0.0,0.0,0.0,0.0,0.0,0.0,0.0,0.0,0.0,0.0,0.0,0.0,0.0,0.0,0.0,0.0,0.0,0.0,0.0,0.0,0.0,0.0,0.0,0.0,0.0,0.0,0.0,0.0,0.0,0.0
South Dakota,2025,0.0,0.0,0.0,0.0,0.0,0.0,0.0,0.0,0.0,0.0,0.0,0.0,0.0,0.0,0.0,0.0,0.0,0.0,0.0,0.0,0.0,0.0,0.0,0.0,0.0,0.0,0.0,0.0,0.0,0.0,0.0,0.0,0.0,0.0,0.0,0.0,0.0,0.0,0.0,170277.61014198465,47249.40517433698,-24822.5700973091,42631.15675194701,0.0,0.0,0.0,38085.52658157889,0.0,17614.9753660094,-5737.889678619045,-120821.92222273874,0.0,0.0,0.0,0.0,-6266.527583907275,-380222.4507615594,703.3618635408493,0.0,-47475.38188005437,0.0,0.0,2280.882583172337,0.0,0.0,0.0,0.0,10189.086264006124,0.0,0.0,136418.66054099263,0.0,0.0,0.0,2231.7615848350215,0.0,65354.25253940874,0.0,-124359.07930731983,0.0,-531801.4783798181,0.0,-9885.197461016323,2466.090372500774,0.0,0.0,0.0,0.0,0.0,0.0,0.0,0.0,0.0,0.0,25350.949341850064,0.0,0.0,0.0,-2109.9203417951358,0.0,26467.36651222629,-44542.13336708612,0.0,0.0,-1052.8675734756107,0.0,0.0,0.0,0.0,0.0,212.5487223652408,-126227.32004895271,-264364.2740090447,16733.406765882013,-421.1245888893882,-183453.2334142116,-200380.20162661932,5284.846421703529,0.0,0.0,0.0,-130519.63123390125,-39495.97822805855,0.0,20651.82702422599,0.0,1136.760588334315,0.0,-54275.15337504982,0.0,0.0,0.0,2769.937522745484,0.0,-76996.74622266041,-4480.509572279989,0.0,0.0,0.0,0.0,3082.57434848891,-407990.55701436405,0.0,0.0,-126626.2302666225,-4967.496185243246,0.0,0.0,0.0,0.0,0.0,0.0,30577.231426207698,179.58729344132053,-116888.3134074551,-24869.455153764,0.0,0.0,0.0,11758.217044126679,0.0,0.0,0.0,267068.0059672729,0.0,993.2327651224532,58012.51691055554,0.0,0.0,0.0,25785.589224660886,0.0,0.0,0.0,0.0,0.0,0.0,0.0,42789.986405716394,383.5731218505016,1935.4607065851014,0.0,0.0,0.0,0.0,0.0,0.0,0.0,0.0,0.0,0.0,0.0,0.0,0.0,0.0,0.0,-58378.7666041194,0.0,0.0,0.0,0.0,2252.172458571753,0.0,5106.730204502077,2905.3989236684647
South Dakota,2026,0.0,0.0,0.0,0.0,0.0,0.0,0.0,0.0,0.0,0.0,0.0,0.0,0.0,0.0,0.0,0.0,0.0,0.0,0.0,0.0,0.0,0.0,0.0,0.0,0.0,0.0,0.0,0.0,0.0,0.0,0.0,0.0,0.0,0.0,0.0,0.0,0.0,0.0,0.0,196393.80801652186,54496.2464587444,-57414.66175719566,49169.67772617197,0.0,0.0,0.0,43926.86501433642,0.0,20316.6587043544,-39165.53487890365,-307843.5822267211,0.0,0.0,0.0,0.0,-15025.16490354377,-1227465.6994945519,-2059.22425704731,0.0,-138153.19756399887,0.0,0.0,2630.7112002233116,0.0,0.0,0.0,0.0,11751.829556031618,0.0,0.0,157341.7679859302,0.0,0.0,0.0,2574.0563064354865,0.0,75377.91090434883,0.0,-278052.37678686297,0.0,-1412116.1198065747,0.0,-23165.904901689668,2844.3250922094776,0.0,0.0,0.0,0.0,0.0,0.0,0.0,0.0,0.0,0.0,19048.5227393643,0.0,0.0,0.0,-31119.900741092046,0.0,30526.778553978773,-130194.0352675427,0.0,0.0,-4205.907424613091,0.0,0.0,0.0,0.0,0.0,245.1482196605225,-300457.0242549097,-551283.194547479,19299.880196232,-1035.1379663677371,-411177.40440730326,-1006409.7714379281,6095.40568883597,0.0,0.0,0.0,-489192.9008962149,-142272.98373785545,0.0,23819.285156775994,0.0,1311.1103718211707,0.0,-158983.14460135158,0.0,0.0,0.0,3194.774566111366,0.0,-322103.73273046454,-36148.096428759396,0.0,0.0,0.0,0.0,3555.361825251006,-902924.2314606756,0.0,0.0,-301775.028644374,-15184.674042189028,0.0,0.0,0.0,0.0,0.0,0.0,35266.99084740516,207.1313568525661,-433770.27296080487,-51572.94092358729,0.0,0.0,0.0,13561.624566232,0.0,0.0,0.0,308029.35657575075,0.0,1145.5690787915428,66910.1422035856,0.0,0.0,0.0,29740.434197768394,0.0,0.0,0.0,0.0,0.0,0.0,0.0,49352.867756286345,442.4033552631554,2232.3105082085785,0.0,0.0,0.0,0.0,0.0,0.0,0.0,0.0,0.0,0.0,0.0,0.0,0.0,0.0,0.0,-121062.7519843538,0.0,0.0,0.0,0.0,2597.5976822790763,0.0,5889.971033413429,3351.012255519454
South Dakota,2027,0.0,0.0,0.0,0.0,0.0,0.0,0.0,0.0,0.0,0.0,0.0,0.0,0.0,0.0,0.0,0.0,0.0,0.0,0.0,0.0,0.0,0.0,0.0,0.0,0.0,0.0,0.0,0.0,0.0,0.0,0.0,0.0,0.0,0.0,0.0,0.0,0.0,0.0,0.0,228777.89338094834,63482.329651409644,-102685.29747187003,57277.44373421103,0.0,0.0,0.0,51170.1246709557,0.0,23666.74604390221,-86107.07138846832,-568177.2853161718,0.0,0.0,0.0,0.0,-27201.42978724309,-2411150.8426169474,-5969.1202723395545,0.0,-264663.8676092372,0.0,0.0,3064.4986853665214,0.0,0.0,0.0,0.0,13689.631238143222,0.0,0.0,183286.4212176525,0.0,0.0,0.0,2998.50176122005,0.0,87807.24727687438,0.0,-491344.3987889174,0.0,-2638467.0864422265,0.0,-41618.83769979932,3313.336144648274,0.0,0.0,0.0,0.0,0.0,0.0,0.0,0.0,0.0,0.0,9514.208910082816,0.0,0.0,0.0,-71932.08727543382,0.0,35560.44948575186,-249700.52916893933,0.0,0.0,-8620.396291993147,0.0,0.0,0.0,0.0,0.0,285.5715963066723,-542630.6393962463,-948629.2597801735,22482.30724986599,-1889.2103741720302,-727228.6525596709,-2136690.285912847,7100.499180080202,0.0,0.0,0.0,-991083.7954380349,-286034.4383732105,0.0,27746.933241137973,0.0,1527.3041033448771,0.0,-305082.3740797787,0.0,0.0,0.0,3721.5724998850346,0.0,-665397.1262918147,-80642.74956523284,0.0,0.0,0.0,0.0,4141.618296436012,-1589587.181798411,0.0,0.0,-545233.0628018423,-29449.220677369784,0.0,0.0,0.0,0.0,0.0,0.0,41082.29252969008,241.28599548250986,-877141.8679789226,-88546.99814334261,0.0,0.0,0.0,15797.849893642619,0.0,0.0,0.0,358821.43133026315,0.0,1334.466107741213,77943.1975669429,0.0,0.0,0.0,34644.44196442171,0.0,0.0,0.0,0.0,0.0,0.0,0.0,57490.84063099313,515.3528446948458,2600.4042622216984,0.0,0.0,0.0,0.0,0.0,0.0,0.0,0.0,0.0,0.0,0.0,0.0,0.0,0.0,0.0,-207855.9625108322,0.0,0.0,0.0,0.0,3025.9249596761583,0.0,6861.189661263525,3903.5727870146875
South Dakota,2028,0.0,0.0,0.0,0.0,0.0,0.0,0.0,0.0,0.0,0.0,0.0,0.0,0.0,0.0,0.0,0.0,0.0,0.0,0.0,0.0,0.0,0.0,0.0,0.0,0.0,0.0,0.0,0.0,0.0,0.0,0.0,0.0,0.0,0.0,0.0,0.0,0.0,0.0,0.0,226688.5975509854,62902.58234865707,-139575.27005534808,56754.36205627292,0.0,0.0,0.0,50702.81759633508,0.0,23450.611376834626,-128093.13173623645,-784410.47550851,0.0,0.0,0.0,0.0,-37200.11643272657,-3425899.4357307293,-9686.827351796244,0.0,-371842.1055196172,0.0,0.0,3036.5123960024393,0.0,0.0,0.0,0.0,13564.611774781224,0.0,0.0,181612.57262205752,0.0,0.0,0.0,2971.1181834920244,0.0,87005.35460767918,0.0,-663767.8570747372,0.0,-3664048.7259070035,0.0,-56699.16923800628,3283.077367071579,0.0,0.0,0.0,0.0,0.0,0.0,0.0,0.0,0.0,0.0,-3964.6666623689234,0.0,0.0,0.0,-108973.36742411647,0.0,35235.696522411774,-351001.8304639545,0.0,0.0,-12473.025668059163,0.0,0.0,0.0,0.0,0.0,282.963636523049,-741197.0905319902,-1263736.0501623116,22276.989375438017,-2593.982433595641,-982874.7571190963,-3136032.8323104028,7035.654438709615,0.0,0.0,0.0,-1427076.1328303795,-410525.9628851046,0.0,27493.53659053397,0.0,1513.3561206659251,0.0,-428958.70726622816,0.0,0.0,0.0,3687.5855364157615,0.0,-965908.5493710227,-120619.16532552987,0.0,0.0,0.0,0.0,4103.795298295045,-2143254.198817005,0.0,0.0,-744903.1719874074,-41605.94897826311,0.0,0.0,0.0,0.0,0.0,0.0,40707.1117759943,239.08247040961078,-1262002.2088100445,-117818.12677564893,0.0,0.0,0.0,15653.577291874186,0.0,0.0,0.0,355544.52328158496,0.0,1322.2792026476818,77231.3875435004,0.0,0.0,0.0,34328.05436657311,0.0,0.0,0.0,0.0,0.0,0.0,0.0,56965.810122947674,510.6464260218336,2576.656278091821,0.0,0.0,0.0,0.0,0.0,0.0,0.0,0.0,0.0,0.0,0.0,0.0,0.0,0.0,0.0,-276567.2541776276,0.0,0.0,0.0,0.0,2998.2909417795745,0.0,6798.530394950612,3867.923720466606
South Dakota,2029,0.0,0.0,0.0,0.0,0.0,0.0,0.0,0.0,0.0,0.0,0.0,0.0,0.0,0.0,0.0,0.0,0.0,0.0,0.0,0.0,0.0,0.0,0.0,0.0,0.0,0.0,0.0,0.0,0.0,0.0,0.0,0.0,0.0,0.0,0.0,0.0,0.0,0.0,0.0,290412.1203648574,80584.87508261134,-160317.0971730739,72708.35323338199,0.0,0.0,0.0,64955.68337226333,0.0,30042.718722396443,-143189.85033295426,-896661.8601282593,0.0,0.0,0.0,0.0,-42647.58257130305,-3882074.2654108955,-10565.65064927029,0.0,-422789.07998756296,0.0,0.0,3890.0942216068142,0.0,0.0,0.0,0.0,17377.705407323345,0.0,0.0,232664.95478770486,0.0,0.0,0.0,3806.317304197157,0.0,111463.08101813274,0.0,-763867.0755793165,0.0,-4180857.6647697194,0.0,-65079.19843184615,4205.970083160824,0.0,0.0,0.0,0.0,0.0,0.0,0.0,0.0,0.0,0.0,1468.055916462501,0.0,0.0,0.0,-121176.1490377356,0.0,45140.661904287816,-399030.46419103537,0.0,0.0,-14057.26649873751,0.0,0.0,0.0,0.0,0.0,362.50640992353874,-850052.0921239656,-1460691.7486672325,28539.184545491997,-2970.175293109886,-1130936.9202614208,-3519481.689837832,9013.419050512777,0.0,0.0,0.0,-1610658.376066749,-463787.4876836565,0.0,35222.13443395603,0.0,1938.769592373861,0.0,-487617.50374624366,0.0,0.0,0.0,4724.1879222284915,0.0,-1087543.249325397,-134621.7999565709,0.0,0.0,0.0,0.0,5257.3967415945735,-2467956.1975866617,0.0,0.0,-854248.788289833,-47226.83938650938,0.0,0.0,0.0,0.0,0.0,0.0,52150.12476371613,306.28998513304987,-1424687.847244671,-136231.7941608842,0.0,0.0,0.0,20053.891645811178,0.0,0.0,0.0,455490.21876626974,0.0,1693.9798080002565,98941.59325849358,0.0,0.0,0.0,43977.87610095536,0.0,0.0,0.0,0.0,0.0,0.0,0.0,72979.24061833846,654.1921955487078,3300.9697940531078,0.0,0.0,0.0,0.0,0.0,0.0,0.0,0.0,0.0,0.0,0.0,0.0,0.0,0.0,0.0,-319791.6506898222,0.0,0.0,0.0,0.0,3841.128487625443,0.0,8709.638017494326,4955.220250183025
South Dakota,2030,0.0,0.0,0.0,0.0,0.0,0.0,0.0,0.0,0.0,0.0,0.0,0.0,0.0,0.0,0.0,0.0,0.0,0.0,0.0,0.0,0.0,0.0,0.0,0.0,0.0,0.0,0.0,0.0,0.0,0.0,0.0,0.0,0.0,0.0,0.0,0.0,0.0,0.0,0.0,313394.37449445017,86962.09541288996,-96987.75045338206,78462.25169070007,0.0,0.0,0.0,70096.06119308993,0.0,32420.20006014002,-68568.56614310195,-522664.5390784602,0.0,0.0,0.0,0.0,-25430.62184338955,-2105862.6617939463,-3821.3592120240137,0.0,-236011.26982388005,0.0,0.0,4197.943404611666,0.0,0.0,0.0,0.0,18752.919504305784,0.0,0.0,251077.28933925042,0.0,0.0,0.0,4107.536659205565,0.0,120283.90037927998,0.0,-468808.209378044,0.0,-2402349.665253413,0.0,-39161.05079075905,4538.816636504485,0.0,0.0,0.0,0.0,0.0,0.0,0.0,0.0,0.0,0.0,28495.95366018708,0.0,0.0,0.0,-55009.64025863382,0.0,48712.944501030026,-222457.01511324197,0.0,0.0,-7269.502285095594,0.0,0.0,0.0,0.0,0.0,391.1939675433873,-508337.0587555198,-925657.5023325115,30797.68116420001,-1754.287556661262,-693358.6637419921,-1750571.647508476,9726.711205589323,0.0,0.0,0.0,-843788.657835382,-245070.24095373787,0.0,38009.49759060002,0.0,2092.197401842297,0.0,-271672.7697021739,0.0,0.0,0.0,5098.044520390453,0.0,-557507.0871465756,-63461.20859629952,0.0,0.0,0.0,0.0,5673.449721145225,-1521474.637628222,0.0,0.0,-510600.26421553013,-25994.345850471946,0.0,0.0,0.0,0.0,0.0,0.0,56277.113054369926,330.5287609349457,-747943.8305934244,-86566.24507799857,0.0,0.0,0.0,21640.89026526385,0.0,0.0,0.0,491536.2073017303,0.0,1828.035764029053,106771.50351635995,0.0,0.0,0.0,47458.13967728999,0.0,0.0,0.0,0.0,0.0,0.0,0.0,78754.57620683999,705.9628009518428,3562.197619481776,0.0,0.0,0.0,0.0,0.0,0.0,0.0,0.0,0.0,0.0,0.0,0.0,0.0,0.0,0.0,-203206.326232628,0.0,0.0,0.0,0.0,4145.102684487887,0.0,9398.889946936317,5347.359982211892
South Dakota,2031,0.0,0.0,0.0,0.0,0.0,0.0,0.0,0.0,0.0,0.0,0.0,0.0,0.0,0.0,0.0,0.0,0.0,0.0,0.0,0.0,0.0,0.0,0.0,0.0,0.0,0.0,0.0,0.0,0.0,0.0,0.0,0.0,0.0,0.0,0.0,0.0,0.0,0.0,0.0,377117.89730832167,104644.38814684423,-37280.91736605654,94416.24286780902,0.0,0.0,0.0,84348.9269690183,0.0,39012.30740570178,7299.297976300935,-164015.30506418925,0.0,0.0,0.0,0.0,-9085.466066896803,-357131.24503191933,3322.2377956931305,0.0,-53880.81768254982,0.0,0.0,5051.525230216041,0.0,0.0,0.0,0.0,22566.013136847963,0.0,0.0,302129.67150489753,0.0,0.0,0.0,4942.735779910694,0.0,144741.62678973353,0.0,-192669.6906654694,0.0,-686798.6606441671,0.0,-14661.253645306555,5461.709352593734,0.0,0.0,0.0,0.0,0.0,0.0,0.0,0.0,0.0,0.0,62409.56192286272,0.0,0.0,0.0,12960.736406515294,0.0,58617.909882906126,-50197.38525574608,0.0,0.0,-492.88897220457875,0.0,0.0,0.0,0.0,0.0,470.73674094387616,-184359.65458327963,-434047.8801096324,37059.87633425399,-594.9417610547971,-283611.23764695966,32790.95728471689,11704.475817392478,0.0,0.0,0.0,-80892.42424803879,-28018.92524323915,0.0,45738.09543402199,0.0,2517.6108735502294,0.0,-60957.11040686816,0.0,0.0,0.0,6134.64690620319,0.0,-27117.531509405002,9120.678406984196,0.0,0.0,0.0,0.0,6827.0511644447615,-637813.9998249826,0.0,0.0,-184715.76890288352,-5189.427126513372,0.0,0.0,0.0,0.0,0.0,0.0,67720.12604209181,397.73627565838433,-75106.94566268474,-41008.924575085766,0.0,0.0,0.0,26041.204619200842,0.0,0.0,0.0,591481.9027864151,0.0,2199.736369381628,128481.70923135313,0.0,0.0,0.0,57107.961411672295,0.0,0.0,0.0,0.0,0.0,0.0,0.0,94768.00670223078,849.508570478718,4286.51113544307,0.0,0.0,0.0,0.0,0.0,0.0,0.0,0.0,0.0,0.0,0.0,0.0,0.0,0.0,0.0,-96264.6918339314,0.0,0.0,0.0,0.0,4987.940230333756,0.0,11309.997569480045,6434.656511928319
South Dakota,2032,0.0,0.0,0.0,0.0,0.0,0.0,0.0,0.0,0.0,0.0,0.0,0.0,0.0,0.0,0.0,0.0,0.0,0.0,0.0,0.0,0.0,0.0,0.0,0.0,0.0,0.0,0.0,0.0,0.0,0.0,0.0,0.0,0.0,0.0,0.0,0.0,0.0,0.0,0.0,440841.4201221932,122326.68088079861,16705.942174579555,110370.23404491809,0.0,0.0,0.0,98601.79274494655,0.0,45604.4147512636,76699.49681084201,161152.46294628654,0.0,0.0,0.0,0.0,5710.214298203413,1234829.3147583017,9895.43335969255,0.0,111677.61559435935,0.0,0.0,5905.107055820412,0.0,0.0,0.0,0.0,26379.106769390142,0.0,0.0,353182.05367054464,0.0,0.0,0.0,5777.934900615826,0.0,169199.3532001871,0.0,56717.979758729576,0.0,870029.503947577,0.0,7500.7576824439675,6384.602068682976,0.0,0.0,0.0,0.0,0.0,0.0,0.0,0.0,0.0,0.0,94298.15308416396,0.0,0.0,0.0,75230.7279646878,0.0,68522.87526478223,106399.54696156195,0.0,0.0,5689.259940570268,0.0,0.0,0.0,0.0,0.0,550.2795143443645,108842.9684451748,8604.116098196951,43322.071504308,455.22582742152326,86475.41490137996,1662091.279206491,13682.240429195648,0.0,0.0,0.0,614708.3213082599,169812.8995136345,0.0,53466.69327744402,0.0,2943.0243452581653,0.0,130605.77795028419,0.0,0.0,0.0,7171.2492920159275,0.0,456912.5013678167,75546.32648672641,0.0,0.0,0.0,0.0,7980.652607744283,159930.9459283488,0.0,0.0,110223.46618025098,13736.592324283847,0.0,0.0,0.0,0.0,0.0,0.0,79163.1390298137,464.9437903818234,538323.5213223505,0.0,0.0,0.0,0.0,30441.518973137805,0.0,0.0,0.0,691427.5982711003,0.0,2571.4369747342025,150191.9149463463,0.0,0.0,0.0,66757.7831460546,0.0,0.0,0.0,0.0,0.0,0.0,0.0,110781.43719762168,993.0543400055931,5010.824651404364,0.0,0.0,0.0,0.0,0.0,0.0,0.0,0.0,0.0,0.0,0.0,0.0,0.0,0.0,0.0,0.0,0.0,0.0,0.0,0.0,5830.777776179624,0.0,13221.105192023759,7521.953041644731
South Dakota,2033,0.0,0.0,0.0,0.0,0.0,0.0,0.0,0.0,0.0,0.0,0.0,0.0,0.0,0.0,0.0,0.0,0.0,0.0,0.0,0.0,0.0,0.0,0.0,0.0,0.0,0.0,0.0,0.0,0.0,0.0,0.0,0.0,0.0,0.0,0.0,0.0,0.0,0.0,0.0,472180.8575716382,131022.89042208751,17893.568395521244,118216.45921398804,0.0,0.0,0.0,105611.39886425552,0.0,48846.43475727763,82152.067674172,172608.79917469574,0.0,0.0,0.0,0.0,6116.153703288961,1322613.3892671857,10598.90018621098,0.0,119616.7825797404,0.0,0.0,6324.901396281577,0.0,0.0,0.0,0.0,28254.398719820718,0.0,0.0,378289.7826044704,0.0,0.0,0.0,6188.688566536384,0.0,181227.7432381151,0.0,60750.06362783362,0.0,931879.9426168357,0.0,8033.986901575052,6838.483732333432,0.0,0.0,0.0,0.0,0.0,0.0,0.0,0.0,0.0,0.0,101001.81325602398,0.0,0.0,0.0,80578.8839811348,0.0,73394.16971488524,113963.49579769204,0.0,0.0,6093.709699378578,0.0,0.0,0.0,0.0,0.0,589.3989110987036,116580.62023037678,9215.783119395783,46401.83962072802,487.5878530676032,92622.95624507999,1780249.4270173805,14654.911549754586,0.0,0.0,0.0,658407.9650031603,181884.9065880637,0.0,57267.643036504014,0.0,3152.244085442393,0.0,139890.54889461724,0.0,0.0,0.0,7681.053744054967,0.0,489394.4327446758,80916.91841706244,0.0,0.0,0.0,0.0,8547.997579858806,171300.44445406087,0.0,0.0,118059.25761486602,14713.12732364051,0.0,0.0,0.0,0.0,0.0,0.0,84790.85033525073,497.99666647531785,576592.9659661194,0.0,0.0,0.0,0.0,32605.607999664207,0.0,0.0,0.0,740581.2190012736,0.0,2754.240551137109,160869.0652979823,0.0,0.0,0.0,71503.59711378359,0.0,0.0,0.0,0.0,0.0,0.0,0.0,118656.89481830562,1063.650620100777,5367.044413352542,0.0,0.0,0.0,0.0,0.0,0.0,0.0,0.0,0.0,0.0,0.0,0.0,0.0,0.0,0.0,0.0,0.0,0.0,0.0,0.0,6245.288044628418,0.0,14160.994186717384,8056.689039865923
Tennessee,2024,0.0,0.0,0.0,0.0,0.0,0.0,0.0,0.0,0.0,0.0,0.0,0.0,0.0,0.0,0.0,0.0,0.0,0.0,0.0,0.0,0.0,0.0,0.0,0.0,0.0,0.0,0.0,0.0,0.0,0.0,0.0,0.0,0.0,0.0,0.0,0.0,0.0,0.0,0.0,0.0,0.0,0.0,0.0,0.0,0.0,0.0,0.0,0.0,0.0,-3.637978807091713e-12,0.0,0.0,0.0,0.0,0.0,0.0,0.0,0.0,0.0,0.0,0.0,0.0,0.0,0.0,0.0,0.0,0.0,0.0,0.0,0.0,0.0,0.0,0.0,0.0,0.0,0.0,0.0,0.0,0.0,0.0,0.0,0.0,0.0,0.0,0.0,0.0,0.0,0.0,0.0,0.0,0.0,0.0,0.0,0.0,0.0,0.0,0.0,0.0,0.0,0.0,0.0,0.0,0.0,0.0,0.0,0.0,0.0,0.0,0.0,0.0,0.0,0.0,0.0,0.0,0.0,0.0,0.0,0.0,0.0,0.0,0.0,0.0,0.0,0.0,0.0,0.0,0.0,0.0,0.0,0.0,0.0,0.0,0.0,0.0,0.0,0.0,0.0,0.0,0.0,0.0,0.0,0.0,0.0,0.0,0.0,0.0,0.0,0.0,0.0,0.0,0.0,0.0,0.0,0.0,0.0,0.0,0.0,0.0,0.0,0.0,0.0,0.0,0.0,0.0,0.0,0.0,0.0,0.0,0.0,0.0,0.0,0.0,0.0,0.0,0.0,0.0,0.0,0.0,0.0,0.0,0.0,0.0,0.0,0.0,0.0,0.0,0.0,0.0,0.0,0.0,0.0,0.0,0.0,0.0,0.0,0.0,0.0,0.0,0.0,0.0,0.0,0.0,0.0,0.0,0.0
Tennessee,2025,20443.69898906778,21072.4750687434,0.0,29448.3474403164,0.0,0.0,0.0,0.0,4690.5010469223125,0.0,0.0,3299.2937216563732,0.0,0.0,0.0,0.0,0.0,0.0,0.0,0.0,0.0,0.0,0.0,0.0,6732.705343991824,0.0,0.0,0.0,0.0,0.0,1767.0644651568145,0.0,0.0,0.0,0.0,8987.508311649377,0.0,0.0,0.0,47077.9973184102,-76748.59487679775,-3709.8156381985755,0.0,0.0,0.0,0.0,244083.64762235666,7927.647054172587,5615.23100198686,-124689.99292345444,-294231.1040284062,0.0,0.0,0.0,0.0,29515.6957273414,-3942536.4311232697,5889.053723073157,0.0,0.0,0.0,0.0,0.0,0.0,0.0,0.0,0.0,0.0,4110.253599866774,0.0,136401.7523609507,0.0,0.0,0.0,8554.14981986172,0.0,2384.6854475832697,0.0,0.0,0.0,-46199.63788753096,0.0,0.0,1188.01760444118,0.0,136.0687527053767,-3357.46431546082,0.0,16417.63341908509,0.0,7228.834328603029,0.0,0.0,259578.6114224973,-3691.7932732039408,-31594.554096062464,1178.0504167414638,0.0,4595.018318730799,0.0,5436.533173824209,8902.02243452672,0.0,0.0,4019.7759366039245,0.0,0.0,0.0,0.0,31087.000358129735,1489.5149302082864,10217.103374854894,1664.0972781918827,941.035967731892,1219.0657826355236,-181625.9715241678,-38298.27954438934,0.0,0.0,0.0,0.0,-25240.020099707646,18491.957949820673,0.0,0.0,0.0,20752.94810118992,102266.829167319,-44613.19314362807,0.0,0.0,0.0,3751.1241573079096,8398.300498746903,0.0,88524.99817963189,642477.0026554549,0.0,8902.156855698326,0.0,30526.692375502316,1324.5314688359504,0.0,0.0,0.0,4722.257987956218,0.0,0.0,0.0,6223.712437165494,0.0,0.0,0.0,-80089.57247141359,-30159.098503737012,206346.03781102877,0.0,0.0,0.0,45395.21695398819,0.0,0.0,134182.502728523,-27365.177551184315,0.0,15.014483057144986,1274.1196481774168,0.0,5987.55956559538,0.0,0.0,0.0,0.0,0.0,0.0,0.0,0.0,0.0,-642495.7316693724,361.16869791366753,0.0,0.0,0.0,0.0,0.0,0.0,0.0,0.0,0.0,0.0,0.0,0.0,0.0,0.0,0.0,0.0,-3968.5210166804536,0.0,0.0,0.0,0.0,0.0,0.0,0.0,0.0
Tennessee,2026,23579.235643832828,24304.449772538414,0.0,33964.96514588641,0.0,0.0,0.0,0.0,5409.903047984029,0.0,0.0,3805.3203660821964,0.0,0.0,0.0,0.0,0.0,0.0,0.0,0.0,0.0,0.0,0.0,0.0,7765.328863008966,0.0,0.0,0.0,0.0,0.0,2038.0866223894518,0.0,0.0,0.0,0.0,10365.96050668764,0.0,0.0,0.0,54298.54905436281,-234041.57838955382,-18566.32432799868,0.0,0.0,0.0,0.0,281519.7898957231,9143.543841622362,2124.1062051870103,-260955.31439585838,-610160.6670559574,0.0,0.0,0.0,0.0,34042.64292478637,-8988153.789389271,-138.06187318632146,0.0,0.0,0.0,0.0,0.0,0.0,0.0,0.0,0.0,0.0,4740.660593711364,0.0,157322.26652674098,0.0,0.0,0.0,9866.135988552152,0.0,2750.4347493598507,0.0,0.0,0.0,-502983.27971627563,0.0,0.0,1370.228893465899,0.0,156.93819330436077,-14302.20630648802,0.0,18935.6753545276,0.0,8337.551250167904,0.0,0.0,277766.1045085201,-10255.394422399273,-79994.18340413875,1358.732995996288,0.0,5299.7757295790725,0.0,6270.357280238968,10267.363298717959,0.0,0.0,4636.305988230291,0.0,0.0,0.0,0.0,-4045.0757730279583,484.7670933913105,-11144.2886805475,-7467.912534674804,1085.3666376294204,1406.0390621808456,-445689.6288396047,-301733.1302368501,0.0,0.0,0.0,0.0,-111725.9014487178,-33433.08414586529,0.0,0.0,0.0,23935.9156013724,117951.92566537345,-248406.09594026953,0.0,0.0,0.0,4326.449948306057,9686.383397327721,0.0,102102.4518881638,741016.4202406472,0.0,10267.518336633628,0.0,35208.700408554694,-3958.800717506252,0.0,0.0,0.0,5446.53068549552,0.0,0.0,0.0,7178.2695594301185,0.0,0.0,0.0,-195539.06089922535,-204725.78597346996,237994.20311946934,0.0,0.0,0.0,52357.67354202317,0.0,0.0,154762.64118381846,-135578.75836843927,0.0,17.317317881860475,1469.536772131005,0.0,1413.911492767831,0.0,0.0,0.0,0.0,0.0,0.0,0.0,0.0,0.0,-1531231.1702480568,416.5626699863169,0.0,0.0,0.0,0.0,0.0,0.0,0.0,0.0,0.0,0.0,0.0,0.0,0.0,0.0,0.0,0.0,-10768.71479995361,0.0,0.0,0.0,0.0,0.0,0.0,0.0,0.0
Tennessee,2027,27467.301095741423,28312.098405244207,0.0,39565.5711007932,0.0,0.0,0.0,0.0,6301.961529300548,0.0,0.0,4432.7934051702105,0.0,0.0,0.0,0.0,0.0,0.0,0.0,0.0,0.0,0.0,0.0,0.0,9045.782026590241,0.0,0.0,0.0,0.0,0.0,2374.154097357925,0.0,0.0,0.0,0.0,12075.241228535058,0.0,0.0,0.0,63252.03320694389,-453636.5223883453,-39398.90852847215,0.0,0.0,0.0,0.0,327940.60631469963,10651.255858060074,-2939.194772372546,-449687.7287254526,-1047601.6004787204,0.0,0.0,0.0,0.0,39656.05744961824,-15993969.831524929,-8780.935761980014,0.0,0.0,0.0,0.0,0.0,0.0,0.0,0.0,0.0,0.0,5522.365266078668,0.0,183263.70409232052,0.0,0.0,0.0,11492.998837728315,0.0,3203.9638835627957,0.0,0.0,0.0,-1145265.5953872092,0.0,0.0,1596.1708918565528,0.0,182.816299647101,-29633.345135440075,0.0,22058.047354476294,0.0,9712.360232908351,0.0,0.0,296670.1121088485,-19406.10479037741,-147357.89359797805,1582.7793942722747,0.0,6173.674919030942,0.0,7304.299172193263,11960.385970315081,0.0,0.0,5400.8032522469875,0.0,0.0,0.0,0.0,-54340.567499552504,-969.1792841227798,-41500.77685457468,-20375.369345759013,1264.3366683023614,1637.8859288170497,-812980.1261659123,-671846.6342240996,0.0,0.0,0.0,0.0,-232906.70509494026,-107059.15740074078,0.0,0.0,0.0,27882.7953015987,137401.445322962,-534337.7075745142,0.0,0.0,0.0,5039.8539291437555,11283.606191567946,0.0,118938.49448674475,863205.2980462853,0.0,11960.566572993412,0.0,41014.39036953985,-11435.782278335697,0.0,0.0,0.0,6344.62883044425,0.0,0.0,0.0,8361.920391038293,0.0,0.0,0.0,-356102.0084199467,-449860.0215116092,277237.9281019345,0.0,0.0,0.0,60991.11971118662,0.0,0.0,180282.0128683846,-287312.69857004867,0.0,20.17283306450767,1711.8540058334584,0.0,-5183.990413949214,0.0,0.0,0.0,0.0,0.0,0.0,0.0,0.0,0.0,-2766580.259718842,485.2511953564008,0.0,0.0,0.0,0.0,0.0,0.0,0.0,0.0,0.0,0.0,0.0,0.0,0.0,0.0,0.0,0.0,-20245.555934056814,0.0,0.0,0.0,0.0,0.0,0.0,0.0,0.0
Tennessee,2028,27216.45816336022,28053.540428940585,0.0,39204.241684347624,0.0,0.0,0.0,0.0,6244.409369215609,0.0,0.0,4392.3112736161565,0.0,0.0,0.0,0.0,0.0,0.0,0.0,0.0,0.0,0.0,0.0,0.0,8963.17214506885,0.0,0.0,0.0,0.0,0.0,2352.4723247793154,0.0,0.0,0.0,0.0,11964.965052932006,0.0,0.0,0.0,62674.389068067656,-640731.0855866147,-57815.04223228042,0.0,0.0,0.0,0.0,324945.7149328296,10553.984115064071,-8632.00172984082,-599521.9424285671,-1393909.006105075,0.0,0.0,0.0,0.0,39293.901673822606,-21683958.963328566,-17808.256355138117,0.0,0.0,0.0,0.0,0.0,0.0,0.0,0.0,0.0,0.0,5471.932706571104,0.0,181590.06295905728,0.0,0.0,0.0,11388.039944233067,0.0,3174.703939420673,0.0,0.0,0.0,-1725776.8779730033,0.0,0.0,1581.5939887345758,0.0,181.14674439918258,-43069.03303232693,0.0,21856.603999640938,0.0,9623.662879183175,0.0,0.0,265542.0713296635,-27110.33009104927,-203248.4323141838,1568.324787931886,0.0,6117.294326163079,0.0,7237.593243680094,11851.158701179782,0.0,0.0,5351.4808481168875,0.0,0.0,0.0,0.0,-106278.91517621686,-2580.9393642385403,-71253.17153656238,-32525.53270618181,1252.790214710556,1622.9280664534253,-1115966.941496364,-1004184.6550922478,0.0,0.0,0.0,0.0,-339347.819547681,-178045.9157084457,0.0,0.0,0.0,27628.157901584113,136146.6376031174,-788280.2445126944,0.0,0.0,0.0,4993.82786586391,11180.559559681467,0.0,117852.2981900617,855322.1446394706,0.0,11851.337654518575,0.0,40639.82972689578,-18541.404610294543,0.0,0.0,0.0,6286.687014641109,0.0,0.0,0.0,8285.55582125712,0.0,0.0,0.0,-488425.2763648139,-669079.7363156294,274706.07487725886,0.0,0.0,0.0,60434.1231841438,0.0,0.0,178635.60179196042,-421382.0689236983,0.0,19.988606278530483,1696.220635917176,0.0,-12353.940138400707,0.0,0.0,0.0,0.0,0.0,0.0,0.0,0.0,0.0,-3779746.9335324955,480.819677590589,0.0,0.0,0.0,0.0,0.0,0.0,0.0,0.0,0.0,0.0,0.0,0.0,0.0,0.0,0.0,0.0,-28197.25686069944,0.0,0.0,0.0,0.0,0.0,0.0,0.0,0.0
Tennessee,2029,34867.16760098681,35939.55870620039,0.0,50224.78888593841,0.0,0.0,0.0,0.0,7999.750251806181,0.0,0.0,5627.016286015161,0.0,0.0,0.0,0.0,0.0,0.0,0.0,0.0,0.0,0.0,0.0,0.0,11482.77353147071,0.0,0.0,0.0,0.0,0.0,3013.766388426953,0.0,0.0,0.0,0.0,15328.38840882534,0.0,0.0,0.0,80292.53530379175,-727350.3237679789,-64887.81982691403,0.0,0.0,0.0,0.0,416289.9020798467,13520.772276441552,-8262.227746078483,-692790.900722417,-1611761.5344564903,0.0,0.0,0.0,0.0,50339.65283558838,-24926259.618863046,-18361.688925283437,0.0,0.0,0.0,0.0,0.0,0.0,0.0,0.0,0.0,0.0,7010.125771551917,0.0,232636.11752358475,0.0,0.0,0.0,14589.286195837776,0.0,4067.132235755511,0.0,0.0,0.0,-1921983.3832854135,0.0,0.0,2026.1895339548992,0.0,232.06817946070396,-48475.112009211545,0.0,28000.62632212063,0.0,12328.932167801497,0.0,0.0,354081.1797405323,-30878.041137742635,-232400.5205540681,2009.1902813136621,0.0,7836.902408632886,0.0,9272.1240633321,15182.590409806362,0.0,0.0,6855.8141740852225,0.0,0.0,0.0,0.0,-110519.77876890241,-2514.1557239700924,-76551.9144272352,-35637.58573741105,1604.9570492605308,2079.142868544017,-1277914.8374109683,-1120990.4844524912,0.0,0.0,0.0,0.0,-381662.6160041002,-192912.95276492625,0.0,0.0,0.0,35394.59860202941,174418.27305837162,-883334.7925350326,0.0,0.0,0.0,6397.622795899384,14323.481832218677,0.0,150981.28523888136,1095758.32354734,0.0,15182.819668000753,0.0,52063.929327543825,-20228.576124370462,0.0,0.0,0.0,8053.912396636988,0.0,0.0,0.0,10614.675199582853,0.0,0.0,0.0,-559443.0664182086,-747979.1333372509,351927.59822985297,0.0,0.0,0.0,77422.51725894923,0.0,0.0,228851.1396228806,-473007.0862756686,0.0,25.607523250836323,2173.0384183639326,0.0,-12298.24198053105,0.0,0.0,0.0,0.0,0.0,0.0,0.0,0.0,0.0,-4334576.895464236,615.9809694478508,0.0,0.0,0.0,0.0,0.0,0.0,0.0,0.0,0.0,0.0,0.0,0.0,0.0,0.0,0.0,0.0,-32145.773137425385,0.0,0.0,0.0,0.0,0.0,0.0,0.0,0.0
Tennessee,2030,37626.43985717997,38783.69644554,0.0,54199.41246684,0.0,0.0,0.0,0.0,8632.824012740472,0.0,0.0,6072.319733109885,0.0,0.0,0.0,0.0,0.0,0.0,0.0,0.0,0.0,0.0,0.0,0.0,12391.482228205787,0.0,0.0,0.0,0.0,0.0,3252.265886791676,0.0,0.0,0.0,0.0,16541.426340459002,0.0,0.0,0.0,86646.62083142996,-400611.499641682,-32291.842892972607,0.0,0.0,0.0,0.0,449233.70728041,14590.761449397382,2577.7839683114435,-438265.7485549288,-1024167.264759644,0.0,0.0,0.0,0.0,54323.36636933999,-15171066.144557388,-1512.8728772052855,0.0,0.0,0.0,0.0,0.0,0.0,0.0,0.0,0.0,0.0,7564.88392613516,0.0,251046.16998947994,0.0,0.0,0.0,15743.834024285374,0.0,4388.991621318892,0.0,0.0,0.0,-886504.9144659257,0.0,0.0,2186.5354682966517,0.0,250.43328718780958,-24767.90451676138,0.0,30216.503225310036,0.0,13304.603058778564,0.0,0.0,439210.52566392254,-17483.546651147706,-135773.41097469788,2168.19095105791,0.0,8457.088930179365,0.0,10005.88927697709,16384.090370294623,0.0,0.0,7398.360619516425,0.0,0.0,0.0,0.0,-13896.56196757988,543.5632461314817,-22059.76437709137,-13667.672422013537,1731.9680387703538,2243.6793545439014,-755261.2192922777,-529526.0779529358,0.0,0.0,0.0,0.0,-193694.27782647382,-63564.047563801985,0.0,0.0,0.0,38195.61000219002,188221.15797666018,-433125.43411987973,0.0,0.0,0.0,6903.909491977756,15456.994782969807,0.0,162929.44450239,1182473.011022308,0.0,16384.337771223858,0.0,56184.09639663005,-7340.505167505602,0.0,0.0,0.0,8691.272370471568,0.0,0.0,0.0,11454.685467175732,0.0,0.0,0.0,-331271.61564914405,-358385.3688382022,379777.98370127985,0.0,0.0,0.0,83549.47905642004,0.0,0.0,246961.66146354005,-235748.9355664982,0.0,27.63401789658596,2345.0054874430934,0.0,1231.9451807393925,0.0,0.0,0.0,0.0,0.0,0.0,0.0,0.0,0.0,-2590830.95673793,664.7276648717816,0.0,0.0,0.0,0.0,0.0,0.0,0.0,0.0,0.0,0.0,0.0,0.0,0.0,0.0,0.0,0.0,-18338.885296917062,0.0,0.0,0.0,0.0,0.0,0.0,0.0,0.0
Tennessee,2031,45277.149294806615,46669.714722799836,0.0,65219.95966843079,0.0,0.0,0.0,0.0,10388.164895331036,0.0,0.0,7307.0247455088975,0.0,0.0,0.0,0.0,0.0,0.0,0.0,0.0,0.0,0.0,0.0,0.0,14911.083614607633,0.0,0.0,0.0,0.0,0.0,3913.5599504393176,0.0,0.0,0.0,0.0,19904.84969635232,0.0,0.0,0.0,104264.76706715405,-80524.16574339313,566.3769802094612,0.0,0.0,0.0,0.0,540577.8944274266,17557.54961077482,15111.597316590982,-204146.8175302916,-485177.5432208822,0.0,0.0,0.0,0.0,65369.11753110582,-6001770.075235713,17302.738608589076,0.0,0.0,0.0,0.0,0.0,0.0,0.0,0.0,0.0,0.0,9103.07699111598,0.0,302092.2245540072,0.0,0.0,0.0,18945.080275890083,0.0,5281.419917653737,0.0,0.0,0.0,174111.58608166594,0.0,0.0,2631.1310135169715,0.0,301.35472224933096,-1024.6210546582006,0.0,36360.52554778976,0.0,16009.872347396886,0.0,0.0,588188.043964,-4489.692533042093,-43200.49710988536,2609.056444439684,0.0,10176.69701264918,0.0,12040.420096629095,19715.522078921204,0.0,0.0,8902.693945484767,0.0,0.0,0.0,0.0,93375.82494183851,4056.9179388088596,36722.26184481644,9455.889455741242,2084.1348733203267,2699.8941566344965,-257054.05657267082,73503.5812912602,0.0,0.0,0.0,0.0,-5116.084266783786,74616.52862113062,0.0,0.0,0.0,45962.050702635286,226492.79343191418,22260.280188872945,0.0,0.0,0.0,8307.70442201323,18599.917055507,0.0,196058.43155120919,1422909.1899301792,0.0,19715.819784706036,0.0,67608.19599727815,6306.03332212611,0.0,0.0,0.0,10458.497752467454,0.0,0.0,0.0,13783.80484550148,0.0,0.0,0.0,-113959.85800411704,37669.367156605236,456999.5070538735,0.0,0.0,0.0,100537.87313122535,0.0,0.0,297177.1992944598,3333.022570166737,0.0,33.252934868891714,2821.8232698898573,0.0,16636.736698606604,0.0,0.0,0.0,0.0,0.0,0.0,0.0,0.0,0.0,-937215.801037339,799.8889567290435,0.0,0.0,0.0,0.0,0.0,0.0,0.0,0.0,0.0,0.0,0.0,0.0,0.0,0.0,0.0,0.0,-4983.223477890642,0.0,0.0,0.0,0.0,0.0,0.0,0.0,0.0
Tennessee,2032,52927.858732433204,54555.73300005961,0.0,76240.50687002158,0.0,0.0,0.0,0.0,12143.5057779216,0.0,0.0,8541.729757907902,0.0,0.0,0.0,0.0,0.0,0.0,0.0,0.0,0.0,0.0,0.0,0.0,17430.685001009464,0.0,0.0,0.0,0.0,0.0,4574.854014086959,0.0,0.0,0.0,0.0,23268.27305224564,0.0,0.0,0.0,121882.91330287815,210645.957754737,30585.46629948725,0.0,0.0,0.0,0.0,631922.0815744433,20524.3377721523,26780.536306384223,6694.534207939436,0.0,0.0,0.0,0.0,0.0,76414.86869287159,2285050.080162704,34741.19329224099,0.0,0.0,0.0,0.0,0.0,0.0,0.0,0.0,0.0,0.0,10641.270056096793,0.0,353138.27911853464,0.0,0.0,0.0,22146.326527494763,0.0,6173.848213988582,0.0,0.0,0.0,1145366.8178639812,0.0,0.0,3075.7265587372913,0.0,352.27615731085234,20646.11599549855,0.0,42504.54787026942,0.0,18715.141636015192,0.0,0.0,732868.3358728723,7312.398924263594,40717.65743096938,3049.9219378214584,0.0,11896.30509511898,0.0,14074.950916281101,23046.953787547784,0.0,0.0,10407.027271453102,0.0,0.0,0.0,0.0,192719.5174348232,7325.218267668162,90948.08659312333,30714.075044095836,2436.301707870298,3156.1089587250954,194215.47583120083,625352.2768961508,0.0,0.0,0.0,0.0,167045.40587432997,201915.2790939439,0.0,0.0,0.0,53728.49140308061,264764.4288871684,438509.18685481977,0.0,0.0,0.0,9711.499352048704,21742.839328044167,0.0,229187.4186000286,1663345.3688380504,0.0,23047.30179818823,0.0,79032.2955979263,18862.330962870372,0.0,0.0,0.0,12225.72313446334,0.0,0.0,0.0,16112.924223827198,0.0,0.0,0.0,82851.40427703137,399954.42855620757,534221.0304064672,0.0,0.0,0.0,117526.26720603078,0.0,0.0,347392.73712537927,221745.4480459427,0.0,38.871851841197554,3298.6410523366176,0.0,30950.19359684098,0.0,0.0,0.0,0.0,0.0,0.0,0.0,0.0,0.0,559376.8807031559,935.0502485863062,0.0,0.0,0.0,0.0,0.0,0.0,0.0,0.0,0.0,0.0,0.0,0.0,0.0,0.0,0.0,0.0,7142.095403135027,0.0,0.0,0.0,0.0,0.0,0.0,0.0,0.0
Tennessee,2033,56690.50271815117,58434.102644613595,0.0,81660.44811670558,0.0,0.0,0.0,0.0,13006.788179195646,0.0,0.0,9148.961731218893,0.0,0.0,0.0,0.0,0.0,0.0,0.0,0.0,0.0,0.0,0.0,0.0,18669.83322383005,0.0,0.0,0.0,0.0,0.0,4900.080602766127,0.0,0.0,0.0,0.0,24922.415686291555,0.0,0.0,0.0,130547.57538602117,225620.78887474188,32759.788548265962,0.0,0.0,0.0,0.0,676845.4523024843,21983.41391709201,28684.365901624813,7170.448962058352,0.0,0.0,0.0,0.0,0.0,81847.20532980555,2447494.398657685,37210.946369888465,0.0,0.0,0.0,0.0,0.0,0.0,0.0,0.0,0.0,0.0,11397.758448710309,0.0,378242.8961174828,0.0,0.0,0.0,23720.709929923294,0.0,6612.747376120482,0.0,0.0,0.0,1226790.9992287196,0.0,0.0,3294.3801055669555,0.0,377.31948602963325,22113.849360107444,0.0,45526.198192800424,0.0,20045.601941893052,0.0,0.0,784967.980603172,7832.237710348687,43612.277627483796,3266.7410329272498,0.0,12742.013988136925,0.0,15075.539843978811,24685.36282457724,0.0,0.0,11146.863333404748,0.0,0.0,0.0,0.0,206419.9570628911,7845.968381483435,97413.59037936438,32897.54009462398,2609.4985117473334,3380.4768941794773,208022.2632125658,669808.5998982461,0.0,0.0,0.0,0.0,178920.67169478012,216269.44585417712,0.0,0.0,0.0,57548.052403299575,283586.54468483455,469682.82573075406,0.0,0.0,0.0,10401.89030124648,23288.538806341166,0.0,245480.36305026757,1781592.6699402807,0.0,24685.73557531061,0.0,84650.70523758925,20203.25496497017,0.0,0.0,0.0,13094.850371510496,0.0,0.0,0.0,17258.39277054477,0.0,0.0,0.0,88741.31453369238,428387.207837455,572198.8287765952,0.0,0.0,0.0,125881.21511167276,0.0,0.0,372088.9032717338,237509.34245679155,0.0,41.63525363085611,3533.141601080926,0.0,33150.444326474215,0.0,0.0,0.0,0.0,0.0,0.0,0.0,0.0,0.0,599143.0096630962,1001.5230150734842,0.0,0.0,0.0,0.0,0.0,0.0,0.0,0.0,0.0,0.0,0.0,0.0,0.0,0.0,0.0,0.0,7649.827303831829,0.0,0.0,0.0,0.0,0.0,0.0,0.0,0.0
Texas,2024,0.0,0.0,0.0,0.0,0.0,0.0,0.0,0.0,0.0,0.0,0.0,0.0,0.0,0.0,0.0,0.0,0.0,0.0,0.0,0.0,0.0,0.0,0.0,0.0,0.0,0.0,0.0,0.0,0.0,0.0,0.0,0.0,0.0,0.0,0.0,0.0,0.0,0.0,0.0,0.0,0.0,0.0,0.0,0.0,0.0,0.0,0.0,0.0,0.0,-4.656612873077393e-10,0.0,0.0,0.0,0.0,0.0,0.0,0.0,0.0,0.0,0.0,0.0,0.0,0.0,0.0,0.0,0.0,0.0,0.0,0.0,0.0,0.0,0.0,0.0,0.0,0.0,0.0,0.0,0.0,0.0,0.0,0.0,0.0,0.0,0.0,0.0,0.0,0.0,0.0,0.0,0.0,0.0,0.0,0.0,0.0,0.0,0.0,0.0,0.0,0.0,0.0,0.0,0.0,0.0,0.0,0.0,0.0,0.0,0.0,0.0,0.0,0.0,0.0,0.0,0.0,0.0,0.0,0.0,0.0,0.0,0.0,0.0,0.0,0.0,0.0,0.0,0.0,0.0,0.0,0.0,0.0,0.0,0.0,0.0,0.0,0.0,0.0,0.0,0.0,0.0,0.0,0.0,0.0,0.0,0.0,0.0,0.0,0.0,0.0,0.0,0.0,0.0,0.0,0.0,0.0,0.0,0.0,0.0,0.0,0.0,0.0,0.0,0.0,0.0,0.0,0.0,0.0,0.0,0.0,0.0,0.0,0.0,0.0,0.0,0.0,0.0,0.0,0.0,0.0,0.0,0.0,0.0,0.0,0.0,0.0,0.0,0.0,0.0,0.0,0.0,0.0,0.0,0.0,0.0,0.0,0.0,0.0,0.0,0.0,0.0,0.0,0.0,0.0,0.0,0.0,0.0
Texas,2025,0.0,0.0,0.0,0.0,0.0,0.0,0.0,0.0,0.0,0.0,0.0,3237.3518338159192,0.0,0.0,0.0,0.0,0.0,0.0,0.0,0.0,0.0,0.0,0.0,0.0,0.0,0.0,0.0,0.0,0.0,0.0,0.0,0.0,0.0,0.0,0.0,7703.837416101989,0.0,0.0,0.0,90952.10792902391,-1777516.1479960904,-104468.7236822166,52899.190927835065,0.0,0.0,0.0,77360.54304997274,0.0,42114.433655043715,103307.9870097111,-159654.32095544596,0.0,0.0,0.0,-6647.820713391104,-4098.364619990927,-1241522.8400566312,94129.20220996579,0.0,-283266.68679612014,0.0,0.0,4824.23788653699,0.0,0.0,0.0,0.0,43514.90441581397,3089.7227054293253,0.0,112680.41092569241,0.0,0.0,0.0,133409.0777925672,0.0,154558.60339415702,0.0,0.0,0.0,506521.0416641403,0.0,-921429.4671494863,0.0,0.0,0.0,-9408.616753677345,0.0,26372.939489873534,0.0,0.0,0.0,0.0,65947.01943582832,82730.73226292164,-77000.26785409136,0.0,22607.862250465725,130755.92692313017,0.0,-5358283.565189896,1655200.0139384754,3321.218885055481,0.0,11066.434784638986,0.0,48177.13563378097,248942.5066914172,17181.536619674094,0.0,1083.3848366401453,-18162.645395400254,181818.58638437628,40577.34293468145,404.62376660201426,-381116.1485883789,200887.80542451888,0.0,0.0,0.0,0.0,-1116428.7105535418,86112.09727176698,20892.19124916871,-674079.6790256556,0.0,38719.41928814148,0.0,8982.423411129159,0.0,0.0,0.0,0.0,0.0,1496.1823581611352,14032.79200275123,0.0,0.0,0.0,0.0,147250.81748003233,-156421.6176763496,28995.07819502469,0.0,0.0,36714.89395132777,0.0,0.0,0.0,0.0,0.0,0.0,0.0,503691.21501997765,52647.3029227606,11919.41105566235,50931.215254020644,0.0,0.0,0.0,0.0,0.0,0.0,117878.53921088483,-167.18093390862924,1018.5656070322639,-1384439.9718720783,337463.7616826454,58728.915876721614,1723.3811334029306,0.0,0.0,0.0,0.0,0.0,0.0,0.0,0.0,9886.599384959263,-8508.383174755258,-280040.8303915458,0.0,0.0,0.0,0.0,0.0,0.0,0.0,0.0,0.0,0.0,0.0,0.0,0.0,0.0,0.0,-27889.44820048983,0.0,0.0,0.0,1524.5565335446372,0.0,-7275.0991325756195,-7847.113761517849,-6341.888925632663
Texas,2026,0.0,0.0,0.0,0.0,0.0,0.0,0.0,0.0,0.0,0.0,0.0,3733.878188695664,0.0,0.0,0.0,0.0,0.0,0.0,0.0,0.0,0.0,0.0,0.0,0.0,0.0,0.0,0.0,0.0,0.0,0.0,0.0,0.0,0.0,0.0,0.0,8885.407571945878,0.0,0.0,0.0,104901.81773408875,-7130403.732012853,-305324.07726858254,61012.563769527595,0.0,0.0,0.0,69469.4209682187,0.0,48573.70262054115,8388.598755569663,-342306.90770498256,0.0,0.0,0.0,-13785.893691781552,-78131.05753815698,-2772195.3106339923,108566.19641394843,0.0,-635667.7645385119,0.0,0.0,5564.1516728156785,0.0,0.0,0.0,0.0,50188.969510263996,3563.6065559552953,0.0,129962.68254006235,0.0,0.0,0.0,153870.59279142716,0.0,178263.91066320008,0.0,0.0,0.0,-119470.86071583256,0.0,-1979515.514030559,0.0,0.0,0.0,-19511.084300398743,0.0,30417.868859485898,0.0,0.0,0.0,0.0,76061.59296893084,95419.494879934,-198214.9981313576,0.0,26075.325785813155,150810.51694201515,0.0,-12281937.691835947,1909065.0467511266,-3829.2990503694746,0.0,11632.118023636867,0.0,55566.266865956015,266657.3389189206,19816.741622691596,0.0,1249.5481551432367,-37664.71891730496,209704.87263964908,46800.861789694,466.6826265102991,-1169945.0625863587,24491.269674256444,0.0,0.0,0.0,0.0,-2663129.3723668186,-26459.77704160707,17438.63048726006,-1953164.8339180117,0.0,44657.98052865401,0.0,-6517.420258677157,0.0,0.0,0.0,0.0,0.0,1725.6581799649866,16185.060714829626,0.0,0.0,0.0,0.0,121811.2624613815,-404764.1836475022,33442.17607769719,0.0,0.0,29176.606384582585,0.0,0.0,0.0,0.0,0.0,0.0,0.0,580944.4688573983,-141184.9183940296,13747.54158567192,58742.751335925655,0.0,0.0,0.0,0.0,0.0,0.0,-135291.86869906168,-346.6908452441486,1174.7873259022417,-3101375.2395674773,389222.0073394943,67736.41831180162,1987.7033931273036,0.0,0.0,0.0,0.0,0.0,0.0,0.0,0.0,-4247.370572058251,-19658.442473282215,-704727.2730537257,0.0,0.0,0.0,0.0,0.0,0.0,0.0,0.0,0.0,0.0,0.0,0.0,0.0,0.0,0.0,-71325.92038622918,0.0,0.0,0.0,1758.3842227385976,0.0,-15288.73149445532,-16498.40253095434,-13349.225212679135
Texas,2027,0.0,0.0,0.0,0.0,0.0,0.0,0.0,0.0,0.0,0.0,0.0,4349.570868746538,0.0,0.0,0.0,0.0,0.0,0.0,0.0,0.0,0.0,0.0,0.0,0.0,0.0,0.0,0.0,0.0,0.0,0.0,0.0,0.0,0.0,0.0,0.0,10350.554565192244,0.0,0.0,0.0,122199.45789236948,-14625098.93485514,-585568.6700802357,71073.14609322639,0.0,0.0,0.0,56351.26350795105,0.0,56583.19613775803,-127998.97903305711,-595480.9876963246,0.0,0.0,0.0,-23669.379354168326,-182315.9440020905,-4896349.778102766,126468.06922688684,0.0,-1124770.3748551738,0.0,0.0,6481.644767801234,0.0,0.0,0.0,0.0,58464.810227382,4151.222530607491,0.0,151392.6993418811,0.0,0.0,0.0,179242.87139001372,0.0,207658.4916768123,0.0,0.0,0.0,-1014421.7928006612,0.0,-3446213.4607818825,0.0,0.0,0.0,-33499.11628816683,0.0,35433.581277805555,0.0,0.0,0.0,0.0,88603.66414997785,111153.56052502955,-366979.4665183682,0.0,30374.980569644074,175678.20856543235,0.0,-21896737.059150435,2223857.6874388084,-13988.279731502524,0.0,12142.643931868573,0.0,64728.78959385306,285170.7271736176,23084.39582643335,0.0,1455.5906700870655,-64667.58994763454,244283.86759618716,54518.025169909524,543.635612796571,-2271317.9519430827,-229199.37984684668,0.0,0.0,0.0,0.0,-4813099.9827292105,-187269.70117088547,12032.932602026383,-3737587.998759729,0.0,52021.79646688944,0.0,-28584.710292398755,0.0,0.0,0.0,0.0,0.0,2010.2081990017687,18853.873917806864,0.0,0.0,0.0,0.0,82163.85667643743,-750560.3494655648,38956.57745221112,0.0,0.0,17607.25827941962,0.0,0.0,0.0,0.0,0.0,0.0,0.0,676738.5036157994,-415601.5312977629,16014.423442883766,68429.05607748788,0.0,0.0,0.0,0.0,0.0,0.0,-494987.00784399454,-595.2430301702523,1368.5022573010174,-5484222.642688341,453402.2319539841,78905.7213313008,2315.4629951855277,0.0,0.0,0.0,0.0,0.0,0.0,0.0,0.0,-24413.931211128773,-35145.527163027786,-1295742.808355676,0.0,0.0,0.0,0.0,0.0,0.0,0.0,0.0,0.0,0.0,0.0,0.0,0.0,0.0,0.0,-131793.8336129449,0.0,0.0,0.0,2048.3305573391153,0.0,-26389.398715165906,-28482.54393918881,-23056.456622057143
Texas,2028,0.0,0.0,0.0,0.0,0.0,0.0,0.0,0.0,0.0,0.0,0.0,4309.848760356166,0.0,0.0,0.0,0.0,0.0,0.0,0.0,0.0,0.0,0.0,0.0,0.0,0.0,0.0,0.0,0.0,0.0,0.0,0.0,0.0,0.0,0.0,0.0,10256.028952724737,0.0,0.0,0.0,121083.48110796418,-21167762.72256694,-823118.6791518931,70424.07626589097,0.0,0.0,0.0,29873.98447327898,0.0,56066.454620518314,-272390.7635285207,-797896.2804005672,0.0,0.0,0.0,-31493.80550355785,-277114.96121878666,-6612930.041328385,125313.10969056818,0.0,-1520512.0323470116,0.0,0.0,6422.451664898945,0.0,0.0,0.0,0.0,57930.885019826004,4113.311822565418,0.0,150010.11761273164,0.0,0.0,0.0,177605.950190105,0.0,205762.06709528924,0.0,0.0,0.0,-1929897.5891282335,0.0,-4619504.5511703985,0.0,0.0,0.0,-44572.9749451499,0.0,35109.986928236496,0.0,0.0,0.0,0.0,87794.49826732976,110138.45951566834,-507402.4590922167,0.0,30097.583486816264,174073.84136392176,0.0,-29715488.104912423,2203548.484813802,-23926.799342435086,0.0,10544.63033591825,0.0,64137.65909527894,255670.33491123794,22873.579426191893,0.0,1442.2976046068197,-86044.86284664545,242052.96469576517,54020.14366150845,538.6709040039086,-3210398.2347957054,-499408.01441607345,0.0,0.0,0.0,0.0,-6576717.528042637,-350852.26596242236,3173.584460990096,-5248499.10537513,0.0,51546.71156764851,0.0,-50503.248635805445,0.0,0.0,0.0,0.0,0.0,1991.850133257456,18681.692420840584,0.0,0.0,0.0,0.0,18302.71941825468,-1038537.4450237835,38600.80962159729,0.0,0.0,139.88746695115697,0.0,0.0,0.0,0.0,0.0,0.0,0.0,670558.2433088049,-677142.0961563908,15868.173000483017,67804.13319093548,0.0,0.0,0.0,0.0,0.0,0.0,-846929.658039175,-792.0135099034177,1356.004519791417,-7411405.529953739,449261.5723014367,78185.12113649445,2294.317214407576,0.0,0.0,0.0,0.0,0.0,0.0,0.0,0.0,-44757.838813673705,-47762.49083928265,-1785567.0719155497,0.0,0.0,0.0,0.0,0.0,0.0,0.0,0.0,0.0,0.0,0.0,0.0,0.0,0.0,0.0,-182050.96646773425,0.0,0.0,0.0,2029.624342203595,0.0,-35213.16859237,-38009.881039174914,-30776.3352411698
Texas,2029,0.0,0.0,0.0,0.0,0.0,0.0,0.0,0.0,0.0,0.0,0.0,5521.373066262735,0.0,0.0,0.0,0.0,0.0,0.0,0.0,0.0,0.0,0.0,0.0,0.0,0.0,0.0,0.0,0.0,0.0,0.0,0.0,0.0,0.0,0.0,0.0,13139.060132983752,0.0,0.0,0.0,155120.77303232276,-23854204.748176508,-935751.9356161079,90220.70599962061,0.0,0.0,0.0,50964.63327365671,0.0,71827.0708963321,-277798.1996111958,-920572.1385673765,0.0,0.0,0.0,-36415.93824415127,-307853.31303934264,-7610783.711205185,160539.37554828543,0.0,-1749440.9597515962,0.0,0.0,8227.841303418914,0.0,0.0,0.0,0.0,74215.60385028401,5269.58841784879,0.0,192178.8603517944,0.0,0.0,0.0,227532.0467873232,0.0,263603.0168317526,0.0,0.0,0.0,-2020306.903088715,0.0,-5329077.728015589,0.0,0.0,0.0,-51539.23690731218,0.0,44979.61459009105,0.0,0.0,0.0,0.0,112474.0576880998,141099.04030117916,-579746.4062200069,0.0,38558.19451306417,223007.04101000144,0.0,-34148414.08380355,2822979.1648766696,-25731.46505778085,0.0,14235.828683095606,0.0,82167.13930178608,340690.03926617187,29303.479633554613,0.0,1847.7361017543553,-99492.72123675006,310095.5031586299,69205.52966773912,690.0945221801221,-3643612.2147138957,-506668.8762790151,0.0,0.0,0.0,0.0,-7541767.258100195,-368668.88328972925,8343.22415565449,-5968526.323482601,0.0,66036.800994499,0.0,-53856.627999491524,0.0,0.0,0.0,0.0,0.0,2551.771138458862,23933.22807831192,0.0,0.0,0.0,0.0,54301.97842669021,-1186336.242196776,49451.728455318196,0.0,0.0,8640.228327111574,0.0,0.0,0.0,0.0,0.0,0.0,0.0,859056.1826721104,-737770.569677583,20328.811493706336,86864.28123078356,0.0,0.0,0.0,0.0,0.0,0.0,-910735.2852401445,-915.796443269394,1737.185513834169,-8528129.137687173,575551.6917041438,100163.42707808968,2939.263528135056,0.0,0.0,0.0,0.0,0.0,0.0,0.0,0.0,-47284.592387562734,-54863.58479757888,-2042245.1274070942,0.0,0.0,0.0,0.0,0.0,0.0,0.0,0.0,0.0,0.0,0.0,0.0,0.0,0.0,0.0,-208067.92772364503,0.0,0.0,0.0,2600.163903836863,0.0,-40680.122822723155,-43909.695264709175,-35550.63162374252
Texas,2030,0.0,0.0,0.0,0.0,0.0,0.0,0.0,0.0,0.0,0.0,0.0,5958.316258556915,0.0,0.0,0.0,0.0,0.0,0.0,0.0,0.0,0.0,0.0,0.0,0.0,0.0,0.0,0.0,0.0,0.0,0.0,0.0,0.0,0.0,0.0,0.0,14178.841870126373,0.0,0.0,0.0,167396.5176607801,-12325810.952485763,-521691.93083628383,97360.47410031,0.0,0.0,0.0,107170.77247168869,0.0,77511.2275859699,-7272.28870521998,-575733.5242567796,0.0,0.0,0.0,-23139.906907969034,-138367.63761755195,-4673683.52607597,173243.9304477903,0.0,-1071985.933582814,0.0,0.0,8878.965435344158,0.0,0.0,0.0,0.0,80088.78113340004,5686.606206311641,0.0,207387.25937243993,0.0,0.0,0.0,245538.17998631997,0.0,284463.6872285099,0.0,0.0,0.0,-321886.446528282,0.0,-3329784.4509332944,0.0,0.0,0.0,-32749.757431679256,0.0,48539.15243535,0.0,0.0,0.0,0.0,121374.88239723002,152265.15140415018,-336705.360133364,0.0,41609.56242416997,240655.08022661996,0.0,-20736874.18024721,3046380.3937518,-7539.213884578232,0.0,18350.8343220893,0.0,88669.57478610007,421699.8677941463,31622.460036210017,0.0,1993.9598220370754,-63221.00757100974,334635.4350632699,74682.22626015003,744.7063188994125,-2003154.1342837904,436.0479762936011,0.0,0.0,0.0,0.0,-4506209.886896055,-65681.82423667237,26585.856324583583,-3336029.039420096,0.0,71262.73488614999,0.0,-13547.922299078782,0.0,0.0,0.0,0.0,0.0,2753.709861646261,25827.224544940895,0.0,0.0,0.0,0.0,185422.8304120982,-687743.5379285121,53365.17459206999,0.0,0.0,44102.22118628782,0.0,0.0,0.0,0.0,0.0,0.0,0.0,927039.0460490407,-262952.24840650987,21937.566360114753,93738.43298286002,0.0,0.0,0.0,0.0,0.0,0.0,-266481.4322089404,-581.927734549211,1874.6606264397487,-5229621.849934437,621098.9478821699,108090.02922095999,3171.8671166925014,0.0,0.0,0.0,0.0,0.0,0.0,0.0,0.0,-9696.62123056443,-33206.03877237114,-1195761.3179130936,0.0,0.0,0.0,0.0,0.0,0.0,0.0,0.0,0.0,0.0,0.0,0.0,0.0,0.0,0.0,-121121.39647431934,0.0,0.0,0.0,2805.93227032755,0.0,-25683.40716414757,-27716.29826483465,-22427.46344516615
Texas,2031,0.0,0.0,0.0,0.0,0.0,0.0,0.0,0.0,0.0,0.0,0.0,7169.840564463477,0.0,0.0,0.0,0.0,0.0,0.0,0.0,0.0,0.0,0.0,0.0,0.0,0.0,0.0,0.0,0.0,0.0,0.0,0.0,0.0,0.0,0.0,0.0,17061.873050385402,0.0,0.0,0.0,201433.8095851387,-813850.051939778,-117752.08308516094,117157.10383403976,0.0,0.0,0.0,183476.4824573812,0.0,93271.8438617838,296885.8470252729,-256365.14321554653,0.0,0.0,0.0,-10962.04064538533,36045.0515572452,-1925770.352357014,208470.19630550733,0.0,-437441.478486717,0.0,0.0,10684.355073864135,0.0,0.0,0.0,0.0,96373.49996385805,6842.882801595013,0.0,249556.00211150292,0.0,0.0,0.0,295464.2765835384,0.0,342304.63696497376,0.0,0.0,0.0,1554358.657682933,0.0,-1477174.32998999,0.0,0.0,0.0,-15514.503732465004,0.0,58408.78009720449,0.0,0.0,0.0,0.0,146054.44181800005,183225.73218966078,-103282.7252081366,0.0,50070.173450417875,289588.2798726994,0.0,-8116298.7488344945,3665811.073814664,12064.15840789734,0.0,25204.71087377981,0.0,106699.0549926071,563919.785539262,38052.36024357271,0.0,2399.3983191846146,-29949.61290863936,402677.9735261351,89867.61226638051,896.1299370756269,-395102.3202937646,572282.3328906661,0.0,0.0,0.0,0.0,-1627074.954519243,268031.5277210823,50363.063938836916,-770193.7297925353,0.0,85752.82431300054,0.0,30268.264182924002,0.0,0.0,0.0,0.0,0.0,3313.6308668476595,31078.76020241223,0.0,0.0,0.0,0.0,355640.47456310317,-208520.9281854194,64216.09342579084,0.0,0.0,89408.6404570078,0.0,0.0,0.0,0.0,0.0,0.0,0.0,1115536.9854123453,240712.25274244184,26398.204853338102,112798.58102270821,0.0,0.0,0.0,0.0,0.0,0.0,427806.8362875469,-275.6759352652618,2255.8416204824953,-2141270.0536459647,747389.0672848774,130068.33516255522,3816.8134304199775,0.0,0.0,0.0,0.0,0.0,0.0,0.0,0.0,31516.401832051924,-12791.902275749359,-385558.8631170485,0.0,0.0,0.0,0.0,0.0,0.0,0.0,0.0,0.0,0.0,0.0,0.0,0.0,0.0,0.0,-37696.266379549255,0.0,0.0,0.0,3376.471831960822,0.0,-11872.218989365057,-12801.032943177068,-10336.007386249117
Texas,2032,0.0,0.0,0.0,0.0,0.0,0.0,0.0,0.0,0.0,0.0,0.0,8381.364870370053,0.0,0.0,0.0,0.0,0.0,0.0,0.0,0.0,0.0,0.0,0.0,0.0,0.0,0.0,0.0,0.0,0.0,0.0,0.0,0.0,0.0,0.0,0.0,19944.90423064443,0.0,0.0,0.0,235471.10150949704,9688591.374498822,249458.94303597254,136953.7335677694,0.0,0.0,0.0,255856.3509367786,0.0,109032.46013759769,579033.5865947381,31573.486872821115,0.0,0.0,0.0,0.0,195871.313505308,555815.3622989408,243696.46216322458,0.0,135709.22693616664,0.0,0.0,12489.744712384112,0.0,0.0,0.0,0.0,112658.21879431605,7999.159396878378,0.0,291724.7448505657,0.0,0.0,0.0,345390.3731807568,0.0,400145.5867014376,0.0,0.0,0.0,3290772.8284920305,0.0,193262.20785367372,0.0,0.0,0.0,0.0,0.0,68278.40775905905,0.0,0.0,0.0,0.0,170734.0012387702,214186.31297517114,108399.62521332124,0.0,58530.78447666578,338521.4795187791,0.0,3291757.086891493,4285241.753877532,30145.39955761496,0.0,31833.71810358981,0.0,124728.535199114,702072.7156350762,44482.2604509354,0.0,2804.836816332152,0.0,470720.5119889998,105052.99827261112,1047.5535552518404,1067813.6230284749,1102953.568378211,0.0,0.0,0.0,0.0,978734.9215835659,576750.776358109,72817.25640284421,1562013.7395602874,0.0,100242.91373985098,0.0,70730.65125846717,0.0,0.0,0.0,0.0,0.0,3873.551872049069,36330.29585988354,0.0,0.0,0.0,0.0,516315.0683943387,226119.88427694212,75067.0122595118,0.0,0.0,132098.1137856925,0.0,0.0,0.0,0.0,0.0,0.0,0.0,1304034.9247756498,704255.0056923684,30858.84334656145,131858.7290625564,0.0,0.0,0.0,0.0,0.0,0.0,1068193.933300958,0.0,2637.0226145252473,648097.0235492089,873679.1866875859,152046.64110415045,4461.759744147457,0.0,0.0,0.0,0.0,0.0,0.0,0.0,0.0,69619.48664757714,5665.876092197046,348787.4086080892,0.0,0.0,0.0,0.0,0.0,0.0,0.0,0.0,0.0,0.0,0.0,0.0,0.0,0.0,0.0,37947.43061459903,0.0,0.0,0.0,3947.01139359409,0.0,568.2755740431262,634.2611262719197,556.2782009106181
Texas,2033,0.0,0.0,0.0,0.0,0.0,0.0,0.0,0.0,0.0,0.0,0.0,8977.19649622574,0.0,0.0,0.0,0.0,0.0,0.0,0.0,0.0,0.0,0.0,0.0,0.0,0.0,0.0,0.0,0.0,0.0,0.0,0.0,0.0,0.0,0.0,0.0,21362.78841765708,0.0,0.0,0.0,252210.75327557535,10377353.794486888,267192.9911190984,146689.7809778005,0.0,0.0,0.0,274045.19105076767,0.0,116783.58289619471,620197.1117081079,33818.047550983785,0.0,0.0,0.0,0.0,209795.81446540123,595328.3027467327,261020.85520800366,0.0,145356.80231077562,0.0,0.0,13377.641255918526,0.0,0.0,0.0,0.0,120667.09690765606,8567.82001750954,0.0,312463.4707878097,0.0,0.0,0.0,369944.1911793889,0.0,428591.9554242885,0.0,0.0,0.0,3524714.0248303227,0.0,207001.22736933758,0.0,0.0,0.0,0.0,0.0,73132.323002594,0.0,0.0,0.0,0.0,182871.489478493,229412.82811558608,116105.75970715919,0.0,62691.740719082765,362586.9875414409,0.0,3525768.254206052,4589879.79325271,32288.437440857728,0.0,34096.77863228103,0.0,133595.4926777241,751983.0982631627,47644.506454556424,0.0,3004.232798535859,0.0,504184.0554953264,112521.22089862608,1122.024187141782,1143724.5440968499,1181362.5898268986,0.0,0.0,0.0,0.0,1048313.2335444828,617752.0163835669,77993.83861157723,1673057.3703347128,0.0,107369.18722846603,0.0,75758.89660859521,0.0,0.0,0.0,0.0,0.0,4148.922858213697,38913.01831437767,0.0,0.0,0.0,0.0,553019.9310764009,242194.75756677217,80403.52971871878,0.0,0.0,141488.9749552915,0.0,0.0,0.0,0.0,0.0,0.0,0.0,1396738.8293805532,754320.5274240538,33052.59998257292,141232.57236084237,0.0,0.0,0.0,0.0,0.0,0.0,1144131.8906446276,0.0,2824.488677169222,694170.2716688206,935789.0814758027,162855.6440262464,4778.946455816706,0.0,0.0,0.0,0.0,0.0,0.0,0.0,0.0,74568.73925285519,6068.6634921162695,373582.722016247,0.0,0.0,0.0,0.0,0.0,0.0,0.0,0.0,0.0,0.0,0.0,0.0,0.0,0.0,0.0,40645.11525544728,0.0,0.0,0.0,4227.6046206268475,0.0,608.6743115343438,679.3507797983598,595.8240445772499
Utah,2024,0.0,0.0,0.0,0.0,0.0,0.0,0.0,0.0,0.0,0.0,0.0,0.0,0.0,0.0,0.0,0.0,0.0,0.0,0.0,0.0,0.0,0.0,0.0,0.0,0.0,0.0,0.0,0.0,0.0,0.0,0.0,0.0,0.0,0.0,0.0,0.0,0.0,0.0,0.0,0.0,0.0,0.0,0.0,0.0,0.0,0.0,0.0,0.0,0.0,0.0,0.0,0.0,0.0,0.0,0.0,0.0,0.0,0.0,0.0,0.0,0.0,0.0,0.0,0.0,0.0,0.0,0.0,0.0,0.0,0.0,0.0,0.0,0.0,0.0,0.0,0.0,0.0,0.0,0.0,0.0,0.0,0.0,0.0,0.0,0.0,0.0,0.0,0.0,0.0,0.0,0.0,0.0,0.0,0.0,0.0,0.0,0.0,0.0,0.0,0.0,0.0,0.0,0.0,0.0,0.0,0.0,0.0,0.0,0.0,0.0,0.0,0.0,0.0,0.0,0.0,0.0,0.0,0.0,0.0,0.0,0.0,2.9103830456733704e-11,0.0,0.0,0.0,0.0,0.0,0.0,0.0,0.0,0.0,0.0,0.0,0.0,0.0,0.0,0.0,0.0,0.0,0.0,0.0,0.0,0.0,0.0,0.0,0.0,0.0,0.0,0.0,0.0,0.0,0.0,0.0,0.0,0.0,0.0,0.0,0.0,0.0,0.0,0.0,0.0,0.0,0.0,0.0,0.0,0.0,0.0,0.0,0.0,0.0,0.0,0.0,0.0,0.0,0.0,0.0,0.0,0.0,0.0,0.0,0.0,0.0,0.0,0.0,0.0,0.0,0.0,0.0,0.0,0.0,0.0,0.0,0.0,0.0,0.0,0.0,0.0,0.0,0.0,0.0,0.0,0.0,0.0,0.0
Utah,2025,0.0,0.0,0.0,0.0,0.0,0.0,0.0,0.0,0.0,0.0,0.0,0.0,0.0,0.0,0.0,0.0,0.0,0.0,0.0,0.0,0.0,0.0,0.0,0.0,0.0,0.0,0.0,0.0,0.0,-774.422022387268,-1358.107228955304,0.0,0.0,0.0,0.0,1684.5546186223437,0.0,0.0,0.0,64671.366749169654,-278018.3691476444,-69215.16646919819,0.0,0.0,0.0,-5343.53758998687,136317.43008100404,0.0,19412.826997357915,0.0,-18985.321456038102,0.0,0.0,0.0,-207501.16942252385,0.0,-131667.69131156302,6503.491616503452,0.0,-18144.111763964174,0.0,0.0,0.0,0.0,0.0,0.0,0.0,0.0,0.0,0.0,0.0,0.0,0.0,0.0,0.0,0.0,0.0,0.0,1437.6657105794839,0.0,-296384.3062384112,0.0,-88028.10323707704,0.0,0.0,0.0,0.0,0.0,0.0,0.0,0.0,0.0,0.0,2383.549185321772,0.0,12642.941735574248,0.0,36512.657556539576,874623.9322338142,60895.054489088245,45956.86932428973,519015.35051715374,14540.601197970798,0.0,4925.421954189398,0.0,0.0,29505.57061896549,453.3651890566716,0.0,112.14416601538119,20036.944940393296,1496.5437488372663,17135.796491762623,0.0,-218689.95899496676,-169036.3519019205,39860.520000495075,52571.05336203729,0.0,0.0,-83799.64190931205,-44273.152287279256,0.0,-557802.1080624261,0.0,0.0,0.0,14431.996461180534,0.0,0.0,0.0,4401.4268132813595,0.0,0.0,2441.133204480422,211378.4686438311,0.0,44909.47684221901,0.0,165597.7834541176,-5847.593736231895,0.0,0.0,0.0,96519.20895620738,0.0,0.0,0.0,0.0,0.0,0.0,0.0,2352.6622510720626,-183913.9970136613,0.0,0.0,10345.917231563973,0.0,3919.9464439094663,0.0,0.0,0.0,42132.53227826662,-15487.98894373863,0.0,16880.23658255796,0.0,0.0,6325.202889768989,0.0,0.0,0.0,0.0,0.0,0.0,0.0,0.0,-111409.59839787323,0.0,0.0,0.0,0.0,0.0,0.0,0.0,0.0,0.0,0.0,0.0,0.0,0.0,0.0,0.0,23125.001822915103,0.0,0.0,0.0,0.0,0.0,1700.624807519438,0.0,13014.037791078212,6967.893145004127,4558.772418225664
Utah,2026,0.0,0.0,0.0,0.0,0.0,0.0,0.0,0.0,0.0,0.0,0.0,0.0,0.0,0.0,0.0,0.0,0.0,0.0,0.0,0.0,0.0,0.0,0.0,0.0,0.0,0.0,0.0,0.0,0.0,-1790.8907081841721,-2816.369858276043,0.0,0.0,0.0,0.0,1942.9218914171797,0.0,0.0,0.0,74590.28802971717,-969270.1833061464,-183144.41505575762,0.0,0.0,0.0,-11081.141373925577,157225.01138177165,0.0,22390.25445094041,0.0,-41322.66154259564,0.0,0.0,0.0,-430304.78496765264,0.0,-304322.70037931623,7500.9596558444755,0.0,-37690.62917177306,0.0,0.0,0.0,0.0,0.0,0.0,0.0,0.0,0.0,0.0,0.0,0.0,0.0,0.0,0.0,0.0,0.0,0.0,1658.1665864352362,0.0,-729718.4029151835,0.0,-189319.29984265484,0.0,0.0,0.0,0.0,0.0,0.0,0.0,0.0,0.0,0.0,2749.1242137453482,0.0,14582.043228760507,0.0,42112.758408769616,821342.4136055317,70234.78677269071,53005.46891390474,304775.819522772,12089.394482075644,0.0,1745.5698701180809,0.0,0.0,34030.96488567797,522.8997272555471,0.0,129.34419147786298,23110.096004870837,1726.0749986589326,-38649.81269400567,0.0,-475254.35950344504,-541730.6012113583,45974.09668768762,60634.09835621482,0.0,0.0,-194770.01625449338,-199370.88799458253,0.0,-1354723.6878218516,0.0,0.0,0.0,16645.492850932147,0.0,0.0,0.0,5076.492275441087,0.0,0.0,188.01378440720146,243798.47917202627,0.0,51797.433413111605,0.0,190996.2164992278,-17181.513013090385,0.0,0.0,0.0,111322.76861206722,0.0,0.0,0.0,0.0,0.0,0.0,0.0,2713.500019641393,-480438.3415937512,0.0,0.0,11932.714352969488,0.0,4521.165223650183,0.0,0.0,0.0,48594.57710622158,-59375.96190012217,0.0,11116.037926029472,0.0,0.0,7295.326032371595,0.0,0.0,0.0,0.0,0.0,0.0,0.0,0.0,-261482.76902178308,0.0,0.0,0.0,0.0,0.0,0.0,0.0,0.0,0.0,0.0,0.0,0.0,0.0,0.0,0.0,26671.781243607576,0.0,0.0,0.0,0.0,0.0,1961.4568332126073,0.0,15010.0558571945,8036.588412642799,5257.970641879896
Utah,2027,0.0,0.0,0.0,0.0,0.0,0.0,0.0,0.0,0.0,0.0,0.0,0.0,0.0,0.0,0.0,0.0,0.0,0.0,0.0,0.0,0.0,0.0,0.0,0.0,0.0,0.0,0.0,0.0,0.0,-3202.765704253268,-4835.502729643221,0.0,0.0,0.0,0.0,2263.2973096827773,0.0,0.0,0.0,86889.7504175962,-1935852.5917840227,-341847.16978791635,0.0,0.0,0.0,-19025.51584399455,183150.4121947235,0.0,26082.26449338271,0.0,-72298.32610765251,0.0,0.0,0.0,-738802.0987993694,0.0,-544137.2417969189,8737.820024627348,0.0,-64756.58853953512,0.0,0.0,0.0,0.0,0.0,0.0,0.0,0.0,0.0,0.0,0.0,0.0,0.0,0.0,0.0,0.0,0.0,0.0,1931.58767249636,0.0,-1332493.1033734146,0.0,-329731.8333100912,0.0,0.0,0.0,0.0,0.0,0.0,0.0,0.0,0.0,0.0,3202.437248990598,0.0,16986.52908031142,0.0,49056.88346553483,723651.7725156974,81816.05480435793,61745.732405027375,-10456.831249227747,8260.084182148246,0.0,-2861.3868546362937,0.0,0.0,39642.45377640147,609.122554622154,0.0,150.67222305134032,26920.80332482292,2010.6937484378032,-117679.23061246634,0.0,-831021.4586164784,-1062376.3778826725,53554.93177980621,70632.27414899482,0.0,0.0,-348927.166704956,-416713.70433979086,0.0,-2462924.8236437524,0.0,0.0,0.0,19390.228374224098,0.0,0.0,0.0,5913.573448519128,0.0,0.0,-3049.156436199628,283999.29222698836,0.0,60338.49956101831,0.0,222490.27347516362,-32996.455801597156,0.0,0.0,0.0,129679.1825853337,0.0,0.0,0.0,0.0,0.0,0.0,0.0,3160.938852667372,-893397.4779698923,0.0,0.0,13900.342783512373,0.0,5266.676510528661,0.0,0.0,0.0,56607.51269288582,-120800.81694592175,0.0,2559.125884573674,0.0,0.0,8498.27872919882,0.0,0.0,0.0,0.0,0.0,0.0,0.0,0.0,-470010.1523026916,0.0,0.0,0.0,0.0,0.0,0.0,0.0,0.0,0.0,0.0,0.0,0.0,0.0,0.0,0.0,31069.787725266302,0.0,0.0,0.0,0.0,0.0,2284.888545072128,0.0,17485.118259178707,9361.770544514744,6124.976439211154
Utah,2028,0.0,0.0,0.0,0.0,0.0,0.0,0.0,0.0,0.0,0.0,0.0,0.0,0.0,0.0,0.0,0.0,0.0,0.0,0.0,0.0,0.0,0.0,0.0,0.0,0.0,0.0,0.0,0.0,0.0,-4353.218951230727,-6433.982919475569,0.0,0.0,0.0,0.0,2242.62792785919,0.0,0.0,0.0,86096.2367151524,-2770545.60085728,-474494.60562066175,0.0,0.0,0.0,-25314.812299465822,181477.805690662,0.0,25844.070297096187,0.0,-97166.06129148466,0.0,0.0,0.0,-983029.1389161452,0.0,-739524.005089676,8658.02258148005,0.0,-86195.19017243624,0.0,0.0,0.0,0.0,0.0,0.0,0.0,0.0,0.0,0.0,0.0,0.0,0.0,0.0,0.0,0.0,0.0,0.0,1913.947602427903,0.0,-1830051.9238591753,0.0,-442089.7426635551,0.0,0.0,0.0,0.0,0.0,0.0,0.0,0.0,0.0,0.0,3173.1912467167167,0.0,16831.400960856525,0.0,48608.8753973564,470736.8356661815,81068.87622166972,61181.844437858206,-396515.2317817267,2032.6404879285255,0.0,-8006.8097242596705,0.0,0.0,39280.4222350645,603.5597915662438,0.0,149.29622101434165,26674.95123966472,1992.3312484520684,-193369.02233227063,0.0,-1116517.8691065097,-1508380.006074729,53065.8456448309,69987.23054946074,0.0,0.0,-474681.9415194011,-607806.2216545101,0.0,-3375278.0031725997,0.0,0.0,0.0,19213.148663044034,0.0,0.0,0.0,5859.568211546357,0.0,0.0,-6474.273752943947,281405.6913847327,0.0,59787.463035346824,0.0,220458.3988315547,-46410.96529920545,0.0,0.0,0.0,128494.89781286474,0.0,0.0,0.0,0.0,0.0,0.0,0.0,3132.0718311818237,-1237846.9302388695,0.0,0.0,13773.399013799906,0.0,5218.579008149412,0.0,0.0,0.0,56090.5491066493,-174251.27995325427,0.0,-8441.591555638879,0.0,0.0,8420.668877790624,0.0,0.0,0.0,0.0,0.0,0.0,0.0,0.0,-640481.1096123599,0.0,0.0,0.0,0.0,0.0,0.0,0.0,0.0,0.0,0.0,0.0,0.0,0.0,0.0,0.0,30786.045371610962,0.0,0.0,0.0,0.0,0.0,2264.0219830166825,0.0,17325.43681388939,9276.274923103658,6069.040581318812
Utah,2029,0.0,0.0,0.0,0.0,0.0,0.0,0.0,0.0,0.0,0.0,0.0,0.0,0.0,0.0,0.0,0.0,0.0,0.0,0.0,0.0,0.0,0.0,0.0,0.0,0.0,0.0,0.0,0.0,0.0,-5000.189786770011,-7439.543139144541,0.0,0.0,0.0,0.0,2873.0440734785916,0.0,0.0,0.0,110298.4046396882,-3132646.0749284206,-541501.56243267,0.0,0.0,0.0,-29271.23688674224,232492.30406453484,0.0,33108.99328383739,0.0,-111999.63237874178,0.0,0.0,0.0,-1136665.6979870994,0.0,-849456.4845591452,11091.84459747214,0.0,-99654.92608917909,0.0,0.0,0.0,0.0,0.0,0.0,0.0,0.0,0.0,0.0,0.0,0.0,0.0,0.0,0.0,0.0,0.0,0.0,2451.969739515931,0.0,-2095289.5062220653,0.0,-509960.94483003474,0.0,0.0,0.0,0.0,0.0,0.0,0.0,0.0,0.0,0.0,4065.1943160702613,0.0,21562.80860423096,0.0,62273.12147679762,723480.5360147655,103857.82299365976,78380.42743651883,-319191.1102596633,5611.6860429761,0.0,-7729.248734834706,0.0,0.0,50322.384245842986,773.2240647715007,0.0,191.26428314279724,34173.4398369898,2552.3874980169385,-210196.79262834648,0.0,-1287090.9748091537,-1709604.5275756596,67982.9727615806,89661.06033525383,0.0,0.0,-545079.7048651318,-683380.3732380806,0.0,-3867051.8204284064,0.0,0.0,0.0,24614.079854037962,0.0,0.0,0.0,7506.727939216071,0.0,0.0,-6606.110226420409,360510.51707352884,0.0,76594.07706832467,0.0,282430.5754616235,-52751.81991651266,0.0,0.0,0.0,164615.58337316313,0.0,0.0,0.0,0.0,0.0,0.0,0.0,4012.5159864909983,-1413426.2928962058,0.0,0.0,17645.18399002937,0.0,6685.552830716762,0.0,0.0,0.0,71857.93848685961,-196563.59528220177,0.0,-5447.85435314232,0.0,0.0,10787.769345740977,0.0,0.0,0.0,0.0,0.0,0.0,0.0,0.0,-735084.0949886877,0.0,0.0,0.0,0.0,0.0,0.0,0.0,0.0,0.0,0.0,0.0,0.0,0.0,0.0,0.0,39440.1871581006,0.0,0.0,0.0,0.0,0.0,2900.452125708005,0.0,22195.720895213133,11883.891376141983,7775.084247035164
Utah,2030,0.0,0.0,0.0,0.0,0.0,0.0,0.0,0.0,0.0,0.0,0.0,0.0,0.0,0.0,0.0,0.0,0.0,0.0,0.0,0.0,0.0,0.0,0.0,0.0,0.0,0.0,0.0,0.0,0.0,-3025.2306833847188,-4727.33489724855,0.0,0.0,0.0,0.0,3100.407273538054,0.0,0.0,0.0,119027.05536657013,-1667678.5586329084,-311520.4565641078,0.0,0.0,0.0,-18599.92435452657,250890.9756092101,0.0,35729.12944299,0.0,-69563.41556701757,0.0,0.0,0.0,-722275.4569869561,0.0,-514056.37413596397,11969.616472092224,0.0,-63271.1730033573,0.0,0.0,0.0,0.0,0.0,0.0,0.0,0.0,0.0,0.0,0.0,0.0,0.0,0.0,0.0,0.0,0.0,0.0,2646.0105102689886,0.0,-1236786.120494406,0.0,-318478.7519579332,0.0,0.0,0.0,0.0,0.0,0.0,0.0,0.0,0.0,0.0,4386.9003410830155,0.0,23269.21791823485,0.0,67201.21022676001,1275696.3751414306,112076.78740322997,84583.19507538003,431540.4437321536,18418.47806102468,0.0,2051.523622090768,0.0,0.0,54304.731200549984,834.4144583865118,0.0,206.40030554978125,36877.812773729966,2754.3749978600026,-72569.84557100409,0.0,-799980.0812864959,-929138.6437263391,73362.92024631007,96756.53993013,0.0,0.0,-329102.90010852803,-345805.47420819406,0.0,-2294468.8047263836,0.0,0.0,0.0,26561.956677019363,0.0,0.0,0.0,8100.785545916624,0.0,0.0,-190.03141825800412,389040.1263383399,0.0,82655.47885071009,0.0,304781.1965413203,-29363.8961014636,0.0,0.0,0.0,177642.71587031987,0.0,0.0,0.0,0.0,0.0,0.0,0.0,4330.053222832019,-816700.005008714,0.0,0.0,19041.565456866214,0.0,7214.625356888588,0.0,0.0,0.0,77544.53793546004,-102491.27136053197,0.0,16180.425298427523,0.0,0.0,11641.477711231259,0.0,0.0,0.0,0.0,0.0,0.0,0.0,0.0,-442062.5907478162,0.0,0.0,0.0,0.0,0.0,0.0,0.0,0.0,0.0,0.0,0.0,0.0,0.0,0.0,0.0,42561.353048309975,0.0,0.0,0.0,0.0,0.0,3129.9843083179876,0.0,23952.216793395462,12824.343211664032,8390.378683850897
Utah,2031,0.0,0.0,0.0,0.0,0.0,0.0,0.0,0.0,0.0,0.0,0.0,0.0,0.0,0.0,0.0,0.0,0.0,0.0,0.0,0.0,0.0,0.0,0.0,0.0,0.0,0.0,0.0,0.0,0.0,-1163.3159567322432,-2239.474752171135,0.0,0.0,0.0,0.0,3730.823419157452,0.0,0.0,0.0,143229.22329110594,-217030.19950873405,-89785.31203174498,0.0,0.0,0.0,-8811.320096763011,301905.4739830829,0.0,42994.052429731295,0.0,-30106.32533329012,0.0,0.0,0.0,-342162.6953014478,0.0,-197889.4631918798,14403.438488084328,0.0,-29879.498852225406,0.0,0.0,0.0,0.0,0.0,0.0,0.0,0.0,0.0,0.0,0.0,0.0,0.0,0.0,0.0,0.0,0.0,0.0,3184.0326473570167,0.0,-417980.2616544643,0.0,-140993.1129784129,0.0,0.0,0.0,0.0,0.0,0.0,0.0,0.0,0.0,0.0,5278.90341043656,0.0,28000.625561609253,0.0,80865.45630620123,2052262.2367352005,134865.73417522013,101781.77807404066,1330102.2438174784,35081.06814064589,0.0,13327.485115337971,0.0,0.0,65346.69321132847,1004.0787315917696,0.0,248.3683676782366,44376.30137105507,3314.4312474248727,73858.25275963312,0.0,-347244.76288660173,-161208.92198869446,88280.04736305971,116430.3697159231,0.0,0.0,-125279.7512041516,-6887.676942430902,0.0,-798096.256586574,0.0,0.0,0.0,31962.88786801332,0.0,0.0,0.0,9747.945273586338,0.0,0.0,7021.5870062972535,468144.952027136,0.0,99462.09288368782,0.0,366753.3731713884,-6535.110219219117,0.0,0.0,0.0,213763.40143061848,0.0,0.0,0.0,0.0,0.0,0.0,0.0,5210.497378141194,-242383.40238422435,0.0,0.0,22913.350433095693,0.0,8681.599179455938,0.0,0.0,0.0,93311.92731567024,-8783.712037906575,0.0,42519.804157807084,0.0,0.0,14008.578179181626,0.0,0.0,0.0,0.0,0.0,0.0,0.0,0.0,-164994.59799475345,0.0,0.0,0.0,0.0,0.0,0.0,0.0,0.0,0.0,0.0,0.0,0.0,0.0,0.0,0.0,51215.49483479973,0.0,0.0,0.0,0.0,0.0,3766.414451009314,0.0,28822.500874719204,15431.959664702386,10096.422349567249
Utah,2032,0.0,0.0,0.0,0.0,0.0,0.0,0.0,0.0,0.0,0.0,0.0,0.0,0.0,0.0,0.0,0.0,0.0,0.0,0.0,0.0,0.0,0.0,0.0,0.0,0.0,0.0,0.0,0.0,0.0,520.2147047185263,0.0,0.0,0.0,0.0,0.0,4361.239564776857,0.0,0.0,0.0,167431.39121564175,1104730.0545029324,111420.00419402285,0.0,0.0,0.0,0.0,352919.97235695575,0.0,50258.97541647259,0.0,5490.649072569151,0.0,0.0,0.0,0.0,0.0,87981.39017692878,16837.260504076417,0.0,180.99706013557602,0.0,0.0,0.0,0.0,0.0,0.0,0.0,0.0,0.0,0.0,0.0,0.0,0.0,0.0,0.0,0.0,0.0,0.0,3722.054784445045,0.0,323749.1139806879,0.0,19047.429497607358,0.0,0.0,0.0,0.0,0.0,0.0,0.0,0.0,0.0,0.0,6170.906479790105,0.0,32732.033204983658,0.0,94529.70238564239,2791583.862093646,157654.6809472103,118980.36107270117,2170273.2915278915,50813.40620131802,0.0,23821.4502424877,0.0,0.0,76388.65522210696,1173.7430047970274,0.0,290.3364298066922,51874.78996838018,3874.487496989739,208678.70905488555,0.0,61172.75471701112,537813.0439223545,103197.17447980947,136104.19950171618,0.0,0.0,59046.039260423626,302559.3624923015,0.0,556917.2609861167,0.0,0.0,0.0,37363.81905900728,0.0,0.0,0.0,11395.105001256044,0.0,0.0,13711.079050487882,547249.7777159316,0.0,116268.70691666543,0.0,428725.549801457,14219.687462369184,0.0,0.0,0.0,249884.08699091687,0.0,0.0,0.0,0.0,0.0,0.0,0.0,6090.941533450368,278614.90913077723,0.0,0.0,26785.135409325172,0.0,10148.57300202328,0.0,0.0,0.0,109079.31669588044,76674.72775674012,0.0,67199.28647736245,0.0,0.0,16375.678647131965,0.0,0.0,0.0,0.0,0.0,0.0,0.0,0.0,85647.2472307604,0.0,0.0,0.0,0.0,0.0,0.0,0.0,0.0,0.0,0.0,0.0,0.0,0.0,0.0,0.0,59869.63662128942,0.0,0.0,0.0,0.0,0.0,4402.844593700636,0.0,33692.784956042975,18039.576117740755,11802.4660152836
Utah,2033,0.0,0.0,0.0,0.0,0.0,0.0,0.0,0.0,0.0,0.0,0.0,0.0,0.0,0.0,0.0,0.0,0.0,0.0,0.0,0.0,0.0,0.0,0.0,0.0,0.0,0.0,0.0,0.0,0.0,557.1967927316914,0.0,0.0,0.0,0.0,0.0,4671.280292130661,0.0,0.0,0.0,179334.096752299,1183265.3664344195,119340.85757274483,0.0,0.0,0.0,0.0,378009.069917877,0.0,53831.88836077158,0.0,5880.979575358422,0.0,0.0,0.0,0.0,0.0,94235.99137434078,18034.22215128565,0.0,193.86414971867384,0.0,0.0,0.0,0.0,0.0,0.0,0.0,0.0,0.0,0.0,0.0,0.0,0.0,0.0,0.0,0.0,0.0,0.0,3986.6558354719455,0.0,346764.4538371351,0.0,20401.512163314066,0.0,0.0,0.0,0.0,0.0,0.0,0.0,0.0,0.0,0.0,6609.596513898407,0.0,35058.95499680718,0.0,101249.82340831839,2990037.6911524367,168862.35968753323,127438.68058023916,2324558.1226791665,54425.73365638801,0.0,25514.918269204834,0.0,0.0,81819.12834216194,1257.1844506356783,0.0,310.97646036167043,55562.571245753206,4149.924996775739,223513.68837158324,0.0,65521.52874902607,576046.1987035647,110533.46650444041,145779.85349472915,0.0,0.0,63243.624989837524,324068.32191118575,0.0,596508.5354638025,0.0,0.0,0.0,40020.014726709225,0.0,0.0,0.0,12205.183555847718,0.0,0.0,14685.800310001243,586153.7903497657,0.0,124534.25480173645,0.0,459203.669455589,15230.565717987847,0.0,0.0,0.0,267648.35857794876,0.0,0.0,0.0,0.0,0.0,0.0,0.0,6523.946855733568,298421.65622538235,0.0,0.0,28689.291955011766,0.0,10870.035537712152,0.0,0.0,0.0,116833.77048942639,82125.53778684,0.0,71976.48693783843,0.0,0.0,17539.826418255107,0.0,0.0,0.0,0.0,0.0,0.0,0.0,0.0,91735.91409550642,0.0,0.0,0.0,0.0,0.0,0.0,0.0,0.0,0.0,0.0,0.0,0.0,0.0,0.0,0.0,64125.77192612039,0.0,0.0,0.0,0.0,0.0,4715.843024532434,0.0,36088.00663538254,19322.01043890715,12641.503883668687
Vermont,2024,0.0,0.0,0.0,0.0,0.0,0.0,0.0,0.0,0.0,0.0,0.0,0.0,0.0,0.0,0.0,0.0,0.0,0.0,0.0,0.0,0.0,0.0,0.0,0.0,0.0,0.0,0.0,0.0,0.0,0.0,0.0,0.0,0.0,0.0,0.0,0.0,0.0,0.0,0.0,0.0,0.0,0.0,0.0,0.0,0.0,0.0,0.0,0.0,0.0,0.0,0.0,0.0,0.0,0.0,0.0,0.0,0.0,0.0,0.0,0.0,0.0,0.0,0.0,0.0,0.0,0.0,0.0,0.0,0.0,0.0,0.0,0.0,0.0,0.0,0.0,0.0,0.0,0.0,0.0,0.0,0.0,0.0,0.0,0.0,0.0,0.0,0.0,0.0,0.0,0.0,0.0,0.0,0.0,0.0,0.0,0.0,0.0,0.0,0.0,0.0,0.0,0.0,0.0,0.0,0.0,0.0,0.0,0.0,0.0,0.0,0.0,0.0,0.0,0.0,0.0,0.0,0.0,0.0,0.0,0.0,0.0,0.0,0.0,0.0,0.0,0.0,0.0,0.0,0.0,0.0,0.0,0.0,0.0,2.9103830456733704e-11,0.0,0.0,0.0,0.0,0.0,0.0,0.0,0.0,0.0,0.0,0.0,0.0,0.0,0.0,0.0,0.0,0.0,0.0,0.0,0.0,0.0,0.0,0.0,0.0,0.0,0.0,0.0,0.0,0.0,0.0,0.0,0.0,0.0,0.0,0.0,0.0,0.0,0.0,0.0,0.0,0.0,0.0,0.0,0.0,0.0,0.0,0.0,0.0,0.0,0.0,0.0,0.0,0.0,0.0,0.0,0.0,0.0,0.0,0.0,0.0,0.0,0.0,0.0,0.0,0.0,0.0,0.0,0.0,0.0,0.0,0.0
Vermont,2025,0.0,0.0,4567.17156553275,56143.75641405326,0.0,0.0,0.0,0.0,0.0,0.0,0.0,0.0,0.0,0.0,0.0,0.0,0.0,0.0,0.0,0.0,0.0,0.0,0.0,0.0,12489.955938821833,0.0,0.0,0.0,0.0,-535.8910744393334,0.0,0.0,0.0,0.0,0.0,1933.3492949051906,0.0,0.0,0.0,-33360.736502132844,-222135.61140105082,-9128.515735660985,0.0,0.0,0.0,0.0,113835.11742724827,0.0,234.35484515382996,-488.49742633719643,-19587.632946765436,0.0,0.0,0.0,-85570.7141335194,0.0,-240649.70664526406,-1059.9630234394172,0.0,-59442.197303736524,0.0,0.0,0.0,0.0,0.0,0.0,0.0,0.0,967.2200584558705,0.0,-171559.77183651738,0.0,0.0,0.0,-20504.803083286894,0.0,0.0,0.0,0.0,0.0,-214188.73389601696,0.0,0.0,0.0,0.0,0.0,0.0,0.0,0.0,0.0,0.0,0.0,0.0,0.0,0.0,0.0,0.0,0.0,0.0,0.0,875.3587456949554,0.0,0.0,0.0,0.0,0.0,0.0,0.0,0.0,8242.92535608969,0.0,-1498.9818415329282,0.0,5657.676041016297,0.0,-85796.68482196773,-62144.2277592094,0.0,0.0,275494.1923635369,0.0,-154064.84428662236,734.0791990419966,0.0,0.0,0.0,-584.4536700624412,-21116.060308281158,-69666.53383092897,0.0,0.0,0.0,0.0,4140.761053346447,0.0,4110.408068415003,0.0,0.0,0.0,0.0,1323.0104690820735,-793094.7702469083,0.0,457668.54003166594,0.0,0.0,0.0,0.0,0.0,7491.724589181787,0.0,0.0,0.0,-10037.616556423352,-10080.577052701825,974.167660591178,0.0,0.0,0.0,28478.56614938809,0.0,0.0,0.0,5912.541281655678,0.0,0.0,13522.734266341402,0.0,19496.933632354252,0.0,0.0,0.0,10853.613827695634,0.0,0.0,0.0,0.0,0.0,-26128.944493415824,0.0,2131.6164465072143,0.0,0.0,0.0,0.0,0.0,0.0,0.0,0.0,0.0,0.0,0.0,0.0,-1061.9635210277345,10279.525064295667,0.0,0.0,0.0,0.0,0.0,13190.809868946293,-31494.37682683325,0.0,0.0,0.0
Vermont,2026,0.0,0.0,5267.658001964155,64754.76199903083,0.0,0.0,0.0,0.0,0.0,0.0,0.0,0.0,0.0,0.0,0.0,0.0,0.0,0.0,0.0,0.0,0.0,0.0,0.0,0.0,14405.593352751574,0.0,0.0,0.0,0.0,-1430.0440039693176,0.0,0.0,0.0,0.0,0.0,2229.875260381443,0.0,0.0,0.0,-337773.1837797789,-560345.3146508816,-25396.072709506043,0.0,0.0,0.0,0.0,131294.4912657831,0.0,270.2988398093257,-1280.3292961773705,-43260.298010855615,0.0,0.0,0.0,-177451.9529081538,0.0,-571954.9082522688,-2793.249129439884,0.0,-140282.13979780363,0.0,0.0,0.0,0.0,0.0,0.0,0.0,0.0,1115.5666931883643,0.0,-412965.81265079905,0.0,0.0,0.0,-43524.19015449836,0.0,0.0,0.0,0.0,0.0,-505833.9219491384,0.0,0.0,0.0,0.0,0.0,0.0,0.0,0.0,0.0,0.0,0.0,0.0,0.0,0.0,0.0,0.0,0.0,0.0,0.0,1009.6162220285387,0.0,0.0,0.0,0.0,0.0,0.0,0.0,0.0,9507.177711318116,0.0,-5524.874206383356,0.0,-10951.697370677197,0.0,-303702.6097818045,-140935.8283397348,0.0,0.0,317747.902848742,0.0,-334070.3599184951,-14062.932051341864,0.0,0.0,0.0,-3220.824868847314,-74374.84579442837,-210233.7608850489,0.0,0.0,0.0,0.0,-10282.28919894679,0.0,4740.838753754717,0.0,0.0,0.0,0.0,-3170.1461361554248,-1706242.1832310897,0.0,527863.1013862155,0.0,0.0,0.0,0.0,0.0,8640.762102859997,0.0,0.0,0.0,-25032.680733197347,-25133.22030791641,-2777.158584608551,0.0,0.0,0.0,-7604.457334417268,0.0,0.0,0.0,6819.372766572182,0.0,0.0,11977.58852938941,0.0,11717.276532362448,0.0,0.0,0.0,6265.3471042673045,0.0,0.0,0.0,0.0,0.0,-80943.59751116589,0.0,2458.551484315074,0.0,0.0,0.0,0.0,0.0,0.0,0.0,0.0,0.0,0.0,0.0,0.0,-2202.24293593657,11856.139337960645,0.0,0.0,0.0,0.0,0.0,15213.940216944233,-73752.32730740594,0.0,0.0,0.0
Vermont,2027,0.0,0.0,6136.261183139097,75432.4089244029,0.0,0.0,0.0,0.0,0.0,0.0,0.0,0.0,0.0,0.0,0.0,0.0,0.0,0.0,0.0,0.0,0.0,0.0,0.0,0.0,16780.98374602446,0.0,0.0,0.0,0.0,-2675.7833451879205,0.0,0.0,0.0,0.0,0.0,2597.5674575720004,0.0,0.0,0.0,-765740.1938487077,-1031038.1849602566,-48076.204403649375,0.0,0.0,0.0,0.0,152944.114825567,0.0,314.8693931821399,-2383.1538441825596,-76101.46870965161,0.0,0.0,0.0,-304672.1296730322,0.0,-1032442.226512989,-5207.526518065746,0.0,-252624.3949141245,0.0,0.0,0.0,0.0,0.0,0.0,0.0,0.0,1299.5165202566586,0.0,-748598.6718898561,0.0,0.0,0.0,-75421.34545436261,0.0,0.0,0.0,0.0,0.0,-911136.3155996213,0.0,0.0,0.0,0.0,0.0,0.0,0.0,0.0,0.0,0.0,0.0,0.0,0.0,0.0,0.0,0.0,0.0,0.0,0.0,1176.095492682176,0.0,0.0,0.0,0.0,0.0,0.0,0.0,0.0,11074.85063180144,0.0,-11157.419315051236,0.0,-34495.965436114406,0.0,-608449.7585454346,-250322.6352032829,0.0,0.0,370142.5038503953,0.0,-583660.1080619772,-34926.69368174058,0.0,0.0,0.0,-6919.595947848091,-148854.86689709558,-406450.14583336946,0.0,0.0,0.0,0.0,-30707.39942509553,0.0,5522.572803575982,0.0,0.0,0.0,0.0,-9533.956436533786,-2972083.8056386393,0.0,614904.3574658586,0.0,0.0,0.0,0.0,0.0,10065.568619820915,0.0,0.0,0.0,-45896.708879339785,-46077.2492780087,-8086.914779944142,0.0,0.0,0.0,-59172.06542185601,0.0,0.0,0.0,7943.843807868674,0.0,0.0,9450.99839770727,0.0,253.44779148325324,0.0,0.0,0.0,-479.0646515150729,0.0,0.0,0.0,0.0,0.0,-157485.67618661537,0.0,2863.9509311968104,0.0,0.0,0.0,0.0,0.0,0.0,0.0,0.0,0.0,0.0,0.0,0.0,-3781.0913565795736,13811.14103730522,0.0,0.0,0.0,0.0,0.0,17722.621848461626,-132466.75691150292,0.0,0.0,0.0
Vermont,2028,0.0,0.0,6080.222268224577,74743.52847760473,0.0,0.0,0.0,0.0,0.0,0.0,0.0,0.0,0.0,0.0,0.0,0.0,0.0,0.0,0.0,0.0,0.0,0.0,0.0,0.0,16627.73275291006,0.0,0.0,0.0,0.0,-3718.3854962062414,0.0,0.0,0.0,0.0,0.0,2573.8453803339,0.0,0.0,0.0,-1152066.6387838824,-1421307.6306656112,-67175.24686815668,0.0,0.0,0.0,0.0,151547.36491848365,0.0,311.99387360970013,-3303.5157092642603,-102567.8892467941,0.0,0.0,0.0,-405388.1029452277,0.0,-1409893.6592239253,-7224.124276800012,0.0,-344572.1500561055,0.0,0.0,0.0,0.0,0.0,0.0,0.0,0.0,1287.6487894780603,0.0,-1024426.8515729735,0.0,0.0,0.0,-100850.61013738056,0.0,0.0,0.0,0.0,0.0,-1242909.7492276723,0.0,0.0,0.0,0.0,0.0,0.0,0.0,0.0,0.0,0.0,0.0,0.0,0.0,0.0,0.0,0.0,0.0,0.0,0.0,1165.354894575492,0.0,0.0,0.0,0.0,0.0,0.0,0.0,0.0,10973.710443383156,0.0,-16044.02124017894,0.0,-57148.48289519455,0.0,-871961.2897227777,-339054.9702297769,0.0,0.0,366762.20701157907,0.0,-783831.3024176965,-54201.17790193294,0.0,0.0,0.0,-10203.189665477315,-213229.40520534484,-573422.9207565665,0.0,0.0,0.0,0.0,-50215.614870037534,0.0,5472.138348748813,0.0,0.0,0.0,0.0,-15618.231312436154,-3985100.4782363703,0.0,609288.7925574938,0.0,0.0,0.0,0.0,0.0,9973.645618726703,0.0,0.0,0.0,-63160.17373910941,-63406.0739299024,-13139.216737877301,0.0,0.0,0.0,-111790.22972048097,0.0,0.0,0.0,7871.297289075344,0.0,0.0,4608.5366528845625,0.0,-13902.240648516046,0.0,0.0,0.0,-8691.978833002708,0.0,0.0,0.0,0.0,0.0,-222815.65691981674,0.0,2837.7961281721837,0.0,0.0,0.0,0.0,0.0,0.0,0.0,0.0,0.0,0.0,0.0,0.0,-5031.013022921951,13685.01189541204,0.0,0.0,0.0,0.0,0.0,17560.77142062175,-180442.3925300656,0.0,0.0,0.0
Vermont,2029,0.0,0.0,7789.409173117201,95754.3821049498,0.0,0.0,0.0,0.0,0.0,0.0,0.0,0.0,0.0,0.0,0.0,0.0,0.0,0.0,0.0,0.0,0.0,0.0,0.0,0.0,21301.888042898587,0.0,0.0,0.0,0.0,-4241.981054356623,0.0,0.0,0.0,0.0,0.0,3297.3687360959666,0.0,0.0,0.0,-1283629.346571568,-1625443.4092126037,-76506.6245538661,0.0,0.0,0.0,0.0,194148.2370845091,0.0,399.69722056910905,-3771.5575040707045,-118121.38453978869,0.0,0.0,0.0,-468745.77034202224,0.0,-1617081.2366757714,-8245.723310741845,0.0,-395353.16657843627,0.0,0.0,0.0,0.0,0.0,0.0,0.0,0.0,1649.614578225348,0.0,-1174207.323001096,0.0,0.0,0.0,-116431.46009535226,0.0,0.0,0.0,0.0,0.0,-1426030.2847939958,0.0,0.0,0.0,0.0,0.0,0.0,0.0,0.0,0.0,0.0,0.0,0.0,0.0,0.0,0.0,0.0,0.0,0.0,0.0,1492.94313682943,0.0,0.0,0.0,0.0,0.0,0.0,0.0,0.0,14058.48619014064,0.0,-18115.263898301942,0.0,-61984.64979365218,0.0,-985529.9995988314,-389867.33922761,0.0,0.0,469861.2605954795,0.0,-903703.3064277032,-59858.404597937944,0.0,0.0,0.0,-11435.15571433269,-241032.77524638758,-651169.4549525651,0.0,0.0,0.0,0.0,-54657.045076029724,0.0,7010.389220977733,0.0,0.0,0.0,0.0,-16991.4994365561,-4596812.363514404,0.0,780563.5222625956,0.0,0.0,0.0,0.0,0.0,12777.297152101499,0.0,0.0,0.0,-72270.01747114459,-72552.28183635577,-14326.60133743714,0.0,0.0,0.0,-117226.42959419987,0.0,0.0,0.0,10083.96611227165,0.0,0.0,8229.260551011976,0.0,-10890.795339737786,0.0,0.0,0.0,-7117.992444117961,0.0,0.0,0.0,0.0,0.0,-252808.13870200556,0.0,3635.5176204233503,0.0,0.0,0.0,0.0,0.0,0.0,0.0,0.0,0.0,0.0,0.0,0.0,-5817.304597488209,17531.950723154587,0.0,0.0,0.0,0.0,0.0,22497.209469736612,-207119.571649922,0.0,0.0,0.0
Vermont,2030,0.0,0.0,8405.837237176835,103332.06701972999,0.0,0.0,0.0,0.0,0.0,0.0,0.0,0.0,0.0,0.0,0.0,0.0,0.0,0.0,0.0,0.0,0.0,0.0,0.0,0.0,22987.64896715677,0.0,0.0,0.0,0.0,-2433.4219510669654,0.0,0.0,0.0,0.0,0.0,3558.3115857150697,0.0,0.0,0.0,-594820.6720896978,-950892.4185702743,-43298.54431526625,0.0,0.0,0.0,0.0,209512.48606241983,0.0,431.32793586594516,-2176.787572239572,-72887.20741031399,0.0,0.0,0.0,-297856.763060628,0.0,-967601.0203764762,-4750.262611164717,0.0,-237231.36466504197,0.0,0.0,0.0,0.0,0.0,0.0,0.0,0.0,1780.1596167899443,0.0,-699104.4960335238,0.0,0.0,0.0,-73160.23457680501,0.0,0.0,0.0,0.0,0.0,-855448.8455207241,0.0,0.0,0.0,0.0,0.0,0.0,0.0,0.0,0.0,0.0,0.0,0.0,0.0,0.0,0.0,0.0,0.0,0.0,0.0,1611.0897160029817,0.0,0.0,0.0,0.0,0.0,0.0,0.0,0.0,15171.028262741704,0.0,-9524.26876772553,0.0,-20735.726164872234,0.0,-522818.66446448816,-237815.16072571746,0.0,0.0,507044.5258224597,0.0,-562256.2877581601,-25221.601501684112,0.0,0.0,0.0,-5614.598638571628,-128012.39402706409,-359703.407721856,0.0,0.0,0.0,0.0,-19216.363901058852,0.0,7565.1682240766895,0.0,0.0,0.0,0.0,-5934.596620187673,-2870348.9136513122,0.0,842334.7362545999,0.0,0.0,0.0,0.0,0.0,13788.450164138296,0.0,0.0,0.0,-42455.32879504761,-42625.27431332923,-5159.153082481978,0.0,0.0,0.0,-19679.169563008007,0.0,0.0,0.0,10881.977818998173,0.0,0.0,18438.16802859155,0.0,16689.098667939077,0.0,0.0,0.0,8831.675605242082,0.0,0.0,0.0,0.0,0.0,-138641.229833732,0.0,3923.2204536942627,0.0,0.0,0.0,0.0,0.0,0.0,0.0,0.0,0.0,0.0,0.0,0.0,-3696.510191187984,18919.371283979766,0.0,0.0,0.0,0.0,0.0,24277.56417597481,-124670.39866012003,0.0,0.0,0.0
Vermont,2031,0.0,0.0,10115.024142069451,124342.92064707517,0.0,0.0,0.0,0.0,0.0,0.0,0.0,0.0,0.0,0.0,0.0,0.0,0.0,0.0,0.0,0.0,0.0,0.0,0.0,0.0,27661.804257145297,0.0,0.0,0.0,0.0,-687.7351022940811,0.0,0.0,0.0,0.0,0.0,4281.834941477133,0.0,0.0,0.0,110093.47779233474,-305013.09491746966,-11078.044481715231,0.0,0.0,0.0,0.0,252113.3582284453,0.0,519.0312828253541,-641.2001565646224,-30676.235209944185,0.0,0.0,0.0,-141103.3309753314,0.0,-352006.433509812,-1382.0006613382757,0.0,-87559.61824195192,0.0,0.0,0.0,0.0,0.0,0.0,0.0,0.0,2142.125405537232,0.0,-247738.89138278586,0.0,0.0,0.0,-33195.55700586121,0.0,0.0,0.0,0.0,0.0,-315287.1180714299,0.0,0.0,0.0,0.0,0.0,0.0,0.0,0.0,0.0,0.0,0.0,0.0,0.0,0.0,0.0,0.0,0.0,0.0,0.0,1938.6779582569234,0.0,0.0,0.0,0.0,0.0,0.0,0.0,0.0,18255.804009499174,0.0,-986.4225487035292,0.0,23273.442621799768,0.0,-64157.22271987051,-95057.74041307616,0.0,0.0,610143.5794063597,0.0,-245086.18617004866,10790.773187049985,0.0,0.0,0.0,271.0821793391369,-16018.673812321154,-74453.04970930854,0.0,0.0,0.0,0.0,18426.938803323195,0.0,9103.419096305617,0.0,0.0,0.0,0.0,5816.797258327773,-1269943.3971845126,0.0,1013609.4659597017,0.0,0.0,0.0,0.0,0.0,16592.101697513077,0.0,0.0,0.0,-13959.36799870085,-14023.16985424237,4555.311860569724,0.0,0.0,0.0,87937.49187933234,0.0,0.0,0.0,13094.646642194464,0.0,0.0,32173.850368499727,0.0,49800.67758172279,0.0,0.0,0.0,27881.46002478106,0.0,0.0,0.0,0.0,0.0,-26637.043873535993,0.0,4720.941945945433,0.0,0.0,0.0,0.0,0.0,0.0,0.0,0.0,0.0,0.0,0.0,0.0,-1751.1433871814263,22766.310111722298,0.0,0.0,0.0,0.0,0.0,29214.002225089673,-46744.501808493136,0.0,0.0,0.0
Vermont,2032,0.0,0.0,11824.211046962082,145353.77427442023,0.0,0.0,0.0,0.0,0.0,0.0,0.0,0.0,0.0,0.0,0.0,0.0,0.0,0.0,0.0,0.0,0.0,0.0,0.0,0.0,32335.959547133854,0.0,0.0,0.0,0.0,896.6036854360937,0.0,0.0,0.0,0.0,0.0,5005.3582972392,0.0,0.0,0.0,755533.3556840899,280429.375138561,18188.07873922783,0.0,0.0,0.0,0.0,294714.23039447074,0.0,606.734629784763,751.9273840531646,7427.630356723093,0.0,0.0,0.0,0.0,0.0,205087.58662778395,1674.138145146846,0.0,47859.75283410141,0.0,0.0,0.0,0.0,0.0,0.0,0.0,0.0,2504.0911942845214,0.0,160884.6757485841,0.0,0.0,0.0,2819.782598577116,0.0,0.0,0.0,0.0,0.0,173448.5769157448,0.0,0.0,0.0,0.0,0.0,0.0,0.0,0.0,0.0,0.0,0.0,0.0,0.0,0.0,0.0,0.0,0.0,0.0,0.0,2266.266200510863,0.0,0.0,0.0,0.0,0.0,0.0,0.0,0.0,21340.579756256644,0.0,6797.107718044397,0.0,63809.66322902439,0.0,353818.13026272645,33936.690292627754,0.0,0.0,713242.6329902597,0.0,41009.82075397641,43840.40098833697,0.0,0.0,0.0,5650.691775071573,86035.34503102396,184987.8962425394,0.0,0.0,0.0,0.0,53077.97838793081,0.0,10641.669968534545,0.0,0.0,0.0,0.0,16635.015627481494,173178.5425527239,0.0,1184884.1956648044,0.0,0.0,0.0,0.0,0.0,19395.753230887858,0.0,0.0,0.0,11862.785594939858,11894.994964175356,13494.645299444936,0.0,0.0,0.0,187515.99116387963,0.0,0.0,0.0,15307.31546539077,0.0,0.0,45190.349883418996,0.0,80772.10938138899,0.0,0.0,0.0,45688.6991714983,0.0,0.0,0.0,0.0,0.0,75271.04873800417,0.0,5518.663438196596,0.0,0.0,0.0,0.0,0.0,0.0,0.0,0.0,0.0,0.0,0.0,0.0,0.0,26613.24893946486,0.0,0.0,0.0,0.0,0.0,34150.440274204564,23744.020375436463,0.0,0.0,0.0
Vermont,2033,0.0,0.0,12664.794770679757,155686.9809763932,0.0,0.0,0.0,0.0,0.0,0.0,0.0,0.0,0.0,0.0,0.0,0.0,0.0,0.0,0.0,0.0,0.0,0.0,0.0,0.0,34634.724443849496,0.0,0.0,0.0,0.0,960.3432839268116,0.0,0.0,0.0,0.0,0.0,5361.189455810705,0.0,0.0,0.0,809244.25774694,300365.11270765285,19481.07011879378,0.0,0.0,0.0,0.0,315665.47900071274,0.0,649.8674233713573,805.3819374218724,7955.660950802936,0.0,0.0,0.0,0.0,0.0,219667.27288094396,1793.1527052283727,0.0,51262.10493131241,0.0,0.0,0.0,0.0,0.0,0.0,0.0,0.0,2682.1071559635147,0.0,172321.97497241735,0.0,0.0,0.0,3020.2410771489485,0.0,0.0,0.0,0.0,0.0,185779.0444689967,0.0,0.0,0.0,0.0,0.0,0.0,0.0,0.0,0.0,0.0,0.0,0.0,0.0,0.0,0.0,0.0,0.0,0.0,0.0,2427.3751721111603,0.0,0.0,0.0,0.0,0.0,0.0,0.0,0.0,22857.68258253082,0.0,7280.314427857971,0.0,68345.89521213039,0.0,378971.0779117355,36349.25121390456,0.0,0.0,763947.0855725068,0.0,43925.210854970006,46957.01717234199,0.0,0.0,0.0,6052.399721166705,92151.60178678395,198138.69455362041,0.0,0.0,0.0,0.0,56851.29438707276,0.0,11398.186790942214,0.0,0.0,0.0,0.0,17817.59967682854,185489.81335031067,0.0,1269117.669290265,0.0,0.0,0.0,0.0,0.0,20774.598247301677,0.0,0.0,0.0,12706.11158510147,12740.610719922413,14453.980273339126,0.0,0.0,0.0,200846.51186273363,0.0,0.0,0.0,16395.513247290583,0.0,0.0,48402.93399835401,0.0,86514.20246537402,0.0,0.0,0.0,48936.710960941215,0.0,0.0,0.0,0.0,0.0,80622.07116013719,0.0,5910.985483566023,0.0,0.0,0.0,0.0,0.0,0.0,0.0,0.0,0.0,0.0,0.0,0.0,0.0,28505.186067862844,0.0,0.0,0.0,0.0,0.0,36578.19669180206,25431.983909235278,0.0,0.0,0.0
Virginia,2024,0.0,0.0,0.0,0.0,0.0,0.0,0.0,0.0,0.0,0.0,0.0,0.0,0.0,0.0,0.0,0.0,0.0,0.0,0.0,0.0,0.0,0.0,0.0,0.0,0.0,0.0,0.0,0.0,0.0,0.0,0.0,0.0,0.0,0.0,0.0,0.0,0.0,0.0,0.0,0.0,0.0,0.0,0.0,0.0,0.0,0.0,0.0,0.0,0.0,0.0,0.0,0.0,0.0,0.0,0.0,0.0,0.0,0.0,0.0,0.0,0.0,0.0,0.0,0.0,0.0,0.0,0.0,0.0,0.0,0.0,0.0,0.0,0.0,0.0,0.0,0.0,0.0,0.0,0.0,0.0,0.0,0.0,0.0,0.0,0.0,0.0,0.0,0.0,0.0,0.0,0.0,0.0,0.0,0.0,0.0,0.0,0.0,0.0,0.0,0.0,0.0,0.0,0.0,0.0,0.0,0.0,0.0,0.0,0.0,0.0,0.0,0.0,0.0,0.0,0.0,0.0,0.0,0.0,0.0,0.0,0.0,0.0,0.0,0.0,0.0,0.0,0.0,0.0,0.0,0.0,0.0,0.0,0.0,0.0,0.0,0.0,0.0,0.0,0.0,0.0,0.0,0.0,0.0,0.0,0.0,0.0,0.0,0.0,0.0,0.0,0.0,0.0,0.0,0.0,0.0,0.0,0.0,0.0,0.0,0.0,0.0,0.0,0.0,0.0,0.0,0.0,0.0,0.0,0.0,0.0,0.0,0.0,0.0,0.0,0.0,0.0,0.0,0.0,0.0,0.0,0.0,0.0,0.0,0.0,0.0,0.0,0.0,0.0,0.0,0.0,0.0,0.0,0.0,0.0,0.0,0.0,0.0,0.0,0.0,0.0,0.0,0.0,0.0,0.0,0.0
Virginia,2025,0.0,0.0,0.0,14064.979190584738,0.0,0.0,0.0,0.0,0.0,0.0,0.0,0.0,0.0,0.0,0.0,0.0,0.0,0.0,0.0,0.0,0.0,0.0,0.0,0.0,0.0,0.0,0.0,0.0,0.0,0.0,0.0,0.0,0.0,0.0,0.0,0.0,0.0,0.0,0.0,-285381.6621815949,-96025.62352022761,-100624.49836136098,16699.663342495798,0.0,0.0,0.0,224201.30493718712,0.0,8299.77810556216,35334.34545586433,7238.6563669946045,0.0,0.0,0.0,0.0,75.79224453889765,89568.70478737587,-4695.1088807274355,0.0,21242.443708981707,0.0,0.0,0.0,0.0,0.0,643.8249090249437,0.0,45630.009147291305,1105.6858682342972,0.0,-402502.23030881304,0.0,0.0,0.0,0.0,0.0,0.0,-11648.297590219128,-5197.644213181275,-9686.707965691214,-838118.0938547179,0.0,0.0,0.0,0.0,94.19242105380795,795.9681280885125,0.0,-20001.334522509715,0.0,0.0,0.0,0.0,82147.44909276324,1603.537999181368,-22578.56064024719,0.0,0.0,8528.05407926056,0.0,13413.585322696483,0.0,0.0,0.0,0.0,0.0,0.0,0.0,0.0,7900.139430703362,-19325.015335069358,1958.8882458197659,-7204.492019346944,0.0,-2162.478584135197,-542501.6459599142,-402487.12889332,0.0,0.0,0.0,0.0,-306508.6966925482,-141326.57817844732,0.0,0.0,0.0,13176.167164066137,-30027.494444264943,-349018.4348747125,0.0,0.0,0.0,0.0,-144368.21562899742,0.0,-62322.32922317204,22802.64708978028,0.0,13416.983630757575,0.0,0.0,-414853.4378150529,0.0,0.0,0.0,0.0,0.0,0.0,0.0,671.6725592896491,0.0,0.0,0.0,-55935.2067044517,-385229.0113978968,9267.186082543762,0.0,0.0,0.0,11427.781116220634,0.0,0.0,0.0,-266003.2261536517,33700.082069624856,0.0,0.0,0.0,114825.321169256,438.9090124671111,0.0,0.0,4611.9674445196,0.0,0.0,2276.2190915929605,0.0,0.0,-147048.35536206514,0.0,0.0,0.0,0.0,0.0,0.0,0.0,0.0,0.0,0.0,0.0,0.0,0.0,0.0,0.0,0.0,0.0,0.0,0.0,0.0,0.0,0.0,0.0,0.0,0.0,0.0
Virginia,2026,0.0,0.0,0.0,16222.184587913682,0.0,0.0,0.0,0.0,0.0,0.0,0.0,0.0,0.0,0.0,0.0,0.0,0.0,0.0,0.0,0.0,0.0,0.0,0.0,0.0,0.0,0.0,0.0,0.0,0.0,0.0,0.0,0.0,0.0,0.0,0.0,0.0,0.0,0.0,0.0,-769580.2649869672,-329191.6898475413,-281256.8555287976,19260.961401160806,0.0,0.0,0.0,258588.0081484127,0.0,9572.750207642239,40753.7235932668,-60756.16420395812,0.0,0.0,0.0,0.0,-32335.587860395608,-57239.32684430154,-15026.129558177505,0.0,24500.48722262922,0.0,0.0,0.0,0.0,0.0,742.5710607158844,0.0,52628.47680791875,1275.2695903561198,0.0,-1148670.2884586975,0.0,0.0,0.0,0.0,0.0,0.0,-24155.6141767671,-11437.52632696146,-20087.774925902428,-2163322.4291506037,0.0,0.0,0.0,0.0,108.63911139948414,-22780.227025905857,0.0,-52457.9386529254,0.0,0.0,0.0,0.0,94746.75110085553,1849.4794100987529,-63873.45611625479,0.0,0.0,9836.0378337484,0.0,15470.883685073262,0.0,0.0,0.0,0.0,0.0,0.0,0.0,0.0,9111.817257498376,-48724.361762581306,2259.331228307452,-27430.221413214575,0.0,-4484.431990109272,-1326422.0623330227,-1026749.1084638559,0.0,0.0,0.0,0.0,-730864.9927561865,-345174.67530331283,0.0,0.0,0.0,15197.0516984321,-79986.16487115921,-885514.5837403755,0.0,0.0,0.0,0.0,-386411.668122886,0.0,-193084.6912138143,26299.985600482847,0.0,15474.803206027136,0.0,0.0,-880228.8441904859,0.0,0.0,0.0,0.0,0.0,0.0,0.0,774.6898229843819,0.0,0.0,0.0,-137024.14592444128,-962376.7471719598,10688.533641216127,0.0,0.0,0.0,13180.508281285118,0.0,0.0,0.0,-674486.5765784767,38868.806313432404,0.0,0.0,0.0,129021.93337567081,506.22634566758916,0.0,0.0,5319.32441453795,0.0,0.0,2625.332449199246,0.0,0.0,-363072.9894567776,0.0,0.0,0.0,0.0,0.0,0.0,0.0,0.0,0.0,0.0,0.0,0.0,0.0,0.0,0.0,0.0,0.0,0.0,0.0,0.0,0.0,0.0,0.0,0.0,0.0,0.0
Virginia,2027,0.0,0.0,0.0,18897.11928060159,0.0,0.0,0.0,0.0,0.0,0.0,0.0,0.0,0.0,0.0,0.0,0.0,0.0,0.0,0.0,0.0,0.0,0.0,0.0,0.0,0.0,0.0,0.0,0.0,0.0,0.0,0.0,0.0,0.0,0.0,0.0,0.0,0.0,0.0,0.0,-1444293.2491062493,-655171.3341312222,-533112.4924067718,22436.970993905386,0.0,0.0,0.0,301227.52013032977,0.0,11151.235614221558,47473.75248364586,-156728.77371580014,0.0,0.0,0.0,0.0,-77995.93446856434,-266367.67153015453,-29458.096664131794,0.0,28540.461179552105,0.0,0.0,0.0,0.0,0.0,865.0162888126542,0.0,61306.57670709689,1485.553405787181,0.0,-2189392.8095461773,0.0,0.0,0.0,0.0,0.0,0.0,-41473.4371427566,-20093.2428358591,-34489.25225542565,-4008469.621908541,0.0,0.0,0.0,0.0,126.55300742812278,-56012.954938959796,0.0,-97662.46769482232,0.0,0.0,0.0,0.0,110369.8855908903,2154.44675963631,-121461.92595885362,0.0,0.0,11457.937689313287,0.0,18021.933654420456,0.0,0.0,0.0,0.0,0.0,0.0,0.0,0.0,10614.297762724178,-89639.58790500593,2631.8805265921947,-55736.07546412994,0.0,-7699.444398381069,-2416704.1911281818,-1895741.1437932733,0.0,0.0,0.0,0.0,-1320730.550575952,-628681.4382943249,0.0,0.0,0.0,17702.94852104591,-149586.66908307374,-1632253.1906752624,0.0,0.0,0.0,0.0,-723646.0802048389,0.0,-375678.8614330143,30636.685353753914,0.0,18026.499479361373,0.0,0.0,-1525075.0426447887,0.0,0.0,0.0,0.0,0.0,0.0,0.0,902.4312299658486,0.0,0.0,0.0,-249807.91493391205,-1765444.83720994,12451.004613969882,0.0,0.0,0.0,15353.889965965122,0.0,0.0,0.0,-1243039.8225203834,45278.02437575365,0.0,0.0,0.0,146049.6339015658,589.6998388361808,0.0,0.0,6196.447057360703,0.0,0.0,3058.2330126310335,0.0,0.0,-663584.9587980877,0.0,0.0,0.0,0.0,0.0,0.0,0.0,0.0,0.0,0.0,0.0,0.0,0.0,0.0,0.0,0.0,0.0,0.0,0.0,0.0,0.0,0.0,0.0,0.0,0.0,0.0
Virginia,2028,0.0,0.0,0.0,18724.54284881527,0.0,0.0,0.0,0.0,0.0,0.0,0.0,0.0,0.0,0.0,0.0,0.0,0.0,0.0,0.0,0.0,0.0,0.0,0.0,0.0,0.0,0.0,0.0,0.0,0.0,0.0,0.0,0.0,0.0,0.0,0.0,0.0,0.0,0.0,0.0,-2009892.3063260117,-936248.5860368104,-745340.3341059766,22232.067149212206,0.0,0.0,0.0,298476.58387343306,0.0,11049.397846055173,47040.20223265374,-246111.84729300928,0.0,0.0,0.0,0.0,-119892.33118856489,-474916.0256606573,-41819.25193220118,0.0,28279.817698460305,0.0,0.0,0.0,0.0,0.0,857.1165966773779,0.0,60746.69929424673,1471.9867080174372,0.0,-3068847.9990053372,0.0,0.0,0.0,0.0,0.0,0.0,-55183.38032416495,-27062.263169213118,-45890.42180796486,-5544451.393059848,0.0,0.0,0.0,0.0,125.39727220046848,-86644.5083420247,0.0,-135392.01243863034,0.0,0.0,0.0,0.0,109361.94143024273,2134.771446762923,-170069.50646248678,0.0,0.0,11353.29898895428,0.0,17857.3497854303,0.0,0.0,0.0,0.0,0.0,0.0,0.0,0.0,10517.363536580582,-123561.02273900516,2607.845087993177,-80354.59659268541,0.0,-10244.662554929577,-3315477.91048343,-2617678.266449595,0.0,0.0,0.0,0.0,-1804557.9767930233,-862341.6883349606,0.0,0.0,0.0,17541.277758296637,-207821.51883957506,-2252036.1136601614,0.0,0.0,0.0,0.0,-1006020.433170187,0.0,-531527.8640981233,30356.8982728977,0.0,17861.873913339834,0.0,0.0,-2039103.9567574388,0.0,0.0,0.0,0.0,0.0,0.0,0.0,894.18984887027,0.0,0.0,0.0,-342815.4679449797,-2430135.1914856704,12337.296809276071,0.0,0.0,0.0,15213.671792759968,0.0,0.0,0.0,-1714881.473495565,44864.526436249085,0.0,0.0,0.0,140228.50718685612,584.3144521801423,0.0,0.0,6139.858499759233,0.0,0.0,3030.303944022533,0.0,0.0,-911774.9873505748,0.0,0.0,0.0,0.0,0.0,0.0,0.0,0.0,0.0,0.0,0.0,0.0,0.0,0.0,0.0,0.0,0.0,0.0,0.0,0.0,0.0,0.0,0.0,0.0,0.0,0.0
Virginia,2029,0.0,0.0,0.0,23988.12401829788,0.0,0.0,0.0,0.0,0.0,0.0,0.0,0.0,0.0,0.0,0.0,0.0,0.0,0.0,0.0,0.0,0.0,0.0,0.0,0.0,0.0,0.0,0.0,0.0,0.0,0.0,0.0,0.0,0.0,0.0,0.0,0.0,0.0,0.0,0.0,-2291920.7198394816,-1059092.5277384552,-848723.5999164656,28481.63441235479,0.0,0.0,0.0,382380.1397088221,0.0,14155.44977513056,60263.48488791578,-270897.08122664294,0.0,0.0,0.0,0.0,-132763.8055260207,-505271.2140020309,-47400.1210701494,0.0,36229.44387176022,0.0,0.0,0.0,0.0,0.0,1098.0572068032743,0.0,77822.96038617787,1885.7709899946858,0.0,-3491787.270200921,0.0,0.0,0.0,0.0,0.0,0.0,-63807.93104730655,-31172.82905713402,-53062.58611294568,-6334206.345915675,0.0,0.0,0.0,0.0,160.64719664391828,-95775.24268407398,0.0,-154569.86771094074,0.0,0.0,0.0,0.0,140104.23832998867,2734.868489401346,-193570.9872320964,0.0,0.0,14544.779349904537,0.0,22877.157789629564,0.0,0.0,0.0,0.0,0.0,0.0,0.0,0.0,13473.85743396038,-141310.68443526325,3340.925965263159,-90658.14894401748,0.0,-11845.789766191918,-3797286.794676147,-2992111.1738324906,0.0,0.0,0.0,0.0,-2069394.7214725614,-987709.9456255797,0.0,0.0,0.0,22472.23602214959,-237103.067031967,-2574803.436256208,0.0,0.0,0.0,0.0,-1147537.796060559,0.0,-603073.1383910346,38890.404239011754,0.0,22882.953676997597,0.0,0.0,-2354195.4168033814,0.0,0.0,0.0,0.0,0.0,0.0,0.0,1145.5519722854133,0.0,0.0,0.0,-392597.1204957099,-2780417.752553163,15805.384852436619,0.0,0.0,0.0,19490.32607551737,0.0,0.0,0.0,-1960716.216046195,57476.213591139414,0.0,0.0,0.0,181841.3980826952,748.5687451893064,0.0,0.0,7865.809506604004,0.0,0.0,3882.1405365818573,0.0,0.0,-1043779.936498868,0.0,0.0,0.0,0.0,0.0,0.0,0.0,0.0,0.0,0.0,0.0,0.0,0.0,0.0,0.0,0.0,0.0,0.0,0.0,0.0,0.0,0.0,0.0,0.0,0.0,0.0
Virginia,2030,0.0,0.0,0.0,25886.464767947356,0.0,0.0,0.0,0.0,0.0,0.0,0.0,0.0,0.0,0.0,0.0,0.0,0.0,0.0,0.0,0.0,0.0,0.0,0.0,0.0,0.0,0.0,0.0,0.0,0.0,0.0,0.0,0.0,0.0,0.0,0.0,0.0,0.0,0.0,0.0,-1310196.8231345164,-566046.2560998462,-479625.01470902585,30735.576703980012,0.0,0.0,0.0,412640.4385347003,0.0,15275.665224961034,65032.53764882998,-109839.93597934791,0.0,0.0,0.0,0.0,-57646.47641075007,-121282.30559296394,-25770.373635842654,0.0,39096.52216376999,0.0,0.0,0.0,0.0,0.0,1184.9538202913063,0.0,83981.61192753003,2035.0046654618927,0.0,-1960636.6979239453,0.0,0.0,0.0,0.0,0.0,0.0,-40545.696626721445,-19266.47577685635,-33717.744541344044,-3675296.0857195696,0.0,0.0,0.0,0.0,173.36028414811312,-40771.33273589471,0.0,-89190.73008287759,0.0,0.0,0.0,0.0,151191.62409711,2951.2969310086482,-108981.666417072,0.0,0.0,15695.805053853837,0.0,24687.58034852115,0.0,0.0,0.0,0.0,0.0,0.0,0.0,0.0,14540.133921539978,-82682.03949101813,3605.315789852324,-47337.79275620112,0.0,-7527.21159079508,-2247319.4982610806,-1743345.655486382,0.0,0.0,0.0,0.0,-1236651.7451207163,-584787.14442889,0.0,0.0,0.0,24250.614412391646,-136096.21477282606,-1503131.9226989057,0.0,0.0,0.0,0.0,-657627.5698463754,0.0,-330719.2742379339,41968.06212843,0.0,24693.83490323479,0.0,0.0,-1479549.439167252,0.0,0.0,0.0,0.0,0.0,0.0,0.0,1236.20716433678,0.0,0.0,0.0,-232179.19706716202,-1632330.3179301457,17056.170704068296,0.0,0.0,0.0,21032.72598077412,0.0,0.0,0.0,-1144884.440823332,62024.690925689996,0.0,0.0,0.0,205249.2091074807,807.8079984057267,0.0,0.0,8488.283640220136,0.0,0.0,4189.360291275385,0.0,0.0,-615455.6257093679,0.0,0.0,0.0,0.0,0.0,0.0,0.0,0.0,0.0,0.0,0.0,0.0,0.0,0.0,0.0,0.0,0.0,0.0,0.0,0.0,0.0,0.0,0.0,0.0,0.0,0.0
Virginia,2031,0.0,0.0,0.0,31150.04593742994,0.0,0.0,0.0,0.0,0.0,0.0,0.0,0.0,0.0,0.0,0.0,0.0,0.0,0.0,0.0,0.0,0.0,0.0,0.0,0.0,0.0,0.0,0.0,0.0,0.0,0.0,0.0,0.0,0.0,0.0,0.0,0.0,0.0,0.0,0.0,-361308.50202373136,-78395.41024504462,-121306.90894680866,36985.143967122596,0.0,0.0,0.0,496543.9943700889,0.0,18381.717154036436,78255.82030409208,58510.77057649777,0.0,0.0,0.0,0.0,20098.4087210102,297057.9491386884,-4490.5042046620365,0.0,47046.1483370699,0.0,0.0,0.0,0.0,0.0,1425.8944304172055,0.0,101057.87301946117,2448.788947439147,0.0,-470706.65924163535,0.0,0.0,0.0,0.0,0.0,0.0,-19207.66475791296,-8165.699267921182,-15973.067117467222,-1120609.3893317673,0.0,0.0,0.0,0.0,208.61020859156315,16330.274184821756,0.0,-26231.951419052173,0.0,0.0,0.0,0.0,181933.9209968557,3551.393973647071,-26749.843188796833,0.0,0.0,18887.285414804093,0.0,29707.388352720445,0.0,0.0,0.0,0.0,0.0,0.0,0.0,0.0,17496.627818919776,-26549.636387615872,4338.396667122299,-4202.362330235745,0.0,-3565.85701631733,-770759.3001311645,-545607.9409615132,0.0,0.0,0.0,0.0,-446876.20615387964,-201017.35329648503,0.0,0.0,0.0,29181.57267624463,-38623.80184065149,-476098.5347752385,0.0,0.0,0.0,0.0,-184561.6686244493,0.0,-63522.343783479184,50501.568094543996,0.0,29714.914666892524,0.0,0.0,-671830.0016728294,0.0,0.0,0.0,0.0,0.0,0.0,0.0,1487.5692877519268,0.0,0.0,0.0,-79308.90477617126,-534720.1970952842,20524.258747228858,0.0,0.0,0.0,25309.38026353155,0.0,0.0,0.0,-363106.08850337774,74636.37808058033,0.0,0.0,0.0,256405.3748508091,972.0622914148908,0.0,0.0,10214.234647064906,0.0,0.0,5041.196883834713,0.0,0.0,-206743.9921887461,0.0,0.0,0.0,0.0,0.0,0.0,0.0,0.0,0.0,0.0,0.0,0.0,0.0,0.0,0.0,0.0,0.0,0.0,0.0,0.0,0.0,0.0,0.0,0.0,0.0,0.0
Virginia,2032,0.0,0.0,0.0,36413.62710691261,0.0,0.0,0.0,0.0,0.0,0.0,0.0,0.0,0.0,0.0,0.0,0.0,0.0,0.0,0.0,0.0,0.0,0.0,0.0,0.0,0.0,0.0,0.0,0.0,0.0,0.0,0.0,0.0,0.0,0.0,0.0,0.0,0.0,0.0,0.0,500060.5099738608,365848.6961275316,204183.80571734963,43234.71123026521,0.0,0.0,0.0,580447.550205478,0.0,21487.769083111853,91479.10295935423,213129.33457460487,0.0,0.0,0.0,0.0,91400.38756023458,683495.5462206518,14879.542071374104,0.0,54995.77451036981,0.0,0.0,0.0,0.0,0.0,1666.8350405431047,0.0,118134.1341113922,2862.5732294163954,0.0,883216.6165823825,0.0,0.0,0.0,0.0,0.0,0.0,0.0,1853.5368412375265,0.0,1196284.4374997206,0.0,0.0,0.0,0.0,243.86013303501272,68722.70087813976,0.0,30886.837217203953,0.0,0.0,0.0,0.0,212676.21789660142,4151.491016285501,47964.24512219761,0.0,0.0,22078.76577575435,0.0,34727.19635691974,0.0,0.0,0.0,0.0,0.0,0.0,0.0,0.0,20453.12171629956,24329.684126819746,5071.47754439227,35133.50739367402,0.0,0.0,566559.0595767298,540346.9999873461,0.0,0.0,0.0,0.0,267915.4319114946,146552.25549391576,0.0,0.0,0.0,34112.53094009758,49836.288167528604,454962.7842812026,0.0,0.0,0.0,0.0,244806.79868123587,0.0,179589.7051407732,59035.07406065817,0.0,34735.99443055029,0.0,0.0,56056.55090473243,0.0,0.0,0.0,0.0,0.0,0.0,0.0,1738.93141116707,0.0,0.0,0.0,59152.64831735758,459943.4257144099,23992.34679038939,0.0,0.0,0.0,29586.034546288953,0.0,0.0,0.0,345608.0300069703,87248.0652354706,0.0,0.0,0.0,306883.0049971831,1136.3165844240557,0.0,0.0,11940.185653909663,0.0,0.0,5893.033476394045,0.0,0.0,163522.19623385684,0.0,0.0,0.0,0.0,0.0,0.0,0.0,0.0,0.0,0.0,0.0,0.0,0.0,0.0,0.0,0.0,0.0,0.0,0.0,0.0,0.0,0.0,0.0,0.0,0.0,0.0
Virginia,2033,0.0,0.0,0.0,39002.27358370734,0.0,0.0,0.0,0.0,0.0,0.0,0.0,0.0,0.0,0.0,0.0,0.0,0.0,0.0,0.0,0.0,0.0,0.0,0.0,0.0,0.0,0.0,0.0,0.0,0.0,0.0,0.0,0.0,0.0,0.0,0.0,0.0,0.0,0.0,0.0,535609.835327453,391856.89727403875,218699.24214275356,46308.26890066324,0.0,0.0,0.0,621711.5940589481,0.0,23015.33560560795,97982.35672423715,228280.70907043014,0.0,0.0,0.0,0.0,97898.04544366355,732085.2769946321,15937.329422419658,0.0,58905.42672674678,0.0,0.0,0.0,0.0,0.0,1785.330422572235,0.0,126532.2953041452,3066.0736959625847,0.0,946004.5277138315,0.0,0.0,0.0,0.0,0.0,0.0,0.0,1985.30486312645,0.0,1281328.3548575202,0.0,0.0,0.0,0.0,261.1961614498239,73608.20094056678,0.0,33082.58393880614,0.0,0.0,0.0,0.0,227795.38030631235,4446.620709386363,51374.02558112162,0.0,0.0,23648.346281139748,0.0,37195.95439177184,0.0,0.0,0.0,0.0,0.0,0.0,0.0,0.0,21907.135108453556,26059.282524460956,5432.009123377502,37631.15009938544,0.0,0.0,606835.7699731798,578760.2938253093,0.0,0.0,0.0,0.0,286961.5526634969,156970.66228258284,0.0,0.0,0.0,36537.592381336755,53379.152255267574,487306.11017797096,0.0,0.0,0.0,0.0,262210.12560170284,0.0,192356.7457905911,63231.880273501156,0.0,37205.377920873725,0.0,0.0,60041.6137652584,0.0,0.0,0.0,0.0,0.0,0.0,0.0,1862.5521276007476,0.0,0.0,0.0,63357.812889681605,492640.82564671384,25697.96386079624,0.0,0.0,0.0,31689.30714436635,0.0,0.0,0.0,370177.3212396933,93450.53432803962,0.0,0.0,0.0,328699.33236665116,1217.097384264628,0.0,0.0,12789.01401793168,0.0,0.0,6311.969505521582,0.0,0.0,175146.99691398884,0.0,0.0,0.0,0.0,0.0,0.0,0.0,0.0,0.0,0.0,0.0,0.0,0.0,0.0,0.0,0.0,0.0,0.0,0.0,0.0,0.0,0.0,0.0,0.0,0.0,0.0
Washington,2024,0.0,0.0,0.0,0.0,0.0,0.0,0.0,0.0,0.0,0.0,0.0,0.0,0.0,0.0,0.0,0.0,0.0,0.0,0.0,0.0,0.0,0.0,0.0,0.0,0.0,0.0,0.0,0.0,0.0,0.0,0.0,0.0,0.0,0.0,0.0,0.0,0.0,0.0,0.0,0.0,0.0,0.0,0.0,0.0,0.0,0.0,0.0,0.0,0.0,0.0,0.0,0.0,0.0,0.0,0.0,0.0,0.0,0.0,0.0,0.0,0.0,0.0,0.0,0.0,0.0,0.0,0.0,0.0,0.0,0.0,0.0,0.0,0.0,0.0,0.0,0.0,0.0,0.0,0.0,0.0,0.0,0.0,0.0,0.0,0.0,0.0,0.0,0.0,0.0,0.0,0.0,0.0,0.0,0.0,0.0,0.0,0.0,0.0,0.0,0.0,0.0,0.0,0.0,0.0,0.0,0.0,0.0,0.0,0.0,0.0,0.0,0.0,0.0,0.0,0.0,0.0,0.0,0.0,0.0,0.0,0.0,0.0,0.0,0.0,0.0,0.0,0.0,0.0,0.0,0.0,0.0,0.0,0.0,0.0,0.0,0.0,0.0,0.0,0.0,0.0,0.0,0.0,0.0,0.0,0.0,0.0,0.0,0.0,0.0,0.0,0.0,0.0,0.0,0.0,0.0,0.0,0.0,0.0,0.0,0.0,0.0,0.0,0.0,0.0,0.0,0.0,0.0,0.0,0.0,0.0,0.0,0.0,0.0,0.0,0.0,0.0,0.0,0.0,0.0,0.0,0.0,0.0,0.0,0.0,0.0,0.0,0.0,0.0,0.0,0.0,0.0,0.0,0.0,0.0,0.0,0.0,0.0,0.0,0.0,0.0,0.0,0.0,0.0,0.0,0.0
Washington,2025,0.0,3029.523858725661,0.0,6789.948060647177,0.0,0.0,0.0,0.0,0.0,0.0,0.0,6068.605854333728,0.0,0.0,0.0,0.0,0.0,0.0,0.0,0.0,0.0,0.0,0.0,0.0,4296.071504032901,0.0,0.0,0.0,0.0,0.0,445.7424657589936,0.0,0.0,0.0,0.0,4695.544974824334,0.0,0.0,0.0,148972.86622160114,-18802.758900380868,-39015.13636762227,0.0,0.0,0.0,0.0,113875.46993652405,0.0,126469.47072706977,12238.820129447122,-110975.5122355806,0.0,0.0,0.0,0.0,0.0,317316.397328414,631.6639942400452,0.0,-280050.1771597499,0.0,0.0,0.0,0.0,0.0,0.0,0.0,19598.357814216783,0.0,0.0,58207.30174987018,0.0,0.0,0.0,1410.4523138931745,27847.898812098603,0.0,0.0,0.0,0.0,-103310.13243883429,10875.222123015017,-124640.02279027557,0.0,0.0,0.0,6424.037983812217,0.0,0.0,206743.63985417178,257423.53478023596,0.0,0.0,0.0,0.0,6640.38973332016,30793.61558340717,0.0,-48795.267515782965,0.0,69067.58821611654,188395.37447235733,0.0,0.0,41996.330215368886,0.0,0.0,0.0,0.0,0.0,102.05156452903248,-1756.132261082501,-29881.48055213748,3102.2502610337033,0.0,14965.68529531709,-27658.396249240323,0.0,0.0,0.0,0.0,44172.3599102702,-40201.109445279464,0.0,58112.334433454904,8300.545816974642,4792.70124688049,6680.975757833992,16453.32419248519,0.0,0.0,0.0,5320.405531429118,0.0,0.0,0.0,0.0,0.0,0.0,0.0,20617.15050717679,-1340749.4658157201,0.0,0.0,-192785.74974832474,0.0,0.0,0.0,0.0,0.0,0.0,0.0,0.0,239714.6964249611,-63767.70090748451,7916.709198174925,0.0,0.0,0.0,77411.97672771208,0.0,0.0,0.0,-12958.847080759297,23184.590552560578,0.0,200563.0302453721,0.0,1560.1956820889245,-1167.7225808405783,0.0,0.0,0.0,0.0,0.0,0.0,0.0,-94121.83745005296,-978993.7337155738,0.0,0.0,0.0,0.0,0.0,0.0,0.0,0.0,0.0,0.0,0.0,0.0,0.0,0.0,-3279.46469377838,0.0,0.0,0.0,0.0,0.0,0.0,0.0,0.0,0.0,0.0,0.0
Washington,2026,0.0,3494.1747573032117,0.0,7831.351137433565,0.0,0.0,0.0,0.0,0.0,0.0,0.0,6999.373623403299,0.0,0.0,0.0,0.0,0.0,0.0,0.0,0.0,0.0,0.0,0.0,0.0,4954.978176430581,0.0,0.0,0.0,0.0,0.0,514.1078746177336,0.0,0.0,0.0,0.0,5415.720584459967,0.0,0.0,0.0,171821.46533534373,-52383.290959760954,-93386.61957095176,0.0,0.0,0.0,0.0,131341.03281022422,0.0,144096.76389087923,14115.939781202818,-300393.7495616382,0.0,0.0,0.0,0.0,0.0,365984.55642786436,728.5449749517093,0.0,-997494.0773728061,0.0,0.0,0.0,0.0,0.0,0.0,0.0,22604.24091455681,0.0,0.0,67134.80201825511,0.0,0.0,0.0,1626.7793559013298,32119.04893665359,0.0,0.0,0.0,0.0,-311508.58803691296,12543.200976238208,-292875.5915573898,0.0,0.0,0.0,7409.3198831699265,0.0,0.0,238452.78707106924,296905.67201646836,0.0,0.0,0.0,0.0,7658.854416344708,27984.253827932815,0.0,-248434.1445033867,0.0,67840.66089732002,134147.25042614155,0.0,0.0,48437.48515637644,0.0,0.0,0.0,0.0,0.0,117.7036449782704,-7473.92955623912,-97462.11357197259,3578.0555157934723,0.0,17261.035800733807,-91002.31100578757,0.0,0.0,0.0,0.0,-122543.7848851136,-209415.66727565601,0.0,67025.26916251238,9573.63566620386,5527.778125236393,7705.66529124412,-1410.8828775134753,0.0,0.0,0.0,6136.418649746469,0.0,0.0,0.0,0.0,0.0,0.0,0.0,23779.290155516792,-2973814.7227615444,0.0,0.0,-485461.77539671934,0.0,0.0,0.0,0.0,0.0,0.0,0.0,0.0,222217.15596967703,-170625.88976625702,9130.928400348974,0.0,0.0,0.0,89284.97929331195,0.0,0.0,0.0,-48347.4092350048,26740.5093489656,0.0,210611.25731875468,0.0,1799.489498360239,-12198.439925046201,0.0,0.0,0.0,0.0,0.0,0.0,0.0,-223926.925051809,-2247489.11506693,0.0,0.0,0.0,0.0,0.0,0.0,0.0,0.0,0.0,0.0,0.0,0.0,0.0,0.0,-6800.777816301477,0.0,0.0,0.0,0.0,0.0,0.0,0.0,0.0,0.0,0.0,0.0
Washington,2027,0.0,4070.341871539378,0.0,9122.69095264867,0.0,0.0,0.0,0.0,0.0,0.0,0.0,8153.525657049584,0.0,0.0,0.0,0.0,0.0,0.0,0.0,0.0,0.0,0.0,0.0,0.0,5772.022450203716,0.0,0.0,0.0,0.0,0.0,598.8809816025723,0.0,0.0,0.0,0.0,6308.738340408156,0.0,0.0,0.0,200153.72823638446,-99202.12863436359,-168970.94919472715,0.0,0.0,0.0,0.0,152998.33077361202,0.0,165656.00530618057,16443.568149379862,-564358.3365928963,0.0,0.0,0.0,0.0,0.0,426333.073711182,848.6773910341726,0.0,-2000921.0846642656,0.0,0.0,0.0,0.0,0.0,0.0,0.0,26331.535958978406,0.0,0.0,78204.90235105262,0.0,0.0,0.0,1895.0248879914434,37415.27509110182,0.0,0.0,0.0,0.0,-602127.4963508842,14611.494754234911,-526646.2540658028,0.0,0.0,0.0,8631.06943837348,0.0,0.0,277772.12962002214,345863.52218939643,0.0,0.0,0.0,0.0,8921.750623295156,23229.834527635656,0.0,-528405.7018499076,0.0,64325.04456145759,52852.11575739039,0.0,0.0,56424.51728322572,0.0,0.0,0.0,0.0,0.0,137.11222473532575,-15483.231747900478,-191890.71264453756,4168.054031695596,0.0,20107.270427450538,-179520.10866273398,0.0,0.0,0.0,0.0,-358542.2823823611,-446750.4276156621,0.0,78077.30822654371,11152.267079248137,6439.273454397713,8976.28031267265,-27002.20682020043,0.0,0.0,0.0,7148.274916459974,0.0,0.0,0.0,0.0,0.0,0.0,0.0,27700.343319458392,-5239643.771001829,0.0,0.0,-892770.1588809821,0.0,0.0,0.0,0.0,0.0,0.0,0.0,0.0,191365.14284792123,-319508.5004199485,10636.560211044838,0.0,0.0,0.0,104007.50247465598,0.0,0.0,0.0,-97864.4652087809,31149.84865650779,0.0,219576.47713933792,0.0,2096.2138305366534,-27707.356293973542,0.0,0.0,0.0,0.0,0.0,0.0,0.0,-404349.70958428906,-4009104.2094017398,0.0,0.0,0.0,0.0,0.0,0.0,0.0,0.0,0.0,0.0,0.0,0.0,0.0,0.0,-11676.442139794995,0.0,0.0,0.0,0.0,0.0,0.0,0.0,0.0,0.0,0.0,0.0
Washington,2028,0.0,4033.1697996531802,0.0,9039.378706505755,0.0,0.0,0.0,0.0,0.0,0.0,0.0,8079.064235524027,0.0,0.0,0.0,0.0,0.0,0.0,0.0,0.0,0.0,0.0,0.0,0.0,5719.309916411898,0.0,0.0,0.0,0.0,0.0,593.4117488938728,0.0,0.0,0.0,0.0,6251.124291637301,0.0,0.0,0.0,198325.8403072853,-138636.20330985344,-231016.3512861627,0.0,0.0,0.0,0.0,151601.085743716,0.0,161817.29726339248,16293.398577239423,-785760.4751072493,0.0,0.0,0.0,0.0,0.0,422439.62098322576,840.9269125772398,0.0,-2869030.6636083666,0.0,0.0,0.0,0.0,0.0,0.0,0.0,26091.065310951235,0.0,0.0,77490.70232958184,0.0,0.0,0.0,1877.7187246307913,37073.58308113739,0.0,0.0,0.0,0.0,-849409.7419047889,14478.05644597704,-717801.4192860594,0.0,0.0,0.0,8552.246886424851,0.0,0.0,275235.3978426703,342704.95121049695,0.0,0.0,0.0,0.0,8840.273448653199,13119.106892301177,0.0,-776100.474506944,0.0,48204.19737362047,-56893.07496708725,0.0,0.0,55909.22488794511,0.0,0.0,0.0,0.0,0.0,135.860058299387,-22501.914833038238,-272926.55456499953,4129.989611314806,0.0,19923.64238701723,-255549.3188633137,0.0,0.0,0.0,0.0,-583261.1651978674,-656941.0049881062,0.0,77364.27344821906,11050.419891309808,6380.4673041292335,8894.305149999855,-53548.135530842585,0.0,0.0,0.0,7082.993866994584,0.0,0.0,0.0,0.0,0.0,0.0,0.0,27447.372147591203,-7067648.604703566,0.0,0.0,-1230379.9106541497,0.0,0.0,0.0,0.0,0.0,0.0,0.0,0.0,118307.01384197548,-444165.4832943103,10539.422674870875,0.0,0.0,0.0,103057.662269408,0.0,0.0,0.0,-140864.65833186865,30865.3751527954,0.0,190351.25995018147,0.0,2077.0703252349485,-41714.974822233955,0.0,0.0,0.0,0.0,0.0,0.0,0.0,-552269.470984322,-5442161.6853351705,0.0,0.0,0.0,0.0,0.0,0.0,0.0,0.0,0.0,0.0,0.0,0.0,0.0,0.0,-15536.343062560702,0.0,0.0,0.0,0.0,0.0,0.0,0.0,0.0,0.0,0.0,0.0
Washington,2029,0.0,5166.917992182418,0.0,11580.402213864494,0.0,0.0,0.0,0.0,0.0,0.0,0.0,10350.137592053827,0.0,0.0,0.0,0.0,0.0,0.0,0.0,0.0,0.0,0.0,0.0,0.0,7327.042197062241,0.0,0.0,0.0,0.0,0.0,760.2233465092004,0.0,0.0,0.0,0.0,8008.352779148248,0.0,0.0,0.0,254076.42214481626,-157885.8175657801,-264868.6174114949,0.0,0.0,0.0,0.0,194217.0591555438,0.0,208442.20335474657,20873.57052752332,-895881.354208573,0.0,0.0,0.0,0.0,0.0,541189.9291858841,1077.3165055136978,0.0,-3242188.32428219,0.0,0.0,0.0,0.0,0.0,0.0,0.0,33425.42007578083,0.0,0.0,99273.80298444116,0.0,0.0,0.0,2405.5567071306905,47495.189385051606,0.0,0.0,0.0,0.0,-964601.6456779118,18547.924847841583,-823774.4303063729,0.0,0.0,0.0,10956.334720857674,0.0,0.0,352605.7170519,439041.3660669052,0.0,0.0,0.0,0.0,11325.32727523314,21646.28853627981,0.0,-870812.1730582956,0.0,69348.81788458256,-19468.661847575102,0.0,0.0,71625.6429440034,0.0,0.0,0.0,0.0,0.0,174.05113459552786,-25326.84239968554,-309173.4553306432,5290.954432928651,0.0,25524.29762023408,-289414.3003808654,0.0,0.0,0.0,0.0,-635755.6684674099,-736856.2739873333,0.0,99111.83418711938,14156.759123429118,8174.054887317645,11394.547611520538,-55502.22965342656,0.0,0.0,0.0,9074.065875688902,0.0,0.0,0.0,0.0,0.0,0.0,0.0,35162.992889540794,-8137319.262627165,0.0,0.0,-1407206.9140304923,0.0,0.0,0.0,0.0,0.0,0.0,0.0,0.0,186426.84328101017,-506652.9344047521,13502.1175281756,0.0,0.0,0.0,132027.78852947208,0.0,0.0,0.0,-159003.23594711185,39541.81701602362,0.0,257167.71265838947,0.0,2660.9472369369396,-46469.40759909584,0.0,0.0,0.0,0.0,0.0,0.0,0.0,-633393.8568363348,-6253478.253961291,0.0,0.0,0.0,0.0,0.0,0.0,0.0,0.0,0.0,0.0,0.0,0.0,0.0,0.0,-17964.501287157673,0.0,0.0,0.0,0.0,0.0,0.0,0.0,0.0,0.0,0.0,0.0
Washington,2030,0.0,5575.810782930661,0.0,12496.836921436523,0.0,0.0,0.0,0.0,0.0,0.0,0.0,11169.21322883507,0.0,0.0,0.0,0.0,0.0,0.0,0.0,0.0,0.0,0.0,0.0,0.0,7906.880068772203,0.0,0.0,0.0,0.0,0.0,820.3849063048929,0.0,0.0,0.0,0.0,8642.10731562761,0.0,0.0,0.0,274183.18936490966,-89315.51822212408,-158045.84631514407,0.0,0.0,0.0,0.0,209586.75448439992,0.0,229611.551395386,22525.435821068328,-511505.14887645,0.0,0.0,0.0,0.0,0.0,584017.9091934003,1162.5717685399613,0.0,-1717543.5876072794,0.0,0.0,0.0,0.0,0.0,0.0,0.0,36070.597204080026,0.0,0.0,107130.00322061998,0.0,0.0,0.0,2595.9245040978676,51253.80149465997,0.0,0.0,0.0,0.0,-532963.5167387961,20015.746238677966,-495166.48188914405,0.0,0.0,0.0,11823.382792292425,0.0,0.0,380509.76660276996,473785.6468347898,0.0,0.0,0.0,0.0,12221.576196294744,43250.89196140849,0.0,-432275.805320099,0.0,106051.83334936737,198557.9444697462,0.0,0.0,77293.85929209,0.0,0.0,0.0,0.0,0.0,187.8249653908572,-12942.660558846794,-167274.17222650198,5709.66305711725,0.0,27544.20606500079,-156239.38916172605,0.0,0.0,0.0,0.0,-227905.97713992232,-364583.7533581236,0.0,106955.21674869,15277.07819075085,8820.92254027084,12296.274400921466,-6053.872440049774,0.0,0.0,0.0,9792.15741980818,0.0,0.0,0.0,0.0,0.0,0.0,0.0,37945.675780080026,-5011675.232811265,0.0,0.0,-823744.601917376,0.0,0.0,0.0,0.0,0.0,0.0,0.0,0.0,344481.2756985761,-290381.10782165,14570.630426088755,0.0,0.0,0.0,142476.03078720008,0.0,0.0,0.0,-83379.66034169006,42671.025556860026,0.0,332218.66827550856,0.0,2871.5257952556967,-21489.504095243436,0.0,0.0,0.0,0.0,0.0,0.0,0.0,-378847.42680442,-3794998.1702188123,0.0,0.0,0.0,0.0,0.0,0.0,0.0,0.0,0.0,0.0,0.0,0.0,0.0,0.0,-11415.245836750702,0.0,0.0,0.0,0.0,0.0,0.0,0.0,0.0,0.0,0.0,0.0
Washington,2031,0.0,6709.558975459899,0.0,15037.860428795277,0.0,0.0,0.0,0.0,0.0,0.0,0.0,13440.286585364855,0.0,0.0,0.0,0.0,0.0,0.0,0.0,0.0,0.0,0.0,0.0,0.0,9514.612349422554,0.0,0.0,0.0,0.0,0.0,987.1965039202214,0.0,0.0,0.0,0.0,10399.335803138558,0.0,0.0,0.0,329933.7712024413,-22773.552936124586,-56663.72653933629,0.0,0.0,0.0,0.0,252202.72789622797,0.0,281182.9057774164,27105.607771352195,-139806.72259521345,0.0,0.0,0.0,0.0,0.0,702768.2173960581,1398.9613614764203,0.0,-205621.272297455,0.0,0.0,0.0,0.0,0.0,0.0,0.0,43404.95196890959,0.0,0.0,128913.10387547943,0.0,0.0,0.0,3123.762486597767,61675.40779857419,0.0,0.0,0.0,0.0,-110563.05765681667,24085.61464054248,-184379.19825081597,0.0,0.0,0.0,14227.470626725233,0.0,0.0,457880.08581199916,570122.0616911971,0.0,0.0,0.0,0.0,14706.630022874684,72829.4974446696,0.0,10050.358913729899,0.0,160231.51224945625,468352.14980921615,0.0,0.0,93010.27734814835,0.0,0.0,0.0,0.0,0.0,226.01604168699828,-540.1631288803983,-27454.36479326093,6870.627878731088,0.0,33144.861298217584,-24925.582516327268,0.0,0.0,0.0,0.0,204475.218170485,11192.351610270794,0.0,128702.77748759033,18383.417422870203,10614.510123459244,14796.516862442164,48971.98513521516,0.0,0.0,0.0,11783.229428502513,0.0,0.0,0.0,0.0,0.0,0.0,0.0,45661.29652202962,-2091943.7434106204,0.0,0.0,-265233.88900988875,0.0,0.0,0.0,0.0,0.0,0.0,0.0,0.0,564257.9231216926,-81553.70253381145,17533.325279393495,0.0,0.0,0.0,171446.15704726393,0.0,0.0,0.0,-8168.535772469128,51347.467420088185,0.0,456924.08918960625,0.0,3455.4027069576805,4084.3500534641207,0.0,0.0,0.0,0.0,0.0,0.0,0.0,-137535.96557634493,-1480750.9791116305,0.0,0.0,0.0,0.0,0.0,0.0,0.0,0.0,0.0,0.0,0.0,0.0,0.0,0.0,-5407.7308667319,0.0,0.0,0.0,0.0,0.0,0.0,0.0,0.0,0.0,0.0,0.0
Washington,2032,0.0,7843.307167989122,0.0,17578.88393615406,0.0,0.0,0.0,0.0,0.0,0.0,0.0,15711.359941894669,0.0,0.0,0.0,0.0,0.0,0.0,0.0,0.0,0.0,0.0,0.0,0.0,11122.344630072905,0.0,0.0,0.0,0.0,0.0,1154.00810153555,0.0,0.0,0.0,0.0,12156.564290649505,0.0,0.0,0.0,385684.35303997295,37668.55233657293,35103.10433065641,0.0,0.0,0.0,0.0,294818.701308056,0.0,332402.5631479535,31685.779721636092,197633.90903726337,0.0,0.0,0.0,0.0,0.0,821518.525598716,1635.3509544128774,0.0,1172270.1272887615,0.0,0.0,0.0,0.0,0.0,0.0,0.0,50739.30673373921,0.0,0.0,150696.20453033876,0.0,0.0,0.0,3651.6004690976624,72097.0141024884,0.0,0.0,0.0,0.0,273614.09122216236,28155.483042406995,96776.04608838836,0.0,0.0,0.0,16631.558461158027,0.0,0.0,535250.4050212302,666458.4765476044,0.0,0.0,0.0,0.0,17191.683849454625,100911.32737972483,0.0,414192.6384082441,0.0,212062.36819068505,721624.6497385516,0.0,0.0,108726.69540420658,0.0,0.0,0.0,0.0,0.0,264.20711798313937,10779.65041371208,99846.93815794942,8031.592700344925,0.0,38745.516531434376,94643.86075051303,0.0,0.0,0.0,0.0,602381.3064717669,354568.3818240864,0.0,150450.33822649065,21489.756654989527,12408.097706647648,17296.759323962862,99946.515869578,0.0,0.0,0.0,13774.301437196831,0.0,0.0,0.0,0.0,0.0,0.0,0.0,53376.91726397921,544137.5933132996,0.0,0.0,240993.63764806,0.0,0.0,0.0,0.0,0.0,0.0,0.0,0.0,773251.6316514453,107982.96755139699,20496.02013269819,0.0,0.0,0.0,200416.283307328,0.0,0.0,0.0,60405.339329507784,60023.9092833164,0.0,577513.5513551203,0.0,4039.2796186596715,27501.83517764724,0.0,0.0,0.0,0.0,0.0,0.0,0.0,80850.01111163199,611265.7611888275,0.0,0.0,0.0,0.0,0.0,0.0,0.0,0.0,0.0,0.0,0.0,0.0,0.0,0.0,0.0,0.0,0.0,0.0,0.0,0.0,0.0,0.0,0.0,0.0,0.0,0.0
Washington,2033,0.0,8400.888246282193,0.0,18828.567628297693,0.0,0.0,0.0,0.0,0.0,0.0,0.0,16828.281264778183,0.0,0.0,0.0,0.0,0.0,0.0,0.0,0.0,0.0,0.0,0.0,0.0,11913.03263695012,0.0,0.0,0.0,0.0,0.0,1236.0465921660389,0.0,0.0,0.0,0.0,13020.77502221227,0.0,0.0,0.0,413102.67197646433,40346.41150741934,37598.58568117698,0.0,0.0,0.0,0.0,315777.3767564958,0.0,356033.07711581746,33938.323303742916,211683.71299725794,0.0,0.0,0.0,0.0,0.0,879920.3165180562,1751.608131266874,0.0,1255606.8661955455,0.0,0.0,0.0,0.0,0.0,0.0,0.0,54346.36645414721,0.0,0.0,161409.2048524008,0.0,0.0,0.0,3911.1929195074554,77222.39425195439,0.0,0.0,0.0,0.0,293065.32993463846,30157.057666274777,103655.85979135445,0.0,0.0,0.0,17813.896740387267,0.0,0.0,573301.3816815065,713837.0412310832,0.0,0.0,0.0,0.0,18413.841469084087,108085.11842567683,0.0,443637.6127026691,0.0,227137.8919957101,772924.9802886853,0.0,0.0,116456.08133341564,0.0,0.0,0.0,0.0,0.0,282.9896145222251,11545.976272506778,106945.06172368041,8602.559006056654,0.0,41499.937137934496,101372.09729675797,0.0,0.0,0.0,0.0,645204.6220977218,379774.66489214916,0.0,161145.85990135965,23017.464474064604,13290.189960674732,18526.386764055,107051.71841954801,0.0,0.0,0.0,14753.517179177652,0.0,0.0,0.0,0.0,0.0,0.0,0.0,57171.4848419872,582820.3606104539,0.0,0.0,258125.8867699597,0.0,0.0,0.0,0.0,0.0,0.0,0.0,0.0,828222.1267925436,115659.481832302,21953.083175307096,0.0,0.0,0.0,214663.88638604793,0.0,0.0,0.0,64699.55776525475,64291.01183900243,0.0,618569.0170912659,0.0,4326.432198185241,29456.941943830694,0.0,0.0,0.0,0.0,0.0,0.0,0.0,86597.64223331201,654720.6731216819,0.0,0.0,0.0,0.0,0.0,0.0,0.0,0.0,0.0,0.0,0.0,0.0,0.0,0.0,0.0,0.0,0.0,0.0,0.0,0.0,0.0,0.0,0.0,0.0,0.0,0.0
West Virginia,2024,0.0,0.0,0.0,0.0,0.0,0.0,0.0,0.0,0.0,0.0,0.0,0.0,0.0,0.0,0.0,0.0,0.0,0.0,0.0,0.0,0.0,0.0,0.0,0.0,0.0,0.0,0.0,0.0,0.0,0.0,0.0,0.0,0.0,0.0,0.0,0.0,0.0,0.0,0.0,0.0,0.0,0.0,0.0,0.0,0.0,0.0,0.0,0.0,0.0,0.0,0.0,0.0,0.0,0.0,0.0,0.0,0.0,0.0,0.0,0.0,0.0,0.0,0.0,0.0,0.0,0.0,0.0,0.0,0.0,0.0,0.0,0.0,0.0,0.0,0.0,0.0,0.0,0.0,0.0,0.0,0.0,0.0,0.0,0.0,0.0,0.0,0.0,0.0,0.0,0.0,0.0,0.0,0.0,0.0,0.0,0.0,0.0,0.0,0.0,0.0,0.0,0.0,0.0,0.0,0.0,0.0,0.0,0.0,0.0,0.0,0.0,0.0,0.0,0.0,0.0,0.0,0.0,0.0,0.0,0.0,0.0,0.0,0.0,0.0,0.0,0.0,0.0,0.0,0.0,0.0,0.0,0.0,0.0,0.0,0.0,0.0,0.0,0.0,0.0,0.0,0.0,0.0,0.0,0.0,0.0,0.0,0.0,0.0,0.0,0.0,0.0,0.0,0.0,0.0,0.0,0.0,0.0,0.0,0.0,0.0,0.0,0.0,0.0,0.0,0.0,0.0,0.0,0.0,0.0,0.0,0.0,0.0,0.0,0.0,0.0,0.0,0.0,0.0,0.0,0.0,0.0,0.0,0.0,0.0,0.0,0.0,0.0,0.0,0.0,0.0,0.0,0.0,0.0,0.0,0.0,0.0,0.0,0.0,0.0,0.0,0.0,0.0,0.0,0.0,0.0
West Virginia,2025,0.0,0.0,0.0,39241.28987503628,0.0,0.0,0.0,0.0,-110.0442181667313,0.0,0.0,0.0,0.0,0.0,0.0,0.0,0.0,0.0,0.0,20846.788620300504,0.0,0.0,0.0,0.0,16098.152573282889,0.0,0.0,0.0,0.0,0.0,0.0,0.0,0.0,0.0,0.0,3730.6298371049998,0.0,0.0,0.0,-188191.15685120085,8964.501247905486,2006.4275991598843,-97122.18262070185,3302.599769327484,0.0,0.0,71133.57679684728,0.0,1442.7362404733612,-1176.246993532746,-9171.573218119092,0.0,0.0,0.0,0.0,0.0,-144970.97179519193,3258.963927942663,0.0,0.0,0.0,0.0,2055.668117059213,0.0,97.71144052032673,0.0,0.0,0.0,0.0,0.0,-318827.3740231963,0.0,0.0,0.0,-64284.819586478465,0.0,5945.339952845738,0.0,0.0,0.0,-62234.21729872888,0.0,0.0,0.0,0.0,-40.77583753869006,619.2301254583481,0.0,0.0,21921.291821412306,0.0,0.0,0.0,0.0,0.0,-2669.032878252714,0.0,0.0,3625.9976583005264,1376.5231146530987,8295.267287774856,0.0,0.0,0.0,2650.235039023559,0.0,0.0,0.0,0.0,0.0,946.2242315035764,-1093.6101988562004,2895.019524301839,0.0,8434.620458648977,47856.05539585324,-55179.69098323514,0.0,0.0,0.0,0.0,-61200.2090453055,36536.9234150158,0.0,0.0,0.0,-9160.477527211478,-81782.14445927169,-290683.10131530603,0.0,0.0,0.0,-14350.07121200586,-273.5576686058048,0.0,17936.970126830915,-25362.275012082653,0.0,-18092.398734259623,0.0,-3670.932577290012,18146.410382339905,0.0,0.0,0.0,0.0,0.0,0.0,0.0,-4562.060809849736,0.0,0.0,0.0,-18865.158057862485,-104015.27753494913,-37535.02778213352,0.0,0.0,0.0,0.0,0.0,0.0,0.0,54938.12825298414,0.0,0.0,-5677.407938504213,0.0,2413.4371061830607,-2266.532380486351,0.0,0.0,0.0,0.0,0.0,0.0,0.0,0.0,35144.23766682239,832.1220693179857,15577.998620503,0.0,0.0,0.0,0.0,0.0,0.0,0.0,0.0,0.0,0.0,0.0,0.0,-8110.604337008597,0.0,0.0,0.0,0.0,0.0,0.0,4005.1133554934277,0.0,0.0,0.0,0.0
West Virginia,2026,0.0,0.0,0.0,45259.892616606376,0.0,0.0,0.0,0.0,-6474.567481769409,0.0,0.0,0.0,0.0,0.0,0.0,0.0,0.0,0.0,0.0,24044.148838138004,0.0,0.0,0.0,0.0,18567.19437900104,0.0,0.0,0.0,0.0,0.0,0.0,0.0,0.0,0.0,0.0,4302.8123274585305,0.0,0.0,0.0,-487414.33297216496,-16993.4043771532,2314.161893509561,-238008.6369447091,3809.1334762795523,0.0,0.0,82043.63458777475,0.0,1664.0148049631425,-2439.237865644603,-19019.51614258916,0.0,0.0,0.0,0.0,0.0,-302064.7869378957,3758.8050211853915,0.0,0.0,0.0,0.0,2370.954638080566,0.0,112.69785777804509,0.0,0.0,0.0,0.0,0.0,-1016298.7075232789,0.0,0.0,0.0,-144143.68803320514,0.0,6857.201908803661,0.0,0.0,0.0,-346839.46953954315,0.0,0.0,0.0,0.0,-84.55874274247526,714.2040710807933,0.0,0.0,25283.45314371481,0.0,0.0,0.0,0.0,0.0,-8549.362970925315,0.0,0.0,4182.132268469315,1587.6462917471326,9567.547546636022,0.0,0.0,0.0,3056.71280574497,0.0,0.0,0.0,0.0,0.0,-65.29135711543131,-3496.565633261718,446.310044228434,0.0,9728.273903227047,55195.94119276316,-205621.82824016619,0.0,0.0,0.0,0.0,-167115.18709203962,42140.74602468079,0.0,0.0,0.0,-34976.53461075807,-200421.23944668,-790432.9243451953,0.0,0.0,0.0,-41138.71446939555,-5954.613249931819,0.0,20688.03916468841,-160495.40950723644,0.0,-47949.19211680457,0.0,-9823.019340031813,20929.60215877241,0.0,0.0,0.0,0.0,0.0,0.0,0.0,-11316.933146377334,0.0,0.0,0.0,-55286.19376120236,-301805.273791614,-91565.16228839377,0.0,0.0,0.0,0.0,0.0,0.0,0.0,63364.221543319174,0.0,0.0,-26382.22208092967,0.0,-11507.425090983394,-8515.461140731379,0.0,0.0,0.0,0.0,0.0,0.0,0.0,0.0,-1450.1704568481073,959.7481535692095,17967.26221260472,0.0,0.0,0.0,0.0,0.0,0.0,0.0,0.0,0.0,0.0,0.0,0.0,-17578.404300045644,0.0,0.0,0.0,0.0,0.0,0.0,4619.394544986288,0.0,0.0,0.0,0.0
West Virginia,2027,0.0,0.0,0.0,52722.96001615323,0.0,0.0,0.0,0.0,-15437.516967251839,0.0,0.0,0.0,0.0,0.0,0.0,0.0,0.0,0.0,0.0,28008.87550825652,0.0,0.0,0.0,0.0,21628.80621809166,0.0,0.0,0.0,0.0,0.0,0.0,0.0,0.0,0.0,0.0,5012.318615496908,0.0,0.0,0.0,-904064.6749981991,-53792.65553900541,2695.7524185031616,-433964.2665494048,4437.235272900129,0.0,0.0,95572.10624852497,0.0,1938.4002249304685,-4187.994457799482,-32655.129422624617,0.0,0.0,0.0,0.0,0.0,-519613.80476014735,4378.607976806401,0.0,0.0,0.0,0.0,2761.909924147043,0.0,131.2810151776166,0.0,0.0,0.0,0.0,0.0,-1990586.6506133545,0.0,0.0,0.0,-254978.57977973024,0.0,7987.910734191508,0.0,0.0,0.0,-746156.6501896707,0.0,0.0,0.0,0.0,-145.18122687079324,831.9717636526275,0.0,0.0,29452.533183369902,0.0,0.0,0.0,0.0,0.0,-16764.004840511865,0.0,0.0,4871.739185078608,1849.4390313437325,11145.175067623888,0.0,0.0,0.0,3560.7452364795063,0.0,0.0,0.0,0.0,0.0,-1514.7131162457335,-6853.345332524739,-3078.135734619689,0.0,11332.404174503841,64297.39958093164,-416124.0121315548,0.0,0.0,0.0,0.0,-314735.5205190716,49089.4860606654,0.0,0.0,0.0,-71106.95105708251,-365433.6345953221,-1486915.9573593214,0.0,0.0,0.0,-78504.93888637194,-13950.520659355388,0.0,24099.364771631692,-350203.1469026867,0.0,-89540.72625313545,0.0,-18394.56317217678,24380.759961548698,0.0,0.0,0.0,0.0,0.0,0.0,0.0,-20714.570576427945,0.0,0.0,0.0,-106104.8758087125,-577743.3864718794,-166706.92900429753,0.0,0.0,0.0,0.0,0.0,0.0,0.0,73812.57722333458,0.0,0.0,-55402.48538310465,0.0,-31180.398597547464,-17259.76864132155,0.0,0.0,0.0,0.0,0.0,0.0,0.0,0.0,-53910.65766556491,1118.0044980407329,20929.949066810776,0.0,0.0,0.0,0.0,0.0,0.0,0.0,0.0,0.0,0.0,0.0,0.0,-30705.95876539675,0.0,0.0,0.0,0.0,0.0,0.0,5381.10321995744,0.0,0.0,0.0,0.0
West Virginia,2028,0.0,0.0,0.0,52241.471796827565,0.0,0.0,0.0,0.0,-23638.292534049193,0.0,0.0,0.0,0.0,0.0,0.0,0.0,0.0,0.0,0.0,27753.086690829514,0.0,0.0,0.0,0.0,21431.28287363425,0.0,0.0,0.0,0.0,0.0,0.0,0.0,0.0,0.0,0.0,4966.544016268621,0.0,0.0,0.0,-1251101.2887782243,-89220.8330761597,2671.1336749551847,-595571.4125728185,4396.712576343947,0.0,0.0,94699.3016252506,0.0,1920.6979397712857,-5572.426759922095,-43449.98993598603,0.0,0.0,0.0,0.0,0.0,-692093.4191884237,4338.620689346972,0.0,0.0,0.0,0.0,2736.6870024653326,0.0,130.08210179699904,0.0,0.0,0.0,0.0,0.0,-2824727.8562839143,0.0,0.0,0.0,-344639.49402836,0.0,7914.9617777148815,0.0,0.0,0.0,-1100812.6724335467,0.0,0.0,0.0,0.0,-193.1740268057116,824.3738480028305,0.0,0.0,29183.560277585697,0.0,0.0,0.0,0.0,0.0,-23800.582561259085,0.0,0.0,4827.248416265109,1832.54917717621,11043.392646914974,0.0,0.0,0.0,3528.227015141798,0.0,0.0,0.0,0.0,0.0,-3020.881094220851,-9728.176848611034,-6851.506901845962,0.0,11228.9118989376,63710.2087171789,-598905.4742163355,0.0,0.0,0.0,0.0,-438714.067128766,48641.18025189219,0.0,0.0,0.0,-102537.38541757414,-501522.1540705163,-2071493.8598512388,0.0,0.0,0.0,-110099.93818788911,-21233.739877943808,0.0,23879.279248603096,-519478.2025271768,0.0,-124312.65997870249,0.0,-25571.439319783647,24158.104619434103,0.0,0.0,0.0,0.0,0.0,0.0,0.0,-28482.79714793411,0.0,0.0,0.0,-149196.18230637602,-811427.9154167678,-228622.74957426274,0.0,0.0,0.0,0.0,0.0,0.0,0.0,73138.48976010783,0.0,0.0,-80961.43624933096,0.0,-49676.19026111919,-24857.339426290302,0.0,0.0,0.0,0.0,0.0,0.0,0.0,0.0,-108592.41839850345,1107.7944113006342,20738.807979442645,0.0,0.0,0.0,0.0,0.0,0.0,0.0,0.0,0.0,0.0,0.0,0.0,-41232.90051091806,0.0,0.0,0.0,0.0,0.0,0.0,5331.960724798002,0.0,0.0,0.0,0.0
West Virginia,2029,0.0,0.0,0.0,66926.86248625844,0.0,0.0,0.0,0.0,-26204.953132726165,0.0,0.0,0.0,0.0,0.0,0.0,0.0,0.0,0.0,0.0,35554.64562235304,0.0,0.0,0.0,0.0,27455.74487958674,0.0,0.0,0.0,0.0,0.0,0.0,0.0,0.0,0.0,0.0,6362.669292731225,0.0,0.0,0.0,-1429094.0662349048,-96740.67738548899,3422.0053531683916,-682044.3811662693,5632.654821306998,0.0,0.0,121319.84263511375,0.0,2460.6176371263427,-6443.33530085637,-50240.74178774972,0.0,0.0,0.0,0.0,0.0,-800001.4527988032,5558.232956859254,0.0,0.0,0.0,0.0,3505.9861137574335,0.0,166.64895990583295,0.0,0.0,0.0,0.0,0.0,-3202084.6843086937,0.0,0.0,0.0,-396546.9450251565,0.0,10139.90495025224,0.0,0.0,0.0,-1233538.3841584246,0.0,0.0,0.0,0.0,-223.3649861632668,1056.1102753215982,0.0,0.0,37387.233904003806,0.0,0.0,0.0,0.0,0.0,-26976.106556241582,0.0,0.0,6184.21686507696,2347.689729285652,14147.756478536248,0.0,0.0,0.0,4520.032765942022,0.0,0.0,0.0,0.0,0.0,-3126.955000202255,-11026.749653089111,-6918.998527722462,0.0,14385.426303708082,81619.53006163926,-676043.400223152,0.0,0.0,0.0,0.0,-500022.08363937994,62314.50741947489,0.0,0.0,0.0,-115677.7465391391,-574339.0962233557,-2361369.9642230724,0.0,0.0,0.0,-125252.69379687245,-23579.689869798865,0.0,30591.887700975407,-581186.1192749671,0.0,-141858.25206514949,0.0,-29168.891166746107,30949.092553929397,0.0,0.0,0.0,0.0,0.0,0.0,0.0,-32599.185324535094,0.0,0.0,0.0,-169595.46537704612,-922699.5621932505,-261875.6193688096,0.0,0.0,0.0,0.0,0.0,0.0,0.0,93698.1573885252,0.0,0.0,-90977.29720082777,0.0,-54458.83740965481,-28053.446527054504,0.0,0.0,0.0,0.0,0.0,0.0,0.0,0.0,-112144.31277252338,1419.2020568736189,26568.611144170747,0.0,0.0,0.0,0.0,0.0,0.0,0.0,0.0,0.0,0.0,0.0,0.0,-47540.10071809312,0.0,0.0,0.0,0.0,0.0,0.0,6830.806827160588,0.0,0.0,0.0,0.0
West Virginia,2030,0.0,0.0,0.0,72223.23289884004,0.0,0.0,0.0,0.0,-11515.640183275376,0.0,0.0,0.0,0.0,0.0,0.0,0.0,0.0,0.0,0.0,38368.322614050034,0.0,0.0,0.0,0.0,29628.50166861879,0.0,0.0,0.0,0.0,0.0,0.0,0.0,0.0,0.0,0.0,6866.1898842423325,0.0,0.0,0.0,-828212.9084421981,-32214.912723858026,3692.8115321961086,-403299.17562573403,6078.4044834248125,0.0,0.0,130920.69349113014,0.0,2655.34277387735,-4094.3110689340415,-31924.65013976557,0.0,0.0,0.0,0.0,0.0,-507170.4948504919,5998.093118912868,0.0,0.0,0.0,0.0,3783.4382522562228,0.0,179.83700709262553,0.0,0.0,0.0,0.0,0.0,-1742716.7032679133,0.0,0.0,0.0,-243071.90666090482,0.0,10942.343471495231,0.0,0.0,0.0,-604768.019777338,0.0,0.0,0.0,0.0,-141.93359379249048,1139.6873474693512,0.0,0.0,40345.93586763,0.0,0.0,0.0,0.0,0.0,-14662.977367846834,0.0,0.0,6673.615322025493,2533.478125128404,15267.363106334087,0.0,0.0,0.0,4877.733200656861,0.0,0.0,0.0,0.0,0.0,-319.91076354467805,-5996.512051897575,172.68082688722643,0.0,15523.841334936777,88078.62956292008,-354600.0883326202,0.0,0.0,0.0,0.0,-284676.451050334,67245.87131597998,0.0,0.0,0.0,-60366.46819457336,-339608.7949163859,-1346221.11281159,0.0,0.0,0.0,-70232.67790956344,-10553.776748122633,0.0,33012.82845428999,-280587.54211030365,0.0,-81565.64349675292,0.0,-16717.432616649246,33398.301317189995,0.0,0.0,0.0,0.0,0.0,0.0,0.0,-19188.27054540939,0.0,0.0,0.0,-94475.80025094605,-515518.07775211986,-155117.94061551947,0.0,0.0,0.0,0.0,0.0,0.0,0.0,101113.11948401993,0.0,0.0,-45798.48922603036,0.0,-21028.295262960368,-14689.138831495591,0.0,0.0,0.0,0.0,0.0,0.0,0.0,0.0,-10144.55060825008,1531.5130110147002,28671.163105220243,0.0,0.0,0.0,0.0,0.0,0.0,0.0,0.0,0.0,0.0,0.0,0.0,-29584.45355229888,0.0,0.0,0.0,0.0,0.0,0.0,7371.374273914298,0.0,0.0,0.0,0.0
West Virginia,2031,0.0,0.0,0.0,86908.6235882708,0.0,0.0,0.0,0.0,3658.20523765948,0.0,0.0,0.0,0.0,0.0,0.0,0.0,0.0,0.0,0.0,46169.8815455735,0.0,0.0,0.0,0.0,35652.96367457125,0.0,0.0,0.0,0.0,0.0,0.0,0.0,0.0,0.0,0.0,8262.315160704937,0.0,0.0,0.0,-250600.39770309068,36655.49408519722,4443.683210409312,-137652.01344729902,7314.346728387864,0.0,0.0,157541.23450099293,0.0,3195.2624712324105,-1939.593125028924,-15123.62663400759,0.0,0.0,0.0,0.0,0.0,-238172.31448859326,7217.705386425143,0.0,0.0,0.0,0.0,4552.73736354832,0.0,216.40386520145967,0.0,0.0,0.0,0.0,0.0,-307435.1785651995,0.0,0.0,0.0,-99344.3210145901,0.0,13167.286644032589,0.0,0.0,0.0,31248.942965175956,0.0,0.0,0.0,0.0,-67.23803299152726,1371.4237747881198,0.0,0.0,48549.60949404811,0.0,0.0,0.0,0.0,0.0,-2548.14445412052,0.0,0.0,8030.583770837351,3048.618677237846,18371.726937955347,0.0,0.0,0.0,5869.5389514570925,0.0,0.0,0.0,0.0,0.0,2806.6178817594555,-1048.0437157342967,8189.8421748293185,0.0,18680.355739707244,105987.95090738044,-34932.72976274905,0.0,0.0,0.0,0.0,-76205.1498178062,80919.19848356256,0.0,0.0,0.0,-5282.343413828523,-115907.34912030707,-363990.14760592626,0.0,0.0,0.0,-16667.28172802407,2860.521779041286,0.0,39725.436906662304,24505.28851866303,0.0,-23422.325662942167,0.0,-4694.484638137437,40189.28925168532,0.0,0.0,0.0,0.0,0.0,0.0,0.0,-6381.568316167279,0.0,0.0,0.0,-21171.563942405686,-118589.36159576196,-53455.978773688024,0.0,0.0,0.0,0.0,0.0,0.0,0.0,121672.78711243742,0.0,0.0,-381.82427375012776,0.0,14129.844464867841,-1392.190259066636,0.0,0.0,0.0,0.0,0.0,0.0,0.0,0.0,103642.90209291806,1842.9206565876866,34500.966269948316,0.0,0.0,0.0,0.0,0.0,0.0,0.0,0.0,0.0,0.0,0.0,0.0,-12907.520975403933,0.0,0.0,0.0,0.0,0.0,0.0,8870.22037627687,0.0,0.0,0.0,0.0
West Virginia,2032,0.0,0.0,0.0,101594.01427770167,0.0,0.0,0.0,0.0,17570.68440490628,0.0,0.0,0.0,0.0,0.0,0.0,0.0,0.0,0.0,0.0,53971.44047709703,0.0,0.0,0.0,0.0,41677.42568052374,0.0,0.0,0.0,0.0,0.0,0.0,0.0,0.0,0.0,0.0,9658.440437167556,0.0,0.0,0.0,273287.8838294358,100094.48395693616,5194.554888622526,102959.08438726322,8550.288973350907,0.0,0.0,184161.77551085618,0.0,3735.1821685874747,0.0,0.0,0.0,0.0,0.0,0.0,0.0,4027.4882743590715,8437.317653937425,0.0,0.0,0.0,0.0,5322.036474840421,0.0,252.97072331029312,0.0,0.0,0.0,0.0,0.0,998966.0962876249,0.0,0.0,0.0,30473.434044714348,0.0,15392.229816569947,0.0,0.0,0.0,612607.5962845497,0.0,0.0,0.0,0.0,0.0,1603.1602021068884,0.0,0.0,56753.28312046622,0.0,0.0,0.0,0.0,0.0,8479.530055546224,0.0,0.0,9387.552219649195,3563.759229347288,21476.090769576607,0.0,0.0,0.0,6861.344702257316,0.0,0.0,0.0,0.0,0.0,5703.305519976773,3456.254264098974,15632.177279220094,0.0,21836.870144477725,123897.2722518408,256521.40903217392,0.0,0.0,0.0,0.0,113084.59441922279,94592.52565114526,0.0,0.0,0.0,44950.95782799061,86711.3672573854,527792.8378820708,0.0,0.0,0.0,32012.190817033174,15154.252177559349,0.0,46438.045359034615,303518.2494946949,0.0,29339.441236171348,0.0,6217.8385821411175,46980.27718618058,0.0,0.0,0.0,0.0,0.0,0.0,0.0,5221.88665944837,0.0,0.0,0.0,45470.26617174118,242205.84251720528,38613.414763722045,0.0,0.0,0.0,0.0,0.0,0.0,0.0,142232.4547408548,0.0,0.0,41093.53723124316,0.0,46448.157602862775,10732.086923754556,0.0,0.0,0.0,0.0,0.0,0.0,0.0,0.0,209087.41956626275,2154.328302160675,40330.76943467645,0.0,0.0,0.0,0.0,0.0,0.0,0.0,0.0,0.0,0.0,0.0,0.0,2135.2186741832793,0.0,0.0,0.0,0.0,0.0,0.0,10369.066478639434,0.0,0.0,0.0,0.0
West Virginia,2033,0.0,0.0,0.0,108816.33756758558,0.0,0.0,0.0,0.0,18819.785191984934,0.0,0.0,0.0,0.0,0.0,0.0,0.0,0.0,0.0,0.0,57808.27273850204,0.0,0.0,0.0,0.0,44640.27584738558,0.0,0.0,0.0,0.0,0.0,0.0,0.0,0.0,0.0,0.0,10345.059425591775,0.0,0.0,0.0,292715.9324429028,107210.2055652492,5563.83604184214,110278.45057593117,9158.12942169339,0.0,0.0,197253.8448599691,0.0,4000.7164459752094,0.0,0.0,0.0,0.0,0.0,0.0,0.0,4313.802606659479,9037.126965828713,0.0,0.0,0.0,0.0,5700.380300066041,0.0,270.95442401955574,0.0,0.0,0.0,0.0,0.0,1069982.6434170771,0.0,0.0,0.0,32639.791915191658,0.0,16486.464163719473,0.0,0.0,0.0,656157.8993379539,0.0,0.0,0.0,0.0,0.0,1717.1289368538237,0.0,0.0,60787.87670722924,0.0,0.0,0.0,0.0,0.0,9082.340249068475,0.0,0.0,10054.913751851753,3817.1070418601266,23002.82708021,0.0,0.0,0.0,7349.118022323004,0.0,0.0,0.0,0.0,0.0,6108.75377969076,3701.9595435372903,16743.46950286135,0.0,23389.2542779714,132705.1352081328,274757.5281576838,0.0,0.0,0.0,0.0,121123.78359594487,101317.11278274318,0.0,0.0,0.0,48146.52355035959,92875.68246525631,565313.6557409861,0.0,0.0,0.0,34287.93897938155,16231.568683073056,0.0,49739.328204463585,325095.37623602385,0.0,31425.18350414562,0.0,6659.865021629823,50320.10731789959,0.0,0.0,0.0,0.0,0.0,0.0,0.0,5593.110829551333,0.0,0.0,0.0,48702.74954887922,259424.26734070317,41358.4442492947,0.0,0.0,0.0,0.0,0.0,0.0,0.0,152343.76668925676,0.0,0.0,44014.87874057327,0.0,49750.15932818482,11495.031491793983,0.0,0.0,0.0,0.0,0.0,0.0,0.0,0.0,223951.4541325851,2307.4796032621452,43197.885745198466,0.0,0.0,0.0,0.0,0.0,0.0,0.0,0.0,0.0,0.0,0.0,0.0,2287.011470926169,0.0,0.0,0.0,0.0,0.0,0.0,11106.203906030867,0.0,0.0,0.0,0.0
Wisconsin,2024,0.0,0.0,0.0,0.0,0.0,0.0,0.0,0.0,0.0,0.0,0.0,0.0,0.0,0.0,0.0,0.0,0.0,0.0,0.0,0.0,0.0,0.0,0.0,0.0,0.0,0.0,0.0,0.0,0.0,0.0,0.0,0.0,0.0,0.0,0.0,0.0,0.0,0.0,0.0,0.0,0.0,-3.637978807091713e-12,0.0,0.0,0.0,0.0,0.0,0.0,0.0,0.0,0.0,0.0,0.0,0.0,0.0,0.0,0.0,0.0,0.0,0.0,0.0,0.0,0.0,0.0,0.0,0.0,0.0,0.0,0.0,0.0,0.0,0.0,0.0,0.0,0.0,0.0,0.0,0.0,0.0,0.0,0.0,0.0,0.0,0.0,0.0,0.0,0.0,0.0,0.0,0.0,0.0,0.0,0.0,0.0,0.0,0.0,0.0,0.0,0.0,0.0,0.0,0.0,0.0,0.0,0.0,0.0,0.0,0.0,0.0,0.0,0.0,0.0,0.0,0.0,0.0,0.0,0.0,0.0,0.0,0.0,0.0,0.0,0.0,0.0,0.0,0.0,0.0,0.0,0.0,0.0,0.0,0.0,0.0,0.0,0.0,0.0,0.0,0.0,0.0,0.0,0.0,0.0,0.0,0.0,0.0,0.0,0.0,0.0,0.0,0.0,0.0,0.0,0.0,0.0,0.0,0.0,0.0,0.0,0.0,0.0,0.0,0.0,0.0,0.0,0.0,0.0,0.0,0.0,0.0,0.0,0.0,0.0,0.0,0.0,0.0,0.0,0.0,0.0,0.0,0.0,0.0,0.0,0.0,0.0,0.0,0.0,0.0,0.0,0.0,0.0,0.0,0.0,0.0,0.0,0.0,0.0,0.0,0.0,0.0,0.0,0.0,0.0,0.0,0.0,0.0
Wisconsin,2025,70218.7490361951,59489.258682784974,2781.2062108910977,49268.361332327244,1511.6534621674036,0.0,0.0,0.0,0.0,0.0,0.0,0.0,0.0,0.0,0.0,0.0,0.0,0.0,0.0,0.0,3593.8749494793883,0.0,0.0,0.0,25781.49224614841,0.0,0.0,0.0,0.0,0.0,0.0,0.0,0.0,0.0,0.0,3058.0414022881523,0.0,0.0,0.0,739373.0448230729,-39338.54974024603,-5063.573967581044,0.0,0.0,0.0,0.0,152848.8451295162,0.0,3551.074355656543,5437.002376419754,-72588.1620408874,0.0,0.0,0.0,0.0,3991.8302790007147,-1817840.176282728,401.6129953810305,0.0,0.0,0.0,0.0,-882.8965544670937,0.0,0.0,0.0,0.0,168957.3891174728,11211.311815943307,0.0,136725.9439228787,0.0,0.0,0.0,-22581.3688923578,0.0,0.0,0.0,1117.959409474568,0.0,-318870.68703286676,0.0,221945.14425655408,211.9777172752947,0.0,0.0,0.0,416.81769819104466,0.0,3224.125635224118,0.0,0.0,13912.6732020294,103107.25746514718,-34777.088260879274,2721.8715583414305,0.0,0.0,23406.23343702953,0.0,4819.531760694663,-5726.768187878886,0.0,0.0,-5464.823810349597,0.0,0.0,0.0,0.0,15042.704843825079,692.543031010814,-109941.32260433759,5035.426876057623,16546.546832206426,0.0,-181698.11416387232,-168995.67073834897,32712.464459841955,0.0,469390.62132996134,0.0,-246430.79243637342,75044.03800537181,0.0,0.0,0.0,2077.222976273977,65177.6949887689,-56497.059664749075,0.0,705.9212654136254,117.32081280564307,0.0,-33913.71901050676,0.0,20353.54825758291,63888.96389088326,13000.762703166401,0.0,0.0,0.0,-433871.0723166871,0.0,0.0,-4127.330275666208,2562.1698095001775,0.0,0.0,0.0,41472.27244661725,0.0,0.0,0.0,48688.242326258216,-26976.650811220403,-4928.362782583106,0.0,0.0,0.0,185192.84051644336,0.0,0.0,4289.561642097135,9172.441540128988,0.0,4415.85286933375,7905.341319508429,0.0,14077.645611539629,586.9724470152632,0.0,0.0,7811.165546922595,0.0,-5674.285162545682,0.0,0.0,2458.7389012563835,17534.8869325571,5409.863665265089,0.0,0.0,0.0,0.0,0.0,0.0,0.0,0.0,0.0,0.0,0.0,0.0,0.0,0.0,0.0,0.0,0.0,0.0,0.0,0.0,0.0,26685.780320443097,0.0,0.0,0.0
Wisconsin,2026,80988.49582088774,68613.37811266002,3207.7715806596752,56824.858469187166,1743.502152683879,0.0,0.0,0.0,0.0,0.0,0.0,0.0,0.0,0.0,0.0,0.0,0.0,0.0,0.0,0.0,4145.0827638167175,0.0,0.0,0.0,29735.708848318376,0.0,0.0,0.0,0.0,0.0,0.0,0.0,0.0,0.0,0.0,3527.066157240326,0.0,0.0,0.0,852773.8185689412,-161840.8906132956,-12303.180007396342,0.0,0.0,0.0,0.0,176291.91953588347,0.0,156.93006131796574,6270.898446422783,-271046.5312874075,0.0,0.0,0.0,0.0,1795.1579453235317,-4556111.510608304,-3812.087036632249,0.0,0.0,0.0,0.0,-3516.4867349416454,0.0,0.0,0.0,0.0,194871.09910481563,6891.9309514549095,0.0,157696.1807208662,0.0,0.0,0.0,-104746.2137316995,0.0,0.0,0.0,1289.4255765718972,0.0,-811123.3935174723,0.0,255985.81055357167,-4537.44820237151,0.0,0.0,0.0,308.363850955825,0.0,3718.623432037639,0.0,0.0,16046.51878516277,83511.44589814381,-168191.52344633243,-57165.921006968245,0.0,0.0,1148.9631443188991,0.0,5558.723748531273,-113943.6365433794,0.0,0.0,-27528.35601605673,0.0,0.0,0.0,0.0,6399.42315960495,798.7612873008165,-296889.40923044586,2217.4627895671,19084.360763526376,0.0,-433848.13995305286,-451221.16574354284,37729.71361012437,0.0,541383.0479143122,0.0,-601935.4436530333,86553.859785337,0.0,0.0,0.0,2395.815457297591,75174.2739747765,-335974.603860348,0.0,814.1913981457765,-15295.58553692457,0.0,-90178.5898313194,0.0,23475.258113040414,73687.88473304315,14994.744712854503,0.0,0.0,0.0,-1015053.8552134598,0.0,0.0,-8559.035940393347,2955.1406391781165,0.0,0.0,0.0,47833.05042922712,0.0,0.0,0.0,-1700.1043994063511,-69438.22952564474,-57232.750948604196,0.0,0.0,0.0,213596.6504116035,0.0,0.0,-1971.6161427602929,10579.257727265329,0.0,5093.130916777569,8823.339880714222,0.0,16236.793711469014,676.9988959439843,0.0,0.0,9009.197072524199,0.0,-34425.075793204946,0.0,0.0,2835.8460947006133,-8283.948836189113,-14510.905470631842,0.0,0.0,0.0,0.0,0.0,0.0,0.0,0.0,0.0,0.0,0.0,0.0,0.0,0.0,0.0,0.0,0.0,0.0,0.0,0.0,0.0,30778.691412535554,0.0,0.0,0.0
Wisconsin,2027,94342.98183390626,79927.28620570502,3736.7126391726997,66194.9149188936,2030.9945289243078,0.0,0.0,0.0,0.0,0.0,0.0,0.0,0.0,0.0,0.0,0.0,0.0,0.0,0.0,0.0,4828.580453595008,0.0,0.0,0.0,34638.937435009226,0.0,0.0,0.0,0.0,0.0,0.0,0.0,0.0,0.0,0.0,4108.6568533810205,0.0,0.0,0.0,993390.7780138236,-333393.7874752765,-22370.69150373217,0.0,0.0,0.0,0.0,205361.33179977955,0.0,-4716.339961124264,7304.9295732265455,-548739.4138145449,0.0,0.0,0.0,0.0,-1402.621016251127,-8366515.103684958,-9758.380252815812,0.0,0.0,0.0,0.0,-7203.617502270812,0.0,0.0,0.0,0.0,227004.099489121,517.0466754589579,0.0,183699.27435037028,0.0,0.0,0.0,-219908.70655201154,0.0,0.0,0.0,1502.0436237725808,0.0,-1496315.7333436785,0.0,298196.23676187405,-11233.519221841605,0.0,0.0,0.0,144.79755588745138,0.0,4331.800700086402,0.0,0.0,18692.48730824812,53238.48683805368,-355234.48177734134,-141601.1630725104,0.0,0.0,-30810.85003348952,0.0,6475.321813448645,-266242.13375434093,0.0,0.0,-58468.166262022045,0.0,0.0,0.0,0.0,-6165.7464193528285,930.471925100419,-557401.0200137588,-1882.5435579825134,22231.250038363214,0.0,-784353.8634399784,-844423.3372433444,43951.10255647468,0.0,630653.6568789063,0.0,-1096363.2865118128,100826.03879249352,0.0,0.0,0.0,2790.8701337668826,87570.03191742569,-728216.7645911518,0.0,948.4463627336445,-37011.00807076204,0.0,-168562.1690042485,0.0,27346.178333807708,85838.5465773216,17467.2824048677,0.0,0.0,0.0,-1822547.4899914595,0.0,0.0,-14695.243783861692,3442.424467978766,0.0,0.0,0.0,55720.41512766364,0.0,0.0,0.0,-73942.78586642467,-128556.41603625164,-130787.1791680503,0.0,0.0,0.0,248817.37468160177,0.0,0.0,-10902.827640912816,12323.709799314398,0.0,5932.955695607918,9911.975501061315,0.0,18914.137355381477,788.6316926155978,0.0,0.0,10494.75616427022,0.0,-74779.90470325481,0.0,0.0,3303.4590145714537,-45109.06164629443,-42713.57263123023,0.0,0.0,0.0,0.0,0.0,0.0,0.0,0.0,0.0,0.0,0.0,0.0,0.0,0.0,0.0,0.0,0.0,0.0,0.0,0.0,0.0,35853.90116673033,0.0,0.0,0.0
Wisconsin,2028,93481.40209113108,79197.356651315,3702.587409591215,65590.3951479448,2012.4466336829828,0.0,0.0,0.0,0.0,0.0,0.0,0.0,0.0,0.0,0.0,0.0,0.0,0.0,0.0,0.0,4784.4838284480065,0.0,0.0,0.0,34322.6001068356,0.0,0.0,0.0,0.0,0.0,0.0,0.0,0.0,0.0,0.0,4071.134872984847,0.0,0.0,0.0,984318.7161141522,-483406.5847815005,-30659.723077191917,0.0,0.0,0.0,0.0,203485.88584726956,0.0,-9849.425694278994,7238.217887626306,-789901.5082501487,0.0,0.0,0.0,0.0,-5081.1486896046845,-11522209.645802092,-15287.643903705874,0.0,0.0,0.0,0.0,-10420.809568012472,0.0,0.0,0.0,0.0,224931.0026901327,-7423.704526458139,0.0,182021.65540653164,0.0,0.0,0.0,-321325.903542837,0.0,0.0,0.0,1488.3263304047923,0.0,-2065274.0604829723,0.0,295472.983458112,-17415.11313846246,0.0,0.0,0.0,-83.0618222670073,0.0,4292.240876341311,0.0,0.0,18521.779661597393,6218.49482564372,-520307.3416109106,-219558.1499124394,0.0,0.0,-64496.54588188813,0.0,6416.186454421739,-404869.616776675,0.0,0.0,-85827.52701188685,0.0,0.0,0.0,0.0,-20499.964438936906,921.9744645972205,-775828.995254148,-6583.502792663421,22028.224923857575,0.0,-1071931.2673143728,-1173536.0993086207,43549.722624452086,0.0,624894.2627521576,0.0,-1503867.4527673204,99905.25305009622,0.0,0.0,0.0,2765.382735284991,86770.30559854512,-1077454.4071422638,0.0,939.7847521150725,-56951.52413407643,0.0,-234127.7244129483,0.0,27096.44154537111,85054.63290994882,17307.763844092668,0.0,0.0,0.0,-2482214.880735232,0.0,0.0,-19553.07499327413,3410.986801604522,0.0,0.0,0.0,55211.552889054816,0.0,0.0,0.0,-149298.7931553917,-177745.9386503639,-197335.23747797997,0.0,0.0,0.0,246545.06988998828,0.0,0.0,-19895.974629277654,12211.164504343527,0.0,5878.773451812405,9434.468123648927,0.0,18741.405507387128,781.4295767013009,0.0,0.0,10398.913642222105,0.0,-110736.14144940663,0.0,0.0,3273.2904390959156,-82161.20171319414,-69592.76555599569,0.0,0.0,0.0,0.0,0.0,0.0,0.0,0.0,0.0,0.0,0.0,0.0,0.0,0.0,0.0,0.0,0.0,0.0,0.0,0.0,0.0,35526.46827936289,0.0,0.0,0.0
Wisconsin,2029,119759.5842457806,101460.20806020999,4743.40691182654,84028.24816188321,2578.1574385431704,0.0,0.0,0.0,0.0,0.0,0.0,0.0,0.0,0.0,0.0,0.0,0.0,0.0,0.0,0.0,6129.430895431098,0.0,0.0,0.0,43970.888616130396,0.0,0.0,0.0,0.0,0.0,0.0,0.0,0.0,0.0,0.0,5215.555275068153,0.0,0.0,0.0,1261016.6040540747,-544466.736265813,-35126.04744432372,0.0,0.0,0.0,0.0,260686.98739880626,0.0,-10087.584693834462,9272.924298433689,-891595.7386704115,0.0,0.0,0.0,0.0,-4704.830847133082,-13181028.654920826,-16838.31958344186,0.0,0.0,0.0,0.0,-11745.14491865896,0.0,0.0,0.0,0.0,288160.4550592485,-5630.7038873307465,0.0,233189.03319362132,0.0,0.0,0.0,-361088.809250323,0.0,0.0,0.0,1906.703778122268,0.0,-2360996.034582036,0.0,378532.20922283456,-19238.329037938543,0.0,0.0,0.0,4.340776579321755,0.0,5498.815500566299,0.0,0.0,23728.362884442788,30716.47647842695,-584280.2837909448,-242532.62545589765,0.0,0.0,-66020.73556441476,0.0,8219.814904743049,-449718.5422887956,0.0,0.0,-96317.38463473786,0.0,0.0,0.0,0.0,-19227.23730483977,1181.1470099448234,-884643.1784060677,-6127.505990204154,28220.490916278417,0.0,-1229161.7937381614,-1338753.9199650942,55791.81055114139,0.0,800555.7836179724,0.0,-1722493.7422739153,127989.2181932109,0.0,0.0,0.0,3542.7483889826144,111161.95832440327,-1206343.0614603227,0.0,1203.9638759815207,-63046.9671183904,0.0,-267135.47214298893,0.0,34713.4135926874,108963.99976481916,22173.07994773166,0.0,0.0,0.0,-2849338.083835409,0.0,0.0,-22609.003899445863,4369.835626018699,0.0,0.0,0.0,70731.85116662312,0.0,0.0,0.0,-154096.61441170122,-203089.12944965594,-219688.71646641893,0.0,0.0,0.0,315850.36603417946,0.0,0.0,-21043.51073840406,15643.796000956194,0.0,7531.331887575339,12275.747883876393,0.0,24009.726871214865,1001.0941120873804,0.0,0.0,13322.110564690054,0.0,-123952.201892904,0.0,0.0,4193.431991099835,-86941.37177820213,-75824.02426908788,0.0,0.0,0.0,0.0,0.0,0.0,0.0,0.0,0.0,0.0,0.0,0.0,0.0,0.0,0.0,0.0,0.0,0.0,0.0,0.0,0.0,45513.1713440686,0.0,0.0,0.0
Wisconsin,2030,129236.96141630982,109489.4331585,5118.784437222879,90677.96564232011,2782.184286197662,0.0,0.0,0.0,0.0,0.0,0.0,0.0,0.0,0.0,0.0,0.0,0.0,0.0,0.0,0.0,6614.49377204795,0.0,0.0,0.0,47450.59922604001,0.0,0.0,0.0,0.0,0.0,0.0,0.0,0.0,0.0,0.0,5628.297059426062,0.0,0.0,0.0,1360809.284950439,-279979.0508883898,-20838.129198833354,0.0,0.0,0.0,0.0,281316.8928764097,0.0,-484.19318270884105,10006.752840036352,-467458.6212942819,0.0,0.0,0.0,0.0,2340.7297503166774,-7729098.763061205,-6880.4926592173,0.0,0.0,0.0,0.0,-6077.343715697749,0.0,0.0,0.0,0.0,310964.51984811015,9871.460569311079,0.0,251642.84157585003,0.0,0.0,0.0,-181826.62439701182,0.0,0.0,0.0,2057.5940051679154,0.0,-1377033.231851744,0.0,408487.99556420976,-8132.476184005063,0.0,0.0,0.0,459.91926052315375,0.0,5933.973561762192,0.0,0.0,25606.146997600124,126658.7502121441,-292278.70970764174,-102469.59818549827,0.0,0.0,-2987.2421574227046,0.0,8870.303854039259,-201844.39452418592,0.0,0.0,-47886.91855221827,0.0,0.0,0.0,0.0,8169.50516536861,1274.6190754800227,-505481.9982176721,2868.892329911134,30453.76717584001,0.0,-734141.1808874279,-767836.7545297036,60206.989803389995,0.0,863909.1190122012,0.0,-1019790.3089733375,138117.8613595802,0.0,0.0,0.0,3823.1097722833947,119958.94783209008,-586638.2260292494,0.0,1299.2415927858146,-27285.828160507634,0.0,-153425.709269832,0.0,37460.51826549001,117587.05010591995,23927.784116257157,0.0,0.0,0.0,-1715750.6715968975,0.0,0.0,-14366.518363675888,4715.64995613529,0.0,0.0,0.0,76329.3357913199,0.0,0.0,0.0,-13503.486910582054,-117953.40984190354,-100943.04141298193,0.0,0.0,0.0,340845.71874191985,0.0,0.0,-4436.657520977169,16881.794245636178,0.0,8127.336569325918,14024.875489165977,0.0,25909.77719915271,1080.3173871446552,0.0,0.0,14376.378307219478,0.0,-60133.55467718979,0.0,0.0,4525.286321330761,-18536.067513898946,-27025.82496718387,0.0,0.0,0.0,0.0,0.0,0.0,0.0,0.0,0.0,0.0,0.0,0.0,0.0,0.0,0.0,0.0,0.0,0.0,0.0,0.0,0.0,49114.933105110016,0.0,0.0,0.0
Wisconsin,2031,155515.1435709598,131752.284567395,6159.603939458204,109115.8186562584,3347.8950910578606,0.0,0.0,0.0,0.0,0.0,0.0,0.0,0.0,0.0,0.0,0.0,0.0,0.0,0.0,0.0,7959.440839031027,0.0,0.0,0.0,57098.88773533481,0.0,0.0,0.0,0.0,0.0,0.0,0.0,0.0,0.0,0.0,6772.717461509361,0.0,0.0,0.0,1637507.1728903614,-15530.180251962272,-7241.596307732831,0.0,0.0,0.0,0.0,338517.99442794616,0.0,10285.837730106039,12041.459250843749,-45613.18483030121,0.0,0.0,0.0,0.0,10567.454004919506,-2514173.3804003,3517.5040375051467,0.0,0.0,0.0,0.0,-419.7330411255316,0.0,0.0,0.0,0.0,374193.97221722547,28542.10078887953,0.0,302810.2193629395,0.0,0.0,0.0,-1633.407167020836,0.0,0.0,0.0,2475.971452885391,0.0,-433683.8940059538,0.0,491547.2213289328,3408.948315117261,0.0,0.0,0.0,1029.1006086309444,0.0,7140.5481859871725,0.0,0.0,30812.73022044549,250120.65985178878,1709.9588135525119,43098.07551371888,0.0,0.0,67726.71156709304,0.0,10673.932304360584,53298.210216787644,0.0,0.0,944.2426527178905,0.0,0.0,0.0,0.0,40046.72039478592,1533.7916208276292,-138937.18638534262,13359.032894202028,36646.03316826082,0.0,-264543.99083563674,-216726.49181589903,72449.0777300793,0.0,1039570.6398780141,0.0,-350479.4840174534,166201.82650269475,0.0,0.0,0.0,4600.475425981025,144350.60055794846,41344.038525098935,0.0,1563.4207166522629,9745.2689704902,0.0,-43720.662211388,0.0,45077.49031280633,141496.4169607903,28793.10021989612,0.0,0.0,0.0,-644554.5351113372,0.0,0.0,-6805.83369940239,5674.4987805494675,0.0,0.0,0.0,91849.63406888832,0.0,0.0,0.0,143395.24752674927,-36187.88474232584,20772.107470951974,0.0,0.0,0.0,410151.0148861101,0.0,0.0,13753.384469788638,20314.42574224886,0.0,9779.895005088845,17689.164810903967,0.0,31178.09856298042,1299.9819225307356,0.0,0.0,17299.57522968744,0.0,4571.279948543815,0.0,0.0,5445.427873334684,56359.05935084249,24736.771045771893,0.0,0.0,0.0,0.0,0.0,0.0,0.0,0.0,0.0,0.0,0.0,0.0,0.0,0.0,0.0,0.0,0.0,0.0,0.0,0.0,0.0,59101.63616981567,0.0,0.0,0.0
Wisconsin,2032,181793.32572560944,154015.13597628998,7200.423441693521,127553.67167019681,3913.6058959180555,0.0,0.0,0.0,0.0,0.0,0.0,0.0,0.0,0.0,0.0,0.0,0.0,0.0,0.0,0.0,9304.387906014112,0.0,0.0,0.0,66747.1762446296,0.0,0.0,0.0,0.0,0.0,0.0,0.0,0.0,0.0,0.0,7917.137863592667,0.0,0.0,0.0,1914205.0608302858,225774.7002795504,5070.650860878708,0.0,0.0,0.0,0.0,395719.0959794831,0.0,20273.17624089458,14076.165661651132,339008.1010065882,0.0,0.0,0.0,0.0,18236.007161412082,2212022.4698175546,13065.93916617665,0.0,0.0,0.0,0.0,4741.454865598571,0.0,0.0,0.0,0.0,437423.42458634125,46012.72535020564,0.0,353977.59715002915,0.0,0.0,0.0,162920.72792750725,0.0,0.0,0.0,2894.3489006028667,0.0,421566.3367978863,0.0,574606.4470936554,14000.134620761266,0.0,0.0,0.0,1564.027045667388,0.0,8347.122810212146,0.0,0.0,36019.313443290856,366546.1434189738,270247.22840874223,176682.24777595664,0.0,0.0,133304.46702184202,0.0,12477.560754681894,287111.141935179,0.0,0.0,45557.624996045226,0.0,0.0,0.0,0.0,69747.92844311404,1792.9641661752357,193809.16479443677,23135.73663139023,42838.29916068161,0.0,160485.1735034408,283452.18698855094,84691.1656567686,0.0,1215232.160743828,0.0,255698.19747894257,194285.79164580908,0.0,0.0,0.0,5377.841079678645,168742.2532838065,615512.0863706297,0.0,1827.599840518711,43710.0295336562,0.0,55837.37420842511,0.0,52694.46236012259,165405.78381566075,33658.416323535086,0.0,0.0,0.0,324375.77677064925,0.0,0.0,0.0,6633.347604963645,0.0,0.0,0.0,107369.93234645674,0.0,0.0,0.0,288797.2085087986,37962.11239196514,132243.84474010696,0.0,0.0,0.0,479456.3110303008,0.0,0.0,30568.506916754763,23747.05723886157,0.0,11432.45344085178,21294.93739776386,0.0,36446.4199268081,1519.6464579168141,0.0,0.0,20222.77215215542,0.0,63735.867447795405,0.0,0.0,6365.569425338606,125589.19950727583,72375.95078233437,0.0,0.0,0.0,0.0,0.0,0.0,0.0,0.0,0.0,0.0,0.0,0.0,0.0,0.0,0.0,0.0,0.0,0.0,0.0,0.0,0.0,69088.33923452138,0.0,0.0,0.0
Wisconsin,2033,194717.0218672403,164964.07929213997,7712.301885415807,136621.4682344289,4191.824324537825,0.0,0.0,0.0,0.0,0.0,0.0,0.0,0.0,0.0,0.0,0.0,0.0,0.0,0.0,0.0,9965.837283218905,0.0,0.0,0.0,71492.23616723361,0.0,0.0,0.0,0.0,0.0,0.0,0.0,0.0,0.0,0.0,8479.967569535263,0.0,0.0,0.0,2050285.9893253297,241825.0344226465,5431.123670893787,0.0,0.0,0.0,0.0,423850.7852671242,0.0,21714.397300673823,15076.840945654767,363108.20297388127,0.0,0.0,0.0,0.0,19532.405774782615,2369275.252032073,13994.797400738978,0.0,0.0,0.0,0.0,5078.525116707471,0.0,0.0,0.0,0.0,468519.87657115236,49283.77217604962,0.0,379141.88130761404,0.0,0.0,0.0,174502.77019723516,0.0,0.0,0.0,3100.108301119659,0.0,451535.5076602956,0.0,615455.2466500765,14995.40485446468,0.0,0.0,0.0,1675.2138024683882,0.0,8940.520166388364,0.0,0.0,38579.92814305084,392603.9261264838,289459.1166842452,189242.59714391548,0.0,0.0,142781.087900172,0.0,13364.591140085817,307521.8866225141,0.0,0.0,48796.31871614323,0.0,0.0,0.0,0.0,74706.31198172411,1920.4260737232398,207587.06750494207,24780.457244996185,45883.67587826561,0.0,171894.07209373277,303602.81639531977,90711.86463710759,0.0,1301623.0726450477,0.0,273875.7944561185,208097.57778176735,0.0,0.0,0.0,5760.152056906987,180738.1480670157,659268.869761907,0.0,1957.523999797293,46817.37760476922,0.0,59806.855787223205,0.0,56440.514186671586,177164.48882625275,36051.194735160796,0.0,0.0,0.0,347435.6661145345,0.0,0.0,0.0,7104.912600577169,0.0,0.0,0.0,115002.8659255887,0.0,0.0,0.0,309327.8157487605,40660.840761062194,141645.06593016197,0.0,0.0,0.0,513540.8829044928,0.0,0.0,32741.623522211245,25435.236663425167,0.0,12245.187097784365,22808.795506609647,0.0,39037.39764672343,1627.6781966312801,0.0,0.0,21660.409982877332,0.0,68266.85328531644,0.0,0.0,6818.098057471678,134517.34165234282,77521.1605535904,0.0,0.0,0.0,0.0,0.0,0.0,0.0,0.0,0.0,0.0,0.0,0.0,0.0,0.0,0.0,0.0,0.0,0.0,0.0,0.0,0.0,73999.83254503238,0.0,0.0,0.0
Wyoming,2024,0.0,0.0,0.0,0.0,0.0,0.0,0.0,0.0,0.0,0.0,0.0,0.0,0.0,0.0,0.0,0.0,0.0,0.0,0.0,0.0,0.0,0.0,0.0,0.0,0.0,0.0,0.0,0.0,0.0,0.0,0.0,0.0,0.0,0.0,0.0,0.0,0.0,0.0,0.0,0.0,0.0,0.0,0.0,0.0,0.0,0.0,0.0,0.0,0.0,0.0,0.0,0.0,0.0,0.0,0.0,0.0,0.0,0.0,0.0,0.0,0.0,0.0,0.0,0.0,0.0,0.0,0.0,0.0,0.0,0.0,0.0,0.0,0.0,0.0,0.0,0.0,0.0,0.0,0.0,0.0,0.0,0.0,0.0,0.0,0.0,0.0,0.0,0.0,0.0,0.0,0.0,0.0,0.0,0.0,0.0,0.0,0.0,0.0,0.0,0.0,0.0,0.0,0.0,0.0,0.0,0.0,0.0,0.0,0.0,0.0,0.0,0.0,0.0,0.0,0.0,0.0,0.0,0.0,0.0,0.0,0.0,0.0,0.0,0.0,0.0,0.0,0.0,0.0,0.0,0.0,0.0,0.0,0.0,0.0,0.0,0.0,0.0,0.0,0.0,0.0,0.0,0.0,0.0,0.0,0.0,0.0,0.0,0.0,0.0,0.0,0.0,0.0,0.0,0.0,0.0,0.0,0.0,0.0,0.0,0.0,0.0,0.0,0.0,0.0,0.0,0.0,0.0,0.0,0.0,0.0,0.0,0.0,0.0,0.0,0.0,0.0,0.0,0.0,0.0,0.0,0.0,0.0,0.0,0.0,0.0,0.0,0.0,0.0,0.0,0.0,0.0,0.0,0.0,0.0,0.0,0.0,0.0,0.0,0.0,0.0,0.0,0.0,0.0,0.0,0.0
Wyoming,2025,0.0,0.0,0.0,0.0,0.0,0.0,0.0,0.0,0.0,0.0,0.0,0.0,0.0,0.0,0.0,0.0,0.0,0.0,0.0,0.0,0.0,0.0,0.0,0.0,0.0,0.0,0.0,0.0,0.0,0.0,0.0,0.0,0.0,0.0,0.0,0.0,0.0,0.0,0.0,0.0,99665.47376800678,-474033.002731367,0.0,0.0,0.0,0.0,29639.812045588973,0.0,0.0,-51224.75303063296,155.07925555858355,0.0,0.0,0.0,0.0,0.0,-268128.3307696159,-43.49422670793607,0.0,4532.017647518027,0.0,0.0,0.0,0.0,0.0,0.0,0.0,0.0,0.0,0.0,0.0,0.0,0.0,0.0,0.0,0.0,2818.1241939182,0.0,-11274.790918364732,0.0,286644.70664616115,0.0,-33249.68226566573,0.0,0.0,0.0,0.0,0.0,0.0,0.0,-36320.3976902745,0.0,0.0,0.0,0.0,0.0,0.0,0.0,136291.76092021167,2840.1781943858914,0.0,63032.54720868729,53183.76230202953,0.0,-29428.955839704853,0.0,0.0,0.0,0.0,631.4561105533758,0.0,-9794.356176793352,-946.5431087314588,128674.3416100312,28525.088927535107,12999.764081986825,95863.33002102608,0.0,0.0,0.0,0.0,-376328.3375024968,-33840.43968803412,0.0,0.0,0.0,0.0,0.0,0.0,0.0,0.0,0.0,5112.407547985415,0.0,3607.7626440070235,2668.7519650604045,82016.84830095223,0.0,0.0,0.0,107597.90938673634,-26418.4191774399,0.0,0.0,54901.96238182159,0.0,0.0,0.0,0.0,0.0,0.0,0.0,0.0,0.0,62496.61696180492,0.0,0.0,11698.521031692653,0.0,0.0,0.0,0.0,0.0,28294.11854643142,0.0,0.0,-344.1480688265441,0.0,0.0,9345.984426643961,0.0,0.0,0.0,0.0,0.0,0.0,0.0,0.0,-263227.44266727916,0.0,0.0,0.0,0.0,0.0,0.0,0.0,0.0,0.0,0.0,0.0,0.0,0.0,0.0,0.0,0.0,0.0,0.0,0.0,0.0,0.0,0.0,0.0,0.0,0.0,0.0
Wyoming,2026,0.0,0.0,0.0,0.0,0.0,0.0,0.0,0.0,0.0,0.0,0.0,0.0,0.0,0.0,0.0,0.0,0.0,0.0,0.0,0.0,0.0,0.0,0.0,0.0,0.0,0.0,0.0,0.0,0.0,0.0,0.0,0.0,0.0,0.0,0.0,0.0,0.0,0.0,0.0,0.0,114951.58937659673,-1325327.9014257928,0.0,0.0,0.0,0.0,34185.795488163945,0.0,0.0,-108594.49490523149,178.86441745407205,0.0,0.0,0.0,0.0,0.0,-576121.8681893932,-90.19599225864027,0.0,5227.1123787324395,0.0,0.0,0.0,0.0,0.0,0.0,0.0,0.0,0.0,0.0,0.0,0.0,0.0,0.0,0.0,0.0,3250.3518310222207,0.0,-23381.05609324604,0.0,235998.40513346158,0.0,-83475.62827367216,0.0,0.0,0.0,0.0,0.0,0.0,0.0,-75319.2907854365,0.0,0.0,0.0,0.0,0.0,0.0,0.0,-60999.61717938818,3275.788346899062,0.0,-541707.4664864521,61340.78106000961,0.0,-63758.84371723446,0.0,0.0,0.0,0.0,728.3052072640157,0.0,-20311.01000674256,-1962.89028152866,142396.28254202614,32900.10256672755,14993.592928917351,7040.705618752167,0.0,0.0,0.0,0.0,-908112.7577630326,-195773.57157869963,0.0,0.0,0.0,0.0,0.0,0.0,0.0,0.0,0.0,5896.519135099734,0.0,4161.100472842452,3078.06975111262,94596.11951275484,0.0,0.0,0.0,61393.04599800659,-56278.97764161714,0.0,0.0,63322.50875940162,0.0,0.0,0.0,0.0,0.0,0.0,0.0,0.0,0.0,-14198.301860421663,0.0,0.0,13492.77272367006,0.0,0.0,0.0,0.0,0.0,-37820.12684910069,0.0,0.0,-713.6757887464912,0.0,0.0,10779.417620914479,0.0,0.0,0.0,0.0,0.0,0.0,0.0,0.0,-651283.8844847544,0.0,0.0,0.0,0.0,0.0,0.0,0.0,0.0,0.0,0.0,0.0,0.0,0.0,0.0,0.0,0.0,0.0,0.0,0.0,0.0,0.0,0.0,0.0,0.0,0.0,0.0
Wyoming,2027,0.0,0.0,0.0,0.0,0.0,0.0,0.0,0.0,0.0,0.0,0.0,0.0,0.0,0.0,0.0,0.0,0.0,0.0,0.0,0.0,0.0,0.0,0.0,0.0,0.0,0.0,0.0,0.0,0.0,0.0,0.0,0.0,0.0,0.0,0.0,0.0,0.0,0.0,0.0,0.0,133906.37273124838,-2512293.176522049,0.0,0.0,0.0,0.0,39822.81495695701,0.0,0.0,-188086.5735204378,208.3580182044775,0.0,0.0,0.0,0.0,0.0,-1003058.6540413366,-154.8599753288461,0.0,6089.0298454383155,0.0,0.0,0.0,0.0,0.0,0.0,0.0,0.0,0.0,0.0,0.0,0.0,0.0,0.0,0.0,0.0,3786.31410103121,0.0,-40143.57710462015,0.0,157234.86396467965,0.0,-153369.26863763365,0.0,0.0,0.0,0.0,0.0,0.0,0.0,-129317.7581479685,0.0,0.0,0.0,0.0,0.0,0.0,0.0,-342453.6187634496,3815.944936015403,0.0,-1395244.6321330164,71455.4843199047,0.0,-111358.34135423233,0.0,0.0,0.0,0.0,848.3980871852109,0.0,-34872.53069436454,-3370.140213094014,158396.94283720898,38325.11947932636,17465.940699111146,-120565.63023196161,0.0,0.0,0.0,0.0,-1647507.1996013678,-423015.4723871134,0.0,0.0,0.0,0.0,0.0,0.0,0.0,0.0,0.0,6868.817503121492,0.0,4847.239380598388,3585.623805817362,110194.41581539006,0.0,0.0,0.0,-6480.675938239321,-97660.36762552377,0.0,0.0,73763.98626760079,0.0,0.0,0.0,0.0,0.0,0.0,0.0,0.0,0.0,-123856.74842829909,0.0,0.0,15717.64482172206,0.0,0.0,0.0,0.0,0.0,-131688.38378284057,0.0,0.0,-1225.3295547894948,0.0,0.0,12556.874781809951,0.0,0.0,0.0,0.0,0.0,0.0,0.0,0.0,-1191133.2728989192,0.0,0.0,0.0,0.0,0.0,0.0,0.0,0.0,0.0,0.0,0.0,0.0,0.0,0.0,0.0,0.0,0.0,0.0,0.0,0.0,0.0,0.0,0.0,0.0,0.0,0.0
Wyoming,2028,0.0,0.0,0.0,0.0,0.0,0.0,0.0,0.0,0.0,0.0,0.0,0.0,0.0,0.0,0.0,0.0,0.0,0.0,0.0,0.0,0.0,0.0,0.0,0.0,0.0,0.0,0.0,0.0,0.0,0.0,0.0,0.0,0.0,0.0,0.0,0.0,0.0,0.0,0.0,0.0,132683.48348256107,-3512534.422357833,0.0,0.0,0.0,0.0,39459.13628155104,0.0,0.0,-251436.63458582465,206.45520525283882,0.0,0.0,0.0,0.0,0.0,-1344604.907011694,-206.05229525942573,0.0,6033.422266941176,0.0,0.0,0.0,0.0,0.0,0.0,0.0,0.0,0.0,0.0,0.0,0.0,0.0,0.0,0.0,0.0,3751.735890062875,0.0,-53413.90623862465,0.0,31466.926431184635,0.0,-211271.36063336136,0.0,0.0,0.0,0.0,0.0,0.0,0.0,-172066.544809973,0.0,0.0,0.0,0.0,0.0,0.0,0.0,-626067.1553256596,3781.09612381435,0.0,-2189926.3348042443,70802.92281926633,0.0,-149524.3847213105,0.0,0.0,0.0,0.0,840.6501594483598,0.0,-46400.40123873194,-4484.213075583253,149047.90278557222,37975.118388190924,17306.434391356714,-255512.71684364695,0.0,0.0,0.0,0.0,-2255454.4041382433,-625135.9579881914,0.0,0.0,0.0,0.0,0.0,0.0,0.0,0.0,0.0,6806.088576152346,0.0,4802.972354291545,3552.8783829331805,109188.07411844574,0.0,0.0,0.0,-88828.69138855254,-130684.93177632443,0.0,0.0,73090.3425573943,0.0,0.0,0.0,0.0,0.0,0.0,0.0,0.0,0.0,-236110.8704123902,0.0,0.0,15574.104686363862,0.0,0.0,0.0,0.0,0.0,-223072.6492127683,0.0,0.0,-1630.388786240206,0.0,0.0,12442.200126268363,0.0,0.0,0.0,0.0,0.0,0.0,0.0,0.0,-1637164.4142396888,0.0,0.0,0.0,0.0,0.0,0.0,0.0,0.0,0.0,0.0,0.0,0.0,0.0,0.0,0.0,0.0,0.0,0.0,0.0,0.0,0.0,0.0,0.0,0.0,0.0,0.0
Wyoming,2029,0.0,0.0,0.0,0.0,0.0,0.0,0.0,0.0,0.0,0.0,0.0,0.0,0.0,0.0,0.0,0.0,0.0,0.0,0.0,0.0,0.0,0.0,0.0,0.0,0.0,0.0,0.0,0.0,0.0,0.0,0.0,0.0,0.0,0.0,0.0,0.0,0.0,0.0,0.0,0.0,169981.60556752072,-3999703.7929595374,0.0,0.0,0.0,0.0,50551.33588143403,0.0,0.0,-290305.98291772744,264.4910002778304,0.0,0.0,0.0,0.0,0.0,-1551124.3127371788,-238.25598524081792,0.0,7729.453411104354,0.0,0.0,0.0,0.0,0.0,0.0,0.0,0.0,0.0,0.0,0.0,0.0,0.0,0.0,0.0,0.0,4806.3713245966865,0.0,-61761.90777405105,0.0,101097.1890766155,0.0,-241668.47372174237,0.0,0.0,0.0,0.0,0.0,0.0,0.0,-198958.6386750435,0.0,0.0,0.0,0.0,0.0,0.0,0.0,-661873.4806057438,4843.984895946487,0.0,-2410786.078647185,90706.04858873761,0.0,-172400.38583983094,0.0,0.0,0.0,0.0,1076.9619554223218,0.0,-53652.26967641669,-5185.045878803301,194809.61386416852,48650.15166782064,22171.376777867088,-260826.242970841,0.0,0.0,0.0,0.0,-2584900.8922840036,-700161.9987390507,0.0,0.0,0.0,0.0,0.0,0.0,0.0,0.0,0.0,8719.3208487113,0.0,6153.116656650011,4551.613780900574,139881.4958752439,0.0,0.0,0.0,-73510.88080566796,-150839.82764201847,0.0,0.0,93636.47571868962,0.0,0.0,0.0,0.0,0.0,0.0,0.0,0.0,0.0,-247050.09954238823,0.0,0.0,19952.07881478872,0.0,0.0,0.0,0.0,0.0,-240514.8622219332,0.0,0.0,-1885.200483217972,0.0,0.0,15939.777120288476,0.0,0.0,0.0,0.0,0.0,0.0,0.0,0.0,-1874002.6858243651,0.0,0.0,0.0,0.0,0.0,0.0,0.0,0.0,0.0,0.0,0.0,0.0,0.0,0.0,0.0,0.0,0.0,0.0,0.0,0.0,0.0,0.0,0.0,0.0,0.0,0.0
Wyoming,2030,0.0,0.0,0.0,0.0,0.0,0.0,0.0,0.0,0.0,0.0,0.0,0.0,0.0,0.0,0.0,0.0,0.0,0.0,0.0,0.0,0.0,0.0,0.0,0.0,0.0,0.0,0.0,0.0,0.0,0.0,0.0,0.0,0.0,0.0,0.0,0.0,0.0,0.0,0.0,0.0,183433.38730307994,-2260097.9203522187,0.0,0.0,0.0,0.0,54551.80131090002,0.0,0.0,-182523.66871925312,285.4219427458604,0.0,0.0,0.0,0.0,0.0,-969116.585604086,-151.39583337865653,0.0,8341.136774573046,0.0,0.0,0.0,0.0,0.0,0.0,0.0,0.0,0.0,0.0,0.0,0.0,0.0,0.0,0.0,0.0,5186.731645248219,0.0,-39245.58490758225,0.0,358947.6837129183,0.0,-141622.18421730067,0.0,0.0,0.0,0.0,0.0,0.0,0.0,-126424.98311069,0.0,0.0,0.0,0.0,0.0,0.0,0.0,-138034.82638784964,5227.3218301580855,0.0,-979018.4405056387,97884.22509575996,0.0,-107303.78940251608,0.0,0.0,0.0,0.0,1162.1891605276842,0.0,-34092.44922895622,-3294.751823903013,226106.56846443005,52500.163670309994,23925.946163165965,-8073.131980776321,0.0,0.0,0.0,0.0,-1537532.8539112404,-341638.36084917,0.0,0.0,0.0,0.0,0.0,0.0,0.0,0.0,0.0,9409.339045371918,0.0,6640.053946025189,4911.8134326265135,150951.25454163004,0.0,0.0,0.0,86272.18594428338,-94620.38711750566,0.0,0.0,101046.5565309599,0.0,0.0,0.0,0.0,0.0,0.0,0.0,0.0,0.0,-38748.78719135607,0.0,0.0,21531.020303728845,0.0,0.0,0.0,0.0,0.0,-73491.43587904214,0.0,0.0,-1197.9195316086195,0.0,0.0,17201.198331246545,0.0,0.0,0.0,0.0,0.0,0.0,0.0,0.0,-1104128.4988677683,0.0,0.0,0.0,0.0,0.0,0.0,0.0,0.0,0.0,0.0,0.0,0.0,0.0,0.0,0.0,0.0,0.0,0.0,0.0,0.0,0.0,0.0,0.0,0.0,0.0,0.0
Wyoming,2031,0.0,0.0,0.0,0.0,0.0,0.0,0.0,0.0,0.0,0.0,0.0,0.0,0.0,0.0,0.0,0.0,0.0,0.0,0.0,0.0,0.0,0.0,0.0,0.0,0.0,0.0,0.0,0.0,0.0,0.0,0.0,0.0,0.0,0.0,0.0,0.0,0.0,0.0,0.0,0.0,220731.5093880396,-571249.5891373176,0.0,0.0,0.0,0.0,65644.00091078301,0.0,0.0,-83012.73478873109,343.45773777085174,0.0,0.0,0.0,0.0,0.0,-429784.45026502054,-71.72056852429576,0.0,10037.167918736224,0.0,0.0,0.0,0.0,0.0,0.0,0.0,0.0,0.0,0.0,0.0,0.0,0.0,0.0,0.0,0.0,6241.367079782016,0.0,-18591.76437571057,0.0,692996.1644344348,0.0,-45899.55000634244,0.0,0.0,0.0,0.0,0.0,0.0,0.0,-59891.1572532845,0.0,0.0,0.0,0.0,0.0,0.0,0.0,435973.97123796586,6290.21060229023,0.0,517278.4728612825,117787.35086523124,0.0,-46848.848742029026,0.0,0.0,0.0,0.0,1398.500956501649,0.0,-16150.575524564852,-1560.8188725099867,288674.5962897595,63175.19694993971,28790.88854967637,275948.40169697255,0.0,0.0,0.0,0.0,-542053.5186581162,21403.24000707525,0.0,0.0,0.0,0.0,0.0,0.0,0.0,0.0,0.0,11322.571317930866,0.0,7990.198248383647,5910.548830593907,181644.67629842798,0.0,0.0,0.0,276846.281546955,-42644.8230701866,0.0,0.0,121592.68969225511,0.0,0.0,0.0,0.0,0.0,0.0,0.0,0.0,0.0,191449.5897404151,0.0,0.0,25908.994432153704,0.0,0.0,0.0,0.0,0.0,105971.91313573415,0.0,0.0,-567.4889984484902,0.0,0.0,20698.77532526666,0.0,0.0,0.0,0.0,0.0,0.0,0.0,0.0,-369253.2961220292,0.0,0.0,0.0,0.0,0.0,0.0,0.0,0.0,0.0,0.0,0.0,0.0,0.0,0.0,0.0,0.0,0.0,0.0,0.0,0.0,0.0,0.0,0.0,0.0,0.0,0.0
Wyoming,2032,0.0,0.0,0.0,0.0,0.0,0.0,0.0,0.0,0.0,0.0,0.0,0.0,0.0,0.0,0.0,0.0,0.0,0.0,0.0,0.0,0.0,0.0,0.0,0.0,0.0,0.0,0.0,0.0,0.0,0.0,0.0,0.0,0.0,0.0,0.0,0.0,0.0,0.0,0.0,0.0,258029.63147299923,962881.887131908,0.0,0.0,0.0,0.0,76736.200510666,0.0,0.0,6659.234118545148,401.4935327958426,0.0,0.0,0.0,0.0,0.0,56516.95623688662,0.0,0.0,11733.199062899417,0.0,0.0,0.0,0.0,0.0,0.0,0.0,0.0,0.0,0.0,0.0,0.0,0.0,0.0,0.0,0.0,7296.002514315827,0.0,0.0,0.0,1008244.2672652202,0.0,40855.854465442564,0.0,0.0,0.0,0.0,0.0,0.0,0.0,0.0,0.0,0.0,0.0,0.0,0.0,0.0,0.0,966624.3541617561,7353.099374422374,0.0,1891483.9725274947,137690.4766347024,0.0,7681.185507565242,0.0,0.0,0.0,0.0,1634.81275247561,0.0,0.0,0.0,350047.6795757571,73850.23022956942,33655.83093618677,539397.947177581,0.0,0.0,0.0,0.0,359222.3750230679,353297.8296481366,0.0,0.0,0.0,0.0,0.0,0.0,0.0,0.0,0.0,13235.803590489828,0.0,9340.342550742098,6909.284228561301,212338.09805522615,0.0,0.0,0.0,454959.4944991367,4202.1991025833595,0.0,0.0,142138.82285355031,0.0,0.0,0.0,0.0,0.0,0.0,0.0,0.0,0.0,404502.8616540339,0.0,0.0,30286.968560578563,0.0,0.0,0.0,0.0,0.0,271435.0960433034,0.0,0.0,0.0,0.0,0.0,24196.3523192868,0.0,0.0,0.0,0.0,0.0,0.0,0.0,0.0,296532.18711856566,0.0,0.0,0.0,0.0,0.0,0.0,0.0,0.0,0.0,0.0,0.0,0.0,0.0,0.0,0.0,0.0,0.0,0.0,0.0,0.0,0.0,0.0,0.0,0.0,0.0,0.0
Wyoming,2033,0.0,0.0,0.0,0.0,0.0,0.0,0.0,0.0,0.0,0.0,0.0,0.0,0.0,0.0,0.0,0.0,0.0,0.0,0.0,0.0,0.0,0.0,0.0,0.0,0.0,0.0,0.0,0.0,0.0,0.0,0.0,0.0,0.0,0.0,0.0,0.0,0.0,0.0,0.0,0.0,276372.9702033072,1031333.2061223276,0.0,0.0,0.0,0.0,82191.380641756,0.0,0.0,7132.639387636042,430.03572707042963,0.0,0.0,0.0,0.0,0.0,60534.74933429557,0.0,0.0,12567.312740356712,0.0,0.0,0.0,0.0,0.0,0.0,0.0,0.0,0.0,0.0,0.0,0.0,0.0,0.0,0.0,0.0,7814.675678840649,0.0,0.0,0.0,1079920.4000091935,0.0,43760.29909568728,0.0,0.0,0.0,0.0,0.0,0.0,0.0,0.0,0.0,0.0,0.0,0.0,0.0,0.0,0.0,1035341.7253106954,7875.831557438178,0.0,2025949.6577782668,147478.89914427837,0.0,8227.241349335287,0.0,0.0,0.0,0.0,1751.0316685283788,0.0,0.0,0.0,374932.5857067355,79100.2465966004,36048.42555250338,577743.772806319,0.0,0.0,0.0,0.0,384759.51068821456,378413.7891017955,0.0,0.0,0.0,0.0,0.0,0.0,0.0,0.0,0.0,14176.737495027017,0.0,10004.34794534462,7400.465571823952,227433.2235093891,0.0,0.0,0.0,487302.5865251417,4500.933635942365,0.0,0.0,152243.47850664635,0.0,0.0,0.0,0.0,0.0,0.0,0.0,0.0,0.0,433258.9892597706,0.0,0.0,32440.07059095145,0.0,0.0,0.0,0.0,0.0,290731.4298852447,0.0,0.0,0.0,0.0,0.0,25916.472152411458,0.0,0.0,0.0,0.0,0.0,0.0,0.0,0.0,317612.6743544829,0.0,0.0,0.0,0.0,0.0,0.0,0.0,0.0,0.0,0.0,0.0,0.0,0.0,0.0,0.0,0.0,0.0,0.0,0.0,0.0,0.0,0.0,0.0,0.0,0.0,0.0
